# Blender 5.1.2
# www.blender.org
mtllib Sin_nombre.mtl
o scifi_computer_screen_0
v 1.218679 1.390466 -0.717084
v 1.220389 1.384084 -0.717085
v 1.231443 1.390466 -0.712970
v 1.231443 1.403230 -0.717085
v 1.225061 1.401520 -0.717084
v 1.220389 1.396848 -0.717085
v 1.225061 1.379412 -0.717084
v 1.237825 1.401520 -0.717084
v 1.244207 1.390466 -0.717084
v 1.242497 1.396848 -0.717085
v 1.231443 1.377702 -0.717085
v 1.237825 1.379412 -0.717084
v 1.242497 1.384084 -0.717085
v 1.231376 0.672512 -1.257696
v 1.241812 0.674614 -1.255799
v 1.241805 0.640325 -1.173347
v 1.249624 0.680454 -1.250112
v 1.249391 0.647763 -1.172269
v 1.252713 0.688928 -1.242628
v 1.252167 0.657924 -1.170795
v 1.250230 0.698092 -1.236537
v 1.249391 0.668085 -1.169320
v 1.242806 0.704913 -1.232742
v 1.241805 0.675523 -1.168241
v 1.232537 0.707601 -1.231349
v 1.231443 0.678246 -1.167845
v 1.232537 0.707601 -1.231349
v 1.222117 0.705365 -1.233738
v 1.214397 0.698915 -1.238331
v 1.213496 0.668085 -1.169320
v 1.211382 0.689963 -1.244888
v 1.210719 0.657924 -1.170795
v 1.213847 0.681129 -1.251605
v 1.213496 0.647763 -1.172269
v 1.221133 0.674727 -1.256066
v 1.221081 0.640325 -1.173347
v 1.231443 0.637602 -1.173741
v 1.234801 0.696827 -1.285040
v 1.245931 0.698614 -1.284396
v 1.254552 0.702266 -1.277405
v 1.258414 0.707932 -1.268295
v 1.256580 0.714315 -1.260330
v 1.249662 0.719949 -1.256236
v 1.239619 0.722214 -1.255516
v 1.239619 0.722214 -1.255516
v 1.228990 0.720955 -1.258572
v 1.220861 0.716046 -1.264356
v 1.217234 0.709395 -1.271772
v 1.218851 0.702668 -1.278490
v 1.225367 0.698049 -1.283328
v 1.251835 0.739395 -1.299798
v 1.263092 0.740469 -1.299341
v 1.272224 0.743235 -1.293031
v 1.276259 0.746440 -1.281502
v 1.274594 0.750485 -1.270741
v 1.267783 0.753976 -1.264090
v 1.257853 0.755906 -1.263608
v 1.257853 0.755906 -1.263608
v 1.247202 0.755204 -1.267527
v 1.239012 0.752037 -1.275334
v 1.235072 0.747163 -1.284170
v 1.236561 0.742598 -1.292422
v 1.242643 0.739593 -1.297882
v 1.277139 0.789223 -1.291089
v 1.287988 0.789640 -1.291705
v 1.296336 0.790617 -1.285073
v 1.299949 0.792527 -1.274204
v 1.297753 0.794826 -1.263328
v 1.290597 0.796710 -1.255691
v 1.280517 0.797361 -1.253565
v 1.280517 0.797361 -1.253565
v 1.270048 0.796947 -1.257520
v 1.262004 0.794890 -1.265568
v 1.258680 0.792042 -1.275319
v 1.260559 0.789362 -1.283940
v 1.267349 0.788310 -1.289706
v 1.298256 0.846763 -1.273384
v 1.308675 0.844721 -1.273144
v 1.316315 0.844118 -1.266837
v 1.319295 0.844851 -1.257451
v 1.316810 0.846316 -1.247779
v 1.309382 0.847508 -1.240430
v 1.299086 0.847631 -1.237846
v 1.299086 0.847631 -1.237846
v 1.288675 0.846879 -1.240501
v 1.280960 0.845328 -1.248134
v 1.277901 0.843713 -1.257838
v 1.280454 0.842996 -1.266667
v 1.287942 0.843771 -1.272331
v 1.306825 0.929644 -1.259554
v 1.317294 0.926417 -1.257378
v 1.324952 0.924396 -1.250562
v 1.327758 0.923774 -1.240974
v 1.324979 0.924134 -1.231247
v 1.317379 0.924725 -1.224065
v 1.307018 0.924611 -1.221439
v 1.307018 0.924611 -1.221439
v 1.296665 0.924087 -1.224044
v 1.289101 0.923030 -1.231214
v 1.286330 0.922499 -1.240939
v 1.289073 0.923292 -1.250530
v 1.296579 0.925779 -1.257357
v 1.293663 1.035571 -1.271276
v 1.304704 1.030709 -1.266970
v 1.312305 1.027365 -1.259933
v 1.315705 1.024052 -1.248833
v 1.313374 1.021540 -1.237517
v 1.305854 1.020444 -1.229874
v 1.295656 1.019730 -1.227369
v 1.295656 1.019730 -1.227369
v 1.285150 1.020105 -1.230346
v 1.277520 1.020907 -1.238236
v 1.274260 1.023102 -1.249135
v 1.276442 1.026692 -1.260529
v 1.284053 1.030614 -1.268001
v 1.271265 1.148704 -1.302208
v 1.282553 1.142735 -1.296854
v 1.290637 1.137701 -1.287004
v 1.294667 1.132444 -1.274112
v 1.292482 1.127392 -1.260917
v 1.285293 1.124124 -1.252524
v 1.275305 1.122776 -1.249931
v 1.275305 1.122776 -1.249931
v 1.264727 1.124410 -1.254105
v 1.256724 1.127928 -1.263628
v 1.253241 1.132598 -1.276100
v 1.254753 1.138043 -1.289139
v 1.261904 1.143298 -1.298930
v 1.249939 1.245343 -1.307014
v 1.261550 1.239533 -1.302798
v 1.271503 1.229584 -1.292424
v 1.276016 1.218458 -1.278769
v 1.274477 1.209131 -1.267055
v 1.267647 1.203145 -1.259673
v 1.257828 1.201150 -1.258005
v 1.257828 1.201150 -1.258005
v 1.247192 1.203894 -1.262014
v 1.238905 1.210261 -1.270614
v 1.234685 1.219492 -1.282047
v 1.235445 1.229840 -1.293605
v 1.240539 1.239496 -1.302886
v 1.234832 1.324319 -1.279226
v 1.246528 1.319504 -1.276995
v 1.255341 1.310701 -1.269711
v 1.259325 1.299434 -1.260605
v 1.257477 1.289121 -1.252146
v 1.250532 1.282193 -1.246741
v 1.240539 1.279706 -1.245130
v 1.240539 1.279706 -1.245130
v 1.229988 1.282649 -1.248039
v 1.221838 1.289868 -1.254243
v 1.218038 1.300138 -1.262539
v 1.219383 1.311112 -1.270759
v 1.225577 1.319515 -1.276942
v 1.231443 1.390468 -1.176060
v 1.241805 1.387476 -1.174881
v 1.249391 1.379038 -1.171922
v 1.252167 1.367802 -1.167783
v 1.249391 1.356847 -1.163539
v 1.241805 1.349212 -1.160247
v 1.231443 1.346252 -1.159119
v 1.231443 1.346252 -1.159119
v 1.221081 1.349212 -1.160247
v 1.213496 1.356847 -1.163539
v 1.210719 1.367802 -1.167783
v 1.213496 1.379038 -1.171922
v 1.221081 1.387476 -1.174881
v 1.231443 1.410969 -1.074689
v 1.231443 1.411190 -1.003310
v 1.241805 1.408413 -1.003309
v 1.241805 1.408209 -1.074406
v 1.249391 1.400828 -1.003310
v 1.249391 1.400665 -1.073634
v 1.252167 1.390466 -1.003309
v 1.252167 1.390361 -1.072579
v 1.249391 1.380104 -1.003310
v 1.249391 1.380057 -1.071524
v 1.241805 1.372518 -1.003309
v 1.241805 1.372514 -1.070751
v 1.231443 1.369742 -1.003310
v 1.231443 1.369742 -1.003310
v 1.221081 1.372518 -1.003309
v 1.221081 1.372514 -1.070751
v 1.213496 1.380104 -1.003310
v 1.213496 1.380057 -1.071524
v 1.210719 1.390466 -1.003309
v 1.210719 1.390361 -1.072579
v 1.213496 1.400828 -1.003310
v 1.213496 1.400665 -1.073634
v 1.221081 1.408413 -1.003309
v 1.221081 1.408209 -1.074406
v 1.242497 1.396848 -0.788570
v 1.242497 1.396848 -0.717085
v 1.244207 1.390466 -0.717084
v 1.231443 1.403230 -0.788570
v 1.231443 1.403230 -0.717085
v 1.237825 1.401520 -0.717084
v 1.231443 1.377702 -0.788570
v 1.237825 1.379412 -0.788569
v 1.237825 1.379412 -0.717084
v 1.220389 1.396848 -0.788570
v 1.218679 1.390466 -0.788569
v 1.218679 1.390466 -0.717084
v 1.220389 1.384084 -0.788570
v 1.225061 1.379412 -0.788569
v 1.225061 1.379412 -0.717084
v 1.231443 1.377702 -0.788570
v 1.231443 1.377702 -0.717085
v 1.220389 1.396848 -0.717085
v 1.225061 1.401520 -0.717084
v 1.220389 1.384084 -0.717085
v 1.237825 1.401520 -0.788569
v 1.242497 1.384084 -0.788570
v 1.242497 1.384084 -0.717085
v 1.225061 1.401520 -0.788569
v 1.244207 1.390466 -0.788569
v 1.196649 1.370377 -0.788570
v 1.211355 1.355672 -0.788569
v 1.225061 1.379412 -0.788569
v 1.211355 1.425260 -0.788569
v 1.196649 1.410555 -0.788570
v 1.220389 1.396848 -0.788570
v 1.266238 1.370377 -0.788570
v 1.242497 1.384084 -0.788570
v 1.237825 1.379412 -0.788569
v 1.251532 1.355672 -0.788569
v 1.231443 1.377702 -0.788570
v 1.231443 1.350289 -0.788570
v 1.231443 1.377702 -0.788570
v 1.266238 1.410555 -0.788570
v 1.251532 1.425260 -0.788569
v 1.237825 1.401520 -0.788569
v 1.225061 1.401520 -0.788569
v 1.231443 1.403230 -0.788570
v 1.191266 1.390466 -0.788569
v 1.218679 1.390466 -0.788569
v 1.271620 1.390466 -0.788569
v 1.244207 1.390466 -0.788569
v 1.231443 1.430643 -0.788570
v 1.242497 1.396848 -0.788570
v 1.220389 1.384084 -0.788570
v 1.266238 1.410554 -1.003310
v 1.251532 1.425260 -1.003309
v 1.196649 1.410554 -1.003310
v 1.191266 1.390466 -1.003309
v 1.266238 1.370377 -1.003310
v 1.231443 1.430643 -1.003310
v 1.231443 1.350289 -1.003310
v 1.231443 1.350289 -1.003310
v 1.251532 1.355672 -1.003309
v 1.196649 1.370377 -1.003310
v 1.211355 1.355672 -1.003309
v 1.271620 1.390466 -1.003309
v 1.211355 1.425260 -1.003309
v 1.231443 1.369742 -1.003310
v 1.241805 1.408413 -1.003309
v 1.213496 1.400828 -1.003310
v 1.210719 1.390466 -1.003309
v 1.231443 1.411190 -1.003310
v 1.221081 1.408413 -1.003309
v 1.221081 1.372518 -1.003309
v 1.252167 1.390466 -1.003309
v 1.249391 1.400828 -1.003310
v 1.213496 1.380104 -1.003310
v 1.231443 1.369742 -1.003310
v 1.241805 1.372518 -1.003309
v 1.249391 1.380104 -1.003310
v 1.231443 1.369753 -1.070469
v 1.231443 1.369753 -1.070469
v 1.231443 0.678246 -1.167845
v 1.231443 0.674194 -1.101176
v 1.252167 0.653646 -1.101252
v 1.221081 0.635852 -1.101318
v 1.213496 0.643373 -1.101290
v 1.213496 0.663920 -1.101214
v 1.221081 0.671441 -1.101186
v 1.241805 0.635852 -1.101318
v 1.210719 0.653646 -1.101252
v 1.249391 0.643373 -1.101290
v 1.221081 0.675523 -1.168241
v 1.231443 0.674194 -1.101176
v 1.231443 0.633099 -1.101328
v 1.249391 0.663920 -1.101214
v 1.241805 0.671441 -1.101186
v 1.231443 0.674194 -1.101176
v 1.231443 0.692681 -1.101108
v 1.251128 0.687451 -1.101127
v 1.249391 0.643373 -1.101290
v 1.252167 0.653646 -1.101252
v 1.270813 0.653647 -1.101252
v 1.221081 0.635852 -1.101318
v 1.211758 0.619841 -1.101377
v 1.197348 0.634129 -1.101325
v 1.221081 0.671441 -1.101186
v 1.213496 0.663920 -1.101214
v 1.197348 0.673164 -1.101180
v 1.231443 0.633099 -1.101328
v 1.241805 0.635852 -1.101318
v 1.251128 0.619841 -1.101377
v 1.210719 0.653646 -1.101252
v 1.192073 0.653647 -1.101252
v 1.265538 0.634129 -1.101325
v 1.213496 0.643373 -1.101290
v 1.231443 0.674194 -1.101176
v 1.211758 0.687451 -1.101127
v 1.231443 0.614612 -1.101397
v 1.249391 0.663920 -1.101214
v 1.265538 0.673164 -1.101180
v 1.241805 0.671441 -1.101186
v 1.231443 0.692681 -0.942236
v 1.270813 0.653647 -0.942380
v 1.211758 0.619841 -0.942505
v 1.197348 0.634129 -0.942452
v 1.197348 0.673164 -0.942308
v 1.211758 0.687451 -0.942255
v 1.251128 0.619841 -0.942505
v 1.192073 0.653647 -0.942380
v 1.265538 0.634129 -0.942452
v 1.231443 0.692681 -0.942236
v 1.231443 0.614612 -0.942525
v 1.265538 0.673164 -0.942308
v 1.251128 0.687451 -0.942255
v 1.231443 0.666965 -0.942331
v 1.244876 0.653647 -0.942380
v 1.243077 0.646987 -0.942405
v 1.224727 0.642112 -0.942423
v 1.219810 0.660306 -0.942356
v 1.224727 0.665181 -0.942338
v 1.238160 0.642112 -0.942423
v 1.231443 0.640328 -0.942430
v 1.218010 0.653647 -0.942380
v 1.219810 0.646987 -0.942405
v 1.231443 0.666965 -0.942331
v 1.243077 0.660306 -0.942356
v 1.238160 0.665181 -0.942338
v 1.238160 0.665181 -0.942338
v 1.231443 0.666965 -0.942331
v 1.231443 0.666965 -0.878792
v 1.243077 0.646987 -0.942405
v 1.244876 0.653647 -0.942380
v 1.244876 0.653647 -0.878841
v 1.224727 0.642112 -0.942423
v 1.224727 0.642112 -0.878884
v 1.219810 0.646987 -0.878866
v 1.219810 0.660306 -0.942356
v 1.219810 0.660306 -0.878817
v 1.224727 0.665181 -0.878799
v 1.231443 0.640328 -0.942430
v 1.238160 0.642112 -0.942423
v 1.238160 0.642112 -0.878884
v 1.218010 0.653647 -0.942380
v 1.218010 0.653647 -0.878841
v 1.243077 0.646987 -0.878866
v 1.219810 0.646987 -0.942405
v 1.224727 0.665181 -0.942338
v 1.231443 0.666965 -0.878792
v 1.231443 0.640328 -0.878891
v 1.243077 0.660306 -0.942356
v 1.243077 0.660306 -0.878817
v 1.238160 0.665181 -0.878799
v 1.238160 0.665181 -0.878799
v 1.231443 0.666965 -0.878792
v 1.231443 0.653647 -0.873102
v 1.243077 0.646987 -0.878866
v 1.244876 0.653647 -0.878841
v 1.219810 0.646987 -0.878866
v 1.224727 0.642112 -0.878884
v 1.224727 0.665181 -0.878799
v 1.219810 0.660306 -0.878817
v 1.231443 0.640328 -0.878891
v 1.238160 0.642112 -0.878884
v 1.218010 0.653647 -0.878841
v 1.243077 0.660306 -0.878817
v 0.958819 1.390466 -0.717084
v 0.960529 1.384084 -0.717085
v 0.971583 1.390466 -0.712970
v 0.971583 1.403230 -0.717085
v 0.965201 1.401520 -0.717084
v 0.960529 1.396848 -0.717085
v 0.965201 1.379412 -0.717084
v 0.977965 1.401520 -0.717084
v 0.984347 1.390466 -0.717084
v 0.982637 1.396848 -0.717085
v 0.971583 1.377702 -0.717085
v 0.977965 1.379412 -0.717084
v 0.982637 1.384084 -0.717085
v 0.971583 0.637602 -1.173741
v 0.971583 0.673089 -1.258938
v 0.981945 0.675586 -1.257824
v 0.981945 0.640325 -1.173347
v 0.989530 0.682399 -1.254030
v 0.989530 0.647763 -1.172269
v 0.992307 0.691752 -1.248196
v 0.992307 0.657924 -1.170795
v 0.989530 0.701139 -1.242394
v 0.989531 0.668085 -1.169320
v 0.981945 0.707986 -1.238548
v 0.981945 0.675523 -1.168241
v 0.971583 0.710491 -1.236698
v 0.961221 0.707986 -1.238548
v 0.961221 0.675523 -1.168241
v 0.961221 0.707986 -1.238548
v 0.953636 0.701139 -1.242394
v 0.953636 0.668085 -1.169320
v 0.950859 0.691752 -1.248196
v 0.950859 0.657924 -1.170795
v 0.953635 0.682399 -1.254030
v 0.953636 0.647763 -1.172269
v 0.961221 0.675586 -1.257824
v 0.961221 0.640325 -1.173347
v 0.971583 0.703588 -1.296983
v 0.981945 0.705395 -1.295946
v 0.989530 0.710931 -1.292282
v 0.992307 0.718702 -1.286942
v 0.989531 0.726532 -1.281402
v 0.981945 0.732389 -1.277260
v 0.971583 0.734435 -1.275810
v 0.961221 0.732389 -1.277260
v 0.961221 0.732389 -1.277260
v 0.953636 0.726532 -1.281402
v 0.950859 0.718702 -1.286942
v 0.953636 0.710931 -1.292282
v 0.961221 0.705395 -1.295946
v 0.973009 0.767827 -1.344395
v 0.983616 0.768930 -1.343056
v 0.991382 0.773041 -1.338235
v 0.994237 0.778931 -1.331235
v 0.991598 0.785202 -1.323969
v 0.984134 0.789824 -1.318593
v 0.973809 0.791459 -1.316668
v 0.963519 0.789951 -1.318600
v 0.963519 0.789951 -1.318600
v 0.955854 0.785380 -1.323960
v 0.952783 0.778993 -1.331236
v 0.955127 0.772848 -1.338275
v 0.962320 0.768583 -1.343121
v 0.975960 0.852421 -1.379903
v 0.986351 0.851893 -1.378236
v 0.993877 0.853521 -1.372458
v 0.996628 0.856960 -1.364066
v 0.993826 0.860830 -1.355499
v 0.986470 0.864129 -1.349111
v 0.976128 0.865505 -1.346797
v 0.965863 0.864951 -1.349051
v 0.965863 0.864951 -1.349051
v 0.958031 0.862148 -1.355412
v 0.954741 0.858058 -1.364032
v 0.957045 0.854046 -1.372498
v 0.964384 0.851715 -1.378344
v 0.982246 0.943758 -1.399883
v 0.992421 0.940081 -1.398390
v 1.000008 0.938935 -1.392300
v 1.002911 0.939839 -1.383428
v 1.000407 0.942140 -1.374276
v 0.993095 0.944701 -1.367453
v 0.982779 0.946199 -1.364942
v 0.972393 0.946536 -1.367343
v 0.972393 0.946536 -1.367343
v 0.964367 0.945152 -1.374110
v 0.961081 0.943112 -1.383266
v 0.963467 0.941507 -1.392200
v 0.970945 0.941310 -1.398379
v 0.999804 1.049092 -1.404190
v 1.009526 1.043981 -1.402150
v 1.016756 1.040535 -1.395427
v 1.019569 1.039390 -1.385858
v 1.017119 1.040274 -1.376081
v 1.009895 1.042245 -1.368809
v 0.999723 1.044023 -1.366085
v 0.989345 1.045355 -1.368611
v 0.989345 1.045355 -1.368611
v 0.981514 1.045627 -1.375741
v 0.978439 1.045516 -1.385471
v 0.981109 1.045799 -1.395096
v 0.988900 1.046992 -1.401964
v 1.020233 1.143390 -1.390361
v 1.029732 1.137546 -1.388226
v 1.036597 1.132404 -1.380984
v 1.038925 1.129005 -1.370869
v 1.035971 1.127602 -1.360738
v 1.028436 1.128068 -1.353243
v 1.018182 1.129413 -1.350453
v 1.008045 1.131760 -1.352998
v 1.008045 1.131760 -1.352998
v 1.000653 1.133998 -1.360314
v 0.998143 1.136390 -1.370379
v 1.001279 1.138800 -1.380559
v 1.009341 1.141238 -1.387981
v 1.026879 1.221061 -1.369940
v 1.037001 1.215422 -1.368110
v 1.043662 1.209841 -1.360080
v 1.045863 1.205189 -1.348975
v 1.042994 1.201903 -1.338122
v 1.035337 1.200386 -1.330369
v 1.025071 1.200886 -1.327443
v 1.014922 1.203632 -1.330152
v 1.014922 1.203632 -1.330152
v 1.007593 1.207479 -1.337752
v 1.005020 1.211606 -1.348547
v 1.008253 1.215372 -1.359714
v 1.016519 1.218604 -1.367903
v 1.016154 1.280673 -1.328376
v 1.026765 1.275496 -1.326684
v 1.034590 1.267877 -1.321017
v 1.038681 1.260173 -1.312803
v 1.036605 1.253591 -1.304467
v 1.029289 1.249625 -1.298293
v 1.019087 1.248927 -1.295997
v 1.008696 1.251974 -1.298144
v 1.008696 1.251974 -1.298144
v 1.001035 1.257663 -1.304200
v 0.997793 1.264852 -1.312481
v 0.999454 1.271919 -1.320717
v 1.006313 1.277668 -1.326534
v 0.994621 1.334455 -1.277926
v 1.005623 1.330088 -1.276402
v 1.015330 1.322941 -1.271129
v 1.020360 1.313840 -1.264232
v 1.019051 1.305400 -1.257346
v 1.012203 1.299671 -1.252311
v 1.002012 1.297892 -1.250455
v 0.991400 1.300802 -1.252251
v 0.991400 1.300802 -1.252251
v 0.983126 1.307346 -1.257234
v 0.979306 1.316207 -1.264060
v 0.980286 1.325119 -1.270931
v 0.985659 1.331397 -1.276263
v 0.972095 1.390784 -1.176000
v 0.982512 1.387825 -1.174814
v 0.990743 1.379766 -1.171780
v 0.994439 1.368971 -1.167540
v 0.992486 1.358366 -1.163209
v 0.985268 1.350880 -1.159878
v 0.974971 1.347948 -1.158744
v 0.964411 1.350840 -1.159891
v 0.964411 1.350840 -1.159891
v 0.956475 1.358349 -1.163219
v 0.953016 1.369015 -1.167536
v 0.955099 1.379924 -1.171751
v 0.962137 1.388040 -1.174773
v 0.971583 1.410969 -1.074689
v 0.971583 1.411190 -1.003310
v 0.981945 1.408413 -1.003309
v 0.981945 1.408209 -1.074406
v 0.989531 1.400828 -1.003310
v 0.989531 1.400665 -1.073634
v 0.992307 1.390466 -1.003309
v 0.992307 1.390361 -1.072579
v 0.989531 1.380104 -1.003310
v 0.989531 1.380057 -1.071524
v 0.981945 1.372518 -1.003309
v 0.981945 1.372514 -1.070751
v 0.971583 1.369742 -1.003310
v 0.961221 1.372518 -1.003309
v 0.961221 1.372514 -1.070751
v 0.961221 1.372518 -1.003309
v 0.953636 1.380104 -1.003310
v 0.953636 1.380057 -1.071524
v 0.950859 1.390466 -1.003309
v 0.950859 1.390361 -1.072579
v 0.953636 1.400828 -1.003310
v 0.953636 1.400665 -1.073634
v 0.961221 1.408413 -1.003309
v 0.961221 1.408209 -1.074406
v 0.982637 1.396848 -0.788570
v 0.982637 1.396848 -0.717085
v 0.984347 1.390466 -0.717084
v 0.971583 1.403230 -0.788570
v 0.971583 1.403230 -0.717085
v 0.977965 1.401520 -0.717084
v 0.971583 1.377702 -0.788570
v 0.977965 1.379412 -0.788569
v 0.977965 1.379412 -0.717084
v 0.960529 1.396848 -0.788570
v 0.958819 1.390466 -0.788569
v 0.958819 1.390466 -0.717084
v 0.960529 1.384084 -0.788570
v 0.965201 1.379412 -0.788569
v 0.965201 1.379412 -0.717084
v 0.971583 1.377702 -0.717085
v 0.965201 1.379412 -0.717084
v 0.960529 1.396848 -0.717085
v 0.965201 1.401520 -0.717084
v 0.960529 1.384084 -0.717085
v 0.977965 1.401520 -0.788569
v 0.982637 1.384084 -0.788570
v 0.982637 1.384084 -0.717085
v 0.965201 1.401520 -0.788569
v 0.984347 1.390466 -0.788569
v 0.951495 1.355672 -0.788569
v 0.951495 1.425260 -0.788569
v 0.936789 1.410555 -0.788570
v 1.006377 1.370377 -0.788570
v 0.991672 1.355672 -0.788569
v 0.951495 1.355672 -0.788569
v 0.971583 1.350289 -0.788570
v 1.006377 1.410555 -0.788570
v 0.991672 1.425260 -0.788569
v 0.931406 1.390466 -0.788569
v 1.011760 1.390466 -0.788569
v 0.971583 1.430643 -0.788570
v 0.936789 1.370377 -0.788570
v 1.006377 1.410554 -1.003310
v 0.991672 1.425260 -1.003309
v 0.936789 1.410554 -1.003310
v 0.931406 1.390466 -1.003309
v 1.006377 1.370377 -1.003310
v 0.971583 1.430643 -1.003310
v 0.971583 1.350289 -1.003310
v 0.991672 1.355672 -1.003309
v 0.936789 1.370377 -1.003310
v 0.951495 1.355672 -1.003309
v 1.011760 1.390466 -1.003309
v 0.951495 1.425260 -1.003309
v 0.971583 1.369742 -1.003310
v 0.951495 1.355672 -1.003309
v 0.989531 1.400828 -1.003310
v 0.981945 1.408413 -1.003309
v 0.953636 1.400828 -1.003310
v 0.950859 1.390466 -1.003309
v 0.971583 1.411190 -1.003310
v 0.961221 1.408413 -1.003309
v 0.961221 1.372518 -1.003309
v 0.992307 1.390466 -1.003309
v 0.953636 1.380104 -1.003310
v 0.981945 1.372518 -1.003309
v 0.989531 1.380104 -1.003310
v 0.971583 1.369753 -1.070469
v 0.961221 1.372514 -1.070751
v 0.971583 0.678246 -1.167845
v 0.971583 0.674194 -1.101176
v 0.992307 0.653646 -1.101252
v 0.961221 0.635852 -1.101318
v 0.953636 0.643373 -1.101290
v 0.953636 0.663920 -1.101214
v 0.961221 0.671441 -1.101186
v 0.981945 0.635852 -1.101318
v 0.950859 0.653646 -1.101252
v 0.989531 0.643373 -1.101290
v 0.961221 0.671441 -1.101186
v 0.971583 0.633099 -1.101328
v 0.989531 0.663920 -1.101214
v 0.981945 0.671441 -1.101186
v 0.971583 0.674194 -1.101176
v 0.971583 0.692681 -1.101108
v 0.991268 0.687451 -1.101127
v 0.989531 0.643373 -1.101290
v 0.992307 0.653646 -1.101252
v 1.010952 0.653647 -1.101252
v 0.961221 0.635852 -1.101318
v 0.951898 0.619841 -1.101377
v 0.937488 0.634129 -1.101325
v 0.961221 0.671441 -1.101186
v 0.953636 0.663920 -1.101214
v 0.937488 0.673164 -1.101180
v 0.971583 0.633099 -1.101328
v 0.981945 0.635852 -1.101318
v 0.991268 0.619841 -1.101377
v 0.950859 0.653646 -1.101252
v 0.932213 0.653647 -1.101252
v 1.005678 0.634129 -1.101325
v 0.953636 0.643373 -1.101290
v 0.961221 0.671441 -1.101186
v 0.951898 0.687451 -1.101127
v 0.971583 0.614612 -1.101397
v 0.989531 0.663920 -1.101214
v 1.005678 0.673164 -1.101180
v 0.981945 0.671441 -1.101186
v 0.971583 0.692681 -0.942236
v 1.010952 0.653647 -0.942380
v 0.951898 0.619841 -0.942505
v 0.937488 0.634129 -0.942452
v 0.937488 0.673164 -0.942308
v 0.951898 0.687451 -0.942255
v 0.991268 0.619841 -0.942505
v 0.932213 0.653647 -0.942380
v 1.005678 0.634129 -0.942452
v 0.951898 0.687451 -0.942255
v 0.971583 0.614612 -0.942525
v 1.005678 0.673164 -0.942308
v 0.991268 0.687451 -0.942255
v 0.971583 0.666965 -0.942331
v 0.985016 0.653647 -0.942380
v 0.983217 0.646987 -0.942405
v 0.964867 0.642112 -0.942423
v 0.959950 0.660306 -0.942356
v 0.964867 0.665181 -0.942338
v 0.978300 0.642112 -0.942423
v 0.971583 0.640328 -0.942430
v 0.958150 0.653647 -0.942380
v 0.959950 0.646987 -0.942405
v 0.964867 0.665181 -0.942338
v 0.983217 0.660306 -0.942356
v 0.978300 0.665181 -0.942338
v 0.978300 0.665181 -0.942338
v 0.971583 0.666965 -0.942331
v 0.971583 0.666965 -0.878792
v 0.983217 0.646987 -0.942405
v 0.985016 0.653647 -0.942380
v 0.985016 0.653647 -0.878841
v 0.964867 0.642112 -0.942423
v 0.964867 0.642112 -0.878884
v 0.959950 0.646987 -0.878866
v 0.959950 0.660306 -0.942356
v 0.959950 0.660306 -0.878817
v 0.964867 0.665181 -0.878799
v 0.971583 0.640328 -0.942430
v 0.978300 0.642112 -0.942423
v 0.978300 0.642112 -0.878884
v 0.958150 0.653647 -0.942380
v 0.958150 0.653647 -0.878841
v 0.983217 0.646987 -0.878866
v 0.959950 0.646987 -0.942405
v 0.964867 0.665181 -0.942338
v 0.964867 0.665181 -0.878799
v 0.971583 0.640328 -0.878891
v 0.983217 0.660306 -0.942356
v 0.983217 0.660306 -0.878817
v 0.978300 0.665181 -0.878799
v 0.978300 0.665181 -0.878799
v 0.971583 0.666965 -0.878792
v 0.971583 0.653647 -0.873102
v 0.983217 0.646987 -0.878866
v 0.985016 0.653647 -0.878841
v 0.959950 0.646987 -0.878866
v 0.964867 0.642112 -0.878884
v 0.964867 0.665181 -0.878799
v 0.959950 0.660306 -0.878817
v 0.971583 0.640328 -0.878891
v 0.978300 0.642112 -0.878884
v 0.958150 0.653647 -0.878841
v 0.983217 0.660306 -0.878817
v 0.699614 1.390466 -0.717084
v 0.701323 1.384084 -0.717085
v 0.712377 1.390466 -0.712970
v 0.712377 1.403230 -0.717085
v 0.705995 1.401520 -0.717084
v 0.701323 1.396848 -0.717085
v 0.705995 1.379412 -0.717084
v 0.718759 1.401520 -0.717084
v 0.725141 1.390466 -0.717084
v 0.723431 1.396848 -0.717085
v 0.712377 1.377702 -0.717085
v 0.718759 1.379412 -0.717084
v 0.723431 1.384084 -0.717085
v 0.712377 0.637602 -1.173741
v 0.712377 0.673089 -1.258938
v 0.722739 0.675586 -1.257824
v 0.722739 0.640325 -1.173347
v 0.730325 0.682399 -1.254030
v 0.730325 0.647763 -1.172268
v 0.733101 0.691752 -1.248195
v 0.733101 0.657924 -1.170795
v 0.730325 0.701139 -1.242394
v 0.730325 0.668085 -1.169320
v 0.722739 0.707986 -1.238548
v 0.722739 0.675523 -1.168240
v 0.712377 0.710491 -1.236698
v 0.712377 0.710491 -1.236698
v 0.702015 0.707986 -1.238548
v 0.702015 0.675523 -1.168240
v 0.694430 0.701139 -1.242394
v 0.694430 0.668085 -1.169320
v 0.691653 0.691752 -1.248195
v 0.691653 0.657924 -1.170795
v 0.694430 0.682399 -1.254030
v 0.694430 0.647763 -1.172268
v 0.702015 0.675586 -1.257824
v 0.702015 0.640325 -1.173347
v 0.712377 0.703588 -1.296983
v 0.722739 0.705395 -1.295946
v 0.730325 0.710931 -1.292282
v 0.733101 0.718702 -1.286942
v 0.730349 0.726534 -1.281399
v 0.722816 0.732395 -1.277254
v 0.712488 0.734441 -1.275801
v 0.712488 0.734441 -1.275801
v 0.702101 0.732389 -1.277253
v 0.694477 0.726532 -1.281398
v 0.691662 0.718702 -1.286941
v 0.694430 0.710931 -1.292282
v 0.702015 0.705395 -1.295946
v 0.715259 0.766840 -1.344025
v 0.726390 0.767962 -1.342621
v 0.734151 0.771775 -1.337260
v 0.737007 0.777219 -1.329525
v 0.734104 0.782856 -1.321468
v 0.726470 0.786842 -1.315491
v 0.716243 0.788006 -1.313416
v 0.716243 0.788006 -1.313416
v 0.705907 0.786273 -1.315374
v 0.698517 0.781903 -1.321111
v 0.695717 0.776129 -1.328762
v 0.698101 0.770863 -1.336427
v 0.705130 0.767411 -1.342126
v 0.715229 0.831475 -1.362278
v 0.725925 0.831314 -1.360170
v 0.733227 0.832762 -1.353533
v 0.735375 0.835569 -1.343798
v 0.732087 0.838475 -1.334193
v 0.724067 0.840393 -1.326927
v 0.713673 0.840343 -1.324036
v 0.713673 0.840343 -1.324036
v 0.703495 0.838777 -1.326110
v 0.696316 0.835711 -1.332630
v 0.693792 0.832406 -1.341856
v 0.696777 0.830061 -1.351932
v 0.704391 0.829749 -1.359455
v 0.704413 0.883922 -1.358713
v 0.715195 0.882854 -1.357483
v 0.722674 0.883400 -1.351073
v 0.725028 0.884853 -1.341510
v 0.721631 0.886507 -1.331137
v 0.713667 0.887371 -1.323404
v 0.703142 0.886644 -1.320207
v 0.703142 0.886644 -1.320207
v 0.692978 0.884907 -1.322384
v 0.685808 0.882314 -1.329621
v 0.683532 0.880091 -1.340199
v 0.686635 0.879326 -1.350434
v 0.694248 0.880556 -1.357612
v 0.683615 0.941995 -1.343008
v 0.694542 0.941002 -1.341254
v 0.702336 0.941413 -1.334267
v 0.704947 0.942649 -1.323932
v 0.701809 0.943970 -1.313229
v 0.693894 0.944585 -1.304978
v 0.683511 0.943570 -1.301799
v 0.683511 0.943570 -1.301799
v 0.673393 0.941510 -1.304469
v 0.666323 0.938724 -1.312539
v 0.663998 0.936622 -1.323394
v 0.666863 0.936143 -1.333813
v 0.674072 0.938002 -1.341162
v 0.661203 1.010494 -1.320999
v 0.672189 1.009311 -1.318792
v 0.680268 1.009213 -1.311072
v 0.683381 1.009955 -1.300373
v 0.680817 1.010707 -1.289577
v 0.673364 1.010852 -1.281474
v 0.663208 1.009560 -1.278299
v 0.663208 1.009560 -1.278299
v 0.652971 1.007632 -1.280832
v 0.645489 1.005115 -1.288436
v 0.642591 1.003510 -1.299073
v 0.644935 1.003629 -1.309893
v 0.651752 1.006005 -1.317871
v 0.653778 1.098922 -1.315780
v 0.664075 1.096141 -1.312925
v 0.672330 1.096064 -1.304135
v 0.675534 1.096270 -1.292345
v 0.672929 1.095694 -1.280750
v 0.665534 1.094640 -1.272270
v 0.655321 1.093172 -1.268775
v 0.655321 1.093172 -1.268775
v 0.645000 1.092171 -1.271373
v 0.637311 1.091442 -1.279206
v 0.634461 1.091438 -1.290581
v 0.636700 1.091872 -1.302610
v 0.643439 1.093688 -1.312040
v 0.672468 1.204345 -1.306827
v 0.681881 1.199889 -1.303585
v 0.688182 1.193378 -1.295413
v 0.689016 1.185814 -1.284612
v 0.685059 1.179468 -1.273896
v 0.676898 1.175127 -1.265970
v 0.666195 1.172733 -1.262747
v 0.666195 1.172733 -1.262747
v 0.656056 1.173684 -1.265344
v 0.649090 1.177127 -1.272974
v 0.647696 1.183476 -1.283868
v 0.652660 1.191895 -1.295238
v 0.661092 1.198715 -1.303057
v 0.702038 1.308302 -1.278632
v 0.711037 1.302880 -1.275723
v 0.716087 1.293848 -1.268727
v 0.716362 1.283054 -1.259780
v 0.711794 1.273749 -1.251176
v 0.702960 1.267253 -1.244641
v 0.691920 1.264720 -1.242206
v 0.691920 1.264720 -1.242206
v 0.681859 1.266882 -1.244078
v 0.675402 1.273199 -1.250353
v 0.674739 1.282837 -1.259353
v 0.680490 1.294283 -1.269173
v 0.690723 1.303596 -1.276713
v 0.712793 1.392756 -1.178688
v 0.723150 1.389945 -1.177468
v 0.730682 1.381784 -1.174192
v 0.733350 1.370861 -1.169769
v 0.730419 1.360150 -1.165102
v 0.722764 1.352912 -1.161711
v 0.712390 1.350295 -1.160638
v 0.712390 1.350295 -1.160638
v 0.702062 1.353318 -1.161824
v 0.694519 1.360642 -1.165038
v 0.691852 1.371012 -1.169428
v 0.694638 1.381354 -1.173224
v 0.702243 1.389295 -1.176285
v 0.712377 1.410969 -1.074689
v 0.712377 1.411190 -1.003310
v 0.722739 1.408413 -1.003309
v 0.722739 1.408209 -1.074406
v 0.730325 1.400828 -1.003310
v 0.730325 1.400665 -1.073634
v 0.733101 1.390466 -1.003309
v 0.733101 1.390361 -1.072579
v 0.730325 1.380104 -1.003310
v 0.730325 1.380057 -1.071524
v 0.722739 1.372518 -1.003309
v 0.722739 1.372514 -1.070751
v 0.712377 1.369742 -1.003310
v 0.712377 1.369742 -1.003310
v 0.702015 1.372518 -1.003309
v 0.702015 1.372514 -1.070751
v 0.694430 1.380104 -1.003310
v 0.694430 1.380057 -1.071524
v 0.691653 1.390466 -1.003309
v 0.691653 1.390361 -1.072579
v 0.694430 1.400828 -1.003310
v 0.694430 1.400665 -1.073634
v 0.702015 1.408413 -1.003309
v 0.702015 1.408209 -1.074406
v 0.723431 1.396848 -0.788570
v 0.723431 1.396848 -0.717085
v 0.725141 1.390466 -0.717084
v 0.712377 1.403230 -0.788570
v 0.712377 1.403230 -0.717085
v 0.718759 1.401520 -0.717084
v 0.712377 1.377702 -0.788570
v 0.718759 1.379412 -0.788569
v 0.718759 1.379412 -0.717084
v 0.701323 1.396848 -0.788570
v 0.699614 1.390466 -0.788569
v 0.699614 1.390466 -0.717084
v 0.701323 1.384084 -0.788570
v 0.705995 1.379412 -0.788569
v 0.705995 1.379412 -0.717084
v 0.712377 1.377702 -0.788570
v 0.712377 1.377702 -0.717085
v 0.701323 1.396848 -0.717085
v 0.705995 1.401520 -0.717084
v 0.701323 1.384084 -0.717085
v 0.718759 1.401520 -0.788569
v 0.723431 1.384084 -0.788570
v 0.723431 1.384084 -0.717085
v 0.705995 1.401520 -0.788569
v 0.725141 1.390466 -0.788569
v 0.692289 1.355672 -0.788569
v 0.692289 1.425260 -0.788569
v 0.677583 1.410555 -0.788570
v 0.747172 1.370377 -0.788570
v 0.732466 1.355672 -0.788569
v 0.712377 1.350289 -0.788570
v 0.732466 1.425260 -0.788569
v 0.672200 1.390466 -0.788569
v 0.752554 1.390466 -0.788569
v 0.712377 1.430643 -0.788570
v 0.747172 1.410555 -0.788570
v 0.677583 1.370377 -0.788570
v 0.747172 1.410554 -1.003310
v 0.732466 1.425260 -1.003309
v 0.677583 1.410554 -1.003310
v 0.672200 1.390466 -1.003309
v 0.747172 1.370377 -1.003310
v 0.712377 1.430643 -1.003310
v 0.712377 1.350289 -1.003310
v 0.712377 1.350289 -1.003310
v 0.732466 1.355672 -1.003309
v 0.677583 1.370377 -1.003310
v 0.692289 1.355672 -1.003309
v 0.752554 1.390466 -1.003309
v 0.692289 1.425260 -1.003309
v 0.712377 1.369742 -1.003310
v 0.722739 1.408413 -1.003309
v 0.694430 1.400828 -1.003310
v 0.691653 1.390466 -1.003309
v 0.712377 1.411190 -1.003310
v 0.702015 1.408413 -1.003309
v 0.702015 1.372518 -1.003309
v 0.733101 1.390466 -1.003309
v 0.730325 1.400828 -1.003310
v 0.694430 1.380104 -1.003310
v 0.712377 1.369742 -1.003310
v 0.722739 1.372518 -1.003309
v 0.730325 1.380104 -1.003310
v 0.712377 1.369753 -1.070468
v 0.712377 1.369753 -1.070468
v 0.712377 0.678246 -1.167845
v 0.712377 0.674194 -1.101176
v 0.733101 0.653646 -1.101252
v 0.702015 0.635852 -1.101318
v 0.694430 0.643373 -1.101290
v 0.694430 0.663920 -1.101214
v 0.702015 0.671441 -1.101186
v 0.722739 0.635852 -1.101318
v 0.691653 0.653646 -1.101252
v 0.730325 0.643373 -1.101290
v 0.712377 0.674194 -1.101176
v 0.712377 0.633099 -1.101328
v 0.730325 0.663920 -1.101214
v 0.722739 0.671441 -1.101186
v 0.712377 0.674194 -1.101176
v 0.712377 0.692681 -1.101107
v 0.732062 0.687451 -1.101127
v 0.730325 0.643373 -1.101290
v 0.733101 0.653646 -1.101252
v 0.751747 0.653647 -1.101252
v 0.702015 0.635852 -1.101318
v 0.692692 0.619841 -1.101377
v 0.678282 0.634129 -1.101324
v 0.702015 0.671441 -1.101186
v 0.694430 0.663920 -1.101214
v 0.678282 0.673164 -1.101180
v 0.712377 0.633099 -1.101328
v 0.722739 0.635852 -1.101318
v 0.732062 0.619841 -1.101377
v 0.691653 0.653646 -1.101252
v 0.673007 0.653647 -1.101252
v 0.746472 0.634129 -1.101324
v 0.694430 0.643373 -1.101290
v 0.712377 0.674194 -1.101176
v 0.692692 0.687451 -1.101127
v 0.712377 0.614612 -1.101397
v 0.730325 0.663920 -1.101214
v 0.746472 0.673164 -1.101180
v 0.722739 0.671441 -1.101186
v 0.712377 0.692681 -0.942236
v 0.751747 0.653647 -0.942380
v 0.692692 0.619841 -0.942505
v 0.678282 0.634129 -0.942452
v 0.678282 0.673164 -0.942308
v 0.692692 0.687451 -0.942255
v 0.732062 0.619841 -0.942505
v 0.673007 0.653647 -0.942380
v 0.746472 0.634129 -0.942452
v 0.712377 0.692681 -0.942236
v 0.712377 0.614612 -0.942525
v 0.746472 0.673164 -0.942308
v 0.732062 0.687451 -0.942255
v 0.712377 0.666965 -0.942331
v 0.725810 0.653647 -0.942380
v 0.724011 0.646987 -0.942405
v 0.705661 0.642112 -0.942423
v 0.700744 0.660306 -0.942356
v 0.705661 0.665181 -0.942338
v 0.719094 0.642112 -0.942423
v 0.712377 0.640328 -0.942430
v 0.698944 0.653647 -0.942380
v 0.700744 0.646987 -0.942405
v 0.712377 0.666965 -0.942331
v 0.724011 0.660306 -0.942356
v 0.719094 0.665181 -0.942338
v 0.719094 0.665181 -0.942338
v 0.712377 0.666965 -0.942331
v 0.712377 0.666965 -0.878792
v 0.724011 0.646987 -0.942405
v 0.725810 0.653647 -0.942380
v 0.725810 0.653647 -0.878841
v 0.705661 0.642112 -0.942423
v 0.705661 0.642112 -0.878884
v 0.700744 0.646987 -0.878866
v 0.700744 0.660306 -0.942356
v 0.700744 0.660306 -0.878817
v 0.705661 0.665181 -0.878799
v 0.712377 0.640328 -0.942430
v 0.719094 0.642112 -0.942423
v 0.719094 0.642112 -0.878884
v 0.698944 0.653647 -0.942380
v 0.698944 0.653647 -0.878841
v 0.724011 0.646987 -0.878866
v 0.700744 0.646987 -0.942405
v 0.705661 0.665181 -0.942338
v 0.712377 0.666965 -0.878792
v 0.712377 0.640328 -0.878891
v 0.724011 0.660306 -0.942356
v 0.724011 0.660306 -0.878817
v 0.719094 0.665181 -0.878799
v 0.719094 0.665181 -0.878799
v 0.712377 0.666965 -0.878792
v 0.712377 0.653647 -0.873102
v 0.724011 0.646987 -0.878866
v 0.725810 0.653647 -0.878841
v 0.700744 0.646987 -0.878866
v 0.705661 0.642112 -0.878884
v 0.705661 0.665181 -0.878799
v 0.700744 0.660306 -0.878817
v 0.712377 0.640328 -0.878891
v 0.719094 0.642112 -0.878884
v 0.698944 0.653647 -0.878841
v 0.724011 0.660306 -0.878817
v -1.680938 0.101450 0.760009
v -1.680938 0.099740 0.766391
v -1.676823 0.088686 0.760009
v -1.680938 0.088687 0.747246
v -1.680938 0.095068 0.748956
v -1.680938 0.099740 0.753628
v -1.680938 0.095068 0.771063
v -1.680938 0.082305 0.748956
v -1.680938 0.075923 0.760009
v -1.680938 0.077633 0.753628
v -1.680938 0.088687 0.772773
v -1.680938 0.082305 0.771063
v -1.680938 0.077633 0.766391
v -2.070153 0.088687 1.688833
v -2.159156 0.088624 1.640330
v -2.157161 0.078182 1.638381
v -2.069735 0.078325 1.686145
v -2.152246 0.070457 1.632464
v -2.068541 0.070739 1.678802
v -2.145292 0.067524 1.624157
v -2.066854 0.067963 1.668769
v -2.145292 0.067524 1.624157
v -2.138658 0.070158 1.615582
v -2.065158 0.070739 1.658733
v -2.134405 0.077647 1.609057
v -2.063904 0.078325 1.651384
v -2.132331 0.087970 1.606786
v -2.134405 0.098371 1.609057
v -2.063904 0.099049 1.651384
v -2.138658 0.106053 1.615582
v -2.065158 0.106634 1.658733
v -2.145292 0.108972 1.624157
v -2.066854 0.109411 1.668769
v -2.152246 0.106352 1.632464
v -2.068541 0.106634 1.678802
v -2.157161 0.098906 1.638381
v -2.069735 0.099049 1.686145
v -2.196852 0.086824 1.600273
v -2.194632 0.076258 1.599709
v -2.189592 0.068363 1.595489
v -2.183009 0.065191 1.588764
v -2.183009 0.065191 1.588764
v -2.176579 0.067592 1.581487
v -2.171867 0.074902 1.575984
v -2.170116 0.085154 1.574206
v -2.171867 0.095626 1.575984
v -2.176579 0.103487 1.581487
v -2.183009 0.106639 1.588764
v -2.189592 0.104258 1.595489
v -2.194632 0.096982 1.599709
v -2.240504 0.079177 1.518885
v -2.237908 0.068743 1.520143
v -2.231774 0.060853 1.518208
v -2.223657 0.057669 1.513819
v -2.223657 0.057669 1.513819
v -2.215563 0.059996 1.508639
v -2.209680 0.067264 1.504666
v -2.207520 0.077475 1.503338
v -2.209680 0.087987 1.504666
v -2.215563 0.095891 1.508639
v -2.223657 0.099117 1.513819
v -2.231774 0.096748 1.518208
v -2.237908 0.089466 1.520143
v -2.269013 0.067213 1.425770
v -2.266549 0.056886 1.424436
v -2.260206 0.049308 1.422333
v -2.251381 0.046345 1.419831
v -2.251381 0.046345 1.419831
v -2.242553 0.048916 1.417494
v -2.236108 0.056284 1.415871
v -2.233732 0.066571 1.415238
v -2.236108 0.077008 1.415871
v -2.242553 0.084811 1.417494
v -2.251381 0.087793 1.419831
v -2.260207 0.085203 1.422333
v -2.266549 0.077610 1.424436
v -2.285870 0.056196 1.323234
v -2.283145 0.045895 1.324549
v -2.276132 0.038395 1.324629
v -2.266756 0.035675 1.323722
v -2.266756 0.035675 1.323722
v -2.257433 0.038359 1.322299
v -2.250585 0.045874 1.321080
v -2.248059 0.056216 1.320696
v -2.250585 0.066598 1.321080
v -2.257433 0.074254 1.322299
v -2.266756 0.077123 1.323722
v -2.276132 0.074290 1.324629
v -2.283145 0.066619 1.324549
v -2.294296 0.050373 1.202366
v -2.291095 0.040010 1.204200
v -2.283384 0.032425 1.205575
v -2.273263 0.029648 1.206223
v -2.273263 0.029648 1.206223
v -2.263292 0.032425 1.206315
v -2.256047 0.040010 1.206152
v -2.253383 0.050373 1.206139
v -2.256047 0.060734 1.206152
v -2.263292 0.068320 1.206315
v -2.273263 0.071096 1.206223
v -2.283384 0.068320 1.205575
v -2.291095 0.060734 1.204200
v -2.294895 0.056175 1.088289
v -2.291272 0.045233 1.090516
v -2.283396 0.037697 1.092922
v -2.272950 0.034982 1.095087
v -2.272950 0.034982 1.095087
v -2.262558 0.037726 1.096756
v -2.255051 0.045182 1.097728
v -2.252285 0.055483 1.098166
v -2.255051 0.065906 1.097728
v -2.262558 0.073621 1.096756
v -2.272950 0.076430 1.095087
v -2.283396 0.073592 1.092922
v -2.291272 0.065957 1.090516
v -2.292212 0.067342 0.986904
v -2.289020 0.056230 0.989341
v -2.280095 0.048007 0.992387
v -2.269197 0.045419 0.995481
v -2.269197 0.045419 0.995481
v -2.258301 0.048287 0.998309
v -2.250391 0.055601 1.000316
v -2.247397 0.065792 1.001144
v -2.250391 0.076325 1.000316
v -2.258301 0.084182 0.998309
v -2.269197 0.086867 0.995481
v -2.280095 0.083902 0.992387
v -2.289020 0.076954 0.989341
v -2.267443 0.077481 0.908174
v -2.264177 0.066345 0.911519
v -2.257055 0.057907 0.916328
v -2.247954 0.054461 0.921470
v -2.247954 0.054461 0.921470
v -2.238500 0.057021 0.925975
v -2.231675 0.064153 0.929022
v -2.229103 0.074235 0.930234
v -2.231675 0.084877 0.929022
v -2.238500 0.092916 0.925975
v -2.247954 0.095910 0.921470
v -2.257055 0.093802 0.916328
v -2.264177 0.087069 0.911519
v -2.229520 0.085011 0.834491
v -2.227041 0.074198 0.837839
v -2.221045 0.066130 0.843461
v -2.212922 0.062760 0.850665
v -2.212922 0.062760 0.850665
v -2.204990 0.065116 0.857340
v -2.199354 0.072219 0.861993
v -2.197238 0.082371 0.863752
v -2.199354 0.092942 0.861993
v -2.204990 0.101011 0.857340
v -2.212922 0.104208 0.850665
v -2.221045 0.102025 0.843461
v -2.227041 0.094921 0.837839
v -2.138241 0.088687 0.760008
v -2.136742 0.078324 0.762999
v -2.133065 0.070739 0.771438
v -2.128137 0.067955 0.782673
v -2.128137 0.067955 0.782673
v -2.123276 0.070661 0.793628
v -2.119667 0.078182 0.801263
v -2.118423 0.088517 0.804223
v -2.119667 0.098906 0.801263
v -2.123276 0.106556 0.793628
v -2.128137 0.109403 0.782673
v -2.133065 0.106634 0.771438
v -2.136742 0.099048 0.762999
v -2.038542 0.088687 0.739506
v -1.967163 0.088687 0.739285
v -1.967163 0.078324 0.742062
v -2.038260 0.078324 0.742267
v -1.967163 0.070739 0.749648
v -2.037487 0.070739 0.749810
v -1.967163 0.067962 0.760009
v -2.036432 0.067962 0.760114
v -1.967163 0.067962 0.760009
v -1.967163 0.070739 0.770371
v -2.035377 0.070739 0.770418
v -1.967163 0.078325 0.777957
v -2.034604 0.078325 0.777962
v -1.967163 0.088687 0.780734
v -1.967163 0.099048 0.777957
v -2.034604 0.099048 0.777962
v -1.967163 0.106634 0.770371
v -2.035377 0.106634 0.770418
v -1.967163 0.109410 0.760009
v -2.036432 0.109410 0.760114
v -1.967163 0.106634 0.749647
v -2.037487 0.106634 0.749810
v -1.967163 0.099048 0.742062
v -2.038260 0.099048 0.742267
v -1.752423 0.077633 0.753628
v -1.680938 0.077633 0.753628
v -1.680938 0.075923 0.760009
v -1.752423 0.088687 0.747246
v -1.680938 0.088687 0.747246
v -1.680938 0.082305 0.748956
v -1.752423 0.082305 0.771063
v -1.680938 0.082305 0.771063
v -1.680938 0.088687 0.772773
v -1.752423 0.101450 0.760009
v -1.680938 0.101450 0.760009
v -1.680938 0.099740 0.753628
v -1.752423 0.095068 0.771063
v -1.680938 0.095068 0.771063
v -1.680938 0.099740 0.766391
v -1.752423 0.088687 0.772773
v -1.752423 0.099740 0.753628
v -1.680938 0.095068 0.748956
v -1.752423 0.099740 0.766391
v -1.752423 0.082305 0.748956
v -1.752423 0.077633 0.766391
v -1.680938 0.077633 0.766391
v -1.752423 0.095068 0.748956
v -1.752423 0.075923 0.760009
v -1.680938 0.075923 0.760009
v -1.752422 0.108775 0.794804
v -1.752423 0.095068 0.771063
v -1.752423 0.099740 0.766391
v -1.752423 0.108775 0.725215
v -1.752423 0.123481 0.739921
v -1.752423 0.099740 0.753628
v -1.752423 0.053892 0.780098
v -1.752423 0.077633 0.766391
v -1.752423 0.082305 0.771063
v -1.752422 0.068598 0.794804
v -1.752423 0.088687 0.772773
v -1.752423 0.088687 0.800186
v -1.752423 0.068598 0.725215
v -1.752423 0.082305 0.748956
v -1.752423 0.077633 0.753628
v -1.752423 0.095068 0.748956
v -1.752423 0.088687 0.747246
v -1.752423 0.128864 0.760009
v -1.752423 0.101450 0.760009
v -1.752423 0.048510 0.760009
v -1.752423 0.075923 0.760009
v -1.752423 0.088687 0.719832
v -1.752423 0.053892 0.739921
v -1.752423 0.075923 0.760009
v -1.752423 0.123481 0.780098
v -1.967163 0.053892 0.739921
v -1.967163 0.068598 0.725215
v -1.967163 0.123481 0.739921
v -1.967163 0.128864 0.760009
v -1.967163 0.053892 0.780098
v -1.967163 0.088687 0.719832
v -1.967163 0.088687 0.800186
v -1.967163 0.068598 0.794804
v -1.967163 0.123481 0.780098
v -1.967163 0.108775 0.794804
v -1.752423 0.048510 0.760009
v -1.967163 0.048510 0.760009
v -1.967163 0.108775 0.725215
v -1.967163 0.099048 0.777957
v -1.967163 0.088687 0.780734
v -1.967163 0.070739 0.749648
v -1.967163 0.078324 0.742062
v -1.967163 0.106634 0.749647
v -1.967163 0.109410 0.760009
v -1.967163 0.088687 0.739285
v -1.967163 0.099048 0.742062
v -1.967163 0.048510 0.760009
v -1.967163 0.106634 0.770371
v -1.967163 0.078325 0.777957
v -1.967163 0.070739 0.770371
v -1.967163 0.067962 0.760009
v -2.036432 0.067962 0.760114
v -2.034320 0.088687 0.780723
v -2.063436 0.088687 1.648694
v -1.995276 0.088687 1.655594
v -1.995286 0.078325 1.658348
v -2.066854 0.067963 1.668769
v -1.995352 0.067963 1.676142
v -1.995390 0.070739 1.686416
v -1.995419 0.099049 1.693937
v -1.995315 0.106634 1.665868
v -1.995419 0.078325 1.693937
v -1.995429 0.088687 1.696690
v -1.995352 0.109411 1.676142
v -1.995390 0.106634 1.686416
v -1.995286 0.099049 1.658348
v -1.995315 0.070739 1.665868
v -1.995352 0.067963 1.676142
v -1.995276 0.088687 1.655594
v -1.995208 0.088687 1.637107
v -1.995227 0.069002 1.642337
v -1.995390 0.070739 1.686416
v -1.995352 0.067963 1.676142
v -1.995352 0.049317 1.676142
v -1.995419 0.099049 1.693937
v -1.995478 0.108372 1.709947
v -1.995425 0.122782 1.695659
v -1.995286 0.099049 1.658348
v -1.995315 0.106634 1.665868
v -1.995280 0.122782 1.656625
v -1.995429 0.088687 1.696690
v -1.995419 0.078325 1.693937
v -1.995478 0.069002 1.709947
v -1.995352 0.109411 1.676142
v -1.995352 0.128057 1.676142
v -1.995425 0.054592 1.695659
v -1.995390 0.106634 1.686416
v -1.995227 0.108372 1.642337
v -1.995497 0.088687 1.715177
v -1.995315 0.070739 1.665868
v -1.995280 0.054592 1.656625
v -1.995352 0.049317 1.676142
v -1.995286 0.078325 1.658348
v -1.759706 0.088687 1.637107
v -1.759850 0.049317 1.676142
v -1.759975 0.108372 1.709947
v -1.759923 0.122782 1.695659
v -1.759778 0.122782 1.656625
v -1.759725 0.108372 1.642337
v -1.759975 0.069002 1.709947
v -1.759850 0.128057 1.676142
v -1.759923 0.054592 1.695659
v -1.759995 0.088687 1.715177
v -1.759778 0.054592 1.656625
v -1.759725 0.069002 1.642337
v -1.759801 0.088687 1.662823
v -1.759850 0.075253 1.676142
v -1.759875 0.077053 1.682801
v -1.759893 0.095403 1.687677
v -1.759826 0.100320 1.669483
v -1.759808 0.095403 1.664608
v -1.759893 0.081970 1.687677
v -1.759900 0.088687 1.689461
v -1.759850 0.102120 1.676142
v -1.759875 0.100320 1.682801
v -1.759850 0.049317 1.676142
v -1.759826 0.077053 1.669483
v -1.759808 0.081970 1.664608
v -1.759808 0.081970 1.664608
v -1.759801 0.088687 1.662823
v -1.696262 0.088687 1.662823
v -1.759875 0.077053 1.682801
v -1.759850 0.075253 1.676142
v -1.696311 0.075253 1.676142
v -1.759893 0.095403 1.687677
v -1.696354 0.095403 1.687677
v -1.696336 0.100320 1.682801
v -1.759826 0.100320 1.669483
v -1.696287 0.100320 1.669483
v -1.696269 0.095403 1.664608
v -1.759900 0.088687 1.689461
v -1.759893 0.081970 1.687677
v -1.696354 0.081970 1.687677
v -1.759850 0.102120 1.676142
v -1.696311 0.102120 1.676142
v -1.696336 0.077053 1.682801
v -1.759875 0.100320 1.682801
v -1.759808 0.095403 1.664608
v -1.696361 0.088687 1.689461
v -1.759850 0.075253 1.676142
v -1.759826 0.077053 1.669483
v -1.696287 0.077053 1.669483
v -1.696269 0.081970 1.664608
v -1.696269 0.081970 1.664608
v -1.696262 0.088687 1.662823
v -1.690572 0.088687 1.676142
v -1.696336 0.077053 1.682801
v -1.696311 0.075253 1.676142
v -1.696336 0.100320 1.682801
v -1.696354 0.095403 1.687677
v -1.696269 0.095403 1.664608
v -1.696287 0.100320 1.669483
v -1.696361 0.088687 1.689461
v -1.696354 0.081970 1.687677
v -1.696311 0.102120 1.676142
v -1.696287 0.077053 1.669483
v 1.231443 1.377702 -0.717085
v 1.231443 1.350289 -0.788570
v 1.231443 0.692681 -1.101108
v 1.231443 0.666965 -0.942331
v 0.961221 0.675523 -1.168241
v 0.965201 1.379412 -0.788569
v 0.961221 1.372518 -1.003309
v 0.951898 0.687451 -1.101127
v 0.964867 0.665181 -0.942338
v 0.712377 0.678246 -1.167845
v 0.712377 1.377702 -0.717085
v 0.712377 1.350289 -0.788570
v 0.712377 0.692681 -1.101107
v 0.712377 0.666965 -0.942331
v -1.752423 0.075923 0.760009
v -1.967163 0.067962 0.760009
v -1.995352 0.067963 1.676142
v -1.759850 0.075253 1.676142
v -1.696311 0.075253 1.676142
v -0.319497 1.926484 0.603652
v -0.458130 1.780715 0.588344
v 1.094312 1.780715 0.588344
v 1.216142 2.678816 0.558769
v 1.216142 1.654554 0.558769
v 1.291162 1.576215 0.535510
v -0.579961 2.678816 0.558769
v -0.579961 1.654554 0.558769
v 0.955678 1.926484 0.603652
v 1.094312 2.552654 0.588344
v -0.319497 2.406885 0.603652
v -0.458130 2.552654 0.588344
v 0.955678 2.406886 0.603652
v 1.291162 2.757155 0.535510
v -0.654981 2.757155 0.535510
v -0.654981 1.576215 0.535511
v 0.318091 2.166685 0.615777
vn -0.3068 -0.0000 0.9518
vn -0.2657 -0.1534 0.9518
vn -0.0000 -0.0000 1.0000
vn -0.0000 0.3068 0.9518
vn -0.1534 0.2657 0.9518
vn -0.2657 0.1534 0.9518
vn -0.1534 -0.2657 0.9518
vn 0.1534 0.2657 0.9518
vn 0.3068 -0.0000 0.9518
vn 0.2657 0.1534 0.9518
vn -0.0000 -0.3068 0.9518
vn 0.1534 -0.2657 0.9518
vn 0.2657 -0.1534 0.9518
vn -0.0131 -0.8481 -0.5297
vn 0.4826 -0.7610 -0.4337
vn 0.4846 -0.8522 -0.1971
vn 0.8433 -0.4882 -0.2247
vn 0.8515 -0.5104 -0.1200
vn 0.9949 -0.0927 0.0406
vn 0.9995 -0.0297 -0.0053
vn 0.8837 0.3560 0.3040
vn 0.8764 0.4662 0.1207
vn 0.5102 0.7228 0.4661
vn 0.5082 0.8339 0.2153
vn 0.2743 0.8328 0.4809
vn -0.2569 0.9372 0.2357
vn -0.2811 0.8644 0.4169
vn -0.5224 0.7808 0.3427
vn -0.8628 0.4789 0.1619
vn -0.8770 0.4678 0.1093
vn -0.9966 0.0555 -0.0617
vn -0.9995 -0.0270 -0.0137
vn -0.8774 -0.3769 -0.2970
vn -0.8519 -0.5087 -0.1240
vn -0.5088 -0.7164 -0.4774
vn -0.4853 -0.8516 -0.1981
vn -0.0000 -0.9746 -0.2240
vn -0.0537 -0.5510 -0.8327
vn 0.3813 -0.5860 -0.7150
vn 0.7748 -0.5296 -0.3452
vn 0.9398 -0.3334 0.0744
vn 0.8443 0.0131 0.5357
vn 0.4412 0.3727 0.8163
vn 0.1855 0.5810 0.7925
vn -0.2905 0.6050 0.7414
vn -0.5303 0.6517 0.5422
vn -0.8266 0.5317 0.1846
vn -0.9467 0.2573 -0.1936
vn -0.8370 -0.1048 -0.5371
vn -0.4696 -0.4144 -0.7795
vn -0.0781 -0.0560 -0.9954
vn 0.3258 -0.2104 -0.9217
vn 0.7638 -0.3689 -0.5296
vn 0.9030 -0.4293 0.0181
vn 0.7635 -0.3718 0.5281
vn 0.3440 -0.1853 0.9205
vn 0.0648 0.0256 0.9976
vn -0.3467 0.1130 0.9312
vn -0.5636 0.3070 0.7669
vn -0.8281 0.4515 0.3323
vn -0.8824 0.4420 -0.1616
vn -0.7403 0.2902 -0.6064
vn -0.4023 0.0731 -0.9126
vn -0.1081 0.2796 -0.9540
vn 0.3170 0.0868 -0.9444
vn 0.8093 -0.2101 -0.5485
vn 0.9200 -0.3920 -0.0019
vn 0.7616 -0.4429 0.4730
vn 0.4066 -0.3922 0.8251
vn 0.1771 -0.3310 0.9269
vn -0.3462 -0.1201 0.9305
vn -0.5412 0.0013 0.8409
vn -0.8502 0.2563 0.4598
vn -0.8992 0.4304 -0.0783
vn -0.7031 0.4522 -0.5488
vn -0.3535 0.3558 -0.8651
vn -0.0425 0.2282 -0.9727
vn 0.3962 0.1318 -0.9087
vn 0.8413 -0.0669 -0.5364
vn 0.9732 -0.2298 0.0023
vn 0.8106 -0.3065 0.4990
vn 0.4581 -0.3121 0.8323
vn 0.2290 -0.3016 0.9255
vn -0.2350 -0.1982 0.9516
vn -0.4611 -0.1437 0.8757
vn -0.8471 0.0460 0.5294
vn -0.9722 0.2342 -0.0029
vn -0.7777 0.3326 -0.5335
vn -0.3880 0.3121 -0.8672
vn 0.0130 0.0076 -0.9999
vn 0.4866 0.0509 -0.8721
vn 0.8634 0.0350 -0.5034
vn 0.9998 -0.0004 0.0220
vn 0.8490 -0.0333 0.5273
vn 0.4849 -0.0548 0.8729
vn 0.2458 -0.0676 0.9670
vn -0.2411 -0.0692 0.9680
vn -0.4550 -0.0695 0.8878
vn -0.8359 -0.0488 0.5468
vn -0.9996 -0.0073 0.0270
vn -0.8590 0.0286 -0.5111
vn -0.4639 0.0402 -0.8850
vn 0.0536 -0.1969 -0.9789
vn 0.5165 -0.0660 -0.8537
vn 0.8611 0.0585 -0.5050
vn 0.9874 0.1580 0.0006
vn 0.8466 0.2004 0.4931
vn 0.4698 0.1908 0.8619
vn 0.2241 0.1712 0.9594
vn -0.2714 0.0855 0.9587
vn -0.5029 0.0500 0.8629
vn -0.8597 -0.0517 0.5082
vn -0.9890 -0.1454 0.0273
vn -0.8289 -0.2217 -0.5137
vn -0.4271 -0.2295 -0.8746
vn 0.1024 -0.1004 -0.9897
vn 0.6001 -0.0132 -0.7998
vn 0.8882 0.1035 -0.4477
vn 0.9816 0.1906 -0.0103
vn 0.8476 0.2430 0.4717
vn 0.4731 0.2345 0.8492
vn 0.2211 0.1987 0.9548
vn -0.3530 0.0892 0.9314
vn -0.5873 0.0085 0.8093
vn -0.8984 -0.1215 0.4221
vn -0.9785 -0.2057 -0.0120
vn -0.8532 -0.2498 -0.4580
vn -0.4747 -0.2370 -0.8476
vn 0.0001 0.1904 -0.9817
vn 0.6111 0.2025 -0.7652
vn 0.8948 0.2060 -0.3961
vn 0.9800 0.1955 0.0381
vn 0.8509 0.1558 0.5018
vn 0.4426 0.0749 0.8936
vn 0.1711 0.0009 0.9853
vn -0.3663 -0.0778 0.9272
vn -0.6015 -0.1599 0.7827
vn -0.8992 -0.2214 0.3774
vn -0.9759 -0.2115 -0.0539
vn -0.8956 -0.1459 -0.4202
vn -0.6401 -0.0218 -0.7680
vn -0.0502 0.6382 -0.7682
vn 0.5701 0.5253 -0.6316
vn 0.8754 0.3495 -0.3340
vn 0.9886 0.1506 0.0052
vn 0.9045 -0.0855 0.4179
vn 0.5290 -0.3407 0.7772
vn 0.2534 -0.4693 0.8459
vn -0.3531 -0.4831 0.8012
vn -0.6091 -0.4804 0.6311
vn -0.9037 -0.3366 0.2645
vn -0.9876 -0.1289 -0.0900
vn -0.9103 0.1245 -0.3949
vn -0.6432 0.3989 -0.6536
vn -0.0034 0.9233 -0.3840
vn 0.5335 0.7834 -0.3188
vn 0.8800 0.4426 -0.1726
vn 0.9991 0.0385 0.0180
vn 0.8946 -0.3848 0.2271
vn 0.5438 -0.7426 0.3909
vn 0.2897 -0.8545 0.4311
vn -0.2900 -0.8608 0.4183
vn -0.5557 -0.7573 0.3430
vn -0.8979 -0.4115 0.1566
vn -0.9990 0.0099 -0.0435
vn -0.8823 0.4202 -0.2121
vn -0.5391 0.7719 -0.3370
vn -0.0000 0.9949 -0.1011
vn -0.0000 1.0000 -0.0031
vn 0.4997 0.8662 -0.0026
vn 0.4934 0.8653 -0.0885
vn 0.8658 0.5004 -0.0013
vn 0.8591 0.5090 -0.0535
vn 1.0000 0.0003 -0.0001
vn 0.9998 0.0190 -0.0006
vn 0.8660 -0.5000 0.0004
vn 0.8747 -0.4809 0.0597
vn 0.4999 -0.8661 0.0003
vn 0.5105 -0.8530 0.1091
vn 0.2587 -0.9660 -0.0000
vn -0.2587 -0.9660 -0.0000
vn -0.4999 -0.8661 0.0003
vn -0.5105 -0.8530 0.1091
vn -0.8660 -0.5000 0.0004
vn -0.8747 -0.4809 0.0597
vn -1.0000 0.0003 -0.0001
vn -0.9998 0.0190 -0.0006
vn -0.8658 0.5004 -0.0013
vn -0.8591 0.5091 -0.0535
vn -0.4997 0.8662 -0.0026
vn -0.4934 0.8653 -0.0885
vn 0.8660 0.5000 -0.0000
vn 1.0000 -0.0000 -0.0000
vn -0.0000 1.0000 -0.0000
vn 0.5000 0.8660 -0.0000
vn 0.2588 -0.9659 -0.0000
vn 0.5000 -0.8660 -0.0000
vn -0.8660 0.5000 -0.0000
vn -1.0000 -0.0000 -0.0000
vn -0.8660 -0.5000 -0.0000
vn -0.5000 -0.8660 -0.0000
vn -0.2588 -0.9659 -0.0000
vn -0.5000 0.8660 -0.0000
vn 0.8660 -0.5000 -0.0000
vn -0.6557 -0.3786 0.6532
vn -0.3786 -0.6557 0.6532
vn -0.3786 0.6557 0.6532
vn -0.6557 0.3786 0.6532
vn 0.6557 -0.3786 0.6532
vn 0.3786 -0.6557 0.6532
vn -0.1988 -0.7421 0.6402
vn 0.6557 0.3786 0.6532
vn 0.3786 0.6557 0.6532
vn -0.7572 -0.0000 0.6532
vn 0.7572 -0.0000 0.6532
vn -0.0000 0.7572 0.6532
vn 0.6557 0.3786 -0.6532
vn 0.3786 0.6557 -0.6532
vn -0.6557 0.3786 -0.6532
vn -0.7572 -0.0000 -0.6532
vn 0.6557 -0.3786 -0.6532
vn -0.0000 0.7572 -0.6532
vn -0.1988 -0.7420 -0.6402
vn 0.1988 -0.7420 -0.6402
vn 0.3786 -0.6557 -0.6532
vn -0.6557 -0.3786 -0.6532
vn -0.3786 -0.6557 -0.6532
vn 0.7572 -0.0000 -0.6532
vn -0.3786 0.6557 -0.6532
vn -0.0000 -0.0000 -1.0000
vn 0.2586 -0.9578 0.1253
vn -0.2586 -0.9578 0.1253
vn 0.2553 0.9365 0.2404
vn 0.2563 0.9648 0.0587
vn 1.0000 -0.0096 -0.0006
vn -0.4925 -0.8686 -0.0540
vn -0.8598 -0.5096 -0.0316
vn -0.8682 0.4953 0.0303
vn -0.5006 0.8640 0.0527
vn 0.4925 -0.8686 -0.0540
vn -1.0000 -0.0096 -0.0006
vn 0.8598 -0.5096 -0.0316
vn -0.5096 0.8353 0.2064
vn -0.2563 0.9648 0.0587
vn -0.0000 -0.9981 -0.0621
vn 0.8682 0.4953 0.0303
vn 0.5006 0.8641 0.0527
vn -0.0000 0.0037 -1.0000
vn 0.1968 0.7432 -0.6394
vn 0.3761 0.6582 -0.6522
vn 0.7575 0.0020 -0.6528
vn -0.3767 -0.6554 -0.6547
vn -0.6550 -0.3790 -0.6538
vn -0.6543 0.3825 -0.6523
vn 0.3767 -0.6554 -0.6547
vn -0.7575 0.0020 -0.6528
vn 0.6550 -0.3790 -0.6537
vn -0.3761 0.6582 -0.6522
vn -0.0000 -0.7556 -0.6550
vn 0.6543 0.3825 -0.6523
vn 0.1974 0.7407 0.6421
vn 0.7575 -0.0019 0.6528
vn -0.3761 -0.6582 0.6522
vn -0.6543 -0.3825 0.6523
vn -0.6550 0.3790 0.6537
vn -0.3767 0.6554 0.6546
vn 0.3761 -0.6582 0.6522
vn -0.7575 -0.0019 0.6528
vn 0.6544 -0.3825 0.6523
vn -0.1974 0.7407 0.6422
vn -0.0000 -0.7581 0.6522
vn 0.6550 0.3790 0.6537
vn 0.3767 0.6554 0.6546
vn -0.0000 -0.0037 1.0000
vn 0.4975 0.8675 -0.0000
vn 0.2568 0.9665 -0.0000
vn 0.8642 -0.5032 -0.0000
vn 1.0000 -0.0006 -0.0000
vn 1.0000 0.0006 -0.0000
vn -0.4970 -0.8678 -0.0000
vn -0.4975 -0.8675 -0.0000
vn -0.8647 -0.5023 -0.0000
vn -0.8647 0.5023 -0.0000
vn -0.8642 0.5032 -0.0000
vn -0.4970 0.8678 -0.0000
vn -0.0000 -1.0000 -0.0000
vn 0.4970 -0.8678 -0.0000
vn 0.4975 -0.8675 -0.0000
vn -1.0000 -0.0006 -0.0000
vn -1.0000 0.0006 -0.0000
vn 0.8647 -0.5023 -0.0000
vn -0.8642 -0.5032 -0.0000
vn -0.4975 0.8675 -0.0000
vn -0.2568 0.9665 -0.0000
vn 0.8647 0.5023 -0.0000
vn 0.8642 0.5032 -0.0000
vn 0.4970 0.8678 -0.0000
vn 0.1970 0.3395 0.9197
vn -0.0000 0.3929 0.9196
vn -0.0000 -0.0031 1.0000
vn 0.3401 -0.2009 0.9187
vn 0.3929 -0.0035 0.9196
vn -0.3401 -0.2009 0.9187
vn -0.1964 -0.3456 0.9176
vn -0.1970 0.3395 0.9197
vn -0.3407 0.1943 0.9199
vn -0.0000 -0.3986 0.9171
vn 0.1964 -0.3456 0.9176
vn -0.3929 -0.0035 0.9196
vn 0.3407 0.1943 0.9199
vn -0.0000 -0.9745 -0.2246
vn -0.0000 -0.8640 -0.5035
vn 0.4918 -0.7527 -0.4377
vn 0.4850 -0.8517 -0.1983
vn 0.8637 -0.4382 -0.2490
vn 0.8515 -0.5098 -0.1226
vn 0.9999 -0.0128 -0.0072
vn 0.9995 -0.0286 -0.0092
vn 0.8782 0.4210 0.2269
vn 0.8769 0.4665 0.1162
vn 0.5233 0.7492 0.4060
vn 0.5093 0.8337 0.2135
vn -0.0000 0.8799 0.4751
vn -0.2854 0.8415 0.4588
vn -0.2571 0.9373 0.2354
vn -0.7180 0.6130 0.3296
vn -0.8782 0.4210 0.2269
vn -0.8769 0.4665 0.1162
vn -0.9999 -0.0128 -0.0071
vn -0.9995 -0.0286 -0.0092
vn -0.8637 -0.4382 -0.2490
vn -0.8515 -0.5097 -0.1226
vn -0.4918 -0.7527 -0.4377
vn -0.4851 -0.8517 -0.1983
vn -0.0005 -0.6974 -0.7166
vn 0.4269 -0.6335 -0.6454
vn 0.8274 -0.3976 -0.3966
vn 0.9995 -0.0267 -0.0164
vn 0.8647 0.3530 0.3574
vn 0.4881 0.6275 0.6066
vn -0.0025 0.7295 0.6840
vn -0.2380 0.7168 0.6554
vn -0.6855 0.5277 0.5016
vn -0.8675 0.3687 0.3339
vn -0.9992 -0.0093 -0.0386
vn -0.8278 -0.3844 -0.4087
vn -0.4293 -0.6281 -0.6490
vn 0.0099 -0.4957 -0.8684
vn 0.3998 -0.4648 -0.7901
vn 0.8162 -0.3024 -0.4924
vn 0.9992 -0.0368 -0.0186
vn 0.8606 0.2284 0.4552
vn 0.4788 0.4110 0.7758
vn 0.0020 0.4808 0.8768
vn -0.2292 0.4809 0.8463
vn -0.6700 0.3687 0.6443
vn -0.8498 0.2773 0.4483
vn -0.9996 0.0257 -0.0101
vn -0.8405 -0.2520 -0.4796
vn -0.4089 -0.4488 -0.7946
vn 0.0107 -0.2976 -0.9546
vn 0.3843 -0.3007 -0.8729
vn 0.8176 -0.2160 -0.5337
vn 0.9986 -0.0532 0.0022
vn 0.8554 0.1141 0.5052
vn 0.4855 0.2373 0.8414
vn 0.0085 0.2982 0.9545
vn -0.2196 0.3047 0.9268
vn -0.6628 0.2542 0.7043
vn -0.8392 0.2045 0.5039
vn -0.9985 0.0546 0.0077
vn -0.8421 -0.1277 -0.5240
vn -0.3936 -0.2667 -0.8798
vn -0.0092 -0.1131 -0.9935
vn 0.3468 -0.1707 -0.9223
vn 0.7971 -0.1734 -0.5785
vn 0.9922 -0.1223 -0.0254
vn 0.8555 -0.0433 0.5160
vn 0.4807 0.0413 0.8759
vn 0.0077 0.1149 0.9933
vn -0.2187 0.1445 0.9650
vn -0.6526 0.1637 0.7398
vn -0.8353 0.1681 0.5235
vn -0.9926 0.1211 -0.0014
vn -0.8323 0.0248 -0.5538
vn -0.3891 -0.0775 -0.9179
vn -0.0038 0.0738 -0.9973
vn 0.4378 -0.0391 -0.8982
vn 0.8221 -0.1263 -0.5552
vn 0.9820 -0.1849 -0.0376
vn 0.8458 -0.2004 0.4944
vn 0.4707 -0.1655 0.8666
vn -0.0053 -0.0852 0.9963
vn -0.2407 -0.0303 0.9701
vn -0.6703 0.0629 0.7394
vn -0.8434 0.1238 0.5228
vn -0.9823 0.1875 0.0041
vn -0.8331 0.1863 -0.5208
vn -0.4522 0.1319 -0.8821
vn 0.0416 0.2070 -0.9775
vn 0.5374 0.0886 -0.8386
vn 0.8745 -0.0368 -0.4836
vn 0.9880 -0.1539 -0.0128
vn 0.8457 -0.2454 0.4739
vn 0.4718 -0.2813 0.8356
vn -0.0225 -0.2402 0.9705
vn -0.2804 -0.1908 0.9407
vn -0.7108 -0.0649 0.7004
vn -0.8692 0.0167 0.4942
vn -0.9883 0.1527 -0.0007
vn -0.8433 0.2321 -0.4848
vn -0.4777 0.2431 -0.8442
vn 0.0871 0.4507 -0.8884
vn 0.6137 0.3287 -0.7178
vn 0.9170 0.1759 -0.3582
vn 0.9998 0.0106 0.0151
vn 0.8831 -0.1869 0.4303
vn 0.5105 -0.3608 0.7805
vn -0.0390 -0.4317 0.9012
vn -0.3377 -0.4224 0.8412
vn -0.7560 -0.2849 0.5894
vn -0.8994 -0.1992 0.3892
vn -0.9988 0.0097 -0.0482
vn -0.8573 0.2058 -0.4719
vn -0.4884 0.3495 -0.7996
vn 0.0742 0.6500 -0.7563
vn 0.6101 0.5861 -0.5332
vn 0.8612 0.4235 -0.2809
vn 0.9815 0.1870 0.0415
vn 0.8809 -0.1474 0.4498
vn 0.4989 -0.4553 0.7375
vn -0.0456 -0.6204 0.7830
vn -0.3329 -0.6429 0.6898
vn -0.7327 -0.5108 0.4496
vn -0.8645 -0.4240 0.2699
vn -0.9807 -0.1778 -0.0811
vn -0.8852 0.1344 -0.4454
vn -0.5386 0.4399 -0.7186
vn 0.0083 0.7917 -0.6109
vn 0.5220 0.7328 -0.4365
vn 0.7919 0.5677 -0.2247
vn 0.9593 0.2712 0.0785
vn 0.8978 -0.1487 0.4146
vn 0.5273 -0.5723 0.6281
vn -0.0338 -0.7945 0.6064
vn -0.3082 -0.8123 0.4951
vn -0.6970 -0.6534 0.2953
vn -0.8385 -0.5286 0.1324
vn -0.9645 -0.2273 -0.1343
vn -0.9133 0.1310 -0.3857
vn -0.6080 0.5239 -0.5966
vn -0.0135 0.9363 -0.3509
vn 0.5000 0.8271 -0.2567
vn 0.8407 0.5327 -0.0971
vn 0.9872 0.1330 0.0881
vn 0.9025 -0.3370 0.2682
vn 0.5379 -0.7540 0.3770
vn -0.0157 -0.9338 0.3575
vn -0.2829 -0.9116 0.2984
vn -0.7119 -0.6857 0.1516
vn -0.8661 -0.4966 0.0576
vn -0.9911 -0.0835 -0.1033
vn -0.8989 0.3642 -0.2436
vn -0.5540 0.7601 -0.3396
vn -0.0004 0.9950 -0.0997
vn 0.4931 0.8657 -0.0860
vn 0.8585 0.5106 -0.0486
vn 0.9998 0.0200 0.0068
vn 0.8744 -0.4805 0.0669
vn 0.5072 -0.8548 0.1100
vn -0.2588 -0.9659 0.0001
vn -0.2597 -0.9594 0.1101
vn -0.7069 -0.7073 0.0004
vn -0.8745 -0.4830 0.0443
vn -0.9998 0.0154 -0.0102
vn -0.8598 0.5074 -0.0569
vn -0.4940 0.8649 -0.0887
vn 0.5523 0.3189 0.7703
vn -0.0000 0.6377 0.7703
vn -0.0000 -0.6377 0.7703
vn 0.3189 -0.5523 0.7703
vn -0.5523 0.3189 0.7703
vn -0.6377 -0.0000 0.7703
vn -0.5523 -0.3189 0.7703
vn -0.4602 -0.4602 0.7593
vn -0.7071 -0.7071 -0.0000
vn 0.3189 0.5523 0.7703
vn 0.5523 -0.3189 0.7703
vn -0.3189 0.5523 0.7703
vn 0.6377 -0.0000 0.7703
vn -0.5432 -0.5432 0.6402
vn -0.0000 -0.7572 0.6532
vn -0.0000 -0.7572 -0.6532
vn -0.5432 -0.5432 -0.6402
vn -0.0025 -0.9928 0.1200
vn -0.7070 -0.7034 0.0731
vn -0.0000 0.9682 0.2500
vn -0.0000 0.9982 0.0608
vn -0.7034 0.7095 0.0434
vn -0.2564 0.9648 0.0587
vn -0.0000 0.7581 -0.6522
vn -0.6550 -0.3790 -0.6537
vn -0.1972 0.7447 -0.6376
vn -0.0000 0.7556 0.6550
vn 0.7575 -0.0020 0.6528
vn -0.5399 0.5421 0.6439
vn 0.6543 -0.3825 0.6523
vn -0.1980 0.7430 0.6394
vn -0.8641 0.5033 -0.0000
vn -0.7041 0.7101 -0.0000
vn -0.8641 -0.5032 -0.0000
vn -0.3401 -0.2010 0.9187
vn 0.9999 -0.0129 -0.0071
vn 0.8783 0.4207 0.2272
vn 0.5232 0.7490 0.4065
vn 0.2800 0.8446 0.4564
vn -0.2799 0.8448 0.4560
vn -0.5234 0.7494 0.4056
vn -0.5093 0.8337 0.2135
vn -0.8782 0.4213 0.2264
vn -0.9999 -0.0125 -0.0073
vn -0.8637 -0.4381 -0.2490
vn -0.0024 -0.6977 -0.7164
vn 0.4261 -0.6378 -0.6416
vn 0.8274 -0.4049 -0.3891
vn 0.9993 -0.0363 -0.0056
vn 0.8648 0.3423 0.3673
vn 0.4880 0.6196 0.6148
vn 0.2340 0.7039 0.6707
vn -0.2331 0.7083 0.6663
vn -0.4945 0.6385 0.5897
vn -0.8676 0.3765 0.3248
vn -0.9987 0.0012 -0.0506
vn -0.8275 -0.3750 -0.4179
vn -0.4309 -0.6229 -0.6529
vn -0.0149 -0.4416 -0.8971
vn 0.4097 -0.4092 -0.8153
vn 0.8217 -0.2542 -0.5101
vn 0.9993 -0.0199 -0.0318
vn 0.8649 0.1996 0.4606
vn 0.4885 0.3414 0.8030
vn 0.2253 0.3816 0.8964
vn -0.2319 0.3766 0.8969
vn -0.4836 0.3455 0.8042
vn -0.8657 0.2069 0.4558
vn -0.9997 0.0032 -0.0259
vn -0.8425 -0.2225 -0.4907
vn -0.4404 -0.3930 -0.8072
vn -0.0077 -0.0920 -0.9957
vn 0.4497 -0.0547 -0.8915
vn 0.8510 0.0307 -0.5243
vn 0.9929 0.1191 -0.0038
vn 0.8583 0.1546 0.4894
vn 0.5083 0.1261 0.8519
vn 0.2640 0.0896 0.9603
vn -0.2042 0.0324 0.9784
vn -0.4423 -0.0112 0.8968
vn -0.8430 -0.0752 0.5327
vn -0.9924 -0.1229 -0.0034
vn -0.8415 -0.1559 -0.5173
vn -0.4534 -0.1517 -0.8783
vn -0.0056 0.1699 -0.9854
vn 0.3875 0.2394 -0.8902
vn 0.7922 0.2977 -0.5327
vn 0.9616 0.2738 -0.0190
vn 0.8572 0.1566 0.4906
vn 0.5251 -0.0167 0.8509
vn 0.2946 -0.1191 0.9482
vn -0.1677 -0.2306 0.9585
vn -0.3996 -0.2905 0.8694
vn -0.8025 -0.3196 0.5039
vn -0.9656 -0.2587 -0.0245
vn -0.8316 -0.1352 -0.5387
vn -0.4144 0.0271 -0.9097
vn -0.0459 0.2724 -0.9611
vn 0.3969 0.3875 -0.8321
vn 0.7614 0.4147 -0.4982
vn 0.9465 0.3224 -0.0163
vn 0.8647 0.1240 0.4867
vn 0.5304 -0.1118 0.8404
vn 0.3049 -0.2188 0.9269
vn -0.1667 -0.3659 0.9156
vn -0.3999 -0.4075 0.8210
vn -0.7733 -0.4121 0.4818
vn -0.9494 -0.3141 0.0032
vn -0.8584 -0.1283 -0.4966
vn -0.5078 0.0879 -0.8570
vn -0.0938 0.1514 -0.9840
vn 0.4535 0.2669 -0.8504
vn 0.8213 0.2774 -0.4984
vn 0.9792 0.2022 -0.0175
vn 0.8715 0.0573 0.4870
vn 0.5235 -0.0925 0.8470
vn 0.3126 -0.1460 0.9386
vn -0.1877 -0.2508 0.9497
vn -0.4337 -0.2726 0.8588
vn -0.8024 -0.2826 0.5257
vn -0.9735 -0.2213 0.0578
vn -0.8997 -0.1044 -0.4238
vn -0.5974 0.0387 -0.8010
vn -0.0832 0.0880 -0.9926
vn 0.5070 0.0522 -0.8603
vn 0.8683 0.0111 -0.4959
vn 0.9992 -0.0340 -0.0217
vn 0.8873 -0.0690 0.4561
vn 0.5484 -0.0927 0.8311
vn 0.3334 -0.0960 0.9379
vn -0.2352 -0.0816 0.9685
vn -0.5050 -0.0657 0.8606
vn -0.8749 -0.0231 0.4838
vn -0.9993 0.0239 0.0299
vn -0.9230 0.0578 -0.3804
vn -0.6321 0.0818 -0.7705
vn -0.0471 0.2081 -0.9770
vn 0.5710 0.0157 -0.8208
vn 0.8860 -0.1196 -0.4479
vn 0.9780 -0.2087 -0.0052
vn 0.8706 -0.2516 0.4229
vn 0.5482 -0.2368 0.8021
vn 0.3190 -0.1861 0.9293
vn -0.2549 -0.0940 0.9624
vn -0.5242 -0.0176 0.8514
vn -0.8861 0.1048 0.4514
vn -0.9803 0.1949 -0.0303
vn -0.8662 0.2471 -0.4343
vn -0.6005 0.2589 -0.7565
vn 0.0860 0.5578 -0.8255
vn 0.6880 0.2744 -0.6718
vn 0.9276 0.0022 -0.3734
vn 0.9745 -0.2170 -0.0577
vn 0.8680 -0.3944 0.3018
vn 0.5525 -0.5017 0.6656
vn 0.2898 -0.4667 0.8356
vn -0.2548 -0.4268 0.8677
vn -0.5442 -0.2728 0.7933
vn -0.9130 0.0064 0.4079
vn -0.9720 0.2333 -0.0277
vn -0.8428 0.3894 -0.3715
vn -0.5394 0.4993 -0.6781
vn -0.0288 0.9002 -0.4346
vn 0.5299 0.7514 -0.3932
vn 0.8762 0.4025 -0.2652
vn 0.9965 -0.0047 -0.0832
vn 0.8966 -0.4189 0.1434
vn 0.5453 -0.7546 0.3650
vn 0.2613 -0.8433 0.4697
vn -0.2968 -0.8253 0.4805
vn -0.5371 -0.7103 0.4550
vn -0.8922 -0.3513 0.2839
vn -0.9963 0.0762 0.0409
vn -0.8625 0.4703 -0.1868
vn -0.5492 0.7657 -0.3347
vn -0.0003 0.9961 -0.0882
vn 0.4939 0.8662 -0.0760
vn 0.8599 0.5085 -0.0443
vn 0.9999 0.0157 0.0008
vn 0.8735 -0.4841 0.0510
vn 0.5078 -0.8567 0.0910
vn -0.5078 -0.8569 0.0886
vn -0.8735 -0.4844 0.0486
vn -0.9999 0.0158 -0.0022
vn -0.8597 0.5085 -0.0487
vn -0.4950 0.8653 -0.0790
vn 0.1684 -0.6286 0.7593
vn -0.3189 -0.5523 0.7703
vn -0.1684 -0.6286 0.7593
vn 0.2588 -0.9605 0.1024
vn -0.2602 -0.9604 0.1002
vn 0.2552 0.9362 0.2417
vn -0.1974 0.7407 0.6421
vn -0.8641 0.5032 -0.0000
vn 0.9518 0.3068 -0.0000
vn 0.9518 0.2657 0.1534
vn 0.9518 -0.0000 -0.3068
vn 0.9518 0.1534 -0.2657
vn 0.9518 0.2657 -0.1534
vn 0.9518 0.1534 0.2657
vn 0.9518 -0.1534 -0.2657
vn 0.9518 -0.3068 -0.0000
vn 0.9518 -0.2657 -0.1534
vn 0.9518 -0.0000 0.3068
vn 0.9518 -0.1534 0.2657
vn 0.9518 -0.2657 0.1534
vn -0.2935 0.0001 0.9560
vn -0.6139 0.0046 0.7894
vn -0.5235 -0.4801 0.7038
vn -0.2607 -0.4776 0.8390
vn -0.2960 -0.8520 0.4318
vn -0.1633 -0.8458 0.5079
vn -0.1360 -0.9643 0.2272
vn 0.0807 -0.9646 -0.2512
vn 0.1600 -0.9715 -0.1746
vn 0.2961 -0.8818 -0.3671
vn 0.1541 -0.8764 -0.4563
vn 0.5174 -0.5219 -0.6782
vn 0.2797 -0.5061 -0.8158
vn 0.5864 0.0048 -0.8100
vn 0.4888 0.5200 -0.7004
vn 0.2751 0.5075 -0.8166
vn 0.2636 0.8740 -0.4083
vn 0.1472 0.8769 -0.4575
vn -0.0222 0.9997 -0.0113
vn -0.0183 0.9993 0.0323
vn -0.3148 0.8657 0.3892
vn -0.1661 0.8460 0.5067
vn -0.5341 0.4966 0.6842
vn -0.2616 0.4780 0.8385
vn -0.8124 0.0081 0.5830
vn -0.7149 -0.4192 0.5596
vn -0.4356 -0.8140 0.3842
vn -0.2129 -0.9488 0.2335
vn 0.2378 -0.9655 -0.1061
vn 0.4221 -0.8718 -0.2487
vn 0.7098 -0.4907 -0.5053
vn 0.7855 0.0023 -0.6188
vn 0.6683 0.4832 -0.5656
vn 0.3657 0.8561 -0.3653
vn -0.0477 0.9974 -0.0548
vn -0.4600 0.8419 0.2823
vn -0.7316 0.4472 0.5145
vn -0.9279 0.0073 0.3727
vn -0.8256 -0.4061 0.3918
vn -0.5074 -0.8083 0.2986
vn -0.2572 -0.9437 0.2080
vn 0.2710 -0.9626 -0.0087
vn 0.4960 -0.8617 -0.1068
vn 0.8315 -0.4790 -0.2814
vn 0.9267 -0.0011 -0.3759
vn 0.7964 0.4709 -0.3795
vn 0.4550 0.8436 -0.2853
vn -0.0346 0.9946 -0.0976
vn -0.5264 0.8398 0.1327
vn -0.8446 0.4346 0.3127
vn -0.9730 -0.0049 0.2308
vn -0.8480 -0.4669 0.2509
vn -0.5163 -0.8295 0.2129
vn -0.2702 -0.9477 0.1697
vn 0.2900 -0.9560 0.0453
vn 0.5277 -0.8492 -0.0193
vn 0.8719 -0.4691 -0.1402
vn 0.9761 -0.0024 -0.2175
vn 0.8561 0.4553 -0.2447
vn 0.5103 0.8335 -0.2117
vn -0.0215 0.9937 -0.1102
vn -0.5511 0.8338 0.0307
vn -0.8754 0.4597 0.1494
vn -0.9937 -0.0026 0.1123
vn -0.8701 -0.4727 0.1392
vn -0.5184 -0.8456 0.1276
vn -0.2678 -0.9575 0.1067
vn 0.2827 -0.9580 0.0479
vn 0.5216 -0.8531 0.0153
vn 0.8764 -0.4791 -0.0485
vn 0.9952 -0.0050 -0.0976
vn 0.8739 0.4698 -0.1249
vn 0.5176 0.8468 -0.1225
vn -0.0174 0.9967 -0.0788
vn -0.5422 0.8402 -0.0052
vn -0.8827 0.4650 0.0680
vn -0.9994 -0.0095 0.0321
vn -0.8543 -0.5190 0.0290
vn -0.5008 -0.8654 0.0180
vn -0.2647 -0.9643 0.0125
vn 0.2683 -0.9633 -0.0063
vn 0.5069 -0.8620 -0.0090
vn 0.8695 -0.4936 -0.0154
vn 0.9998 -0.0079 -0.0186
vn 0.8763 0.4813 -0.0183
vn 0.5142 0.8576 -0.0137
vn -0.0032 1.0000 -0.0022
vn -0.5076 0.8615 0.0140
vn -0.8607 0.5082 0.0302
vn -0.9999 0.0053 -0.0141
vn -0.8373 -0.5442 -0.0528
vn -0.4733 -0.8779 -0.0725
vn -0.2357 -0.9691 -0.0734
vn 0.2653 -0.9617 -0.0694
vn 0.4982 -0.8654 -0.0538
vn 0.8625 -0.5058 -0.0155
vn 0.9996 -0.0052 0.0283
vn 0.8675 0.4936 0.0619
vn 0.4967 0.8643 0.0788
vn -0.0165 0.9970 0.0762
vn -0.5066 0.8601 0.0593
vn -0.8438 0.5356 0.0325
vn -0.9843 0.0128 -0.1762
vn -0.8186 -0.5410 -0.1929
vn -0.4404 -0.8812 -0.1718
vn -0.1933 -0.9708 -0.1423
vn 0.2695 -0.9608 -0.0652
vn 0.4754 -0.8794 -0.0267
vn 0.8393 -0.5398 0.0646
vn 0.9889 -0.0047 0.1483
vn 0.8300 0.5246 0.1894
vn 0.4367 0.8830 0.1724
vn -0.0579 0.9926 0.1067
vn -0.4677 0.8836 0.0244
vn -0.8154 0.5750 -0.0671
vn -0.9217 0.0227 -0.3872
vn -0.7533 -0.5446 -0.3686
vn -0.4524 -0.8479 -0.2765
vn -0.2429 -0.9485 -0.2032
vn 0.2661 -0.9639 -0.0125
vn 0.4785 -0.8750 0.0741
vn 0.8206 -0.5190 0.2394
vn 0.9398 -0.0069 0.3417
vn 0.7966 0.4909 0.3527
vn 0.4369 0.8588 0.2675
vn -0.0285 0.9937 0.1079
vn -0.4519 0.8891 -0.0724
vn -0.7647 0.5974 -0.2416
vn -0.7728 0.0185 -0.6344
vn -0.6453 -0.5287 -0.5514
vn -0.3849 -0.8431 -0.3755
vn -0.1840 -0.9545 -0.2347
vn 0.2210 -0.9720 0.0794
vn 0.3938 -0.8913 0.2247
vn 0.6874 -0.5227 0.5042
vn 0.7745 -0.0007 0.6325
vn 0.6469 0.4954 0.5797
vn 0.3476 0.8613 0.3707
vn -0.0389 0.9969 0.0684
vn -0.4060 0.8817 -0.2405
vn -0.6673 0.5682 -0.4815
vn -0.4351 0.0033 -0.9004
vn -0.3575 -0.5386 -0.7630
vn -0.1911 -0.8826 -0.4296
vn -0.0770 -0.9751 -0.2078
vn 0.1210 -0.9747 0.1880
vn 0.2175 -0.9003 0.3770
vn 0.3857 -0.5523 0.7391
vn 0.4439 0.0059 0.8961
vn 0.3514 0.5551 0.7539
vn 0.1718 0.8975 0.4062
vn -0.0351 0.9993 -0.0103
vn -0.2233 0.8844 -0.4099
vn -0.3730 0.5435 -0.7520
vn -0.1027 -0.0000 -0.9947
vn -0.0031 -0.0000 -1.0000
vn -0.0026 -0.4997 -0.8662
vn -0.0901 -0.4934 -0.8651
vn -0.0013 -0.8658 -0.5004
vn -0.0547 -0.8590 -0.5091
vn -0.0006 -0.9659 -0.2590
vn 0.0310 -0.9659 0.2570
vn 0.0004 -0.9659 0.2588
vn 0.0004 -0.8660 0.5000
vn 0.0611 -0.8755 0.4794
vn 0.0003 -0.4999 0.8661
vn 0.1146 -0.5111 0.8518
vn 0.0003 0.4999 0.8661
vn 0.1140 0.5112 0.8519
vn 0.0004 0.8660 0.5000
vn 0.0607 0.8754 0.4795
vn -0.0001 1.0000 -0.0003
vn -0.0014 0.9998 -0.0190
vn -0.0013 0.8658 -0.5004
vn -0.0547 0.8590 -0.5091
vn -0.0026 0.4997 -0.8662
vn -0.0901 0.4934 -0.8651
vn -0.0000 -0.8660 -0.5000
vn -0.0000 -0.9659 -0.2588
vn -0.0000 -0.5000 -0.8660
vn -0.0000 -0.5000 0.8660
vn -0.0000 0.8660 -0.5000
vn -0.0000 0.5000 0.8660
vn -0.0000 0.8660 0.5000
vn -0.0000 0.5000 -0.8660
vn -0.0000 -0.8660 0.5000
vn -0.0000 -0.9659 0.2588
vn 0.6532 0.3786 0.6557
vn 0.6532 0.3786 -0.6557
vn 0.6532 0.6557 -0.3786
vn 0.6532 -0.6558 0.3786
vn 0.6532 -0.3786 0.6557
vn 0.6532 -0.0000 0.7572
vn 0.6532 -0.3786 -0.6557
vn 0.6532 0.7572 -0.0000
vn 0.6402 -0.7420 0.1988
vn 0.6532 -0.0000 -0.7572
vn 0.6532 -0.6557 -0.3786
vn 0.6532 0.6557 0.3786
vn -0.6532 -0.6557 -0.3786
vn -0.6532 -0.3786 -0.6557
vn -0.6532 0.6557 -0.3786
vn -0.6532 0.7572 -0.0000
vn -0.6532 -0.6557 0.3786
vn -0.6532 -0.0000 -0.7572
vn -0.6532 -0.0000 0.7572
vn -0.6532 -0.3786 0.6557
vn -0.6532 0.6557 0.3786
vn -0.6532 0.3786 0.6557
vn 0.6402 -0.7420 -0.1988
vn -0.6402 -0.7421 0.1988
vn -0.6532 0.3786 -0.6557
vn -0.6402 -0.7420 -0.1988
vn -0.0291 -0.9663 -0.2559
vn 0.1365 0.0002 0.9906
vn 0.3236 0.0008 -0.9462
vn 0.1007 -0.0000 -0.9949
vn 0.0872 -0.5024 -0.8602
vn -0.0845 -0.9639 0.2525
vn -0.0269 -0.9650 0.2607
vn -0.0534 -0.8561 0.5141
vn -0.0908 0.4882 0.8680
vn 0.0498 0.8704 -0.4899
vn -0.0908 -0.4882 0.8680
vn -0.1043 -0.0000 0.9945
vn -0.0018 0.9999 0.0164
vn -0.0534 0.8561 0.5141
vn 0.0872 0.5024 -0.8602
vn 0.0498 -0.8704 -0.4899
vn 0.0267 -0.9650 -0.2609
vn -1.0000 -0.0000 -0.0037
vn -0.6522 -0.0000 -0.7581
vn -0.6522 -0.3761 -0.6582
vn -0.6390 -0.7432 0.1985
vn -0.6547 0.3767 0.6554
vn -0.6537 0.6550 0.3790
vn -0.6523 0.6543 -0.3825
vn -0.6547 -0.3767 0.6554
vn -0.6528 0.7575 -0.0019
vn -0.6537 -0.6550 0.3790
vn -0.6522 0.3761 -0.6582
vn -0.6550 -0.0000 0.7556
vn -0.6523 -0.6543 -0.3825
vn -0.6401 -0.7411 -0.2026
vn 0.6550 -0.0000 -0.7556
vn 0.6401 -0.7411 0.2027
vn 0.6522 0.3761 0.6582
vn 0.6523 0.6543 0.3825
vn 0.6537 0.6550 -0.3790
vn 0.6546 0.3767 -0.6554
vn 0.6522 -0.3761 0.6582
vn 0.6528 0.7575 0.0020
vn 0.6523 -0.6544 0.3825
vn 0.6522 -0.0000 0.7581
vn 0.6537 -0.6550 -0.3790
vn 0.6546 -0.3767 -0.6554
vn 1.0000 -0.0000 0.0037
vn 0.6390 -0.7432 -0.1985
vn -0.0000 -0.4975 -0.8675
vn -0.0000 -0.8642 0.5032
vn -0.0000 -0.9654 0.2609
vn -0.0000 0.4970 0.8678
vn -0.0000 0.4975 0.8675
vn -0.0000 0.8647 0.5023
vn -0.0000 0.8647 -0.5023
vn -0.0000 0.8641 -0.5032
vn -0.0000 0.4970 -0.8678
vn -0.0000 -0.4970 0.8678
vn -0.0000 -0.4975 0.8675
vn -0.0000 1.0000 0.0006
vn -0.0000 1.0000 -0.0006
vn -0.0000 -0.8647 0.5023
vn -0.0000 0.8641 0.5032
vn -0.0000 0.4975 -0.8675
vn -0.0000 -0.9654 -0.2609
vn -0.0000 -0.8647 -0.5023
vn -0.0000 -0.8642 -0.5032
vn -0.0000 -0.4970 -0.8678
vn 0.9197 -0.1970 -0.3395
vn 0.9196 -0.0000 -0.3929
vn 1.0000 -0.0000 0.0031
vn 0.9187 -0.3402 0.2009
vn 0.9196 -0.3929 0.0035
vn 0.9186 0.3402 0.2009
vn 0.9176 0.1965 0.3456
vn 0.9197 0.1970 -0.3395
vn 0.9199 0.3407 -0.1943
vn 0.9171 -0.0000 0.3986
vn 0.9176 -0.1965 0.3456
vn 0.9196 0.3929 0.0035
vn 0.9199 -0.3407 -0.1943
vn 0.1988 -0.7421 0.6402
vn -0.1968 0.7432 -0.6394
vn -0.7016 0.6893 0.1807
vn -0.5392 0.5462 -0.6410
vn -0.2552 0.9362 0.2417
vn -0.0454 -0.0417 0.9981
vn -0.1035 -0.0995 0.9896
vn 0.1035 -0.0995 0.9896
vn 0.1435 0.1375 0.9801
vn 0.1435 -0.1375 0.9801
vn 0.1474 -0.1491 0.9778
vn -0.1435 0.1375 0.9801
vn -0.1435 -0.1375 0.9801
vn 0.0454 -0.0417 0.9981
vn 0.1035 0.0995 0.9896
vn -0.0454 0.0417 0.9981
vn -0.1035 0.0995 0.9896
vn 0.0454 0.0417 0.9981
vn 0.1474 0.1491 0.9778
vn -0.1474 0.1491 0.9778
vn -0.1474 -0.1491 0.9778
vt 0.198840 0.362149
vt 0.204047 0.353133
vt 0.184616 0.347926
vt 0.170393 0.362149
vt 0.179410 0.367356
vt 0.189823 0.367356
vt 0.204046 0.342719
vt 0.165187 0.353133
vt 0.170392 0.333702
vt 0.165187 0.342720
vt 0.198841 0.333702
vt 0.189823 0.328497
vt 0.179410 0.328496
vt 0.078663 0.175306
vt 0.078764 0.172098
vt 0.050143 0.173292
vt 0.078435 0.168523
vt 0.050175 0.169744
vt 0.077870 0.164539
vt 0.050320 0.166135
vt 0.077638 0.160325
vt 0.050519 0.162437
vt 0.077375 0.156246
vt 0.050610 0.158546
vt 0.076891 0.152286
vt 0.054031 0.198628
vt 0.080335 0.196307
vt 0.079527 0.192348
vt 0.078797 0.188703
vt 0.052667 0.190861
vt 0.078461 0.184997
vt 0.051874 0.187252
vt 0.078455 0.181532
vt 0.051172 0.183766
vt 0.078497 0.178383
vt 0.050631 0.180304
vt 0.050278 0.176812
vt 0.088289 0.175672
vt 0.089343 0.172672
vt 0.089730 0.169270
vt 0.089812 0.165512
vt 0.089641 0.161583
vt 0.089292 0.157371
vt 0.088236 0.153121
vt 0.092151 0.193784
vt 0.090579 0.189724
vt 0.088938 0.186228
vt 0.088041 0.183279
vt 0.087654 0.180704
vt 0.087769 0.178201
vt 0.101643 0.175433
vt 0.103177 0.172295
vt 0.105025 0.168969
vt 0.106300 0.164641
vt 0.107017 0.160194
vt 0.106598 0.156111
vt 0.104965 0.151978
vt 0.107508 0.194993
vt 0.105665 0.190788
vt 0.103285 0.186824
vt 0.101253 0.183546
vt 0.100425 0.180656
vt 0.100581 0.178055
vt 0.121423 0.174995
vt 0.122983 0.171192
vt 0.124889 0.167492
vt 0.126792 0.163297
vt 0.127993 0.158859
vt 0.127973 0.154446
vt 0.126385 0.150213
vt 0.127752 0.198160
vt 0.125824 0.193748
vt 0.123113 0.189427
vt 0.120702 0.185464
vt 0.119392 0.181917
vt 0.119707 0.178431
vt 0.148200 0.174548
vt 0.148258 0.170011
vt 0.149277 0.165913
vt 0.150612 0.162009
vt 0.151686 0.157970
vt 0.151995 0.153592
vt 0.151125 0.149146
vt 0.152081 0.200205
vt 0.150686 0.195823
vt 0.148500 0.191419
vt 0.146443 0.187133
vt 0.145447 0.182995
vt 0.145982 0.178775
vt 0.186179 0.173995
vt 0.184560 0.169225
vt 0.183707 0.164831
vt 0.183613 0.160638
vt 0.183934 0.156427
vt 0.184229 0.152063
vt 0.184121 0.147649
vt 0.184641 0.201198
vt 0.184466 0.196787
vt 0.183842 0.192413
vt 0.183336 0.188034
vt 0.183460 0.183531
vt 0.184453 0.178818
vt 0.234475 0.174007
vt 0.231262 0.169241
vt 0.228788 0.165081
vt 0.226403 0.160341
vt 0.224809 0.155464
vt 0.224382 0.150825
vt 0.224574 0.146245
vt 0.224065 0.202081
vt 0.225137 0.197585
vt 0.226537 0.193047
vt 0.228510 0.188365
vt 0.230833 0.183478
vt 0.232656 0.178723
vt 0.284346 0.174978
vt 0.281176 0.170836
vt 0.278231 0.166404
vt 0.275245 0.161402
vt 0.272782 0.156063
vt 0.271745 0.151381
vt 0.272142 0.146967
vt 0.271143 0.202460
vt 0.272808 0.197979
vt 0.275396 0.193274
vt 0.278243 0.188437
vt 0.280955 0.183542
vt 0.282891 0.178925
vt 0.316673 0.175904
vt 0.314692 0.172447
vt 0.311544 0.168031
vt 0.308162 0.162949
vt 0.305581 0.158279
vt 0.304529 0.154210
vt 0.305148 0.150477
vt 0.304049 0.199625
vt 0.305365 0.195579
vt 0.307823 0.191377
vt 0.310850 0.187033
vt 0.313647 0.182888
vt 0.315778 0.179183
vt 0.337077 0.176285
vt 0.336280 0.173413
vt 0.335230 0.170059
vt 0.333788 0.166316
vt 0.332667 0.162593
vt 0.332355 0.159193
vt 0.332898 0.155919
vt 0.331771 0.194987
vt 0.332309 0.191562
vt 0.333549 0.188147
vt 0.335025 0.184739
vt 0.336239 0.181542
vt 0.336808 0.178756
vt 0.364980 0.176560
vt 0.364981 0.173868
vt 0.364841 0.170960
vt 0.364692 0.167830
vt 0.364627 0.164597
vt 0.364806 0.161530
vt 0.365046 0.158505
vt 0.363685 0.194404
vt 0.363913 0.191340
vt 0.364133 0.188354
vt 0.364469 0.185218
vt 0.364754 0.182157
vt 0.364947 0.179265
vt 0.390927 0.177485
vt 0.410540 0.178198
vt 0.410632 0.175074
vt 0.391012 0.174626
vt 0.410673 0.171951
vt 0.391076 0.171751
vt 0.410671 0.168839
vt 0.391115 0.168846
vt 0.410643 0.165748
vt 0.391121 0.165917
vt 0.410606 0.162681
vt 0.391145 0.162904
vt 0.410572 0.159633
vt 0.409244 0.196738
vt 0.409498 0.193696
vt 0.390084 0.192072
vt 0.409756 0.190635
vt 0.390284 0.189054
vt 0.410005 0.187550
vt 0.390494 0.186122
vt 0.410229 0.184443
vt 0.390664 0.183217
vt 0.410410 0.181323
vt 0.390806 0.180342
vt 0.766036 0.294666
vt 0.875759 0.294666
vt 0.875759 0.284525
vt 0.766036 0.314948
vt 0.875759 0.314948
vt 0.875759 0.304807
vt 0.766036 0.254102
vt 0.766036 0.264242
vt 0.875759 0.264242
vt 0.766037 0.335231
vt 0.766037 0.345372
vt 0.875759 0.345371
vt 0.766037 0.355514
vt 0.766037 0.365654
vt 0.875759 0.365654
vt 0.766037 0.375795
vt 0.875759 0.375794
vt 0.875759 0.335230
vt 0.875759 0.325088
vt 0.875759 0.355512
vt 0.766037 0.304808
vt 0.766036 0.274383
vt 0.875759 0.274383
vt 0.766037 0.325089
vt 0.766037 0.284525
vt 0.655403 0.145510
vt 0.651295 0.136314
vt 0.634625 0.149303
vt 0.660603 0.168602
vt 0.659591 0.161328
vt 0.640765 0.165025
vt 0.657293 0.205373
vt 0.640528 0.198088
vt 0.637628 0.202393
vt 0.653691 0.214374
vt 0.633585 0.206015
vt 0.644778 0.126399
vt 0.630308 0.145580
vt 0.660512 0.190006
vt 0.661051 0.182883
vt 0.642467 0.181939
vt 0.642339 0.170399
vt 0.641472 0.176191
vt 0.657965 0.153581
vt 0.638698 0.159673
vt 0.659392 0.197502
vt 0.641268 0.192553
vt 0.661015 0.175738
vt 0.643031 0.187488
vt 0.637789 0.153777
vt 0.736738 0.190287
vt 0.736433 0.182277
vt 0.736444 0.158156
vt 0.736850 0.149893
vt 0.738264 0.206830
vt 0.736304 0.174333
vt 0.743395 0.120877
vt 0.744256 0.226370
vt 0.740156 0.215816
vt 0.737590 0.141312
vt 0.739430 0.131925
vt 0.737247 0.198432
vt 0.736319 0.166400
vt 0.754681 0.129447
vt 0.748585 0.181880
vt 0.749027 0.158387
vt 0.747688 0.150367
vt 0.747107 0.174091
vt 0.747994 0.166464
vt 0.750989 0.136082
vt 0.749031 0.197263
vt 0.747605 0.189761
vt 0.748875 0.143172
vt 0.754681 0.217776
vt 0.750955 0.211578
vt 0.748757 0.204933
vt 0.391188 0.159827
vt 0.389895 0.195145
vt 0.050495 0.154507
vt 0.025399 0.154755
vt 0.025075 0.166625
vt 0.025624 0.182829
vt 0.026239 0.186838
vt 0.027794 0.194692
vt 0.028560 0.198576
vt 0.024983 0.174704
vt 0.026991 0.190787
vt 0.024958 0.170645
vt 0.053429 0.194658
vt 0.029223 0.202461
vt 0.025211 0.178774
vt 0.025244 0.162645
vt 0.025375 0.158692
vt 0.988838 0.133559
vt 0.978909 0.125953
vt 0.975227 0.135866
vt 0.982929 0.159683
vt 0.982037 0.152725
vt 0.972753 0.152237
vt 0.984162 0.183935
vt 0.972729 0.183665
vt 0.972590 0.191442
vt 0.985356 0.211528
vt 0.983296 0.204996
vt 0.973437 0.206686
vt 0.985598 0.175592
vt 0.984162 0.167250
vt 0.972729 0.167519
vt 0.982037 0.198459
vt 0.972753 0.198947
vt 0.972590 0.159742
vt 0.982929 0.191501
vt 0.988838 0.217624
vt 0.975227 0.215318
vt 0.972816 0.175592
vt 0.983295 0.146188
vt 0.973437 0.144499
vt 0.985356 0.139656
vt 0.904714 0.127381
vt 0.916521 0.154415
vt 0.917957 0.182649
vt 0.917514 0.189664
vt 0.914654 0.204416
vt 0.911229 0.213148
vt 0.917957 0.168536
vt 0.916521 0.196769
vt 0.917514 0.161520
vt 0.904714 0.223803
vt 0.918051 0.175592
vt 0.914654 0.146768
vt 0.911229 0.138036
vt 0.891679 0.144881
vt 0.900965 0.158076
vt 0.900829 0.163594
vt 0.900130 0.181762
vt 0.898858 0.197879
vt 0.895869 0.202396
vt 0.900130 0.169422
vt 0.899031 0.175592
vt 0.900965 0.193108
vt 0.900829 0.187590
vt 0.891679 0.206303
vt 0.898858 0.153305
vt 0.895869 0.148788
vt 0.887767 0.366007
vt 0.887777 0.376675
vt 0.985303 0.376675
vt 0.887663 0.334203
vt 0.887701 0.344792
vt 0.985227 0.344792
vt 0.887636 0.302242
vt 0.985161 0.302242
vt 0.985190 0.291615
vt 0.887739 0.270437
vt 0.985265 0.270439
vt 0.985293 0.259811
vt 0.887625 0.312909
vt 0.887636 0.323576
vt 0.985161 0.323577
vt 0.887701 0.281026
vt 0.985227 0.281027
vt 0.985189 0.334204
vt 0.887664 0.291614
vt 0.887767 0.259811
vt 0.985303 0.249144
vt 0.985151 0.312909
vt 0.887739 0.355380
vt 0.985265 0.355381
vt 0.985292 0.366008
vt 0.137956 0.331409
vt 0.126800 0.331409
vt 0.132292 0.352055
vt 0.153093 0.357620
vt 0.153133 0.346541
vt 0.117004 0.367219
vt 0.126643 0.372760
vt 0.117120 0.336951
vt 0.111508 0.346547
vt 0.137800 0.372760
vt 0.147482 0.367217
vt 0.111466 0.357624
vt 0.147593 0.336948
vt 0.083690 0.369848
vt 0.092708 0.364642
vt 0.078485 0.350417
vt 0.059055 0.355624
vt 0.064261 0.364641
vt 0.073278 0.369847
vt 0.097914 0.355625
vt 0.059055 0.345212
vt 0.073279 0.330988
vt 0.064262 0.336193
vt 0.097914 0.345212
vt 0.092709 0.336194
vt 0.083692 0.330988
vt 0.047713 0.044765
vt 0.075206 0.044580
vt 0.075264 0.041344
vt 0.047754 0.041545
vt 0.075310 0.038017
vt 0.047946 0.038330
vt 0.075208 0.034473
vt 0.048257 0.035071
vt 0.075100 0.030834
vt 0.048603 0.031693
vt 0.075114 0.027252
vt 0.048866 0.028148
vt 0.074981 0.023628
vt 0.075099 0.019901
vt 0.048857 0.020863
vt 0.075440 0.062121
vt 0.075356 0.058425
vt 0.048924 0.057756
vt 0.075392 0.054732
vt 0.048497 0.054415
vt 0.075428 0.051155
vt 0.048108 0.051182
vt 0.075322 0.047816
vt 0.047835 0.047982
vt 0.089526 0.044390
vt 0.089657 0.041092
vt 0.090032 0.037918
vt 0.090552 0.034759
vt 0.091035 0.031408
vt 0.091357 0.027732
vt 0.091385 0.023889
vt 0.091182 0.020131
vt 0.091738 0.060790
vt 0.091228 0.057189
vt 0.090634 0.053925
vt 0.090073 0.050825
vt 0.089681 0.047683
vt 0.114955 0.044206
vt 0.115090 0.040633
vt 0.115489 0.037286
vt 0.116034 0.034056
vt 0.116621 0.030638
vt 0.116971 0.027009
vt 0.116935 0.023206
vt 0.116554 0.019397
vt 0.117093 0.061377
vt 0.116577 0.057709
vt 0.115862 0.054241
vt 0.115255 0.051010
vt 0.114899 0.047785
vt 0.146012 0.043857
vt 0.145814 0.040169
vt 0.145826 0.036737
vt 0.146082 0.033358
vt 0.146361 0.029820
vt 0.146583 0.026065
vt 0.146506 0.022139
vt 0.146239 0.018270
vt 0.146794 0.062070
vt 0.146388 0.058279
vt 0.145869 0.054709
vt 0.145475 0.051317
vt 0.145446 0.047902
vt 0.178883 0.043882
vt 0.177914 0.040070
vt 0.177489 0.036535
vt 0.177485 0.033089
vt 0.177742 0.029462
vt 0.177969 0.025581
vt 0.177834 0.021548
vt 0.177470 0.017569
vt 0.178167 0.062020
vt 0.177583 0.058155
vt 0.177096 0.054599
vt 0.177024 0.051241
vt 0.177519 0.047815
vt 0.216937 0.043577
vt 0.215798 0.039734
vt 0.215141 0.035999
vt 0.215077 0.032286
vt 0.215426 0.028537
vt 0.215770 0.024633
vt 0.215676 0.020598
vt 0.215238 0.016552
vt 0.215910 0.062356
vt 0.215268 0.058449
vt 0.214757 0.054748
vt 0.214809 0.051111
vt 0.215572 0.047425
vt 0.251507 0.042828
vt 0.250097 0.039066
vt 0.249189 0.035198
vt 0.248864 0.031353
vt 0.248977 0.027561
vt 0.249310 0.023740
vt 0.249401 0.019834
vt 0.249371 0.015780
vt 0.249985 0.062844
vt 0.249737 0.058810
vt 0.249572 0.054835
vt 0.249750 0.050805
vt 0.250426 0.046770
vt 0.278104 0.042421
vt 0.276656 0.038928
vt 0.276026 0.035167
vt 0.276063 0.031158
vt 0.276575 0.027203
vt 0.277281 0.023348
vt 0.277924 0.019440
vt 0.278380 0.015305
vt 0.278977 0.062840
vt 0.279078 0.058524
vt 0.278676 0.054125
vt 0.278079 0.049883
vt 0.277767 0.045894
vt 0.302675 0.042414
vt 0.300881 0.038562
vt 0.299476 0.034502
vt 0.298758 0.030330
vt 0.298735 0.026407
vt 0.299345 0.022654
vt 0.300248 0.018814
vt 0.301238 0.014659
vt 0.302192 0.063081
vt 0.302954 0.058685
vt 0.303294 0.054262
vt 0.303256 0.050096
vt 0.303008 0.046188
vt 0.329308 0.042536
vt 0.327795 0.038638
vt 0.326685 0.034114
vt 0.325925 0.029670
vt 0.325918 0.025663
vt 0.326584 0.021797
vt 0.327552 0.017811
vt 0.328546 0.013568
vt 0.329822 0.062019
vt 0.330528 0.057581
vt 0.330786 0.053223
vt 0.330583 0.049238
vt 0.329910 0.045853
vt 0.370106 0.040392
vt 0.369573 0.036636
vt 0.369042 0.032440
vt 0.368753 0.027983
vt 0.368849 0.023519
vt 0.369310 0.019271
vt 0.369780 0.015121
vt 0.370248 0.010949
vt 0.371374 0.060499
vt 0.371483 0.056264
vt 0.371388 0.052036
vt 0.371092 0.047890
vt 0.370674 0.044006
vt 0.406235 0.038702
vt 0.432801 0.038010
vt 0.432650 0.033813
vt 0.406074 0.034802
vt 0.432440 0.029628
vt 0.405902 0.030886
vt 0.432189 0.025468
vt 0.405726 0.026916
vt 0.431920 0.021344
vt 0.405568 0.022869
vt 0.431656 0.017262
vt 0.405450 0.018757
vt 0.431412 0.013210
vt 0.431184 0.009098
vt 0.405331 0.010531
vt 0.432851 0.058955
vt 0.432908 0.054804
vt 0.406573 0.054502
vt 0.432950 0.050625
vt 0.406543 0.050477
vt 0.432956 0.046425
vt 0.406468 0.046516
vt 0.432910 0.042216
vt 0.406361 0.042592
vt 0.521837 0.071435
vt 0.462556 0.069902
vt 0.462426 0.074706
vt 0.520718 0.059947
vt 0.462617 0.060287
vt 0.462628 0.065091
vt 0.518047 0.093376
vt 0.519597 0.088261
vt 0.461938 0.084291
vt 0.520379 0.048698
vt 0.519196 0.043337
vt 0.462235 0.045874
vt 0.518699 0.037872
vt 0.517498 0.032784
vt 0.461716 0.036291
vt 0.461597 0.089066
vt 0.461216 0.093837
vt 0.462420 0.050676
vt 0.462556 0.055481
vt 0.461996 0.041080
vt 0.521314 0.065663
vt 0.520952 0.082868
vt 0.462209 0.079504
vt 0.521317 0.054214
vt 0.520734 0.077102
vt 0.532726 0.021307
vt 0.540184 0.052768
vt 0.539438 0.045876
vt 0.539411 0.085964
vt 0.538204 0.093231
vt 0.532480 0.110490
vt 0.536057 0.101330
vt 0.540541 0.072586
vt 0.540693 0.066120
vt 0.538182 0.038332
vt 0.540170 0.079210
vt 0.540541 0.059454
vt 0.536133 0.030406
vt 0.607346 0.072364
vt 0.607109 0.065616
vt 0.607920 0.045526
vt 0.608971 0.038403
vt 0.608460 0.086653
vt 0.607084 0.059100
vt 0.611120 0.101902
vt 0.609478 0.094014
vt 0.610735 0.030743
vt 0.614162 0.022406
vt 0.607832 0.079348
vt 0.607365 0.052519
vt 0.620589 0.098343
vt 0.614316 0.110227
vt 0.617207 0.072008
vt 0.616402 0.065535
vt 0.618113 0.046716
vt 0.617863 0.040081
vt 0.615676 0.059358
vt 0.616803 0.053211
vt 0.622807 0.029389
vt 0.618141 0.078695
vt 0.619699 0.034469
vt 0.618823 0.092483
vt 0.619292 0.085565
vt 0.405376 0.014616
vt 0.406554 0.058586
vt 0.048960 0.024480
vt 0.026288 0.023713
vt 0.025471 0.034297
vt 0.025098 0.048819
vt 0.025409 0.052442
vt 0.026301 0.059561
vt 0.026725 0.063080
vt 0.024977 0.041514
vt 0.025836 0.056021
vt 0.025167 0.037885
vt 0.026354 0.020120
vt 0.024958 0.045167
vt 0.025810 0.030748
vt 0.026102 0.027224
vt 0.868767 0.022897
vt 0.857557 0.019159
vt 0.855902 0.028251
vt 0.865451 0.050830
vt 0.864275 0.043838
vt 0.854903 0.043853
vt 0.867232 0.075015
vt 0.855902 0.075192
vt 0.856110 0.083120
vt 0.871440 0.101438
vt 0.868039 0.095663
vt 0.858397 0.099319
vt 0.868435 0.066679
vt 0.866860 0.058401
vt 0.855405 0.058977
vt 0.866079 0.089464
vt 0.856791 0.090941
vt 0.855035 0.051244
vt 0.866360 0.082543
vt 0.871440 0.016005
vt 0.861177 0.008401
vt 0.855720 0.067063
vt 0.865213 0.037039
vt 0.855108 0.036360
vt 0.866595 0.030010
vt 0.792907 0.023077
vt 0.800179 0.046615
vt 0.800223 0.074443
vt 0.799341 0.081773
vt 0.794660 0.098111
vt 0.788574 0.108665
vt 0.800887 0.060221
vt 0.797694 0.089456
vt 0.800769 0.053374
vt 0.786865 0.013573
vt 0.800667 0.067253
vt 0.798932 0.039574
vt 0.796703 0.031868
vt 0.777551 0.034461
vt 0.784711 0.048851
vt 0.784145 0.054312
vt 0.782521 0.072323
vt 0.779518 0.088120
vt 0.775574 0.091970
vt 0.783133 0.060057
vt 0.781767 0.066106
vt 0.782240 0.083674
vt 0.782765 0.078173
vt 0.774185 0.029992
vt 0.783031 0.043906
vt 0.780710 0.039049
vt 0.518227 0.281278
vt 0.507560 0.281288
vt 0.507560 0.378813
vt 0.550030 0.281174
vt 0.539442 0.281211
vt 0.539443 0.378738
vt 0.581992 0.281146
vt 0.581992 0.378672
vt 0.592620 0.378700
vt 0.613796 0.281249
vt 0.613796 0.378775
vt 0.624424 0.378804
vt 0.571325 0.281136
vt 0.560658 0.281146
vt 0.560658 0.378672
vt 0.603208 0.281211
vt 0.603208 0.378738
vt 0.550031 0.378700
vt 0.592620 0.281174
vt 0.496892 0.281277
vt 0.496893 0.378804
vt 0.571325 0.378662
vt 0.528854 0.281249
vt 0.528855 0.378776
vt 0.518227 0.378804
vt 0.100956 0.286724
vt 0.091275 0.281182
vt 0.085783 0.301828
vt 0.101071 0.316992
vt 0.106609 0.307398
vt 0.064982 0.307392
vt 0.070593 0.316990
vt 0.080121 0.281182
vt 0.070483 0.286720
vt 0.080275 0.322534
vt 0.091432 0.322533
vt 0.064942 0.296314
vt 0.106568 0.296320
vt 0.204047 0.305817
vt 0.204047 0.295404
vt 0.184617 0.300611
vt 0.179412 0.320041
vt 0.189824 0.320041
vt 0.198842 0.314835
vt 0.198841 0.286388
vt 0.170394 0.314836
vt 0.165187 0.295407
vt 0.165187 0.305818
vt 0.189822 0.281182
vt 0.179411 0.281182
vt 0.170393 0.286389
vt 0.047947 0.103764
vt 0.075522 0.104186
vt 0.075669 0.100948
vt 0.048082 0.100530
vt 0.075809 0.097613
vt 0.048371 0.097309
vt 0.075808 0.094047
vt 0.048783 0.094054
vt 0.075803 0.090374
vt 0.049236 0.090687
vt 0.075921 0.086749
vt 0.049614 0.087159
vt 0.075888 0.083057
vt 0.075254 0.125337
vt 0.075377 0.121632
vt 0.049092 0.120416
vt 0.075353 0.118005
vt 0.048825 0.116876
vt 0.075464 0.114332
vt 0.048478 0.113496
vt 0.075578 0.110766
vt 0.048169 0.110229
vt 0.075554 0.107427
vt 0.047980 0.107001
vt 0.089782 0.104469
vt 0.090049 0.101181
vt 0.090558 0.098030
vt 0.091211 0.094897
vt 0.091815 0.091570
vt 0.092250 0.087930
vt 0.092377 0.084106
vt 0.091812 0.124639
vt 0.091592 0.120781
vt 0.091120 0.117201
vt 0.090584 0.113953
vt 0.090108 0.110872
vt 0.089827 0.107743
vt 0.114217 0.104946
vt 0.114397 0.101411
vt 0.114760 0.098199
vt 0.115324 0.095054
vt 0.115971 0.091684
vt 0.116387 0.088049
vt 0.116354 0.084189
vt 0.115962 0.125837
vt 0.115892 0.121830
vt 0.115399 0.118046
vt 0.114679 0.114560
vt 0.114188 0.111356
vt 0.114054 0.108229
vt 0.135338 0.104452
vt 0.134819 0.100971
vt 0.134729 0.097740
vt 0.135139 0.094361
vt 0.135901 0.090828
vt 0.136651 0.086950
vt 0.136855 0.082862
vt 0.136613 0.127767
vt 0.136907 0.123679
vt 0.136489 0.119680
vt 0.135763 0.115833
vt 0.135179 0.111905
vt 0.135073 0.108189
vt 0.153380 0.104428
vt 0.152094 0.100749
vt 0.151870 0.097267
vt 0.152527 0.093740
vt 0.153910 0.089842
vt 0.155356 0.085722
vt 0.156104 0.081328
vt 0.155972 0.129207
vt 0.156558 0.124859
vt 0.156043 0.120561
vt 0.154889 0.116241
vt 0.153766 0.112202
vt 0.153153 0.108302
vt 0.177954 0.104891
vt 0.176434 0.100635
vt 0.176322 0.096379
vt 0.177526 0.092098
vt 0.179529 0.087786
vt 0.181529 0.083321
vt 0.182500 0.078819
vt 0.182481 0.131012
vt 0.182880 0.126507
vt 0.181937 0.121973
vt 0.180315 0.117542
vt 0.178707 0.113344
vt 0.177792 0.109136
vt 0.210756 0.105557
vt 0.209393 0.100578
vt 0.209299 0.095428
vt 0.210330 0.090439
vt 0.211862 0.085724
vt 0.213215 0.081173
vt 0.213633 0.076731
vt 0.213192 0.132609
vt 0.213126 0.128212
vt 0.212236 0.123828
vt 0.211053 0.119404
vt 0.210017 0.114874
vt 0.209778 0.110292
vt 0.248719 0.105467
vt 0.247732 0.100997
vt 0.248112 0.095929
vt 0.248709 0.090730
vt 0.248930 0.085660
vt 0.248785 0.080923
vt 0.248235 0.076467
vt 0.248285 0.132858
vt 0.247577 0.128473
vt 0.246868 0.124082
vt 0.246391 0.119413
vt 0.246114 0.114565
vt 0.246537 0.109898
vt 0.290903 0.104576
vt 0.290219 0.100505
vt 0.288856 0.096047
vt 0.286799 0.091290
vt 0.284814 0.086437
vt 0.283119 0.081820
vt 0.281737 0.077441
vt 0.282371 0.131473
vt 0.281499 0.127298
vt 0.281625 0.123024
vt 0.283114 0.118356
vt 0.285769 0.113280
vt 0.288292 0.108901
vt 0.327276 0.103911
vt 0.326979 0.100779
vt 0.326129 0.097228
vt 0.324622 0.093194
vt 0.322983 0.089098
vt 0.321515 0.084954
vt 0.320584 0.080931
vt 0.320841 0.128228
vt 0.320080 0.124479
vt 0.320269 0.120641
vt 0.321615 0.116353
vt 0.323834 0.111569
vt 0.325845 0.107229
vt 0.362228 0.104783
vt 0.362360 0.101761
vt 0.362313 0.098583
vt 0.362061 0.095249
vt 0.361720 0.091814
vt 0.361402 0.088483
vt 0.361096 0.084960
vt 0.361618 0.124930
vt 0.361314 0.121356
vt 0.361196 0.117835
vt 0.361377 0.114325
vt 0.361882 0.111083
vt 0.362261 0.107925
vt 0.392415 0.104608
vt 0.415384 0.104411
vt 0.415342 0.100758
vt 0.392374 0.101237
vt 0.415240 0.097109
vt 0.392325 0.097852
vt 0.415088 0.093473
vt 0.392253 0.094437
vt 0.414905 0.089860
vt 0.392151 0.090969
vt 0.414710 0.086274
vt 0.392023 0.087453
vt 0.414515 0.082707
vt 0.414789 0.126059
vt 0.414936 0.122506
vt 0.392318 0.121651
vt 0.415083 0.118931
vt 0.392379 0.118172
vt 0.415220 0.115329
vt 0.392421 0.114734
vt 0.415326 0.111702
vt 0.392441 0.111339
vt 0.415385 0.108059
vt 0.392437 0.107979
vt 0.519742 0.177204
vt 0.462006 0.174507
vt 0.461774 0.179220
vt 0.519996 0.165855
vt 0.462274 0.165066
vt 0.462184 0.169788
vt 0.515265 0.198342
vt 0.517093 0.193593
vt 0.461105 0.188616
vt 0.519768 0.154561
vt 0.518698 0.149072
vt 0.462162 0.150907
vt 0.518615 0.143496
vt 0.518020 0.138069
vt 0.461778 0.141500
vt 0.516261 0.133493
vt 0.461506 0.136440
vt 0.462263 0.155623
vt 0.462311 0.160344
vt 0.461993 0.146198
vt 0.520635 0.171575
vt 0.518640 0.188444
vt 0.461465 0.183925
vt 0.520644 0.160147
vt 0.518654 0.182764
vt 0.534585 0.130677
vt 0.539273 0.159289
vt 0.538790 0.152705
vt 0.536973 0.192968
vt 0.534974 0.200998
vt 0.530921 0.121875
vt 0.539331 0.172249
vt 0.537970 0.145655
vt 0.538192 0.185799
vt 0.539399 0.165767
vt 0.538915 0.178803
vt 0.536614 0.138420
vt 0.606743 0.179035
vt 0.606455 0.172137
vt 0.606631 0.151441
vt 0.607126 0.144390
vt 0.608245 0.193283
vt 0.606356 0.165312
vt 0.613370 0.119967
vt 0.613762 0.209990
vt 0.610025 0.200978
vt 0.607941 0.137092
vt 0.609733 0.129199
vt 0.607255 0.186049
vt 0.606427 0.158506
vt 0.622672 0.127478
vt 0.616828 0.171784
vt 0.617311 0.151812
vt 0.616312 0.144990
vt 0.615580 0.165142
vt 0.616363 0.158658
vt 0.619395 0.132986
vt 0.617333 0.184919
vt 0.616046 0.178512
vt 0.617449 0.138923
vt 0.622535 0.202401
vt 0.619220 0.197150
vt 0.617221 0.191489
vt 0.391876 0.083923
vt 0.392239 0.125154
vt 0.049827 0.083498
vt 0.027115 0.081688
vt 0.025855 0.092400
vt 0.024982 0.107108
vt 0.025183 0.110789
vt 0.025872 0.118030
vt 0.026199 0.121609
vt 0.025099 0.099701
vt 0.025507 0.114429
vt 0.025417 0.096028
vt 0.026428 0.125177
vt 0.024958 0.103403
vt 0.026333 0.088813
vt 0.026773 0.085247
vt 0.885887 0.099979
vt 0.895816 0.107585
vt 0.899498 0.097672
vt 0.891796 0.073855
vt 0.892688 0.080813
vt 0.901972 0.081301
vt 0.890563 0.049603
vt 0.901996 0.049873
vt 0.902135 0.042096
vt 0.889369 0.022010
vt 0.891430 0.028542
vt 0.901289 0.026853
vt 0.889127 0.057946
vt 0.890563 0.066288
vt 0.901996 0.066018
vt 0.892688 0.035078
vt 0.901973 0.034591
vt 0.902135 0.073796
vt 0.891796 0.042037
vt 0.885887 0.015913
vt 0.899498 0.018220
vt 0.901909 0.057946
vt 0.891430 0.087350
vt 0.901288 0.089039
vt 0.889369 0.093882
vt 0.970011 0.106157
vt 0.958204 0.079123
vt 0.956768 0.050889
vt 0.957211 0.043874
vt 0.960071 0.029122
vt 0.963496 0.020390
vt 0.956768 0.065002
vt 0.958204 0.036769
vt 0.957211 0.072018
vt 0.970011 0.009735
vt 0.956674 0.057946
vt 0.960071 0.086770
vt 0.963496 0.095502
vt 0.983046 0.088657
vt 0.973760 0.075462
vt 0.973896 0.069944
vt 0.974595 0.051776
vt 0.975867 0.035659
vt 0.978856 0.031142
vt 0.974595 0.064116
vt 0.975694 0.057946
vt 0.973760 0.040429
vt 0.973896 0.045948
vt 0.983046 0.027235
vt 0.975867 0.080233
vt 0.978856 0.084750
vt 0.336248 0.378166
vt 0.346915 0.378156
vt 0.346915 0.280630
vt 0.304444 0.378270
vt 0.315032 0.378232
vt 0.315031 0.280706
vt 0.272482 0.378297
vt 0.272482 0.280772
vt 0.261855 0.280744
vt 0.240678 0.378194
vt 0.240678 0.280668
vt 0.230050 0.280640
vt 0.283149 0.378307
vt 0.293816 0.378298
vt 0.293816 0.280772
vt 0.251266 0.378232
vt 0.251266 0.280706
vt 0.304443 0.280744
vt 0.261854 0.378270
vt 0.230050 0.378166
vt 0.219384 0.280630
vt 0.283149 0.280782
vt 0.325620 0.378194
vt 0.325620 0.280668
vt 0.336248 0.280640
vt 0.035422 0.281182
vt 0.024267 0.281182
vt 0.029759 0.301828
vt 0.050561 0.307393
vt 0.050600 0.296314
vt 0.014472 0.316992
vt 0.024110 0.322533
vt 0.014586 0.286724
vt 0.008975 0.296320
vt 0.035267 0.322533
vt 0.044949 0.316990
vt 0.008932 0.307398
vt 0.045060 0.286721
vt 0.008927 0.354944
vt 0.014132 0.363962
vt 0.028357 0.349738
vt 0.023150 0.330309
vt 0.014133 0.335515
vt 0.008927 0.344533
vt 0.023150 0.369169
vt 0.033563 0.330309
vt 0.047787 0.344532
vt 0.042581 0.335515
vt 0.033563 0.369169
vt 0.042580 0.363962
vt 0.047787 0.354945
vt 0.049025 0.230991
vt 0.081089 0.230644
vt 0.081037 0.227112
vt 0.049096 0.227633
vt 0.080985 0.223494
vt 0.049397 0.224287
vt 0.080807 0.219651
vt 0.049829 0.263505
vt 0.081128 0.264140
vt 0.081075 0.260262
vt 0.050513 0.259991
vt 0.081195 0.256446
vt 0.051041 0.256234
vt 0.080970 0.252621
vt 0.080943 0.248807
vt 0.051116 0.248348
vt 0.080638 0.245037
vt 0.050664 0.244590
vt 0.080613 0.241250
vt 0.050066 0.241066
vt 0.080775 0.237579
vt 0.049524 0.237690
vt 0.080910 0.234078
vt 0.049161 0.234350
vt 0.098562 0.230963
vt 0.098522 0.227311
vt 0.098825 0.223785
vt 0.099439 0.220327
vt 0.099066 0.264187
vt 0.099757 0.260628
vt 0.100196 0.256770
vt 0.100072 0.252704
vt 0.099705 0.248582
vt 0.098981 0.244667
vt 0.098271 0.241094
vt 0.097917 0.237763
vt 0.098029 0.234435
vt 0.130614 0.231223
vt 0.130225 0.227368
vt 0.130296 0.223689
vt 0.130756 0.220147
vt 0.130471 0.264732
vt 0.131092 0.261108
vt 0.131416 0.257315
vt 0.131217 0.253355
vt 0.130694 0.249320
vt 0.129887 0.245435
vt 0.129172 0.241768
vt 0.128969 0.238317
vt 0.129476 0.234869
vt 0.166014 0.231122
vt 0.166698 0.227230
vt 0.167229 0.223513
vt 0.167514 0.219931
vt 0.167250 0.265248
vt 0.167335 0.261691
vt 0.167145 0.257940
vt 0.166793 0.253943
vt 0.166359 0.249895
vt 0.166004 0.246035
vt 0.165787 0.242432
vt 0.165748 0.238856
vt 0.165852 0.235104
vt 0.204648 0.231191
vt 0.204351 0.227188
vt 0.204243 0.223345
vt 0.204259 0.219658
vt 0.203825 0.266120
vt 0.203994 0.262446
vt 0.204036 0.258580
vt 0.203841 0.254530
vt 0.203542 0.250452
vt 0.203171 0.246512
vt 0.202965 0.242759
vt 0.203140 0.239036
vt 0.203725 0.235160
vt 0.249904 0.231301
vt 0.249201 0.227240
vt 0.248624 0.223207
vt 0.248283 0.219302
vt 0.247654 0.267223
vt 0.247610 0.263368
vt 0.247685 0.259454
vt 0.247738 0.255434
vt 0.247821 0.251382
vt 0.247883 0.247382
vt 0.248069 0.243425
vt 0.248480 0.239443
vt 0.249139 0.235369
vt 0.292440 0.231883
vt 0.291383 0.227613
vt 0.290393 0.223565
vt 0.289647 0.219546
vt 0.288788 0.268075
vt 0.288423 0.264062
vt 0.288423 0.260106
vt 0.288655 0.256144
vt 0.289162 0.252141
vt 0.289748 0.248125
vt 0.290434 0.244083
vt 0.291151 0.240000
vt 0.291850 0.235838
vt 0.328697 0.232705
vt 0.327790 0.228738
vt 0.327080 0.224434
vt 0.326639 0.220302
vt 0.325625 0.269071
vt 0.325336 0.264830
vt 0.325381 0.260778
vt 0.325714 0.256787
vt 0.326338 0.252706
vt 0.327004 0.248560
vt 0.327575 0.244406
vt 0.327999 0.240292
vt 0.328350 0.236265
vt 0.356598 0.233936
vt 0.355713 0.229842
vt 0.354941 0.225728
vt 0.354477 0.221878
vt 0.353402 0.268207
vt 0.353157 0.264366
vt 0.353283 0.260643
vt 0.353627 0.256842
vt 0.354185 0.252863
vt 0.354725 0.248929
vt 0.355210 0.245070
vt 0.355731 0.241355
vt 0.356203 0.237607
vt 0.383378 0.234643
vt 0.382898 0.230956
vt 0.382564 0.227223
vt 0.382357 0.223454
vt 0.381181 0.268202
vt 0.381165 0.264504
vt 0.381444 0.260811
vt 0.381834 0.256905
vt 0.382277 0.252868
vt 0.382658 0.248974
vt 0.382932 0.245264
vt 0.383138 0.241612
vt 0.383230 0.238093
vt 0.419382 0.234560
vt 0.419378 0.231221
vt 0.419241 0.227555
vt 0.419077 0.223569
vt 0.418661 0.269071
vt 0.418498 0.264962
vt 0.418547 0.260980
vt 0.418585 0.257104
vt 0.418790 0.253265
vt 0.418929 0.249418
vt 0.419150 0.245455
vt 0.419329 0.241551
vt 0.419424 0.237906
vt 0.450790 0.235073
vt 0.474524 0.235310
vt 0.474559 0.231599
vt 0.450815 0.231537
vt 0.474555 0.227890
vt 0.450819 0.227988
vt 0.474524 0.224193
vt 0.450607 0.268217
vt 0.473984 0.267957
vt 0.473938 0.264337
vt 0.450487 0.264562
vt 0.473907 0.260749
vt 0.450398 0.260814
vt 0.473913 0.257189
vt 0.473984 0.253625
vt 0.450388 0.253219
vt 0.474095 0.250025
vt 0.450467 0.249452
vt 0.474226 0.246384
vt 0.450570 0.245772
vt 0.474354 0.242710
vt 0.450663 0.242173
vt 0.474458 0.239015
vt 0.450735 0.238613
vt 0.751792 0.365655
vt 0.642069 0.365655
vt 0.642069 0.375794
vt 0.751792 0.345372
vt 0.642068 0.345372
vt 0.642068 0.355513
vt 0.751791 0.274384
vt 0.642068 0.274384
vt 0.642068 0.284525
vt 0.751792 0.314949
vt 0.642068 0.314949
vt 0.642068 0.325089
vt 0.751792 0.294666
vt 0.642068 0.294666
vt 0.642068 0.304808
vt 0.751792 0.284525
vt 0.751792 0.325089
vt 0.642068 0.335231
vt 0.751792 0.304808
vt 0.751792 0.355513
vt 0.751791 0.264243
vt 0.642068 0.264243
vt 0.751792 0.335231
vt 0.751791 0.254102
vt 0.642068 0.254102
vt 0.792206 0.158554
vt 0.774547 0.161205
vt 0.774067 0.166763
vt 0.791241 0.187776
vt 0.792141 0.180333
vt 0.771799 0.178334
vt 0.785606 0.134290
vt 0.769969 0.145363
vt 0.771849 0.150499
vt 0.789045 0.142993
vt 0.772680 0.156097
vt 0.791047 0.151063
vt 0.787276 0.203733
vt 0.769517 0.195661
vt 0.766385 0.200168
vt 0.772344 0.184420
vt 0.770371 0.189783
vt 0.792656 0.173005
vt 0.773135 0.172478
vt 0.779286 0.123735
vt 0.766117 0.141816
vt 0.789678 0.195489
vt 0.783421 0.212753
vt 0.762106 0.203996
vt 0.792649 0.165791
vt 0.870790 0.216368
vt 0.869014 0.207181
vt 0.868181 0.182740
vt 0.868420 0.174640
vt 0.871760 0.132417
vt 0.868295 0.198913
vt 0.869390 0.149650
vt 0.870135 0.141193
vt 0.868639 0.166528
vt 0.868989 0.158134
vt 0.776498 0.223598
vt 0.875127 0.122821
vt 0.868140 0.190907
vt 0.882233 0.158707
vt 0.881203 0.150325
vt 0.882011 0.212206
vt 0.879848 0.205300
vt 0.880821 0.182882
vt 0.879572 0.174811
vt 0.878524 0.198376
vt 0.879519 0.190959
vt 0.874455 0.226370
vt 0.880777 0.167028
vt 0.880809 0.142744
vt 0.881518 0.135806
vt 0.884633 0.130171
vt 0.450797 0.224406
vt 0.450357 0.257019
vt 0.051274 0.252289
vt 0.027288 0.252200
vt 0.027175 0.255627
vt 0.049877 0.220890
vt 0.026063 0.220543
vt 0.025675 0.224048
vt 0.025499 0.234873
vt 0.026849 0.245349
vt 0.025391 0.227622
vt 0.025312 0.231249
vt 0.026380 0.241919
vt 0.025888 0.238436
vt 0.027177 0.248768
vt 0.026845 0.259028
vt 0.026377 0.262425
vt 0.754759 0.081770
vt 0.742344 0.082823
vt 0.743136 0.091526
vt 0.754862 0.020450
vt 0.757196 0.014561
vt 0.748302 0.007922
vt 0.753218 0.043861
vt 0.741797 0.043110
vt 0.741331 0.051128
vt 0.753255 0.073642
vt 0.751995 0.065964
vt 0.741319 0.066339
vt 0.754718 0.035811
vt 0.754248 0.027661
vt 0.743412 0.026011
vt 0.750916 0.058730
vt 0.741188 0.058735
vt 0.745076 0.017204
vt 0.751976 0.051507
vt 0.741754 0.074353
vt 0.742452 0.034637
vt 0.754749 0.097356
vt 0.744595 0.100492
vt 0.747873 0.110490
vt 0.754208 0.090009
vt 0.654526 0.080176
vt 0.643553 0.008305
vt 0.656015 0.043710
vt 0.656826 0.051018
vt 0.656819 0.065018
vt 0.655977 0.072358
vt 0.652617 0.027673
vt 0.657091 0.058011
vt 0.649366 0.018671
vt 0.654647 0.035956
vt 0.648924 0.097022
vt 0.652317 0.088298
vt 0.635990 0.075026
vt 0.630233 0.024278
vt 0.633409 0.028806
vt 0.637918 0.046785
vt 0.639638 0.063603
vt 0.638055 0.069277
vt 0.635142 0.034578
vt 0.635798 0.040961
vt 0.640789 0.058056
vt 0.639568 0.052496
vt 0.643550 0.106381
vt 0.633572 0.086939
vt 0.635310 0.081310
vt 0.380620 0.378102
vt 0.391287 0.378091
vt 0.391287 0.280565
vt 0.476347 0.378206
vt 0.486934 0.378167
vt 0.486934 0.280641
vt 0.444386 0.378233
vt 0.444386 0.280707
vt 0.433758 0.280678
vt 0.412582 0.378130
vt 0.412582 0.280604
vt 0.401954 0.280575
vt 0.455052 0.378243
vt 0.465719 0.378233
vt 0.465719 0.280707
vt 0.423170 0.378167
vt 0.423170 0.280641
vt 0.476347 0.280679
vt 0.433758 0.378206
vt 0.401954 0.378102
vt 0.455052 0.280717
vt 0.359404 0.378167
vt 0.369992 0.378130
vt 0.369992 0.280604
vt 0.380620 0.280575
vt 0.120719 0.316992
vt 0.130400 0.322533
vt 0.135891 0.301887
vt 0.120603 0.286723
vt 0.115064 0.296318
vt 0.156691 0.296321
vt 0.151080 0.286724
vt 0.141554 0.322533
vt 0.151192 0.316994
vt 0.141398 0.281182
vt 0.130240 0.281182
vt 0.156732 0.307400
vt 0.115106 0.307396
vt 0.875759 0.254102
vt 0.647598 0.224196
vt 0.978909 0.225231
vt 0.887778 0.249143
vt 0.049268 0.061265
vt 0.516751 0.098508
vt 0.622807 0.103786
vt 0.862024 0.108904
vt 0.624424 0.281277
vt 0.049190 0.124083
vt 0.460673 0.193662
vt 0.531473 0.209990
vt 0.895816 0.008307
vt 0.219384 0.378156
vt 0.751792 0.375795
vt 0.884633 0.218719
vt 0.757196 0.103530
vt 0.630601 0.091310
vt 0.359404 0.280641
vt 0.181818 0.814675
vt 0.111894 0.887991
vt 0.888066 0.888061
vt 0.951376 0.436408
vt 0.951209 0.953004
vt 0.991000 0.994288
vt 0.048636 0.436067
vt 0.048962 0.953195
vt 0.818373 0.814744
vt 0.888397 0.501587
vt 0.181798 0.574534
vt 0.111912 0.501089
vt 0.818509 0.574825
vt 0.991000 0.395138
vt 0.009000 0.394912
vt 0.009197 0.994354
vt 0.500166 0.694700
s 1
usemtl screen
f 1/1/1 2/2/2 3/3/3
f 4/4/4 5/5/5 3/3/3
f 6/6/6 1/1/1 3/3/3
f 2/2/2 7/7/7 3/3/3
f 8/8/8 4/4/4 3/3/3
f 9/9/9 10/10/10 3/3/3
f 11/11/11 12/12/12 3/3/3
f 12/12/12 13/13/13 3/3/3
f 13/13/13 9/9/9 3/3/3
f 7/7/7 11/11/11 3/3/3
f 10/10/10 8/8/8 3/3/3
f 5/5/5 6/6/6 3/3/3
f 14/14/14 15/15/15 16/16/16
f 15/15/15 17/17/17 18/18/18
f 17/17/17 19/19/19 20/20/20
f 20/20/20 19/19/19 21/21/21
f 22/22/22 21/21/21 23/23/23
f 24/24/24 23/23/23 25/25/25
f 26/26/26 27/27/27 28/28/28
f 28/28/28 29/29/29 30/30/30
f 29/29/29 31/31/31 32/32/32
f 31/31/31 33/33/33 34/34/34
f 33/33/33 35/35/35 36/36/36
f 35/35/35 14/14/14 37/37/37
f 14/14/14 38/38/38 39/39/39
f 39/39/39 40/40/40 17/17/17
f 40/40/40 41/41/41 19/19/19
f 41/41/41 42/42/42 21/21/21
f 42/42/42 43/43/43 23/23/23
f 43/43/43 44/44/44 25/25/25
f 45/45/45 46/46/46 28/28/28
f 46/46/46 47/47/47 29/29/29
f 29/29/29 47/47/47 48/48/48
f 31/31/31 48/48/48 49/49/49
f 33/33/33 49/49/49 50/50/50
f 35/35/35 50/50/50 38/38/38
f 38/38/38 51/51/51 52/52/52
f 39/39/39 52/52/52 53/53/53
f 40/40/40 53/53/53 54/54/54
f 41/41/41 54/54/54 55/55/55
f 55/55/55 56/56/56 43/43/43
f 56/56/56 57/57/57 44/44/44
f 58/58/58 59/59/59 46/46/46
f 59/59/59 60/60/60 47/47/47
f 60/60/60 61/61/61 48/48/48
f 61/61/61 62/62/62 49/49/49
f 49/49/49 62/62/62 63/63/63
f 50/50/50 63/63/63 51/51/51
f 51/51/51 64/64/64 65/65/65
f 52/52/52 65/65/65 66/66/66
f 53/53/53 66/66/66 67/67/67
f 54/54/54 67/67/67 68/68/68
f 55/55/55 68/68/68 69/69/69
f 69/69/69 70/70/70 57/57/57
f 71/71/71 72/72/72 59/59/59
f 72/72/72 73/73/73 60/60/60
f 73/73/73 74/74/74 61/61/61
f 74/74/74 75/75/75 62/62/62
f 62/62/62 75/75/75 76/76/76
f 63/63/63 76/76/76 64/64/64
f 64/64/64 77/77/77 78/78/78
f 65/65/65 78/78/78 79/79/79
f 66/66/66 79/79/79 80/80/80
f 67/67/67 80/80/80 81/81/81
f 68/68/68 81/81/81 82/82/82
f 82/82/82 83/83/83 70/70/70
f 84/84/84 85/85/85 72/72/72
f 85/85/85 86/86/86 73/73/73
f 86/86/86 87/87/87 74/74/74
f 87/87/87 88/88/88 75/75/75
f 75/75/75 88/88/88 89/89/89
f 76/76/76 89/89/89 77/77/77
f 90/90/90 91/91/91 78/78/78
f 78/78/78 91/91/91 92/92/92
f 79/79/79 92/92/92 93/93/93
f 80/80/80 93/93/93 94/94/94
f 81/81/81 94/94/94 95/95/95
f 95/95/95 96/96/96 83/83/83
f 97/97/97 98/98/98 85/85/85
f 98/98/98 99/99/99 86/86/86
f 99/99/99 100/100/100 87/87/87
f 100/100/100 101/101/101 88/88/88
f 88/88/88 101/101/101 102/102/102
f 89/89/89 102/102/102 90/90/90
f 103/103/103 104/104/104 91/91/91
f 104/104/104 105/105/105 92/92/92
f 105/105/105 106/106/106 93/93/93
f 106/106/106 107/107/107 94/94/94
f 94/94/94 107/107/107 108/108/108
f 95/95/95 108/108/108 109/109/109
f 97/97/97 110/110/110 111/111/111
f 98/98/98 111/111/111 112/112/112
f 99/99/99 112/112/112 113/113/113
f 100/100/100 113/113/113 114/114/114
f 101/101/101 114/114/114 115/115/115
f 102/102/102 115/115/115 103/103/103
f 116/116/116 117/117/117 104/104/104
f 117/117/117 118/118/118 105/105/105
f 118/118/118 119/119/119 106/106/106
f 119/119/119 120/120/120 107/107/107
f 120/120/120 121/121/121 108/108/108
f 108/108/108 121/121/121 122/122/122
f 110/110/110 123/123/123 124/124/124
f 111/111/111 124/124/124 125/125/125
f 112/112/112 125/125/125 126/126/126
f 113/113/113 126/126/126 127/127/127
f 114/114/114 127/127/127 128/128/128
f 115/115/115 128/128/128 116/116/116
f 129/129/129 130/130/130 117/117/117
f 130/130/130 131/131/131 118/118/118
f 131/131/131 132/132/132 119/119/119
f 132/132/132 133/133/133 120/120/120
f 133/133/133 134/134/134 121/121/121
f 121/121/121 134/134/134 135/135/135
f 123/123/123 136/136/136 137/137/137
f 124/124/124 137/137/137 138/138/138
f 125/125/125 138/138/138 139/139/139
f 126/126/126 139/139/139 140/140/140
f 127/127/127 140/140/140 141/141/141
f 128/128/128 141/141/141 129/129/129
f 142/142/142 143/143/143 130/130/130
f 143/143/143 144/144/144 131/131/131
f 144/144/144 145/145/145 132/132/132
f 145/145/145 146/146/146 133/133/133
f 146/146/146 147/147/147 134/134/134
f 134/134/134 147/147/147 148/148/148
f 136/136/136 149/149/149 150/150/150
f 137/137/137 150/150/150 151/151/151
f 138/138/138 151/151/151 152/152/152
f 139/139/139 152/152/152 153/153/153
f 140/140/140 153/153/153 154/154/154
f 141/141/141 154/154/154 142/142/142
f 155/155/155 156/156/156 143/143/143
f 156/156/156 157/157/157 144/144/144
f 157/157/157 158/158/158 145/145/145
f 158/158/158 159/159/159 146/146/146
f 159/159/159 160/160/160 147/147/147
f 147/147/147 160/160/160 161/161/161
f 149/149/149 162/162/162 163/163/163
f 150/150/150 163/163/163 164/164/164
f 151/151/151 164/164/164 165/165/165
f 152/152/152 165/165/165 166/166/166
f 153/153/153 166/166/166 167/167/167
f 154/154/154 167/167/167 155/155/155
f 168/168/168 169/169/169 170/170/170
f 171/171/171 170/170/170 172/172/172
f 173/173/173 172/172/172 174/174/174
f 175/175/175 174/174/174 176/176/176
f 177/177/177 176/176/176 178/178/178
f 179/179/179 178/178/178 180/180/180
f 181/181/181 182/182/182 183/183/183
f 182/182/182 184/184/184 185/185/185
f 184/184/184 186/186/186 187/187/187
f 186/186/186 188/188/188 189/189/189
f 188/188/188 190/190/190 191/191/191
f 190/190/190 169/169/169 168/168/168
f 192/192/192 193/193/192 194/194/193
f 195/195/194 196/196/194 197/197/195
f 198/198/196 199/199/197 200/200/197
f 201/201/198 202/202/199 203/203/199
f 204/204/200 205/205/201 206/206/201
f 207/207/202 208/208/202 206/206/201
f 201/201/198 209/209/198 210/210/203
f 204/204/200 211/211/200 203/203/199
f 192/192/192 212/212/195 197/197/195
f 213/213/204 214/214/204 200/200/197
f 195/195/194 215/215/203 210/210/203
f 213/213/204 216/216/193 194/194/193
f 217/217/205 218/218/206 219/219/3
f 220/220/207 221/221/208 222/222/3
f 223/223/209 224/224/3 225/225/3
f 226/226/210 225/225/3 227/227/3
f 218/218/206 228/228/211 229/229/3
f 230/230/212 231/231/213 232/232/3
f 220/220/207 233/233/3 234/234/3
f 221/221/208 235/235/214 236/236/3
f 223/223/209 237/237/215 238/238/3
f 231/231/213 239/239/216 234/234/3
f 230/230/212 240/240/3 238/238/3
f 217/217/205 241/241/3 236/236/3
f 242/242/217 243/243/218 231/231/213
f 244/244/219 221/221/208 220/220/207
f 244/244/219 245/245/220 235/235/214
f 246/246/221 223/223/209 226/226/210
f 247/247/222 239/239/216 231/231/213
f 248/248/223 228/228/211 218/218/206
f 249/249/224 250/250/225 226/226/210
f 251/251/226 252/252/227 218/218/206
f 242/242/217 230/230/212 237/237/215
f 246/246/221 253/253/228 237/237/215
f 251/251/226 217/217/205 235/235/214
f 247/247/222 254/254/229 220/220/207
f 255/255/230 248/248/223 252/252/227
f 256/256/230 243/243/218 242/242/217
f 257/257/230 258/258/230 245/245/220
f 256/256/230 259/259/230 247/247/222
f 260/260/230 254/254/229 247/247/222
f 261/261/230 252/252/227 251/251/226
f 262/262/230 263/263/230 242/242/217
f 264/264/230 251/251/226 245/245/220
f 265/265/230 266/266/230 250/250/225
f 266/266/230 267/267/230 246/246/221
f 257/257/230 244/244/219 254/254/229
f 262/262/230 253/253/228 246/246/221
f 155/155/155 168/168/168 171/171/171
f 156/156/156 171/171/171 173/173/173
f 157/157/157 173/173/173 175/175/175
f 175/175/175 177/177/177 159/159/159
f 159/159/159 177/177/177 179/179/179
f 179/179/179 268/268/231 161/161/161
f 162/162/162 269/269/232 183/183/183
f 183/183/183 185/185/185 164/164/164
f 164/164/164 185/185/185 187/187/187
f 187/187/187 189/189/189 166/166/166
f 189/189/189 191/191/191 167/167/167
f 191/191/191 168/168/168 155/155/155
f 24/24/24 270/270/233 271/271/234
f 18/18/18 20/20/20 272/272/235
f 36/36/36 273/273/236 274/274/237
f 30/30/30 275/275/238 276/276/239
f 37/37/37 16/16/16 277/277/240
f 32/32/32 278/278/241 275/275/238
f 16/16/16 18/18/18 279/279/242
f 34/34/34 274/274/237 278/278/241
f 280/280/243 276/276/239 281/281/244
f 37/37/37 282/282/245 273/273/236
f 20/20/20 22/22/22 283/283/246
f 22/22/22 24/24/24 284/284/247
f 285/285/248 286/286/249 287/287/250
f 288/288/248 289/289/248 290/290/251
f 291/291/248 292/292/252 293/293/253
f 294/294/248 295/295/248 296/296/254
f 297/297/248 298/298/248 299/299/255
f 295/295/248 300/300/248 301/301/256
f 298/298/248 288/288/248 302/302/257
f 303/303/248 293/293/253 301/301/256
f 304/304/248 294/294/248 305/305/258
f 297/297/248 306/306/259 292/292/252
f 307/307/248 308/308/260 290/290/251
f 309/309/248 287/287/250 308/308/260
f 287/287/250 286/286/249 310/310/261
f 302/302/257 290/290/251 311/311/262
f 292/292/252 312/312/263 313/313/264
f 296/296/254 314/314/265 315/315/266
f 306/306/259 299/299/255 316/316/267
f 301/301/256 317/317/268 314/314/265
f 299/299/255 302/302/257 318/318/269
f 293/293/253 313/313/264 317/317/268
f 305/305/258 315/315/266 319/319/270
f 306/306/259 320/320/271 312/312/263
f 290/290/251 308/308/260 321/321/272
f 308/308/260 287/287/250 322/322/273
f 322/322/273 310/310/261 323/323/274
f 311/311/262 324/324/274 325/325/274
f 313/313/264 312/312/263 326/326/274
f 314/314/265 327/327/274 328/328/274
f 316/316/267 329/329/274 330/330/274
f 317/317/268 331/331/274 327/327/274
f 318/318/269 325/325/274 329/329/274
f 317/317/268 313/313/264 332/332/274
f 315/315/266 328/328/274 333/333/274
f 312/312/263 320/320/271 330/330/274
f 311/311/262 321/321/272 334/334/274
f 321/321/272 322/322/273 335/335/274
f 336/336/275 337/337/276 338/338/276
f 339/339/277 340/340/278 341/341/279
f 342/342/280 343/343/281 344/344/282
f 345/345/283 346/346/284 347/347/285
f 348/348/286 349/349/287 350/350/288
f 351/351/289 352/352/290 346/346/284
f 349/349/287 339/339/277 353/353/291
f 354/354/292 344/344/282 352/352/290
f 355/355/293 347/347/285 356/356/294
f 348/348/286 357/357/286 343/343/281
f 340/340/278 358/358/295 359/359/296
f 358/358/295 336/336/275 360/360/297
f 361/361/298 362/362/299 363/363/300
f 364/364/301 365/365/302 363/363/300
f 366/366/303 367/367/304 363/363/300
f 368/368/305 369/369/306 363/363/300
f 370/370/307 371/371/308 363/363/300
f 369/369/306 372/372/309 363/363/300
f 371/371/308 364/364/301 363/363/300
f 372/372/309 366/366/303 363/363/300
f 362/362/299 368/368/305 363/363/300
f 367/367/304 370/370/307 363/363/300
f 365/365/302 373/373/310 363/363/300
f 373/373/310 361/361/298 363/363/300
f 374/374/1 375/375/2 376/376/3
f 377/377/4 378/378/5 376/376/3
f 379/379/6 374/374/1 376/376/3
f 375/375/2 380/380/7 376/376/3
f 381/381/8 377/377/4 376/376/3
f 382/382/9 383/383/10 376/376/3
f 384/384/11 385/385/12 376/376/3
f 385/385/12 386/386/13 376/376/3
f 386/386/13 382/382/9 376/376/3
f 380/380/7 384/384/11 376/376/3
f 383/383/10 381/381/8 376/376/3
f 378/378/5 379/379/6 376/376/3
f 387/387/311 388/388/312 389/389/313
f 390/390/314 389/389/313 391/391/315
f 392/392/316 391/391/315 393/393/317
f 394/394/318 393/393/317 395/395/319
f 396/396/320 395/395/319 397/397/321
f 398/398/322 397/397/321 399/399/323
f 399/399/323 400/400/324 401/401/325
f 402/402/326 403/403/327 404/404/328
f 403/403/327 405/405/329 406/406/330
f 405/405/329 407/407/331 408/408/332
f 407/407/331 409/409/333 410/410/334
f 409/409/333 388/388/312 387/387/311
f 388/388/312 411/411/335 412/412/336
f 389/389/313 412/412/336 413/413/337
f 391/391/315 413/413/337 414/414/338
f 393/393/317 414/414/338 415/415/339
f 395/395/319 415/415/339 416/416/340
f 416/416/340 417/417/341 399/399/323
f 399/399/323 417/417/341 418/418/342
f 419/419/343 420/420/344 403/403/327
f 420/420/344 421/421/345 405/405/329
f 421/421/345 422/422/346 407/407/331
f 422/422/346 423/423/347 409/409/333
f 423/423/347 411/411/335 388/388/312
f 411/411/335 424/424/348 425/425/349
f 412/412/336 425/425/349 426/426/350
f 413/413/337 426/426/350 427/427/351
f 414/414/338 427/427/351 428/428/352
f 415/415/339 428/428/352 429/429/353
f 416/416/340 429/429/353 430/430/354
f 430/430/354 431/431/355 418/418/342
f 432/432/356 433/433/357 420/420/344
f 433/433/357 434/434/358 421/421/345
f 434/434/358 435/435/359 422/422/346
f 435/435/359 436/436/360 423/423/347
f 436/436/360 424/424/348 411/411/335
f 424/424/348 437/437/361 438/438/362
f 425/425/349 438/438/362 439/439/363
f 426/426/350 439/439/363 440/440/364
f 427/427/351 440/440/364 441/441/365
f 428/428/352 441/441/365 442/442/366
f 429/429/353 442/442/366 443/443/367
f 443/443/367 444/444/368 431/431/355
f 445/445/369 446/446/370 433/433/357
f 446/446/370 447/447/371 434/434/358
f 447/447/371 448/448/372 435/435/359
f 448/448/372 449/449/373 436/436/360
f 436/436/360 449/449/373 437/437/361
f 450/450/374 451/451/375 438/438/362
f 451/451/375 452/452/376 439/439/363
f 439/439/363 452/452/376 453/453/377
f 440/440/364 453/453/377 454/454/378
f 441/441/365 454/454/378 455/455/379
f 442/442/366 455/455/379 456/456/380
f 456/456/380 457/457/381 444/444/368
f 458/458/382 459/459/383 446/446/370
f 459/459/383 460/460/384 447/447/371
f 460/460/384 461/461/385 448/448/372
f 448/448/372 461/461/385 462/462/386
f 449/449/373 462/462/386 450/450/374
f 463/463/387 464/464/388 451/451/375
f 464/464/388 465/465/389 452/452/376
f 452/452/376 465/465/389 466/466/390
f 453/453/377 466/466/390 467/467/391
f 454/454/378 467/467/391 468/468/392
f 468/468/392 469/469/393 456/456/380
f 469/469/393 470/470/394 457/457/381
f 471/471/395 472/472/396 459/459/383
f 472/472/396 473/473/397 460/460/384
f 473/473/397 474/474/398 461/461/385
f 461/461/385 474/474/398 475/475/399
f 462/462/386 475/475/399 463/463/387
f 476/476/400 477/477/401 464/464/388
f 477/477/401 478/478/402 465/465/389
f 478/478/402 479/479/403 466/466/390
f 466/466/390 479/479/403 480/480/404
f 467/467/391 480/480/404 481/481/405
f 481/481/405 482/482/406 469/469/393
f 482/482/406 483/483/407 470/470/394
f 484/484/408 485/485/409 472/472/396
f 485/485/409 486/486/410 473/473/397
f 473/473/397 486/486/410 487/487/411
f 474/474/398 487/487/411 488/488/412
f 475/475/399 488/488/412 476/476/400
f 489/489/413 490/490/414 477/477/401
f 490/490/414 491/491/415 478/478/402
f 491/491/415 492/492/416 479/479/403
f 479/479/403 492/492/416 493/493/417
f 480/480/404 493/493/417 494/494/418
f 481/481/405 494/494/418 495/495/419
f 482/482/406 495/495/419 496/496/420
f 497/497/421 498/498/422 485/485/409
f 498/498/422 499/499/423 486/486/410
f 486/486/410 499/499/423 500/500/424
f 487/487/411 500/500/424 501/501/425
f 488/488/412 501/501/425 489/489/413
f 502/502/426 503/503/427 490/490/414
f 503/503/427 504/504/428 491/491/415
f 504/504/428 505/505/429 492/492/416
f 492/492/416 505/505/429 506/506/430
f 493/493/417 506/506/430 507/507/431
f 494/494/418 507/507/431 508/508/432
f 495/495/419 508/508/432 509/509/433
f 497/497/421 510/510/434 511/511/435
f 511/511/435 512/512/436 499/499/423
f 512/512/436 513/513/437 500/500/424
f 513/513/437 514/514/438 501/501/425
f 514/514/438 502/502/426 489/489/413
f 515/515/439 516/516/440 503/503/427
f 516/516/440 517/517/441 504/504/428
f 517/517/441 518/518/442 505/505/429
f 518/518/442 519/519/443 506/506/430
f 506/506/430 519/519/443 520/520/444
f 507/507/431 520/520/444 521/521/445
f 508/508/432 521/521/445 522/522/446
f 510/510/434 523/523/447 524/524/448
f 511/511/435 524/524/448 525/525/449
f 512/512/436 525/525/449 526/526/450
f 526/526/450 527/527/451 514/514/438
f 527/527/451 515/515/439 502/502/426
f 528/528/452 529/529/453 516/516/440
f 529/529/453 530/530/454 517/517/441
f 530/530/454 531/531/455 518/518/442
f 518/518/442 531/531/455 532/532/456
f 519/519/443 532/532/456 533/533/457
f 520/520/444 533/533/457 534/534/458
f 521/521/445 534/534/458 535/535/459
f 523/523/447 536/536/460 537/537/461
f 524/524/448 537/537/461 538/538/462
f 538/538/462 539/539/463 526/526/450
f 539/539/463 540/540/464 527/527/451
f 540/540/464 528/528/452 515/515/439
f 541/541/465 542/542/169 543/543/170
f 544/544/466 543/543/170 545/545/172
f 546/546/467 545/545/172 547/547/174
f 548/548/468 547/547/174 549/549/176
f 550/550/469 549/549/176 551/551/178
f 552/552/470 551/551/178 553/553/286
f 553/553/286 554/554/471 555/555/472
f 556/556/473 557/557/184 558/558/474
f 557/557/184 559/559/186 560/560/475
f 559/559/186 561/561/188 562/562/476
f 561/561/188 563/563/190 564/564/477
f 563/563/190 542/542/169 541/541/465
f 565/565/478 566/566/192 567/567/193
f 568/568/479 569/569/194 570/570/195
f 571/571/480 572/572/481 573/573/197
f 574/574/482 575/575/483 576/576/199
f 577/577/484 578/578/485 579/579/486
f 571/571/480 580/580/286 581/581/202
f 574/574/482 582/582/198 583/583/203
f 577/577/484 584/584/200 576/576/199
f 565/565/478 585/585/487 570/570/195
f 586/586/488 587/587/204 573/573/197
f 568/568/479 588/588/489 583/583/203
f 586/586/488 589/589/490 567/567/193
f 590/590/491 578/578/485 577/577/484
f 591/591/207 592/592/208 574/574/482
f 593/593/209 586/586/488 572/572/481
f 594/594/210 572/572/481 571/571/480
f 595/595/211 596/596/492 571/571/480
f 597/597/212 598/598/213 585/585/487
f 591/591/207 588/588/489 568/568/479
f 592/592/208 599/599/214 575/575/483
f 593/593/209 600/600/215 589/589/490
f 598/598/213 601/601/216 568/568/479
f 597/597/212 565/565/478 589/589/490
f 602/602/205 577/577/484 575/575/483
f 603/603/217 604/604/218 598/598/213
f 605/605/219 592/592/208 591/591/207
f 605/605/219 606/606/220 599/599/214
f 607/607/221 593/593/209 594/594/210
f 608/608/222 601/601/216 598/598/213
f 609/609/493 596/596/492 595/595/211
f 609/609/493 610/610/225 594/594/210
f 611/611/226 612/612/494 590/590/491
f 603/603/217 597/597/212 600/600/215
f 607/607/221 613/613/228 600/600/215
f 611/611/226 602/602/205 599/599/214
f 608/608/222 614/614/229 591/591/207
f 615/615/230 609/609/493 616/616/223
f 617/617/230 618/618/230 604/604/218
f 619/619/230 620/620/230 606/606/220
f 618/618/230 621/621/230 608/608/222
f 622/622/230 614/614/229 608/608/222
f 623/623/230 612/612/494 611/611/226
f 624/624/230 617/617/230 603/603/217
f 625/625/230 611/611/226 606/606/220
f 615/615/230 626/626/230 610/610/225
f 627/627/230 607/607/221 610/610/225
f 619/619/230 605/605/219 614/614/229
f 627/627/230 624/624/230 613/613/228
f 528/528/452 541/541/465 544/544/466
f 529/529/453 544/544/466 546/546/467
f 530/530/454 546/546/467 548/548/468
f 531/531/455 548/548/468 550/550/469
f 532/532/456 550/550/469 552/552/470
f 533/533/457 552/552/470 628/628/495
f 534/534/458 628/628/495 555/555/472
f 536/536/460 629/629/496 558/558/474
f 558/558/474 560/560/475 538/538/462
f 560/560/475 562/562/476 539/539/463
f 562/562/476 564/564/477 540/540/464
f 564/564/477 541/541/465 528/528/452
f 398/398/322 630/630/497 631/631/498
f 392/392/316 394/394/318 632/632/235
f 410/410/334 633/633/236 634/634/237
f 404/404/328 635/635/238 636/636/499
f 387/387/311 390/390/314 637/637/240
f 406/406/330 638/638/241 635/635/238
f 390/390/314 392/392/316 639/639/242
f 408/408/332 634/634/237 638/638/241
f 401/401/325 640/640/500 631/631/498
f 387/387/311 641/641/245 633/633/236
f 394/394/318 396/396/320 642/642/246
f 396/396/320 398/398/322 643/643/247
f 644/644/248 645/645/501 646/646/250
f 647/647/248 648/648/248 649/649/251
f 650/650/248 651/651/252 652/652/502
f 653/653/248 654/654/248 655/655/254
f 656/656/248 657/657/248 658/658/255
f 654/654/248 659/659/248 660/660/256
f 657/657/248 647/647/248 661/661/257
f 662/662/248 652/652/502 660/660/256
f 644/644/248 663/663/248 664/664/503
f 656/656/248 665/665/259 651/651/252
f 666/666/248 667/667/260 649/649/251
f 668/668/248 646/646/250 667/667/260
f 646/646/250 645/645/501 669/669/504
f 661/661/257 649/649/251 670/670/505
f 651/651/252 671/671/263 672/672/264
f 655/655/254 673/673/265 674/674/506
f 665/665/259 658/658/255 675/675/267
f 660/660/256 676/676/268 673/673/265
f 658/658/255 661/661/257 677/677/507
f 652/652/502 672/672/264 676/676/268
f 664/664/503 678/678/508 669/669/504
f 665/665/259 679/679/271 671/671/263
f 649/649/251 667/667/260 680/680/272
f 667/667/260 646/646/250 681/681/273
f 681/681/273 669/669/504 682/682/274
f 670/670/505 683/683/274 684/684/274
f 672/672/264 671/671/263 685/685/274
f 673/673/265 686/686/274 687/687/274
f 675/675/267 688/688/274 689/689/274
f 676/676/268 690/690/274 686/686/274
f 677/677/507 684/684/274 688/688/274
f 676/676/268 672/672/264 691/691/274
f 678/678/508 692/692/274 682/682/274
f 671/671/263 679/679/271 689/689/274
f 670/670/505 680/680/272 693/693/274
f 680/680/272 681/681/273 694/694/274
f 695/695/275 696/696/194 697/697/194
f 698/698/277 699/699/278 700/700/279
f 701/701/280 702/702/281 703/703/282
f 704/704/283 705/705/509 706/706/510
f 707/707/286 708/708/287 709/709/288
f 710/710/289 711/711/290 705/705/509
f 708/708/287 698/698/277 712/712/291
f 713/713/511 703/703/282 711/711/290
f 714/714/294 715/715/294 697/697/194
f 707/707/286 716/716/286 702/702/281
f 699/699/278 717/717/295 718/718/296
f 717/717/295 695/695/275 719/719/297
f 720/720/298 721/721/299 722/722/300
f 723/723/301 724/724/302 722/722/300
f 725/725/512 726/726/304 722/722/300
f 727/727/305 728/728/306 722/722/300
f 729/729/307 730/730/308 722/722/300
f 728/728/306 731/731/309 722/722/300
f 730/730/308 723/723/301 722/722/300
f 731/731/309 725/725/512 722/722/300
f 721/721/299 727/727/305 722/722/300
f 726/726/304 729/729/307 722/722/300
f 724/724/302 732/732/310 722/722/300
f 732/732/310 720/720/298 722/722/300
f 733/733/1 734/734/2 735/735/3
f 736/736/4 737/737/5 735/735/3
f 738/738/6 733/733/1 735/735/3
f 734/734/2 739/739/7 735/735/3
f 740/740/8 736/736/4 735/735/3
f 741/741/9 742/742/10 735/735/3
f 743/743/11 744/744/12 735/735/3
f 744/744/12 745/745/13 735/735/3
f 745/745/13 741/741/9 735/735/3
f 739/739/7 743/743/11 735/735/3
f 742/742/10 740/740/8 735/735/3
f 737/737/5 738/738/6 735/735/3
f 746/746/311 747/747/312 748/748/313
f 749/749/314 748/748/313 750/750/315
f 751/751/316 750/750/315 752/752/513
f 753/753/318 752/752/513 754/754/514
f 755/755/320 754/754/514 756/756/515
f 757/757/322 756/756/515 758/758/516
f 759/759/517 760/760/518 761/761/519
f 760/760/518 762/762/520 763/763/328
f 762/762/520 764/764/521 765/765/330
f 764/764/521 766/766/522 767/767/332
f 766/766/522 768/768/333 769/769/334
f 768/768/333 747/747/312 746/746/311
f 747/747/312 770/770/523 771/771/524
f 748/748/313 771/771/524 772/772/525
f 750/750/315 772/772/525 773/773/526
f 752/752/513 773/773/526 774/774/527
f 754/754/514 774/774/527 775/775/528
f 775/775/528 776/776/529 758/758/516
f 759/759/517 777/777/530 778/778/531
f 778/778/531 779/779/532 762/762/520
f 779/779/532 780/780/533 764/764/521
f 780/780/533 781/781/534 766/766/522
f 781/781/534 782/782/535 768/768/333
f 782/782/535 770/770/523 747/747/312
f 770/770/523 783/783/536 784/784/537
f 771/771/524 784/784/537 785/785/538
f 772/772/525 785/785/538 786/786/539
f 773/773/526 786/786/539 787/787/540
f 774/774/527 787/787/540 788/788/541
f 788/788/541 789/789/542 776/776/529
f 790/790/543 791/791/544 778/778/531
f 791/791/544 792/792/545 779/779/532
f 792/792/545 793/793/546 780/780/533
f 793/793/546 794/794/547 781/781/534
f 794/794/547 795/795/548 782/782/535
f 782/782/535 795/795/548 783/783/536
f 796/796/549 797/797/550 784/784/537
f 784/784/537 797/797/550 798/798/551
f 785/785/538 798/798/551 799/799/552
f 786/786/539 799/799/552 800/800/553
f 787/787/540 800/800/553 801/801/554
f 788/788/541 801/801/554 802/802/555
f 803/803/556 804/804/557 791/791/544
f 804/804/557 805/805/558 792/792/545
f 805/805/558 806/806/559 793/793/546
f 806/806/559 807/807/560 794/794/547
f 807/807/560 808/808/561 795/795/548
f 795/795/548 808/808/561 796/796/549
f 809/809/562 810/810/563 797/797/550
f 810/810/563 811/811/564 798/798/551
f 798/798/551 811/811/564 812/812/565
f 799/799/552 812/812/565 813/813/566
f 800/800/553 813/813/566 814/814/567
f 801/801/554 814/814/567 815/815/568
f 803/803/556 816/816/569 817/817/570
f 817/817/570 818/818/571 805/805/558
f 818/818/571 819/819/572 806/806/559
f 819/819/572 820/820/573 807/807/560
f 820/820/573 821/821/574 808/808/561
f 808/808/561 821/821/574 809/809/562
f 822/822/575 823/823/576 810/810/563
f 823/823/576 824/824/577 811/811/564
f 811/811/564 824/824/577 825/825/578
f 812/812/565 825/825/578 826/826/579
f 813/813/566 826/826/579 827/827/580
f 814/814/567 827/827/580 828/828/581
f 816/816/569 829/829/582 830/830/583
f 830/830/583 831/831/584 818/818/571
f 831/831/584 832/832/585 819/819/572
f 832/832/585 833/833/586 820/820/573
f 833/833/586 834/834/587 821/821/574
f 834/834/587 822/822/575 809/809/562
f 835/835/588 836/836/589 823/823/576
f 823/823/576 836/836/589 837/837/590
f 824/824/577 837/837/590 838/838/591
f 825/825/578 838/838/591 839/839/592
f 826/826/579 839/839/592 840/840/593
f 827/827/580 840/840/593 841/841/594
f 829/829/582 842/842/595 843/843/596
f 843/843/596 844/844/597 831/831/584
f 844/844/597 845/845/598 832/832/585
f 845/845/598 846/846/599 833/833/586
f 846/846/599 847/847/600 834/834/587
f 834/834/587 847/847/600 835/835/588
f 848/848/601 849/849/602 836/836/589
f 849/849/602 850/850/603 837/837/590
f 837/837/590 850/850/603 851/851/604
f 838/838/591 851/851/604 852/852/605
f 839/839/592 852/852/605 853/853/606
f 853/853/606 854/854/607 841/841/594
f 855/855/608 856/856/609 843/843/596
f 856/856/609 857/857/610 844/844/597
f 857/857/610 858/858/611 845/845/598
f 858/858/611 859/859/612 846/846/599
f 846/846/599 859/859/612 860/860/613
f 847/847/600 860/860/613 848/848/601
f 861/861/614 862/862/615 849/849/602
f 862/862/615 863/863/616 850/850/603
f 863/863/616 864/864/617 851/851/604
f 864/864/617 865/865/618 852/852/605
f 865/865/618 866/866/619 853/853/606
f 866/866/619 867/867/620 854/854/607
f 868/868/621 869/869/622 856/856/609
f 869/869/622 870/870/623 857/857/610
f 857/857/610 870/870/623 871/871/624
f 858/858/611 871/871/624 872/872/625
f 859/859/612 872/872/625 873/873/626
f 860/860/613 873/873/626 861/861/614
f 874/874/627 875/875/628 862/862/615
f 875/875/628 876/876/629 863/863/616
f 876/876/629 877/877/630 864/864/617
f 877/877/630 878/878/631 865/865/618
f 878/878/631 879/879/632 866/866/619
f 879/879/632 880/880/633 867/867/620
f 881/881/634 882/882/635 869/869/622
f 869/869/622 882/882/635 883/883/636
f 870/870/623 883/883/636 884/884/637
f 871/871/624 884/884/637 885/885/638
f 872/872/625 885/885/638 886/886/639
f 873/873/626 886/886/639 874/874/627
f 887/887/640 888/888/641 875/875/628
f 888/888/641 889/889/642 876/876/629
f 889/889/642 890/890/643 877/877/630
f 890/890/643 891/891/644 878/878/631
f 891/891/644 892/892/645 879/879/632
f 892/892/645 893/893/646 880/880/633
f 894/894/647 895/895/648 882/882/635
f 882/882/635 895/895/648 896/896/649
f 883/883/636 896/896/649 897/897/650
f 884/884/637 897/897/650 898/898/651
f 885/885/638 898/898/651 899/899/652
f 886/886/639 899/899/652 887/887/640
f 900/900/653 901/901/169 902/902/170
f 903/903/654 902/902/170 904/904/172
f 905/905/655 904/904/172 906/906/174
f 907/907/656 906/906/174 908/908/176
f 909/909/657 908/908/176 910/910/178
f 911/911/658 910/910/178 912/912/180
f 913/913/181 914/914/182 915/915/659
f 914/914/182 916/916/184 917/917/660
f 916/916/184 918/918/186 919/919/661
f 918/918/186 920/920/188 921/921/662
f 920/920/188 922/922/190 923/923/663
f 922/922/190 901/901/169 900/900/653
f 924/924/478 925/925/192 926/926/193
f 927/927/479 928/928/194 929/929/195
f 930/930/664 931/931/481 932/932/197
f 933/933/482 934/934/483 935/935/199
f 936/936/484 937/937/665 938/938/201
f 939/939/666 940/940/202 938/938/201
f 933/933/482 941/941/198 942/942/203
f 936/936/484 943/943/200 935/935/199
f 924/924/478 944/944/487 929/929/195
f 945/945/488 946/946/204 932/932/197
f 927/927/479 947/947/489 942/942/203
f 945/945/488 948/948/490 926/926/193
f 949/949/206 937/937/665 936/936/484
f 950/950/207 951/951/208 933/933/482
f 952/952/209 945/945/488 931/931/481
f 953/953/210 931/931/481 930/930/664
f 949/949/206 954/954/211 939/939/666
f 955/955/213 944/944/487 924/924/478
f 950/950/207 947/947/489 927/927/479
f 951/951/208 956/956/214 934/934/483
f 952/952/209 957/957/215 948/948/490
f 955/955/213 958/958/216 927/927/479
f 959/959/212 924/924/478 948/948/490
f 960/960/205 936/936/484 934/934/483
f 961/961/217 962/962/218 955/955/213
f 963/963/219 951/951/208 950/950/207
f 963/963/219 964/964/220 956/956/214
f 965/965/221 952/952/209 953/953/210
f 966/966/222 958/958/216 955/955/213
f 967/967/223 954/954/211 949/949/206
f 968/968/224 969/969/225 953/953/210
f 970/970/226 971/971/227 949/949/206
f 961/961/217 959/959/212 957/957/215
f 965/965/221 972/972/228 957/957/215
f 970/970/226 960/960/205 956/956/214
f 966/966/222 973/973/229 950/950/207
f 974/974/230 967/967/223 971/971/227
f 975/975/230 962/962/218 961/961/217
f 976/976/230 977/977/230 964/964/220
f 975/975/230 978/978/230 966/966/222
f 979/979/230 973/973/229 966/966/222
f 980/980/230 971/971/227 970/970/226
f 981/981/230 982/982/230 961/961/217
f 983/983/230 970/970/226 964/964/220
f 984/984/230 985/985/230 969/969/225
f 985/985/230 986/986/230 965/965/221
f 976/976/230 963/963/219 973/973/229
f 981/981/230 972/972/228 965/965/221
f 887/887/640 900/900/653 903/903/654
f 888/888/641 903/903/654 905/905/655
f 889/889/642 905/905/655 907/907/656
f 890/890/643 907/907/656 909/909/657
f 891/891/644 909/909/657 911/911/658
f 892/892/645 911/911/658 987/987/667
f 988/988/668 915/915/659 895/895/648
f 915/915/659 917/917/660 896/896/649
f 917/917/660 919/919/661 897/897/650
f 919/919/661 921/921/662 898/898/651
f 921/921/662 923/923/663 899/899/652
f 923/923/663 900/900/653 887/887/640
f 757/757/322 989/989/669 990/990/234
f 751/751/316 753/753/318 991/991/235
f 769/769/334 992/992/236 993/993/237
f 763/763/328 994/994/238 995/995/239
f 746/746/311 749/749/314 996/996/240
f 765/765/330 997/997/241 994/994/238
f 749/749/314 751/751/316 998/998/242
f 767/767/332 993/993/237 997/997/241
f 761/761/519 995/995/239 999/999/244
f 746/746/311 1000/1000/245 992/992/236
f 753/753/318 755/755/320 1001/1001/246
f 755/755/320 757/757/322 1002/1002/247
f 1003/1003/248 1004/1004/249 1005/1005/250
f 1006/1006/248 1007/1007/248 1008/1008/251
f 1009/1009/248 1010/1010/252 1011/1011/502
f 1012/1012/248 1013/1013/248 1014/1014/254
f 1015/1015/248 1016/1016/248 1017/1017/255
f 1013/1013/248 1018/1018/248 1019/1019/256
f 1016/1016/248 1006/1006/248 1020/1020/257
f 1021/1021/248 1011/1011/502 1019/1019/256
f 1022/1022/248 1012/1012/248 1023/1023/258
f 1015/1015/248 1024/1024/259 1010/1010/252
f 1025/1025/248 1026/1026/260 1008/1008/251
f 1027/1027/248 1005/1005/250 1026/1026/260
f 1005/1005/250 1004/1004/249 1028/1028/261
f 1020/1020/257 1008/1008/251 1029/1029/505
f 1010/1010/252 1030/1030/263 1031/1031/264
f 1014/1014/254 1032/1032/265 1033/1033/266
f 1024/1024/259 1017/1017/255 1034/1034/267
f 1019/1019/256 1035/1035/268 1032/1032/265
f 1017/1017/255 1020/1020/257 1036/1036/507
f 1011/1011/502 1031/1031/264 1035/1035/268
f 1023/1023/258 1033/1033/266 1037/1037/670
f 1024/1024/259 1038/1038/271 1030/1030/263
f 1008/1008/251 1026/1026/260 1039/1039/272
f 1026/1026/260 1005/1005/250 1040/1040/273
f 1040/1040/273 1028/1028/261 1041/1041/274
f 1029/1029/505 1042/1042/274 1043/1043/274
f 1031/1031/264 1030/1030/263 1044/1044/274
f 1032/1032/265 1045/1045/274 1046/1046/274
f 1034/1034/267 1047/1047/274 1048/1048/274
f 1035/1035/268 1049/1049/274 1045/1045/274
f 1036/1036/507 1043/1043/274 1047/1047/274
f 1035/1035/268 1031/1031/264 1050/1050/274
f 1033/1033/266 1046/1046/274 1051/1051/274
f 1030/1030/263 1038/1038/271 1048/1048/274
f 1029/1029/505 1039/1039/272 1052/1052/274
f 1039/1039/272 1040/1040/273 1053/1053/274
f 1054/1054/275 1055/1055/276 1056/1056/276
f 1057/1057/277 1058/1058/278 1059/1059/279
f 1060/1060/280 1061/1061/281 1062/1062/282
f 1063/1063/283 1064/1064/671 1065/1065/285
f 1066/1066/286 1067/1067/287 1068/1068/288
f 1069/1069/289 1070/1070/290 1064/1064/671
f 1067/1067/287 1057/1057/277 1071/1071/291
f 1072/1072/511 1062/1062/282 1070/1070/290
f 1073/1073/293 1065/1065/285 1074/1074/294
f 1066/1066/286 1075/1075/286 1061/1061/281
f 1058/1058/278 1076/1076/295 1077/1077/296
f 1076/1076/295 1054/1054/275 1078/1078/297
f 1079/1079/298 1080/1080/299 1081/1081/300
f 1082/1082/301 1083/1083/302 1081/1081/300
f 1084/1084/303 1085/1085/304 1081/1081/300
f 1086/1086/305 1087/1087/306 1081/1081/300
f 1088/1088/307 1089/1089/308 1081/1081/300
f 1087/1087/306 1090/1090/309 1081/1081/300
f 1089/1089/308 1082/1082/301 1081/1081/300
f 1090/1090/309 1084/1084/303 1081/1081/300
f 1080/1080/299 1086/1086/305 1081/1081/300
f 1085/1085/304 1088/1088/307 1081/1081/300
f 1083/1083/302 1091/1091/310 1081/1081/300
f 1091/1091/310 1079/1079/298 1081/1081/300
f 1092/1092/672 1093/1093/673 1094/1094/193
f 1095/1095/674 1096/1096/675 1094/1094/193
f 1097/1097/676 1092/1092/672 1094/1094/193
f 1093/1093/673 1098/1098/677 1094/1094/193
f 1099/1099/678 1095/1095/674 1094/1094/193
f 1100/1100/679 1101/1101/680 1094/1094/193
f 1102/1102/681 1103/1103/682 1094/1094/193
f 1103/1103/682 1104/1104/683 1094/1094/193
f 1104/1104/683 1100/1100/679 1094/1094/193
f 1098/1098/677 1102/1102/681 1094/1094/193
f 1101/1101/680 1099/1099/678 1094/1094/193
f 1096/1096/675 1097/1097/676 1094/1094/193
f 1105/1105/684 1106/1106/685 1107/1107/686
f 1108/1108/687 1107/1107/686 1109/1109/688
f 1110/1110/689 1109/1109/688 1111/1111/690
f 1112/1112/691 1113/1113/692 1114/1114/693
f 1115/1115/694 1114/1114/693 1116/1116/695
f 1117/1117/696 1116/1116/695 1118/1118/697
f 1118/1118/697 1119/1119/698 1120/1120/699
f 1119/1119/698 1121/1121/700 1122/1122/701
f 1121/1121/700 1123/1123/702 1124/1124/703
f 1123/1123/702 1125/1125/704 1126/1126/705
f 1125/1125/704 1127/1127/706 1128/1128/707
f 1127/1127/706 1106/1106/685 1105/1105/684
f 1129/1129/708 1130/1130/709 1107/1107/686
f 1107/1107/686 1130/1130/709 1131/1131/710
f 1109/1109/688 1131/1131/710 1132/1132/711
f 1113/1113/692 1133/1133/712 1134/1134/713
f 1114/1114/693 1134/1134/713 1135/1135/714
f 1135/1135/714 1136/1136/715 1118/1118/697
f 1136/1136/715 1137/1137/716 1119/1119/698
f 1137/1137/716 1138/1138/717 1121/1121/700
f 1138/1138/717 1139/1139/718 1123/1123/702
f 1139/1139/718 1140/1140/719 1125/1125/704
f 1125/1125/704 1140/1140/719 1141/1141/720
f 1127/1127/706 1141/1141/720 1129/1129/708
f 1142/1142/721 1143/1143/722 1130/1130/709
f 1130/1130/709 1143/1143/722 1144/1144/723
f 1131/1131/710 1144/1144/723 1145/1145/724
f 1133/1133/712 1146/1146/725 1147/1147/726
f 1134/1134/713 1147/1147/726 1148/1148/727
f 1148/1148/727 1149/1149/728 1136/1136/715
f 1149/1149/728 1150/1150/729 1137/1137/716
f 1150/1150/729 1151/1151/730 1138/1138/717
f 1151/1151/730 1152/1152/731 1139/1139/718
f 1152/1152/731 1153/1153/732 1140/1140/719
f 1140/1140/719 1153/1153/732 1154/1154/733
f 1141/1141/720 1154/1154/733 1142/1142/721
f 1142/1142/721 1155/1155/734 1156/1156/735
f 1143/1143/722 1156/1156/735 1157/1157/736
f 1144/1144/723 1157/1157/736 1158/1158/737
f 1146/1146/725 1159/1159/738 1160/1160/739
f 1147/1147/726 1160/1160/739 1161/1161/740
f 1161/1161/740 1162/1162/741 1149/1149/728
f 1162/1162/741 1163/1163/742 1150/1150/729
f 1163/1163/742 1164/1164/743 1151/1151/730
f 1164/1164/743 1165/1165/744 1152/1152/731
f 1165/1165/744 1166/1166/745 1153/1153/732
f 1153/1153/732 1166/1166/745 1167/1167/746
f 1154/1154/733 1167/1167/746 1155/1155/734
f 1155/1155/734 1168/1168/747 1169/1169/748
f 1156/1156/735 1169/1169/748 1170/1170/749
f 1157/1157/736 1170/1170/749 1171/1171/750
f 1159/1159/738 1172/1172/751 1173/1173/752
f 1173/1173/752 1174/1174/753 1161/1161/740
f 1174/1174/753 1175/1175/754 1162/1162/741
f 1175/1175/754 1176/1176/755 1163/1163/742
f 1176/1176/755 1177/1177/756 1164/1164/743
f 1177/1177/756 1178/1178/757 1165/1165/744
f 1165/1165/744 1178/1178/757 1179/1179/758
f 1166/1166/745 1179/1179/758 1180/1180/759
f 1167/1167/746 1180/1180/759 1168/1168/747
f 1181/1181/760 1182/1182/761 1169/1169/748
f 1182/1182/761 1183/1183/762 1170/1170/749
f 1183/1183/762 1184/1184/763 1171/1171/750
f 1172/1172/751 1185/1185/764 1186/1186/765
f 1186/1186/765 1187/1187/766 1174/1174/753
f 1187/1187/766 1188/1188/767 1175/1175/754
f 1188/1188/767 1189/1189/768 1176/1176/755
f 1189/1189/768 1190/1190/769 1177/1177/756
f 1190/1190/769 1191/1191/770 1178/1178/757
f 1178/1178/757 1191/1191/770 1192/1192/771
f 1179/1179/758 1192/1192/771 1193/1193/772
f 1180/1180/759 1193/1193/772 1181/1181/760
f 1194/1194/773 1195/1195/774 1182/1182/761
f 1195/1195/774 1196/1196/775 1183/1183/762
f 1196/1196/775 1197/1197/776 1184/1184/763
f 1198/1198/777 1199/1199/778 1186/1186/765
f 1186/1186/765 1199/1199/778 1200/1200/779
f 1187/1187/766 1200/1200/779 1201/1201/780
f 1188/1188/767 1201/1201/780 1202/1202/781
f 1189/1189/768 1202/1202/781 1203/1203/782
f 1190/1190/769 1203/1203/782 1204/1204/783
f 1191/1191/770 1204/1204/783 1205/1205/784
f 1192/1192/771 1205/1205/784 1206/1206/785
f 1193/1193/772 1206/1206/785 1194/1194/773
f 1207/1207/786 1208/1208/787 1195/1195/774
f 1208/1208/787 1209/1209/788 1196/1196/775
f 1209/1209/788 1210/1210/789 1197/1197/776
f 1211/1211/790 1212/1212/791 1199/1199/778
f 1212/1212/791 1213/1213/792 1200/1200/779
f 1200/1200/779 1213/1213/792 1214/1214/793
f 1201/1201/780 1214/1214/793 1215/1215/794
f 1202/1202/781 1215/1215/794 1216/1216/795
f 1203/1203/782 1216/1216/795 1217/1217/796
f 1204/1204/783 1217/1217/796 1218/1218/797
f 1205/1205/784 1218/1218/797 1219/1219/798
f 1206/1206/785 1219/1219/798 1207/1207/786
f 1220/1220/799 1221/1221/800 1208/1208/787
f 1221/1221/800 1222/1222/801 1209/1209/788
f 1222/1222/801 1223/1223/802 1210/1210/789
f 1224/1224/803 1225/1225/804 1212/1212/791
f 1212/1212/791 1225/1225/804 1226/1226/805
f 1213/1213/792 1226/1226/805 1227/1227/806
f 1214/1214/793 1227/1227/806 1228/1228/807
f 1215/1215/794 1228/1228/807 1229/1229/808
f 1216/1216/795 1229/1229/808 1230/1230/809
f 1217/1217/796 1230/1230/809 1231/1231/810
f 1218/1218/797 1231/1231/810 1232/1232/811
f 1219/1219/798 1232/1232/811 1220/1220/799
f 1233/1233/812 1234/1234/813 1221/1221/800
f 1234/1234/813 1235/1235/814 1222/1222/801
f 1235/1235/814 1236/1236/815 1223/1223/802
f 1237/1237/816 1238/1238/817 1225/1225/804
f 1225/1225/804 1238/1238/817 1239/1239/818
f 1226/1226/805 1239/1239/818 1240/1240/819
f 1227/1227/806 1240/1240/819 1241/1241/820
f 1228/1228/807 1241/1241/820 1242/1242/821
f 1229/1229/808 1242/1242/821 1243/1243/822
f 1230/1230/809 1243/1243/822 1244/1244/823
f 1231/1231/810 1244/1244/823 1245/1245/824
f 1232/1232/811 1245/1245/824 1233/1233/812
f 1246/1246/825 1247/1247/826 1234/1234/813
f 1247/1247/826 1248/1248/827 1235/1235/814
f 1248/1248/827 1249/1249/828 1236/1236/815
f 1250/1250/829 1251/1251/830 1238/1238/817
f 1238/1238/817 1251/1251/830 1252/1252/831
f 1239/1239/818 1252/1252/831 1253/1253/832
f 1240/1240/819 1253/1253/832 1254/1254/833
f 1241/1241/820 1254/1254/833 1255/1255/834
f 1242/1242/821 1255/1255/834 1256/1256/835
f 1243/1243/822 1256/1256/835 1257/1257/836
f 1244/1244/823 1257/1257/836 1258/1258/837
f 1245/1245/824 1258/1258/837 1246/1246/825
f 1259/1259/838 1260/1260/839 1261/1261/840
f 1262/1262/841 1261/1261/840 1263/1263/842
f 1264/1264/843 1263/1263/842 1265/1265/844
f 1266/1266/845 1267/1267/846 1268/1268/847
f 1269/1269/848 1268/1268/847 1270/1270/849
f 1271/1271/850 1270/1270/849 1272/1272/3
f 1272/1272/3 1273/1273/851 1274/1274/852
f 1273/1273/851 1275/1275/853 1276/1276/854
f 1275/1275/853 1277/1277/855 1278/1278/856
f 1277/1277/855 1279/1279/857 1280/1280/858
f 1279/1279/857 1281/1281/859 1282/1282/860
f 1281/1281/859 1260/1260/839 1259/1259/838
f 1283/1283/861 1284/1284/861 1285/1285/862
f 1286/1286/230 1287/1287/230 1288/1288/863
f 1289/1289/864 1290/1290/864 1291/1291/3
f 1292/1292/194 1293/1293/194 1294/1294/865
f 1295/1295/866 1296/1296/866 1297/1297/867
f 1298/1298/3 1291/1291/3 1296/1296/866
f 1299/1299/865 1294/1294/865 1300/1300/868
f 1301/1301/867 1297/1297/867 1293/1293/194
f 1302/1302/863 1288/1288/863 1284/1284/861
f 1303/1303/869 1304/1304/869 1290/1290/864
f 1305/1305/868 1300/1300/868 1287/1287/230
f 1306/1306/870 1307/1307/870 1304/1304/869
f 1308/1308/871 1309/1309/193 1310/1310/193
f 1311/1311/872 1312/1312/873 1313/1313/193
f 1314/1314/874 1315/1315/193 1316/1316/193
f 1317/1317/875 1316/1316/193 1318/1318/193
f 1308/1308/871 1319/1319/876 1318/1318/193
f 1320/1320/877 1321/1321/193 1322/1322/193
f 1311/1311/872 1323/1323/193 1324/1324/193
f 1325/1325/878 1326/1326/193 1313/1313/193
f 1314/1314/874 1327/1327/879 1328/1328/193
f 1320/1320/877 1329/1329/880 1324/1324/193
f 1330/1330/881 1322/1322/193 1331/1331/193
f 1332/1332/882 1310/1310/193 1326/1326/193
f 1333/1333/883 1334/1334/884 1320/1320/877
f 1335/1335/885 1312/1312/873 1311/1311/872
f 1335/1335/885 1336/1336/886 1325/1325/878
f 1337/1337/887 1314/1314/874 1317/1317/875
f 1338/1338/888 1329/1329/880 1320/1320/877
f 1339/1339/889 1319/1319/876 1308/1308/871
f 1339/1339/889 1340/1340/890 1317/1317/875
f 1341/1341/891 1342/1342/892 1308/1308/871
f 1333/1333/883 1330/1330/881 1343/1343/893
f 1337/1337/887 1344/1344/894 1327/1327/879
f 1341/1341/891 1332/1332/882 1325/1325/878
f 1338/1338/888 1345/1345/895 1311/1311/872
f 1346/1346/199 1347/1347/199 1339/1339/889
f 1348/1348/199 1349/1349/199 1334/1334/884
f 1350/1350/199 1351/1351/199 1336/1336/886
f 1349/1349/199 1352/1352/199 1338/1338/888
f 1353/1353/199 1345/1345/895 1338/1338/888
f 1346/1346/199 1342/1342/892 1341/1341/891
f 1348/1348/199 1333/1333/883 1354/1354/896
f 1355/1355/199 1341/1341/891 1336/1336/886
f 1347/1347/199 1356/1356/199 1340/1340/890
f 1356/1356/199 1357/1357/199 1337/1337/887
f 1350/1350/199 1335/1335/885 1345/1345/895
f 1358/1358/199 1344/1344/894 1337/1337/887
f 1246/1246/825 1259/1259/838 1262/1262/841
f 1247/1247/826 1262/1262/841 1264/1264/843
f 1248/1248/827 1264/1264/843 1359/1359/897
f 1250/1250/829 1266/1266/845 1269/1269/848
f 1251/1251/830 1269/1269/848 1271/1271/850
f 1271/1271/850 1360/1360/898 1253/1253/832
f 1253/1253/832 1360/1360/898 1274/1274/852
f 1274/1274/852 1276/1276/854 1255/1255/834
f 1276/1276/854 1278/1278/856 1256/1256/835
f 1278/1278/856 1280/1280/858 1257/1257/836
f 1280/1280/858 1282/1282/860 1258/1258/837
f 1282/1282/860 1259/1259/838 1246/1246/825
f 1361/1361/899 1362/1362/900 1363/1363/901
f 1364/1364/902 1365/1365/903 1366/1366/904
f 1126/1126/705 1128/1128/707 1367/1367/905
f 1120/1120/699 1122/1122/701 1368/1368/906
f 1108/1108/687 1369/1369/907 1370/1370/908
f 1122/1122/701 1124/1124/703 1371/1371/909
f 1110/1110/689 1366/1366/904 1369/1369/907
f 1124/1124/703 1126/1126/705 1372/1372/910
f 1361/1361/899 1120/1120/699 1373/1373/911
f 1128/1128/707 1105/1105/684 1370/1370/908
f 1115/1115/694 1374/1374/912 1375/1375/913
f 1117/1117/696 1363/1363/901 1374/1374/912
f 1376/1376/914 1377/1377/915 1378/1378/916
f 1379/1379/914 1380/1380/914 1381/1381/917
f 1382/1382/914 1383/1383/918 1384/1384/919
f 1385/1385/914 1386/1386/914 1387/1387/920
f 1388/1388/914 1389/1389/914 1390/1390/921
f 1386/1386/914 1391/1391/914 1392/1392/922
f 1389/1389/914 1379/1379/914 1393/1393/923
f 1394/1394/914 1384/1384/919 1392/1392/922
f 1376/1376/914 1385/1385/914 1395/1395/924
f 1388/1388/914 1396/1396/925 1383/1383/918
f 1397/1397/914 1398/1398/926 1399/1399/927
f 1400/1400/914 1378/1378/916 1398/1398/926
f 1378/1378/916 1377/1377/915 1401/1401/928
f 1393/1393/923 1381/1381/917 1402/1402/929
f 1383/1383/918 1403/1403/930 1404/1404/931
f 1387/1387/920 1405/1405/932 1406/1406/933
f 1396/1396/925 1390/1390/921 1407/1407/934
f 1392/1392/922 1408/1408/935 1405/1405/932
f 1390/1390/921 1393/1393/923 1409/1409/936
f 1384/1384/919 1404/1404/931 1408/1408/935
f 1395/1395/924 1406/1406/933 1401/1401/928
f 1396/1396/925 1410/1410/937 1403/1403/930
f 1399/1399/927 1398/1398/926 1411/1411/938
f 1398/1398/926 1378/1378/916 1412/1412/939
f 1412/1412/939 1401/1401/928 1413/1413/940
f 1402/1402/929 1414/1414/940 1415/1415/940
f 1404/1404/931 1403/1403/930 1416/1416/940
f 1405/1405/932 1417/1417/940 1418/1418/940
f 1407/1407/934 1419/1419/940 1420/1420/940
f 1408/1408/935 1421/1421/940 1417/1417/940
f 1409/1409/936 1415/1415/940 1419/1419/940
f 1408/1408/935 1404/1404/931 1422/1422/940
f 1406/1406/933 1418/1418/940 1413/1413/940
f 1403/1403/930 1410/1410/937 1420/1420/940
f 1423/1423/941 1411/1411/938 1424/1424/940
f 1411/1411/938 1412/1412/939 1425/1425/940
f 1426/1426/942 1427/1427/230 1428/1428/230
f 1429/1429/943 1430/1430/944 1431/1431/944
f 1432/1432/945 1433/1433/946 1434/1434/947
f 1435/1435/948 1436/1436/949 1437/1437/950
f 1438/1438/3 1439/1439/951 1440/1440/952
f 1441/1441/953 1442/1442/954 1436/1436/949
f 1439/1439/951 1429/1429/943 1443/1443/955
f 1444/1444/956 1434/1434/947 1442/1442/954
f 1445/1445/957 1437/1437/950 1428/1428/230
f 1438/1438/3 1446/1446/3 1433/1433/946
f 1447/1447/958 1448/1448/959 1449/1449/960
f 1448/1448/959 1426/1426/942 1450/1450/961
f 1451/1451/962 1452/1452/963 1453/1453/964
f 1454/1454/965 1455/1455/966 1453/1453/964
f 1456/1456/967 1457/1457/968 1453/1453/964
f 1458/1458/969 1459/1459/970 1453/1453/964
f 1460/1460/971 1461/1461/972 1453/1453/964
f 1459/1459/970 1462/1462/973 1453/1453/964
f 1461/1461/972 1454/1454/965 1453/1453/964
f 1462/1462/973 1456/1456/967 1453/1453/964
f 1452/1452/963 1458/1458/969 1453/1453/964
f 1457/1457/968 1460/1460/971 1453/1453/964
f 1455/1455/966 1463/1463/974 1453/1453/964
f 1463/1463/974 1451/1451/962 1453/1453/964
f 37/37/37 14/14/14 16/16/16
f 16/16/16 15/15/15 18/18/18
f 18/18/18 17/17/17 20/20/20
f 22/22/22 20/20/20 21/21/21
f 24/24/24 22/22/22 23/23/23
f 270/270/233 24/24/24 25/25/25
f 280/280/243 26/26/26 28/28/28
f 280/280/243 28/28/28 30/30/30
f 30/30/30 29/29/29 32/32/32
f 32/32/32 31/31/31 34/34/34
f 34/34/34 33/33/33 36/36/36
f 36/36/36 35/35/35 37/37/37
f 15/15/15 14/14/14 39/39/39
f 15/15/15 39/39/39 17/17/17
f 17/17/17 40/40/40 19/19/19
f 19/19/19 41/41/41 21/21/21
f 21/21/21 42/42/42 23/23/23
f 23/23/23 43/43/43 25/25/25
f 27/27/27 45/45/45 28/28/28
f 28/28/28 46/46/46 29/29/29
f 31/31/31 29/29/29 48/48/48
f 33/33/33 31/31/31 49/49/49
f 35/35/35 33/33/33 50/50/50
f 14/14/14 35/35/35 38/38/38
f 39/39/39 38/38/38 52/52/52
f 40/40/40 39/39/39 53/53/53
f 41/41/41 40/40/40 54/54/54
f 42/42/42 41/41/41 55/55/55
f 42/42/42 55/55/55 43/43/43
f 43/43/43 56/56/56 44/44/44
f 45/45/45 58/58/58 46/46/46
f 46/46/46 59/59/59 47/47/47
f 47/47/47 60/60/60 48/48/48
f 48/48/48 61/61/61 49/49/49
f 50/50/50 49/49/49 63/63/63
f 38/38/38 50/50/50 51/51/51
f 52/52/52 51/51/51 65/65/65
f 53/53/53 52/52/52 66/66/66
f 54/54/54 53/53/53 67/67/67
f 55/55/55 54/54/54 68/68/68
f 56/56/56 55/55/55 69/69/69
f 56/56/56 69/69/69 57/57/57
f 58/58/58 71/71/71 59/59/59
f 59/59/59 72/72/72 60/60/60
f 60/60/60 73/73/73 61/61/61
f 61/61/61 74/74/74 62/62/62
f 63/63/63 62/62/62 76/76/76
f 51/51/51 63/63/63 64/64/64
f 65/65/65 64/64/64 78/78/78
f 66/66/66 65/65/65 79/79/79
f 67/67/67 66/66/66 80/80/80
f 68/68/68 67/67/67 81/81/81
f 69/69/69 68/68/68 82/82/82
f 69/69/69 82/82/82 70/70/70
f 71/71/71 84/84/84 72/72/72
f 72/72/72 85/85/85 73/73/73
f 73/73/73 86/86/86 74/74/74
f 74/74/74 87/87/87 75/75/75
f 76/76/76 75/75/75 89/89/89
f 64/64/64 76/76/76 77/77/77
f 77/77/77 90/90/90 78/78/78
f 79/79/79 78/78/78 92/92/92
f 80/80/80 79/79/79 93/93/93
f 81/81/81 80/80/80 94/94/94
f 82/82/82 81/81/81 95/95/95
f 82/82/82 95/95/95 83/83/83
f 84/84/84 97/97/97 85/85/85
f 85/85/85 98/98/98 86/86/86
f 86/86/86 99/99/99 87/87/87
f 87/87/87 100/100/100 88/88/88
f 89/89/89 88/88/88 102/102/102
f 77/77/77 89/89/89 90/90/90
f 90/90/90 103/103/103 91/91/91
f 91/91/91 104/104/104 92/92/92
f 92/92/92 105/105/105 93/93/93
f 93/93/93 106/106/106 94/94/94
f 95/95/95 94/94/94 108/108/108
f 96/96/96 95/95/95 109/109/109
f 98/98/98 97/97/97 111/111/111
f 99/99/99 98/98/98 112/112/112
f 100/100/100 99/99/99 113/113/113
f 101/101/101 100/100/100 114/114/114
f 102/102/102 101/101/101 115/115/115
f 90/90/90 102/102/102 103/103/103
f 103/103/103 116/116/116 104/104/104
f 104/104/104 117/117/117 105/105/105
f 105/105/105 118/118/118 106/106/106
f 106/106/106 119/119/119 107/107/107
f 107/107/107 120/120/120 108/108/108
f 109/109/109 108/108/108 122/122/122
f 111/111/111 110/110/110 124/124/124
f 112/112/112 111/111/111 125/125/125
f 113/113/113 112/112/112 126/126/126
f 114/114/114 113/113/113 127/127/127
f 115/115/115 114/114/114 128/128/128
f 103/103/103 115/115/115 116/116/116
f 116/116/116 129/129/129 117/117/117
f 117/117/117 130/130/130 118/118/118
f 118/118/118 131/131/131 119/119/119
f 119/119/119 132/132/132 120/120/120
f 120/120/120 133/133/133 121/121/121
f 122/122/122 121/121/121 135/135/135
f 124/124/124 123/123/123 137/137/137
f 125/125/125 124/124/124 138/138/138
f 126/126/126 125/125/125 139/139/139
f 127/127/127 126/126/126 140/140/140
f 128/128/128 127/127/127 141/141/141
f 116/116/116 128/128/128 129/129/129
f 129/129/129 142/142/142 130/130/130
f 130/130/130 143/143/143 131/131/131
f 131/131/131 144/144/144 132/132/132
f 132/132/132 145/145/145 133/133/133
f 133/133/133 146/146/146 134/134/134
f 135/135/135 134/134/134 148/148/148
f 137/137/137 136/136/136 150/150/150
f 138/138/138 137/137/137 151/151/151
f 139/139/139 138/138/138 152/152/152
f 140/140/140 139/139/139 153/153/153
f 141/141/141 140/140/140 154/154/154
f 129/129/129 141/141/141 142/142/142
f 142/142/142 155/155/155 143/143/143
f 143/143/143 156/156/156 144/144/144
f 144/144/144 157/157/157 145/145/145
f 145/145/145 158/158/158 146/146/146
f 146/146/146 159/159/159 147/147/147
f 148/148/148 147/147/147 161/161/161
f 150/150/150 149/149/149 163/163/163
f 151/151/151 150/150/150 164/164/164
f 152/152/152 151/151/151 165/165/165
f 153/153/153 152/152/152 166/166/166
f 154/154/154 153/153/153 167/167/167
f 142/142/142 154/154/154 155/155/155
f 171/171/171 168/168/168 170/170/170
f 173/173/173 171/171/171 172/172/172
f 175/175/175 173/173/173 174/174/174
f 177/177/177 175/175/175 176/176/176
f 179/179/179 177/177/177 178/178/178
f 268/268/231 179/179/179 180/180/180
f 269/269/232 181/181/181 183/183/183
f 183/183/183 182/182/182 185/185/185
f 185/185/185 184/184/184 187/187/187
f 187/187/187 186/186/186 189/189/189
f 189/189/189 188/188/188 191/191/191
f 191/191/191 190/190/190 168/168/168
f 216/216/193 192/192/192 194/194/193
f 212/212/195 195/195/194 197/197/195
f 1464/1464/196 198/198/196 200/200/197
f 209/209/198 201/201/198 203/203/199
f 211/211/200 204/204/200 206/206/201
f 205/205/201 207/207/202 206/206/201
f 215/215/203 201/201/198 210/210/203
f 202/202/199 204/204/200 203/203/199
f 193/193/192 192/192/192 197/197/195
f 199/199/197 213/213/204 200/200/197
f 196/196/194 195/195/194 210/210/203
f 214/214/204 213/213/204 194/194/193
f 241/241/3 217/217/205 219/219/3
f 233/233/3 220/220/207 222/222/3
f 226/226/210 223/223/209 225/225/3
f 1465/1465/975 226/226/210 227/227/3
f 219/219/3 218/218/206 229/229/3
f 240/240/3 230/230/212 232/232/3
f 239/239/216 220/220/207 234/234/3
f 222/222/3 221/221/208 236/236/3
f 224/224/3 223/223/209 238/238/3
f 232/232/3 231/231/213 234/234/3
f 237/237/215 230/230/212 238/238/3
f 235/235/214 217/217/205 236/236/3
f 230/230/212 242/242/217 231/231/213
f 254/254/229 244/244/219 220/220/207
f 221/221/208 244/244/219 235/235/214
f 250/250/225 246/246/221 226/226/210
f 243/243/218 247/247/222 231/231/213
f 252/252/227 248/248/223 218/218/206
f 1465/1465/975 249/249/224 226/226/210
f 217/217/205 251/251/226 218/218/206
f 253/253/228 242/242/217 237/237/215
f 223/223/209 246/246/221 237/237/215
f 245/245/220 251/251/226 235/235/214
f 239/239/216 247/247/222 220/220/207
f 261/261/230 255/255/230 252/252/227
f 263/263/230 256/256/230 242/242/217
f 244/244/219 257/257/230 245/245/220
f 243/243/218 256/256/230 247/247/222
f 259/259/230 260/260/230 247/247/222
f 264/264/230 261/261/230 251/251/226
f 253/253/228 262/262/230 242/242/217
f 258/258/230 264/264/230 245/245/220
f 249/249/224 265/265/230 250/250/225
f 250/250/225 266/266/230 246/246/221
f 260/260/230 257/257/230 254/254/229
f 267/267/230 262/262/230 246/246/221
f 156/156/156 155/155/155 171/171/171
f 157/157/157 156/156/156 173/173/173
f 158/158/158 157/157/157 175/175/175
f 158/158/158 175/175/175 159/159/159
f 160/160/160 159/159/159 179/179/179
f 160/160/160 179/179/179 161/161/161
f 163/163/163 162/162/162 183/183/183
f 163/163/163 183/183/183 164/164/164
f 165/165/165 164/164/164 187/187/187
f 165/165/165 187/187/187 166/166/166
f 166/166/166 189/189/189 167/167/167
f 167/167/167 191/191/191 155/155/155
f 284/284/247 24/24/24 271/271/234
f 279/279/242 18/18/18 272/272/235
f 34/34/34 36/36/36 274/274/237
f 280/280/243 30/30/30 276/276/239
f 282/282/245 37/37/37 277/277/240
f 30/30/30 32/32/32 275/275/238
f 277/277/240 16/16/16 279/279/242
f 32/32/32 34/34/34 278/278/241
f 26/26/26 280/280/243 281/281/244
f 36/36/36 37/37/37 273/273/236
f 272/272/235 20/20/20 283/283/246
f 283/283/246 22/22/22 284/284/247
f 309/309/248 285/285/248 287/287/250
f 302/302/257 288/288/248 290/290/251
f 303/303/248 291/291/248 293/293/253
f 305/305/258 294/294/248 296/296/254
f 306/306/259 297/297/248 299/299/255
f 296/296/254 295/295/248 301/301/256
f 299/299/255 298/298/248 302/302/257
f 300/300/248 303/303/248 301/301/256
f 1466/1466/976 304/304/248 305/305/258
f 291/291/248 297/297/248 292/292/252
f 289/289/248 307/307/248 290/290/251
f 307/307/248 309/309/248 308/308/260
f 322/322/273 287/287/250 310/310/261
f 318/318/269 302/302/257 311/311/262
f 293/293/253 292/292/252 313/313/264
f 305/305/258 296/296/254 315/315/266
f 320/320/271 306/306/259 316/316/267
f 296/296/254 301/301/256 314/314/265
f 316/316/267 299/299/255 318/318/269
f 301/301/256 293/293/253 317/317/268
f 1466/1466/976 305/305/258 319/319/270
f 292/292/252 306/306/259 312/312/263
f 311/311/262 290/290/251 321/321/272
f 321/321/272 308/308/260 322/322/273
f 335/335/274 322/322/273 323/323/274
f 318/318/269 311/311/262 325/325/274
f 332/332/274 313/313/264 326/326/274
f 315/315/266 314/314/265 328/328/274
f 320/320/271 316/316/267 330/330/274
f 314/314/265 317/317/268 327/327/274
f 316/316/267 318/318/269 329/329/274
f 331/331/274 317/317/268 332/332/274
f 319/319/270 315/315/266 333/333/274
f 326/326/274 312/312/263 330/330/274
f 324/324/274 311/311/262 334/334/274
f 334/334/274 321/321/272 335/335/274
f 360/360/297 336/336/275 338/338/276
f 353/353/291 339/339/277 341/341/279
f 354/354/292 342/342/280 344/344/282
f 355/355/293 345/345/283 347/347/285
f 357/357/286 348/348/286 350/350/288
f 345/345/283 351/351/289 346/346/284
f 350/350/288 349/349/287 353/353/291
f 351/351/289 354/354/292 352/352/290
f 1467/1467/294 355/355/293 356/356/294
f 342/342/280 348/348/286 343/343/281
f 341/341/279 340/340/278 359/359/296
f 359/359/296 358/358/295 360/360/297
f 390/390/314 387/387/311 389/389/313
f 392/392/316 390/390/314 391/391/315
f 394/394/318 392/392/316 393/393/317
f 396/396/320 394/394/318 395/395/319
f 398/398/322 396/396/320 397/397/321
f 630/630/497 398/398/322 399/399/323
f 630/630/497 399/399/323 401/401/325
f 1468/1468/977 402/402/326 404/404/328
f 404/404/328 403/403/327 406/406/330
f 406/406/330 405/405/329 408/408/332
f 408/408/332 407/407/331 410/410/334
f 410/410/334 409/409/333 387/387/311
f 389/389/313 388/388/312 412/412/336
f 391/391/315 389/389/313 413/413/337
f 393/393/317 391/391/315 414/414/338
f 395/395/319 393/393/317 415/415/339
f 397/397/321 395/395/319 416/416/340
f 397/397/321 416/416/340 399/399/323
f 400/400/324 399/399/323 418/418/342
f 402/402/326 419/419/343 403/403/327
f 403/403/327 420/420/344 405/405/329
f 405/405/329 421/421/345 407/407/331
f 407/407/331 422/422/346 409/409/333
f 409/409/333 423/423/347 388/388/312
f 412/412/336 411/411/335 425/425/349
f 413/413/337 412/412/336 426/426/350
f 414/414/338 413/413/337 427/427/351
f 415/415/339 414/414/338 428/428/352
f 416/416/340 415/415/339 429/429/353
f 417/417/341 416/416/340 430/430/354
f 417/417/341 430/430/354 418/418/342
f 419/419/343 432/432/356 420/420/344
f 420/420/344 433/433/357 421/421/345
f 421/421/345 434/434/358 422/422/346
f 422/422/346 435/435/359 423/423/347
f 423/423/347 436/436/360 411/411/335
f 425/425/349 424/424/348 438/438/362
f 426/426/350 425/425/349 439/439/363
f 427/427/351 426/426/350 440/440/364
f 428/428/352 427/427/351 441/441/365
f 429/429/353 428/428/352 442/442/366
f 430/430/354 429/429/353 443/443/367
f 430/430/354 443/443/367 431/431/355
f 432/432/356 445/445/369 433/433/357
f 433/433/357 446/446/370 434/434/358
f 434/434/358 447/447/371 435/435/359
f 435/435/359 448/448/372 436/436/360
f 424/424/348 436/436/360 437/437/361
f 437/437/361 450/450/374 438/438/362
f 438/438/362 451/451/375 439/439/363
f 440/440/364 439/439/363 453/453/377
f 441/441/365 440/440/364 454/454/378
f 442/442/366 441/441/365 455/455/379
f 443/443/367 442/442/366 456/456/380
f 443/443/367 456/456/380 444/444/368
f 445/445/369 458/458/382 446/446/370
f 446/446/370 459/459/383 447/447/371
f 447/447/371 460/460/384 448/448/372
f 449/449/373 448/448/372 462/462/386
f 437/437/361 449/449/373 450/450/374
f 450/450/374 463/463/387 451/451/375
f 451/451/375 464/464/388 452/452/376
f 453/453/377 452/452/376 466/466/390
f 454/454/378 453/453/377 467/467/391
f 455/455/379 454/454/378 468/468/392
f 455/455/379 468/468/392 456/456/380
f 456/456/380 469/469/393 457/457/381
f 458/458/382 471/471/395 459/459/383
f 459/459/383 472/472/396 460/460/384
f 460/460/384 473/473/397 461/461/385
f 462/462/386 461/461/385 475/475/399
f 450/450/374 462/462/386 463/463/387
f 463/463/387 476/476/400 464/464/388
f 464/464/388 477/477/401 465/465/389
f 465/465/389 478/478/402 466/466/390
f 467/467/391 466/466/390 480/480/404
f 468/468/392 467/467/391 481/481/405
f 468/468/392 481/481/405 469/469/393
f 469/469/393 482/482/406 470/470/394
f 471/471/395 484/484/408 472/472/396
f 472/472/396 485/485/409 473/473/397
f 474/474/398 473/473/397 487/487/411
f 475/475/399 474/474/398 488/488/412
f 463/463/387 475/475/399 476/476/400
f 476/476/400 489/489/413 477/477/401
f 477/477/401 490/490/414 478/478/402
f 478/478/402 491/491/415 479/479/403
f 480/480/404 479/479/403 493/493/417
f 481/481/405 480/480/404 494/494/418
f 482/482/406 481/481/405 495/495/419
f 483/483/407 482/482/406 496/496/420
f 484/484/408 497/497/421 485/485/409
f 485/485/409 498/498/422 486/486/410
f 487/487/411 486/486/410 500/500/424
f 488/488/412 487/487/411 501/501/425
f 476/476/400 488/488/412 489/489/413
f 489/489/413 502/502/426 490/490/414
f 490/490/414 503/503/427 491/491/415
f 491/491/415 504/504/428 492/492/416
f 493/493/417 492/492/416 506/506/430
f 494/494/418 493/493/417 507/507/431
f 495/495/419 494/494/418 508/508/432
f 496/496/420 495/495/419 509/509/433
f 498/498/422 497/497/421 511/511/435
f 498/498/422 511/511/435 499/499/423
f 499/499/423 512/512/436 500/500/424
f 500/500/424 513/513/437 501/501/425
f 501/501/425 514/514/438 489/489/413
f 502/502/426 515/515/439 503/503/427
f 503/503/427 516/516/440 504/504/428
f 504/504/428 517/517/441 505/505/429
f 505/505/429 518/518/442 506/506/430
f 507/507/431 506/506/430 520/520/444
f 508/508/432 507/507/431 521/521/445
f 509/509/433 508/508/432 522/522/446
f 511/511/435 510/510/434 524/524/448
f 512/512/436 511/511/435 525/525/449
f 513/513/437 512/512/436 526/526/450
f 513/513/437 526/526/450 514/514/438
f 514/514/438 527/527/451 502/502/426
f 515/515/439 528/528/452 516/516/440
f 516/516/440 529/529/453 517/517/441
f 517/517/441 530/530/454 518/518/442
f 519/519/443 518/518/442 532/532/456
f 520/520/444 519/519/443 533/533/457
f 521/521/445 520/520/444 534/534/458
f 522/522/446 521/521/445 535/535/459
f 524/524/448 523/523/447 537/537/461
f 525/525/449 524/524/448 538/538/462
f 525/525/449 538/538/462 526/526/450
f 526/526/450 539/539/463 527/527/451
f 527/527/451 540/540/464 515/515/439
f 544/544/466 541/541/465 543/543/170
f 546/546/467 544/544/466 545/545/172
f 548/548/468 546/546/467 547/547/174
f 550/550/469 548/548/468 549/549/176
f 552/552/470 550/550/469 551/551/178
f 628/628/495 552/552/470 553/553/286
f 628/628/495 553/553/286 555/555/472
f 629/629/496 556/556/473 558/558/474
f 558/558/474 557/557/184 560/560/475
f 560/560/475 559/559/186 562/562/476
f 562/562/476 561/561/188 564/564/477
f 564/564/477 563/563/190 541/541/465
f 589/589/490 565/565/478 567/567/193
f 585/585/487 568/568/479 570/570/195
f 580/580/286 571/571/480 573/573/197
f 582/582/198 574/574/482 576/576/199
f 584/584/200 577/577/484 579/579/486
f 1469/1469/666 571/571/480 581/581/202
f 588/588/489 574/574/482 583/583/203
f 575/575/483 577/577/484 576/576/199
f 566/566/192 565/565/478 570/570/195
f 572/572/481 586/586/488 573/573/197
f 569/569/194 568/568/479 583/583/203
f 587/587/204 586/586/488 567/567/193
f 602/602/205 590/590/491 577/577/484
f 588/588/489 591/591/207 574/574/482
f 594/594/210 593/593/209 572/572/481
f 596/596/492 594/594/210 571/571/480
f 1469/1469/666 595/595/211 571/571/480
f 565/565/478 597/597/212 585/585/487
f 601/601/216 591/591/207 568/568/479
f 574/574/482 592/592/208 575/575/483
f 586/586/488 593/593/209 589/589/490
f 585/585/487 598/598/213 568/568/479
f 600/600/215 597/597/212 589/589/490
f 599/599/214 602/602/205 575/575/483
f 597/597/212 603/603/217 598/598/213
f 614/614/229 605/605/219 591/591/207
f 592/592/208 605/605/219 599/599/214
f 610/610/225 607/607/221 594/594/210
f 604/604/218 608/608/222 598/598/213
f 616/616/223 609/609/493 595/595/211
f 596/596/492 609/609/493 594/594/210
f 602/602/205 611/611/226 590/590/491
f 613/613/228 603/603/217 600/600/215
f 593/593/209 607/607/221 600/600/215
f 606/606/220 611/611/226 599/599/214
f 601/601/216 608/608/222 591/591/207
f 1470/1470/230 615/615/230 616/616/223
f 603/603/217 617/617/230 604/604/218
f 605/605/219 619/619/230 606/606/220
f 604/604/218 618/618/230 608/608/222
f 621/621/230 622/622/230 608/608/222
f 625/625/230 623/623/230 611/611/226
f 613/613/228 624/624/230 603/603/217
f 620/620/230 625/625/230 606/606/220
f 609/609/493 615/615/230 610/610/225
f 626/626/230 627/627/230 610/610/225
f 622/622/230 619/619/230 614/614/229
f 607/607/221 627/627/230 613/613/228
f 529/529/453 528/528/452 544/544/466
f 530/530/454 529/529/453 546/546/467
f 531/531/455 530/530/454 548/548/468
f 532/532/456 531/531/455 550/550/469
f 533/533/457 532/532/456 552/552/470
f 534/534/458 533/533/457 628/628/495
f 535/535/459 534/534/458 555/555/472
f 537/537/461 536/536/460 558/558/474
f 537/537/461 558/558/474 538/538/462
f 538/538/462 560/560/475 539/539/463
f 539/539/463 562/562/476 540/540/464
f 540/540/464 564/564/477 528/528/452
f 643/643/247 398/398/322 631/631/498
f 639/639/242 392/392/316 632/632/235
f 408/408/332 410/410/334 634/634/237
f 1468/1468/977 404/404/328 636/636/499
f 641/641/245 387/387/311 637/637/240
f 404/404/328 406/406/330 635/635/238
f 637/637/240 390/390/314 639/639/242
f 406/406/330 408/408/332 638/638/241
f 630/630/497 401/401/325 631/631/498
f 410/410/334 387/387/311 633/633/236
f 632/632/235 394/394/318 642/642/246
f 642/642/246 396/396/320 643/643/247
f 668/668/248 644/644/248 646/646/250
f 661/661/257 647/647/248 649/649/251
f 662/662/248 650/650/248 652/652/502
f 1471/1471/978 653/653/248 655/655/254
f 665/665/259 656/656/248 658/658/255
f 655/655/254 654/654/248 660/660/256
f 658/658/255 657/657/248 661/661/257
f 659/659/248 662/662/248 660/660/256
f 645/645/501 644/644/248 664/664/503
f 650/650/248 656/656/248 651/651/252
f 648/648/248 666/666/248 649/649/251
f 666/666/248 668/668/248 667/667/260
f 681/681/273 646/646/250 669/669/504
f 677/677/507 661/661/257 670/670/505
f 652/652/502 651/651/252 672/672/264
f 1471/1471/978 655/655/254 674/674/506
f 679/679/271 665/665/259 675/675/267
f 655/655/254 660/660/256 673/673/265
f 675/675/267 658/658/255 677/677/507
f 660/660/256 652/652/502 676/676/268
f 645/645/501 664/664/503 669/669/504
f 651/651/252 665/665/259 671/671/263
f 670/670/505 649/649/251 680/680/272
f 680/680/272 667/667/260 681/681/273
f 694/694/274 681/681/273 682/682/274
f 677/677/507 670/670/505 684/684/274
f 691/691/274 672/672/264 685/685/274
f 674/674/506 673/673/265 687/687/274
f 679/679/271 675/675/267 689/689/274
f 673/673/265 676/676/268 686/686/274
f 675/675/267 677/677/507 688/688/274
f 690/690/274 676/676/268 691/691/274
f 669/669/504 678/678/508 682/682/274
f 685/685/274 671/671/263 689/689/274
f 683/683/274 670/670/505 693/693/274
f 693/693/274 680/680/272 694/694/274
f 719/719/297 695/695/275 697/697/194
f 712/712/291 698/698/277 700/700/279
f 713/713/511 701/701/280 703/703/282
f 1472/1472/510 704/704/283 706/706/510
f 716/716/286 707/707/286 709/709/288
f 704/704/283 710/710/289 705/705/509
f 709/709/288 708/708/287 712/712/291
f 710/710/289 713/713/511 711/711/290
f 696/696/194 714/714/294 697/697/194
f 701/701/280 707/707/286 702/702/281
f 700/700/279 699/699/278 718/718/296
f 718/718/296 717/717/295 719/719/297
f 749/749/314 746/746/311 748/748/313
f 751/751/316 749/749/314 750/750/315
f 753/753/318 751/751/316 752/752/513
f 755/755/320 753/753/318 754/754/514
f 757/757/322 755/755/320 756/756/515
f 989/989/669 757/757/322 758/758/516
f 1473/1473/979 759/759/517 761/761/519
f 761/761/519 760/760/518 763/763/328
f 763/763/328 762/762/520 765/765/330
f 765/765/330 764/764/521 767/767/332
f 767/767/332 766/766/522 769/769/334
f 769/769/334 768/768/333 746/746/311
f 748/748/313 747/747/312 771/771/524
f 750/750/315 748/748/313 772/772/525
f 752/752/513 750/750/315 773/773/526
f 754/754/514 752/752/513 774/774/527
f 756/756/515 754/754/514 775/775/528
f 756/756/515 775/775/528 758/758/516
f 760/760/518 759/759/517 778/778/531
f 760/760/518 778/778/531 762/762/520
f 762/762/520 779/779/532 764/764/521
f 764/764/521 780/780/533 766/766/522
f 766/766/522 781/781/534 768/768/333
f 768/768/333 782/782/535 747/747/312
f 771/771/524 770/770/523 784/784/537
f 772/772/525 771/771/524 785/785/538
f 773/773/526 772/772/525 786/786/539
f 774/774/527 773/773/526 787/787/540
f 775/775/528 774/774/527 788/788/541
f 775/775/528 788/788/541 776/776/529
f 777/777/530 790/790/543 778/778/531
f 778/778/531 791/791/544 779/779/532
f 779/779/532 792/792/545 780/780/533
f 780/780/533 793/793/546 781/781/534
f 781/781/534 794/794/547 782/782/535
f 770/770/523 782/782/535 783/783/536
f 783/783/536 796/796/549 784/784/537
f 785/785/538 784/784/537 798/798/551
f 786/786/539 785/785/538 799/799/552
f 787/787/540 786/786/539 800/800/553
f 788/788/541 787/787/540 801/801/554
f 789/789/542 788/788/541 802/802/555
f 790/790/543 803/803/556 791/791/544
f 791/791/544 804/804/557 792/792/545
f 792/792/545 805/805/558 793/793/546
f 793/793/546 806/806/559 794/794/547
f 794/794/547 807/807/560 795/795/548
f 783/783/536 795/795/548 796/796/549
f 796/796/549 809/809/562 797/797/550
f 797/797/550 810/810/563 798/798/551
f 799/799/552 798/798/551 812/812/565
f 800/800/553 799/799/552 813/813/566
f 801/801/554 800/800/553 814/814/567
f 802/802/555 801/801/554 815/815/568
f 804/804/557 803/803/556 817/817/570
f 804/804/557 817/817/570 805/805/558
f 805/805/558 818/818/571 806/806/559
f 806/806/559 819/819/572 807/807/560
f 807/807/560 820/820/573 808/808/561
f 796/796/549 808/808/561 809/809/562
f 809/809/562 822/822/575 810/810/563
f 810/810/563 823/823/576 811/811/564
f 812/812/565 811/811/564 825/825/578
f 813/813/566 812/812/565 826/826/579
f 814/814/567 813/813/566 827/827/580
f 815/815/568 814/814/567 828/828/581
f 817/817/570 816/816/569 830/830/583
f 817/817/570 830/830/583 818/818/571
f 818/818/571 831/831/584 819/819/572
f 819/819/572 832/832/585 820/820/573
f 820/820/573 833/833/586 821/821/574
f 821/821/574 834/834/587 809/809/562
f 822/822/575 835/835/588 823/823/576
f 824/824/577 823/823/576 837/837/590
f 825/825/578 824/824/577 838/838/591
f 826/826/579 825/825/578 839/839/592
f 827/827/580 826/826/579 840/840/593
f 828/828/581 827/827/580 841/841/594
f 830/830/583 829/829/582 843/843/596
f 830/830/583 843/843/596 831/831/584
f 831/831/584 844/844/597 832/832/585
f 832/832/585 845/845/598 833/833/586
f 833/833/586 846/846/599 834/834/587
f 822/822/575 834/834/587 835/835/588
f 835/835/588 848/848/601 836/836/589
f 836/836/589 849/849/602 837/837/590
f 838/838/591 837/837/590 851/851/604
f 839/839/592 838/838/591 852/852/605
f 840/840/593 839/839/592 853/853/606
f 840/840/593 853/853/606 841/841/594
f 842/842/595 855/855/608 843/843/596
f 843/843/596 856/856/609 844/844/597
f 844/844/597 857/857/610 845/845/598
f 845/845/598 858/858/611 846/846/599
f 847/847/600 846/846/599 860/860/613
f 835/835/588 847/847/600 848/848/601
f 848/848/601 861/861/614 849/849/602
f 849/849/602 862/862/615 850/850/603
f 850/850/603 863/863/616 851/851/604
f 851/851/604 864/864/617 852/852/605
f 852/852/605 865/865/618 853/853/606
f 853/853/606 866/866/619 854/854/607
f 855/855/608 868/868/621 856/856/609
f 856/856/609 869/869/622 857/857/610
f 858/858/611 857/857/610 871/871/624
f 859/859/612 858/858/611 872/872/625
f 860/860/613 859/859/612 873/873/626
f 848/848/601 860/860/613 861/861/614
f 861/861/614 874/874/627 862/862/615
f 862/862/615 875/875/628 863/863/616
f 863/863/616 876/876/629 864/864/617
f 864/864/617 877/877/630 865/865/618
f 865/865/618 878/878/631 866/866/619
f 866/866/619 879/879/632 867/867/620
f 868/868/621 881/881/634 869/869/622
f 870/870/623 869/869/622 883/883/636
f 871/871/624 870/870/623 884/884/637
f 872/872/625 871/871/624 885/885/638
f 873/873/626 872/872/625 886/886/639
f 861/861/614 873/873/626 874/874/627
f 874/874/627 887/887/640 875/875/628
f 875/875/628 888/888/641 876/876/629
f 876/876/629 889/889/642 877/877/630
f 877/877/630 890/890/643 878/878/631
f 878/878/631 891/891/644 879/879/632
f 879/879/632 892/892/645 880/880/633
f 881/881/634 894/894/647 882/882/635
f 883/883/636 882/882/635 896/896/649
f 884/884/637 883/883/636 897/897/650
f 885/885/638 884/884/637 898/898/651
f 886/886/639 885/885/638 899/899/652
f 874/874/627 886/886/639 887/887/640
f 903/903/654 900/900/653 902/902/170
f 905/905/655 903/903/654 904/904/172
f 907/907/656 905/905/655 906/906/174
f 909/909/657 907/907/656 908/908/176
f 911/911/658 909/909/657 910/910/178
f 987/987/667 911/911/658 912/912/180
f 988/988/668 913/913/181 915/915/659
f 915/915/659 914/914/182 917/917/660
f 917/917/660 916/916/184 919/919/661
f 919/919/661 918/918/186 921/921/662
f 921/921/662 920/920/188 923/923/663
f 923/923/663 922/922/190 900/900/653
f 948/948/490 924/924/478 926/926/193
f 944/944/487 927/927/479 929/929/195
f 1474/1474/196 930/930/664 932/932/197
f 941/941/198 933/933/482 935/935/199
f 943/943/200 936/936/484 938/938/201
f 937/937/665 939/939/666 938/938/201
f 947/947/489 933/933/482 942/942/203
f 934/934/483 936/936/484 935/935/199
f 925/925/192 924/924/478 929/929/195
f 931/931/481 945/945/488 932/932/197
f 928/928/194 927/927/479 942/942/203
f 946/946/204 945/945/488 926/926/193
f 960/960/205 949/949/206 936/936/484
f 947/947/489 950/950/207 933/933/482
f 953/953/210 952/952/209 931/931/481
f 1475/1475/975 953/953/210 930/930/664
f 937/937/665 949/949/206 939/939/666
f 959/959/212 955/955/213 924/924/478
f 958/958/216 950/950/207 927/927/479
f 933/933/482 951/951/208 934/934/483
f 945/945/488 952/952/209 948/948/490
f 944/944/487 955/955/213 927/927/479
f 957/957/215 959/959/212 948/948/490
f 956/956/214 960/960/205 934/934/483
f 959/959/212 961/961/217 955/955/213
f 973/973/229 963/963/219 950/950/207
f 951/951/208 963/963/219 956/956/214
f 969/969/225 965/965/221 953/953/210
f 962/962/218 966/966/222 955/955/213
f 971/971/227 967/967/223 949/949/206
f 1475/1475/975 968/968/224 953/953/210
f 960/960/205 970/970/226 949/949/206
f 972/972/228 961/961/217 957/957/215
f 952/952/209 965/965/221 957/957/215
f 964/964/220 970/970/226 956/956/214
f 958/958/216 966/966/222 950/950/207
f 980/980/230 974/974/230 971/971/227
f 982/982/230 975/975/230 961/961/217
f 963/963/219 976/976/230 964/964/220
f 962/962/218 975/975/230 966/966/222
f 978/978/230 979/979/230 966/966/222
f 983/983/230 980/980/230 970/970/226
f 972/972/228 981/981/230 961/961/217
f 977/977/230 983/983/230 964/964/220
f 968/968/224 984/984/230 969/969/225
f 969/969/225 985/985/230 965/965/221
f 979/979/230 976/976/230 973/973/229
f 986/986/230 981/981/230 965/965/221
f 888/888/641 887/887/640 903/903/654
f 889/889/642 888/888/641 905/905/655
f 890/890/643 889/889/642 907/907/656
f 891/891/644 890/890/643 909/909/657
f 892/892/645 891/891/644 911/911/658
f 893/893/646 892/892/645 987/987/667
f 894/894/647 988/988/668 895/895/648
f 895/895/648 915/915/659 896/896/649
f 896/896/649 917/917/660 897/897/650
f 897/897/650 919/919/661 898/898/651
f 898/898/651 921/921/662 899/899/652
f 899/899/652 923/923/663 887/887/640
f 1002/1002/247 757/757/322 990/990/234
f 998/998/242 751/751/316 991/991/235
f 767/767/332 769/769/334 993/993/237
f 761/761/519 763/763/328 995/995/239
f 1000/1000/245 746/746/311 996/996/240
f 763/763/328 765/765/330 994/994/238
f 996/996/240 749/749/314 998/998/242
f 765/765/330 767/767/332 997/997/241
f 1473/1473/979 761/761/519 999/999/244
f 769/769/334 746/746/311 992/992/236
f 991/991/235 753/753/318 1001/1001/246
f 1001/1001/246 755/755/320 1002/1002/247
f 1027/1027/248 1003/1003/248 1005/1005/250
f 1020/1020/257 1006/1006/248 1008/1008/251
f 1021/1021/248 1009/1009/248 1011/1011/502
f 1023/1023/258 1012/1012/248 1014/1014/254
f 1024/1024/259 1015/1015/248 1017/1017/255
f 1014/1014/254 1013/1013/248 1019/1019/256
f 1017/1017/255 1016/1016/248 1020/1020/257
f 1018/1018/248 1021/1021/248 1019/1019/256
f 1476/1476/976 1022/1022/248 1023/1023/258
f 1009/1009/248 1015/1015/248 1010/1010/252
f 1007/1007/248 1025/1025/248 1008/1008/251
f 1025/1025/248 1027/1027/248 1026/1026/260
f 1040/1040/273 1005/1005/250 1028/1028/261
f 1036/1036/507 1020/1020/257 1029/1029/505
f 1011/1011/502 1010/1010/252 1031/1031/264
f 1023/1023/258 1014/1014/254 1033/1033/266
f 1038/1038/271 1024/1024/259 1034/1034/267
f 1014/1014/254 1019/1019/256 1032/1032/265
f 1034/1034/267 1017/1017/255 1036/1036/507
f 1019/1019/256 1011/1011/502 1035/1035/268
f 1476/1476/976 1023/1023/258 1037/1037/670
f 1010/1010/252 1024/1024/259 1030/1030/263
f 1029/1029/505 1008/1008/251 1039/1039/272
f 1039/1039/272 1026/1026/260 1040/1040/273
f 1053/1053/274 1040/1040/273 1041/1041/274
f 1036/1036/507 1029/1029/505 1043/1043/274
f 1050/1050/274 1031/1031/264 1044/1044/274
f 1033/1033/266 1032/1032/265 1046/1046/274
f 1038/1038/271 1034/1034/267 1048/1048/274
f 1032/1032/265 1035/1035/268 1045/1045/274
f 1034/1034/267 1036/1036/507 1047/1047/274
f 1049/1049/274 1035/1035/268 1050/1050/274
f 1037/1037/670 1033/1033/266 1051/1051/274
f 1044/1044/274 1030/1030/263 1048/1048/274
f 1042/1042/274 1029/1029/505 1052/1052/274
f 1052/1052/274 1039/1039/272 1053/1053/274
f 1078/1078/297 1054/1054/275 1056/1056/276
f 1071/1071/291 1057/1057/277 1059/1059/279
f 1072/1072/511 1060/1060/280 1062/1062/282
f 1073/1073/293 1063/1063/283 1065/1065/285
f 1075/1075/286 1066/1066/286 1068/1068/288
f 1063/1063/283 1069/1069/289 1064/1064/671
f 1068/1068/288 1067/1067/287 1071/1071/291
f 1069/1069/289 1072/1072/511 1070/1070/290
f 1477/1477/294 1073/1073/293 1074/1074/294
f 1060/1060/280 1066/1066/286 1061/1061/281
f 1059/1059/279 1058/1058/278 1077/1077/296
f 1077/1077/296 1076/1076/295 1078/1078/297
f 1108/1108/687 1105/1105/684 1107/1107/686
f 1110/1110/689 1108/1108/687 1109/1109/688
f 1364/1364/902 1110/1110/689 1111/1111/690
f 1115/1115/694 1112/1112/691 1114/1114/693
f 1117/1117/696 1115/1115/694 1116/1116/695
f 1361/1361/899 1117/1117/696 1118/1118/697
f 1361/1361/899 1118/1118/697 1120/1120/699
f 1120/1120/699 1119/1119/698 1122/1122/701
f 1122/1122/701 1121/1121/700 1124/1124/703
f 1124/1124/703 1123/1123/702 1126/1126/705
f 1126/1126/705 1125/1125/704 1128/1128/707
f 1128/1128/707 1127/1127/706 1105/1105/684
f 1106/1106/685 1129/1129/708 1107/1107/686
f 1109/1109/688 1107/1107/686 1131/1131/710
f 1111/1111/690 1109/1109/688 1132/1132/711
f 1114/1114/693 1113/1113/692 1134/1134/713
f 1116/1116/695 1114/1114/693 1135/1135/714
f 1116/1116/695 1135/1135/714 1118/1118/697
f 1118/1118/697 1136/1136/715 1119/1119/698
f 1119/1119/698 1137/1137/716 1121/1121/700
f 1121/1121/700 1138/1138/717 1123/1123/702
f 1123/1123/702 1139/1139/718 1125/1125/704
f 1127/1127/706 1125/1125/704 1141/1141/720
f 1106/1106/685 1127/1127/706 1129/1129/708
f 1129/1129/708 1142/1142/721 1130/1130/709
f 1131/1131/710 1130/1130/709 1144/1144/723
f 1132/1132/711 1131/1131/710 1145/1145/724
f 1134/1134/713 1133/1133/712 1147/1147/726
f 1135/1135/714 1134/1134/713 1148/1148/727
f 1135/1135/714 1148/1148/727 1136/1136/715
f 1136/1136/715 1149/1149/728 1137/1137/716
f 1137/1137/716 1150/1150/729 1138/1138/717
f 1138/1138/717 1151/1151/730 1139/1139/718
f 1139/1139/718 1152/1152/731 1140/1140/719
f 1141/1141/720 1140/1140/719 1154/1154/733
f 1129/1129/708 1141/1141/720 1142/1142/721
f 1143/1143/722 1142/1142/721 1156/1156/735
f 1144/1144/723 1143/1143/722 1157/1157/736
f 1145/1145/724 1144/1144/723 1158/1158/737
f 1147/1147/726 1146/1146/725 1160/1160/739
f 1148/1148/727 1147/1147/726 1161/1161/740
f 1148/1148/727 1161/1161/740 1149/1149/728
f 1149/1149/728 1162/1162/741 1150/1150/729
f 1150/1150/729 1163/1163/742 1151/1151/730
f 1151/1151/730 1164/1164/743 1152/1152/731
f 1152/1152/731 1165/1165/744 1153/1153/732
f 1154/1154/733 1153/1153/732 1167/1167/746
f 1142/1142/721 1154/1154/733 1155/1155/734
f 1156/1156/735 1155/1155/734 1169/1169/748
f 1157/1157/736 1156/1156/735 1170/1170/749
f 1158/1158/737 1157/1157/736 1171/1171/750
f 1160/1160/739 1159/1159/738 1173/1173/752
f 1160/1160/739 1173/1173/752 1161/1161/740
f 1161/1161/740 1174/1174/753 1162/1162/741
f 1162/1162/741 1175/1175/754 1163/1163/742
f 1163/1163/742 1176/1176/755 1164/1164/743
f 1164/1164/743 1177/1177/756 1165/1165/744
f 1166/1166/745 1165/1165/744 1179/1179/758
f 1167/1167/746 1166/1166/745 1180/1180/759
f 1155/1155/734 1167/1167/746 1168/1168/747
f 1168/1168/747 1181/1181/760 1169/1169/748
f 1169/1169/748 1182/1182/761 1170/1170/749
f 1170/1170/749 1183/1183/762 1171/1171/750
f 1173/1173/752 1172/1172/751 1186/1186/765
f 1173/1173/752 1186/1186/765 1174/1174/753
f 1174/1174/753 1187/1187/766 1175/1175/754
f 1175/1175/754 1188/1188/767 1176/1176/755
f 1176/1176/755 1189/1189/768 1177/1177/756
f 1177/1177/756 1190/1190/769 1178/1178/757
f 1179/1179/758 1178/1178/757 1192/1192/771
f 1180/1180/759 1179/1179/758 1193/1193/772
f 1168/1168/747 1180/1180/759 1181/1181/760
f 1181/1181/760 1194/1194/773 1182/1182/761
f 1182/1182/761 1195/1195/774 1183/1183/762
f 1183/1183/762 1196/1196/775 1184/1184/763
f 1185/1185/764 1198/1198/777 1186/1186/765
f 1187/1187/766 1186/1186/765 1200/1200/779
f 1188/1188/767 1187/1187/766 1201/1201/780
f 1189/1189/768 1188/1188/767 1202/1202/781
f 1190/1190/769 1189/1189/768 1203/1203/782
f 1191/1191/770 1190/1190/769 1204/1204/783
f 1192/1192/771 1191/1191/770 1205/1205/784
f 1193/1193/772 1192/1192/771 1206/1206/785
f 1181/1181/760 1193/1193/772 1194/1194/773
f 1194/1194/773 1207/1207/786 1195/1195/774
f 1195/1195/774 1208/1208/787 1196/1196/775
f 1196/1196/775 1209/1209/788 1197/1197/776
f 1198/1198/777 1211/1211/790 1199/1199/778
f 1199/1199/778 1212/1212/791 1200/1200/779
f 1201/1201/780 1200/1200/779 1214/1214/793
f 1202/1202/781 1201/1201/780 1215/1215/794
f 1203/1203/782 1202/1202/781 1216/1216/795
f 1204/1204/783 1203/1203/782 1217/1217/796
f 1205/1205/784 1204/1204/783 1218/1218/797
f 1206/1206/785 1205/1205/784 1219/1219/798
f 1194/1194/773 1206/1206/785 1207/1207/786
f 1207/1207/786 1220/1220/799 1208/1208/787
f 1208/1208/787 1221/1221/800 1209/1209/788
f 1209/1209/788 1222/1222/801 1210/1210/789
f 1211/1211/790 1224/1224/803 1212/1212/791
f 1213/1213/792 1212/1212/791 1226/1226/805
f 1214/1214/793 1213/1213/792 1227/1227/806
f 1215/1215/794 1214/1214/793 1228/1228/807
f 1216/1216/795 1215/1215/794 1229/1229/808
f 1217/1217/796 1216/1216/795 1230/1230/809
f 1218/1218/797 1217/1217/796 1231/1231/810
f 1219/1219/798 1218/1218/797 1232/1232/811
f 1207/1207/786 1219/1219/798 1220/1220/799
f 1220/1220/799 1233/1233/812 1221/1221/800
f 1221/1221/800 1234/1234/813 1222/1222/801
f 1222/1222/801 1235/1235/814 1223/1223/802
f 1224/1224/803 1237/1237/816 1225/1225/804
f 1226/1226/805 1225/1225/804 1239/1239/818
f 1227/1227/806 1226/1226/805 1240/1240/819
f 1228/1228/807 1227/1227/806 1241/1241/820
f 1229/1229/808 1228/1228/807 1242/1242/821
f 1230/1230/809 1229/1229/808 1243/1243/822
f 1231/1231/810 1230/1230/809 1244/1244/823
f 1232/1232/811 1231/1231/810 1245/1245/824
f 1220/1220/799 1232/1232/811 1233/1233/812
f 1233/1233/812 1246/1246/825 1234/1234/813
f 1234/1234/813 1247/1247/826 1235/1235/814
f 1235/1235/814 1248/1248/827 1236/1236/815
f 1237/1237/816 1250/1250/829 1238/1238/817
f 1239/1239/818 1238/1238/817 1252/1252/831
f 1240/1240/819 1239/1239/818 1253/1253/832
f 1241/1241/820 1240/1240/819 1254/1254/833
f 1242/1242/821 1241/1241/820 1255/1255/834
f 1243/1243/822 1242/1242/821 1256/1256/835
f 1244/1244/823 1243/1243/822 1257/1257/836
f 1245/1245/824 1244/1244/823 1258/1258/837
f 1233/1233/812 1245/1245/824 1246/1246/825
f 1262/1262/841 1259/1259/838 1261/1261/840
f 1264/1264/843 1262/1262/841 1263/1263/842
f 1359/1359/897 1264/1264/843 1265/1265/844
f 1269/1269/848 1266/1266/845 1268/1268/847
f 1271/1271/850 1269/1269/848 1270/1270/849
f 1360/1360/898 1271/1271/850 1272/1272/3
f 1360/1360/898 1272/1272/3 1274/1274/852
f 1274/1274/852 1273/1273/851 1276/1276/854
f 1276/1276/854 1275/1275/853 1278/1278/856
f 1278/1278/856 1277/1277/855 1280/1280/858
f 1280/1280/858 1279/1279/857 1282/1282/860
f 1282/1282/860 1281/1281/859 1259/1259/838
f 1478/1478/862 1283/1283/861 1285/1285/862
f 1302/1302/863 1286/1286/230 1288/1288/863
f 1298/1298/3 1289/1289/864 1291/1291/3
f 1299/1299/865 1292/1292/194 1294/1294/865
f 1301/1301/867 1295/1295/866 1297/1297/867
f 1295/1295/866 1298/1298/3 1296/1296/866
f 1305/1305/868 1299/1299/865 1300/1300/868
f 1292/1292/194 1301/1301/867 1293/1293/194
f 1283/1283/861 1302/1302/863 1284/1284/861
f 1289/1289/864 1303/1303/869 1290/1290/864
f 1286/1286/230 1305/1305/868 1287/1287/230
f 1303/1303/869 1306/1306/870 1304/1304/869
f 1332/1332/882 1308/1308/871 1310/1310/193
f 1323/1323/193 1311/1311/872 1313/1313/193
f 1317/1317/875 1314/1314/874 1316/1316/193
f 1319/1319/876 1317/1317/875 1318/1318/193
f 1309/1309/193 1308/1308/871 1318/1318/193
f 1330/1330/881 1320/1320/877 1322/1322/193
f 1329/1329/880 1311/1311/872 1324/1324/193
f 1312/1312/873 1325/1325/878 1313/1313/193
f 1315/1315/193 1314/1314/874 1328/1328/193
f 1321/1321/193 1320/1320/877 1324/1324/193
f 1343/1343/893 1330/1330/881 1331/1331/193
f 1325/1325/878 1332/1332/882 1326/1326/193
f 1330/1330/881 1333/1333/883 1320/1320/877
f 1345/1345/895 1335/1335/885 1311/1311/872
f 1312/1312/873 1335/1335/885 1325/1325/878
f 1340/1340/890 1337/1337/887 1317/1317/875
f 1334/1334/884 1338/1338/888 1320/1320/877
f 1342/1342/892 1339/1339/889 1308/1308/871
f 1319/1319/876 1339/1339/889 1317/1317/875
f 1332/1332/882 1341/1341/891 1308/1308/871
f 1354/1354/896 1333/1333/883 1343/1343/893
f 1314/1314/874 1337/1337/887 1327/1327/879
f 1336/1336/886 1341/1341/891 1325/1325/878
f 1329/1329/880 1338/1338/888 1311/1311/872
f 1342/1342/892 1346/1346/199 1339/1339/889
f 1333/1333/883 1348/1348/199 1334/1334/884
f 1335/1335/885 1350/1350/199 1336/1336/886
f 1334/1334/884 1349/1349/199 1338/1338/888
f 1352/1352/199 1353/1353/199 1338/1338/888
f 1355/1355/199 1346/1346/199 1341/1341/891
f 1479/1479/199 1348/1348/199 1354/1354/896
f 1351/1351/199 1355/1355/199 1336/1336/886
f 1339/1339/889 1347/1347/199 1340/1340/890
f 1340/1340/890 1356/1356/199 1337/1337/887
f 1353/1353/199 1350/1350/199 1345/1345/895
f 1357/1357/199 1358/1358/199 1337/1337/887
f 1247/1247/826 1246/1246/825 1262/1262/841
f 1248/1248/827 1247/1247/826 1264/1264/843
f 1249/1249/828 1248/1248/827 1359/1359/897
f 1251/1251/830 1250/1250/829 1269/1269/848
f 1252/1252/831 1251/1251/830 1271/1271/850
f 1252/1252/831 1271/1271/850 1253/1253/832
f 1254/1254/833 1253/1253/832 1274/1274/852
f 1254/1254/833 1274/1274/852 1255/1255/834
f 1255/1255/834 1276/1276/854 1256/1256/835
f 1256/1256/835 1278/1278/856 1257/1257/836
f 1257/1257/836 1280/1280/858 1258/1258/837
f 1258/1258/837 1282/1282/860 1246/1246/825
f 1117/1117/696 1361/1361/899 1363/1363/901
f 1110/1110/689 1364/1364/902 1366/1366/904
f 1372/1372/910 1126/1126/705 1367/1367/905
f 1373/1373/911 1120/1120/699 1368/1368/906
f 1105/1105/684 1108/1108/687 1370/1370/908
f 1368/1368/906 1122/1122/701 1371/1371/909
f 1108/1108/687 1110/1110/689 1369/1369/907
f 1371/1371/909 1124/1124/703 1372/1372/910
f 1362/1362/900 1361/1361/899 1373/1373/911
f 1367/1367/905 1128/1128/707 1370/1370/908
f 1112/1112/691 1115/1115/694 1375/1375/913
f 1115/1115/694 1117/1117/696 1374/1374/912
f 1400/1400/914 1376/1376/914 1378/1378/916
f 1393/1393/923 1379/1379/914 1381/1381/917
f 1394/1394/914 1382/1382/914 1384/1384/919
f 1395/1395/924 1385/1385/914 1387/1387/920
f 1396/1396/925 1388/1388/914 1390/1390/921
f 1387/1387/920 1386/1386/914 1392/1392/922
f 1390/1390/921 1389/1389/914 1393/1393/923
f 1391/1391/914 1394/1394/914 1392/1392/922
f 1377/1377/915 1376/1376/914 1395/1395/924
f 1382/1382/914 1388/1388/914 1383/1383/918
f 1480/1480/914 1397/1397/914 1399/1399/927
f 1397/1397/914 1400/1400/914 1398/1398/926
f 1412/1412/939 1378/1378/916 1401/1401/928
f 1409/1409/936 1393/1393/923 1402/1402/929
f 1384/1384/919 1383/1383/918 1404/1404/931
f 1395/1395/924 1387/1387/920 1406/1406/933
f 1410/1410/937 1396/1396/925 1407/1407/934
f 1387/1387/920 1392/1392/922 1405/1405/932
f 1407/1407/934 1390/1390/921 1409/1409/936
f 1392/1392/922 1384/1384/919 1408/1408/935
f 1377/1377/915 1395/1395/924 1401/1401/928
f 1383/1383/918 1396/1396/925 1403/1403/930
f 1423/1423/941 1399/1399/927 1411/1411/938
f 1411/1411/938 1398/1398/926 1412/1412/939
f 1425/1425/940 1412/1412/939 1413/1413/940
f 1409/1409/936 1402/1402/929 1415/1415/940
f 1422/1422/940 1404/1404/931 1416/1416/940
f 1406/1406/933 1405/1405/932 1418/1418/940
f 1410/1410/937 1407/1407/934 1420/1420/940
f 1405/1405/932 1408/1408/935 1417/1417/940
f 1407/1407/934 1409/1409/936 1419/1419/940
f 1421/1421/940 1408/1408/935 1422/1422/940
f 1401/1401/928 1406/1406/933 1413/1413/940
f 1416/1416/940 1403/1403/930 1420/1420/940
f 1481/1481/940 1423/1423/941 1424/1424/940
f 1424/1424/940 1411/1411/938 1425/1425/940
f 1450/1450/961 1426/1426/942 1428/1428/230
f 1443/1443/955 1429/1429/943 1431/1431/944
f 1444/1444/956 1432/1432/945 1434/1434/947
f 1445/1445/957 1435/1435/948 1437/1437/950
f 1446/1446/3 1438/1438/3 1440/1440/952
f 1435/1435/948 1441/1441/953 1436/1436/949
f 1440/1440/952 1439/1439/951 1443/1443/955
f 1441/1441/953 1444/1444/956 1442/1442/954
f 1427/1427/230 1445/1445/957 1428/1428/230
f 1432/1432/945 1438/1438/3 1433/1433/946
f 1482/1482/958 1447/1447/958 1449/1449/960
f 1449/1449/960 1448/1448/959 1450/1450/961
f 1483/1483/980 1484/1484/981 1485/1485/982
f 1486/1486/983 1487/1487/984 1488/1488/985
f 1489/1489/986 1490/1490/987 1484/1484/981
f 1491/1491/988 1485/1485/982 1492/1492/989
f 1493/1493/990 1494/1494/991 1484/1484/981
f 1485/1485/982 1484/1484/981 1490/1490/987
f 1493/1493/990 1495/1495/992 1492/1492/989
f 1496/1496/993 1497/1497/994 1489/1489/986
f 1489/1489/986 1497/1497/994 1498/1498/995
f 1490/1490/987 1498/1498/995 1488/1488/985
f 1487/1487/984 1486/1486/983 1492/1492/989
f 1486/1486/983 1489/1489/986 1494/1494/991
f 1499/1499/3 1495/1495/992 1493/1493/990
f 1499/1499/3 1491/1491/988 1495/1495/992
f 1499/1499/3 1493/1493/990 1483/1483/980
f 1499/1499/3 1483/1483/980 1491/1491/988
f 1491/1491/988 1483/1483/980 1485/1485/982
f 1496/1496/993 1486/1486/983 1488/1488/985
f 1494/1494/991 1489/1489/986 1484/1484/981
f 1495/1495/992 1491/1491/988 1492/1492/989
f 1483/1483/980 1493/1493/990 1484/1484/981
f 1487/1487/984 1485/1485/982 1490/1490/987
f 1494/1494/991 1493/1493/990 1492/1492/989
f 1486/1486/983 1496/1496/993 1489/1489/986
f 1490/1490/987 1489/1489/986 1498/1498/995
f 1487/1487/984 1490/1490/987 1488/1488/985
f 1485/1485/982 1487/1487/984 1492/1492/989
f 1492/1492/989 1486/1486/983 1494/1494/991
o scifi_computer_computer_0
v 1.691995 1.189459 -1.000001
v 1.691995 1.189460 0.372790
v 1.755341 1.107349 0.372812
v 1.607492 1.235028 0.727255
v 1.607492 1.235028 0.372777
v -0.494437 1.235028 0.372777
v 1.755341 1.107349 -1.000001
v 1.755341 0.302445 0.373028
v 1.755341 0.000004 0.373063
v 1.755341 0.000004 -1.000000
v 1.755341 0.172739 -1.000000
v -1.755340 0.172740 0.373064
v -1.755340 0.172739 -1.000000
v -1.755340 0.000004 -1.000000
v -1.634363 0.000004 0.373064
v -0.681721 0.000004 0.373064
v -0.681721 0.000004 1.000000
v -1.755340 0.302445 -1.000000
v 1.755341 0.302445 0.373028
v 1.755341 0.302445 0.966698
v 1.755341 0.172740 1.000000
v 1.607492 1.235027 -1.000001
v 1.755341 0.302445 -1.000000
v 1.755341 0.172739 -1.000000
v 1.607492 0.172739 -1.000000
v -1.755340 0.302445 0.966698
v -1.755340 0.172740 1.000000
v -1.634363 0.172740 1.000000
v -1.755340 1.107349 0.372812
v -1.755340 0.302445 0.373029
v -1.755340 0.302445 0.966698
v 1.607492 0.000004 -1.000000
v 1.755341 0.000004 -1.000000
v 1.755341 0.000004 0.373063
v -0.494437 1.235028 0.727255
v -0.681721 1.235028 0.372778
v -1.698265 1.189460 0.372790
v -1.634363 1.235028 0.372778
v -1.634363 1.235027 -1.000000
v -1.698265 1.189460 0.738955
v -1.634363 1.235028 0.727255
v -1.634363 1.235028 0.372778
v 1.755341 0.000004 -1.000000
v 1.607492 0.000004 -1.000000
v 1.691995 1.189460 0.738954
v 1.691995 1.189460 0.372790
v -1.755340 0.172740 1.000000
v -1.755340 0.172740 0.373064
v -1.755340 0.000004 0.373064
v -1.634363 0.172739 -1.000000
v -1.634363 0.000004 -1.000000
v -1.755340 0.000004 -1.000000
v -0.681721 0.302445 -1.000000
v -0.681721 0.172739 -1.000000
v -0.681721 0.302445 0.966698
v -0.681721 0.172740 1.000000
v -0.494437 0.172740 1.000000
v -1.755340 0.000004 -1.000000
v -1.634363 0.000004 -1.000000
v -1.634363 0.000004 0.373064
v 1.755341 0.000004 1.000000
v 1.755341 0.000004 0.373063
v 1.755341 0.172740 0.373063
v -0.494437 1.235028 0.372777
v -0.494437 1.235027 -1.000000
v -0.681721 1.235027 -1.000000
v -1.755340 0.000004 0.373064
v -1.634363 0.000004 1.000000
v -0.494437 0.172739 -1.000000
v -0.494437 0.000004 -1.000000
v -0.681721 0.000004 -1.000000
v -0.494437 0.302445 -1.000000
v -0.681721 0.000004 -1.000000
v -0.494437 0.000004 -1.000000
v -0.494437 0.000004 0.373064
v 1.607492 1.235028 0.372777
v -0.681721 0.000004 1.000000
v -0.494437 0.000004 1.000000
v 1.607492 0.302445 0.966698
v -0.494437 0.302445 0.966698
v 1.755341 0.172740 1.000000
v 1.607492 0.172740 1.000000
v 1.607492 0.000004 1.000000
v -1.634363 0.000004 1.000000
v 1.607492 0.302445 -1.000000
v 1.607492 0.000004 0.373063
v -1.698265 1.189459 -1.000000
v -1.755340 1.107349 -1.000000
v -1.755340 1.107349 0.372812
v -0.681721 1.235028 0.727255
v 1.755341 0.302445 0.966698
v -0.494437 0.000004 0.373064
v -0.494437 0.000004 1.000000
v 1.755341 1.107349 0.760036
v -1.755340 0.302445 0.373029
v 1.607492 1.235027 -1.000001
v 1.691995 1.189459 -1.000001
v 1.755341 1.107349 -1.000001
v -1.634363 1.235028 0.727255
v -1.698265 1.189460 0.738955
v -1.755340 1.107349 0.760037
v -0.681721 1.235027 -1.000000
v -0.681721 1.107349 -1.000000
v -1.634363 1.107349 -1.000000
v -0.681721 1.235028 0.727255
v -0.681721 1.107349 0.760037
v -0.494437 1.107349 0.760037
v -0.494437 1.235027 -1.000000
v -0.494437 1.107349 -1.000000
v -0.494437 1.235028 0.727255
v 1.607492 1.107349 0.760036
v 1.607492 1.107349 -1.000001
v 1.607492 1.235028 0.727255
v 1.755341 1.107349 0.760036
v 1.755341 1.107349 0.372812
v -0.681721 1.235028 0.372778
v -1.634363 0.302445 0.966698
v -0.681721 1.054297 -0.941118
v -1.634363 0.302445 -1.000000
v -1.572379 0.355497 -0.941118
v -0.681721 0.355497 -0.941118
v 1.607492 0.302445 0.966698
v 1.607492 0.302445 0.705336
v -0.494437 0.302445 0.705336
v -1.572379 1.054297 -0.941118
v -0.494437 1.107349 0.704958
v -0.494437 0.302445 0.705336
v 1.607492 0.302445 0.705336
v 1.607492 0.302445 0.966698
v 1.607492 1.107349 0.760036
v 1.607492 1.107349 0.704958
v -0.494437 0.302445 0.966698
v -0.494437 0.302445 0.705336
v -0.494437 1.107349 0.704958
v -0.494437 1.107349 0.760037
v -0.494437 1.107349 0.704958
v 1.607492 1.107349 0.704958
v 1.607492 0.000004 1.000000
v 1.607492 0.000004 0.373063
v 1.755341 0.000004 0.373063
v 1.755341 0.302445 -1.000000
v 1.755341 0.172740 0.373063
v -1.698265 1.189460 0.372790
v -1.755340 1.107349 0.760037
v -1.755340 0.172739 -1.000000
v -0.681721 0.000004 0.373064
v -1.634363 1.107349 0.760037
v -1.634363 1.235027 -1.000000
v -1.755340 1.107349 -1.000000
v -1.755340 0.302445 -1.000000
v -0.494437 1.054297 -0.941118
v -0.494437 0.355497 -0.941118
v 1.545507 1.054297 -0.941118
v 1.545507 0.355497 -0.941118
v 0.273553 0.927308 0.498207
v 0.273553 0.927308 1.128568
v -0.291595 0.927308 1.128568
v 0.273553 0.963144 1.128568
v 0.273553 0.927308 1.128568
v 0.273553 0.927308 0.498207
v -0.291595 0.963144 1.128568
v -0.291595 0.927308 1.128568
v 0.273553 0.927308 1.128568
v -0.291595 0.963144 0.498207
v -0.291595 0.927308 0.498207
v -0.291595 0.927308 1.128568
v 0.273553 0.963144 0.498207
v 0.273553 0.927308 0.498207
v -0.291595 0.927308 0.498207
v -0.291595 0.963144 1.128568
v 0.273553 0.963144 1.128568
v 0.273553 0.963144 0.498207
v -1.755340 0.000004 0.373064
v -1.755340 0.000004 1.000000
v -1.755340 0.000004 0.373064
v -1.755340 0.000004 1.000000
v 1.755341 0.000004 1.000000
v -1.755340 0.000004 1.000000
v 1.691995 1.189460 0.738954
v -0.494437 0.302445 0.966698
v 1.607492 1.107349 0.704958
v 1.607492 0.302445 0.705336
v -0.494437 1.107349 0.760037
v 1.607492 1.107349 0.760036
v 1.755341 0.000004 1.000000
v -1.698265 1.189459 -1.000000
v -0.291595 0.927308 0.498207
v 0.273553 0.963144 0.498207
v 0.273553 0.963144 1.128568
v -0.291595 0.963144 1.128568
v -0.291595 0.963144 0.498207
v -0.291595 0.963144 0.498207
v 1.367141 1.530110 0.594991
v 1.319711 1.558890 0.535510
v -0.683530 1.558890 0.535511
v 1.167047 1.632295 -1.216579
v 1.167047 2.499397 -1.216579
v 1.367141 2.628607 -0.785016
v 1.367141 2.628607 -0.785016
v 1.514393 2.628607 -0.785016
v 1.514393 1.530109 -0.785015
v -0.530866 1.632295 -1.216579
v -0.530866 2.499397 -1.216579
v 1.167047 2.499397 -1.216579
v 1.367141 1.238328 -0.785015
v 1.514393 1.238328 -0.785015
v 1.514393 1.238328 -0.654380
v 1.367141 1.238328 -0.654380
v 1.367141 1.238328 0.108710
v -0.730960 1.238328 0.108710
v -0.730960 1.238328 0.594992
v -0.730960 1.238328 0.108710
v 1.367141 1.238328 0.108710
v -0.730960 2.897977 0.594991
v -0.878211 2.897977 0.594991
v -0.878211 2.803260 0.594991
v -0.530866 1.632295 -1.216579
v -0.730960 1.530109 -0.785015
v -0.730960 2.628607 -0.785016
v -0.530866 2.499397 -1.216579
v -0.730960 2.628607 -0.785016
v 1.367141 2.628607 -0.785016
v 1.514393 1.238328 0.108710
v -0.730960 2.628607 -0.785016
v -0.878211 2.628607 -0.785016
v -0.878211 2.723324 -0.785016
v 1.367141 2.836433 0.108710
v 1.514393 2.836433 0.108710
v 1.514393 2.739857 -0.654381
v -0.730960 2.836433 0.108710
v -0.878211 2.836433 0.108710
v -0.878211 2.897977 0.594991
v -0.730960 2.897977 0.594991
v 1.367141 2.897977 0.594991
v 1.367141 2.836433 0.108710
v -0.730960 2.739857 -0.654381
v -0.730960 2.836433 0.108710
v -0.730960 2.723324 -0.785016
v 1.367141 2.723324 -0.785016
v -0.878211 1.238328 0.108710
v -0.878211 1.238328 -0.654380
v 1.367141 1.238328 0.594991
v 1.514393 1.238328 0.594991
v 1.514393 1.444820 0.594991
v 1.367141 2.803260 0.594991
v 1.367141 2.897977 0.594991
v -0.878211 1.530110 0.108710
v -0.878211 1.530110 0.594991
v -0.878211 2.803260 0.594991
v -0.878211 2.741716 0.108710
v -0.878211 2.897977 0.594991
v 1.514393 1.530109 -0.785015
v 1.514393 2.628607 -0.785016
v 1.514393 2.645140 -0.654381
v -0.878211 1.530109 -0.654380
v -0.878211 1.530110 0.108710
v -0.878211 2.741716 0.108710
v 1.514393 2.741716 0.108710
v 1.514393 2.836433 0.108710
v 1.514393 2.897977 0.594991
v 1.514393 1.530110 0.108710
v 1.514393 2.803260 0.594991
v 1.514393 2.723324 -0.785016
v 1.514393 2.739857 -0.654381
v -0.878211 2.645140 -0.654381
v -0.878211 2.836433 0.108710
v -0.878211 1.238328 0.594992
v -0.878211 1.238328 0.108710
v -0.730960 1.530110 0.594991
v -0.730960 2.803260 0.594991
v 1.514393 2.803260 0.594991
v 1.514393 2.897977 0.594991
v 1.514393 2.897977 0.594991
v 1.514393 2.836433 0.108710
v -0.730960 2.723324 -0.785016
v -0.878211 2.723324 -0.785016
v -0.878211 2.739857 -0.654381
v 1.514393 2.723324 -0.785016
v -0.730960 1.238328 -0.785015
v -0.878211 1.238328 -0.785015
v -0.878211 1.444819 -0.785015
v 1.514393 1.238328 0.108710
v 1.514393 1.238328 0.594991
v 1.367141 1.444820 0.594991
v -0.730960 1.530109 -0.785015
v 1.367141 1.530109 -0.785015
v 1.367141 1.444819 -0.785015
v 1.514393 1.444819 -0.785015
v -0.730960 1.238328 -0.654380
v 1.367141 1.530109 -0.785015
v -0.730960 1.530109 -0.785015
v -0.530866 1.632295 -1.216579
v 1.514393 1.530110 0.594991
v -0.878211 1.444820 0.594992
v 1.514393 1.444819 -0.785015
v 1.514393 1.530109 -0.654381
v -0.878211 1.444819 0.108710
v 1.514393 1.444819 0.108710
v 1.514393 1.530110 0.594991
v -0.878211 1.530110 0.594991
v -0.878211 1.444820 0.594992
v -0.878211 1.530109 -0.785015
v 1.291162 2.757155 0.535510
v 1.319711 2.774479 0.535510
v -0.683530 2.774479 0.535510
v 1.291162 1.576215 0.535510
v -0.654981 2.757155 0.535510
v -0.654981 1.576215 0.535511
v 1.367141 2.739857 -0.654381
v 1.514393 2.723324 -0.785016
v 1.367141 2.723324 -0.785016
v -0.878211 1.238328 -0.785015
v 1.514393 2.741716 0.108710
v -0.878211 1.530109 -0.785015
v 1.514393 2.836433 0.108710
v -0.878211 2.628607 -0.785016
v -0.878211 2.739857 -0.654381
v -0.878211 2.836433 0.108710
v 1.514393 1.444819 -0.654381
v 1.514393 1.530110 0.108710
v -0.878211 1.444819 -0.654380
v -0.730960 1.444819 -0.785015
v -0.730960 1.444820 0.594992
v 1.367141 1.238328 -0.785015
v 1.514393 1.238328 -0.785015
v -0.878211 1.238328 0.594992
v -0.878211 1.444819 0.108710
v 1.514393 1.238328 -0.785015
v -0.878211 1.238328 0.108710
v 1.514393 1.238328 0.108710
v 1.514393 1.444820 0.594991
v -0.878211 1.238328 0.594992
v 1.514393 1.238328 -0.654380
v 1.514393 1.444819 0.108710
v -0.878211 1.238328 -0.654380
v -0.878211 1.444819 -0.785015
v 1.367141 1.530109 -0.785015
v 1.167047 1.632295 -1.216579
v 1.367141 1.238328 0.594991
v -0.530866 2.499397 -1.216579
v 1.167047 2.499397 -1.216579
v -0.878211 2.836433 0.108710
v -0.730960 1.238328 -0.785015
v 1.167047 1.632295 -1.216579
v -0.878211 2.723324 -0.785016
v -0.730960 1.238328 0.594992
v -0.878211 1.238328 0.108710
v 1.514393 1.238328 0.594991
v 1.514393 1.238328 0.108710
v -0.878211 1.238328 -0.785015
vn 0.6474 0.7622 -0.0000
vn 0.9465 0.3226 -0.0000
vn 0.2538 0.9672 -0.0000
vn 0.2447 0.9696 -0.0000
vn -0.0000 1.0000 -0.0000
vn 0.9465 0.3227 -0.0000
vn 1.0000 -0.0000 -0.0000
vn -1.0000 -0.0000 -0.0000
vn -0.0000 -1.0000 -0.0000
vn 0.2448 0.9696 -0.0000
vn -0.0000 -0.0000 -1.0000
vn -0.0000 0.2487 0.9686
vn -0.0000 0.1253 0.9921
vn -0.9542 0.2991 -0.0000
vn -0.7114 0.7028 -0.0000
vn -0.3048 0.9524 -0.0000
vn -0.7248 0.6890 -0.0000
vn -0.3185 0.9479 -0.0000
vn 0.6634 0.7482 -0.0000
vn 0.6473 0.7622 -0.0000
vn -0.0000 0.4066 -0.9136
vn -0.0000 -0.0000 1.0000
vn -0.1140 0.1099 -0.9874
vn -0.7113 0.7028 -0.0000
vn -0.9542 0.2990 -0.0000
vn 0.9610 0.2767 -0.0000
vn -0.0000 -0.4066 -0.9136
vn 0.1140 -0.1099 -0.9874
vn -0.1140 -0.1099 -0.9874
vn 0.1140 0.1099 -0.9874
vn 0.2865 0.3247 -0.9014
vn 0.2864 -0.3247 -0.9014
vn -0.0000 0.0005 1.0000
vn -0.7113 0.7029 -0.0000
vn -0.9668 0.2557 -0.0000
vn -0.2865 -0.3247 -0.9014
vn -0.2864 0.3247 -0.9014
vn -0.1571 0.1419 0.9773
vn -0.3370 0.4404 0.8322
vn 0.3370 0.4404 0.8322
vn 0.9072 -0.0000 -0.4206
vn -0.9072 -0.0000 -0.4206
vn -0.0000 0.9580 -0.2868
vn -0.0000 0.9921 -0.1256
vn -0.1571 -0.1419 0.9773
vn 0.1571 0.1419 0.9773
vn 0.1571 -0.1419 0.9773
vn -0.0000 -0.9731 -0.2304
vn -0.3370 -0.4404 0.8322
vn 0.3370 -0.4404 0.8322
vt 0.207811 0.816475
vt 0.002032 0.816475
vt 0.002028 0.832020
vt 0.459203 0.319317
vt 0.406067 0.319317
vt 0.406067 0.634392
vt 0.207811 0.832020
vt 0.001996 0.952674
vt 0.001991 0.998009
vt 0.207811 0.998009
vt 0.207811 0.972116
vt 0.001991 0.149284
vt 0.207811 0.149284
vt 0.207811 0.123391
vt 0.867515 0.563275
vt 0.828194 0.563275
vt 0.828194 0.589153
vt 0.207811 0.168727
vt 0.406105 0.168727
vt 0.495095 0.168727
vt 0.500087 0.149284
vt 0.207811 0.802083
vt 0.926533 0.878701
vt 0.926544 0.862938
vt 0.908599 0.862913
vt 0.356119 0.998009
vt 0.376193 0.998009
vt 0.376193 0.979875
vt 0.406072 0.832019
vt 0.406105 0.952673
vt 0.495095 0.952674
vt 0.762782 0.178586
vt 0.762782 0.184689
vt 0.819457 0.184689
vt 0.459203 0.634392
vt 0.406067 0.662465
vt 0.002032 0.304370
vt 0.002034 0.316135
vt 0.207811 0.316135
vt 0.460957 0.817030
vt 0.459203 0.805265
vt 0.406067 0.805265
vt 0.926544 0.841999
vt 0.908621 0.841999
vt 0.460957 0.304925
vt 0.406069 0.304925
vt 0.500087 0.972116
vt 0.406110 0.972116
vt 0.406110 0.998009
vt 0.518941 0.867864
vt 0.518169 0.847544
vt 0.504068 0.848161
vt 0.633018 0.878301
vt 0.632577 0.862970
vt 0.356119 0.837075
vt 0.376193 0.837075
vt 0.376193 0.809002
vt 0.762782 0.039782
vt 0.762782 0.044775
vt 0.819457 0.044775
vt 0.500087 0.123391
vt 0.406110 0.123391
vt 0.406110 0.149284
vt 0.002034 0.487008
vt 0.207811 0.487008
vt 0.207811 0.458934
vt 0.872509 0.563275
vt 0.867515 0.589153
vt 0.654879 0.862601
vt 0.654610 0.841842
vt 0.632007 0.842308
vt 0.655094 0.877741
vt 0.762782 0.084096
vt 0.762782 0.091827
vt 0.819457 0.091827
vt 0.002034 0.802083
vt 0.402085 0.837075
vt 0.402085 0.809002
vt 0.356119 0.493926
vt 0.356119 0.809002
vt 0.376192 0.471764
vt 0.376192 0.493926
vt 0.402085 0.493926
vt 0.402085 0.979875
vt 0.908553 0.878619
vt 0.819457 0.178586
vt 0.207811 0.304370
vt 0.207811 0.289380
vt 0.002028 0.289380
vt 0.459203 0.662465
vt 0.356119 0.471764
vt 0.820464 0.563275
vt 0.820464 0.589153
vt 0.464117 0.289380
vt 0.001996 0.168727
vt 0.909005 0.992331
vt 0.918910 0.986805
vt 0.926253 0.976998
vt 0.211793 0.979875
vt 0.218845 0.989454
vt 0.231552 0.998009
vt 0.633983 0.997934
vt 0.634155 0.983173
vt 0.520217 0.978650
vt 0.211793 0.837075
vt 0.231552 0.837075
vt 0.231552 0.809002
vt 0.656149 0.998009
vt 0.656119 0.983196
vt 0.211792 0.809002
vt 0.231552 0.493926
vt 0.908824 0.977106
vt 0.211793 0.493926
vt 0.231552 0.471764
vt 0.406072 0.289380
vt 0.002034 0.458934
vt 0.356120 0.979875
vt 0.634220 0.974071
vt 0.519507 0.883210
vt 0.529006 0.891943
vt 0.633254 0.887414
vt 0.944962 0.837861
vt 0.974710 0.837861
vt 0.974710 0.598623
vt 0.530466 0.969614
vt 0.504068 0.559294
vt 0.647690 0.559294
vt 0.647690 0.184241
vt 0.211792 0.062765
vt 0.235271 0.154389
vt 0.241540 0.154392
vt 0.930525 0.998009
vt 0.977161 0.997987
vt 0.977161 0.854366
vt 0.984961 0.598618
vt 0.978692 0.598618
vt 0.978692 0.837861
vt 0.733704 0.589153
vt 0.733704 0.563275
vt 0.727602 0.563275
vt 0.207811 0.952674
vt 0.001991 0.972117
vt 0.406069 0.817030
vt 0.464117 0.832020
vt 0.504939 0.868355
vt 0.819457 0.084096
vt 0.231552 0.979875
vt 0.519914 0.993929
vt 0.505810 0.978486
vt 0.505466 0.883321
vt 0.656102 0.974039
vt 0.655261 0.886928
vt 0.899076 0.968059
vt 0.897984 0.888136
vt 0.724755 0.540050
vt 0.852656 0.540050
vt 0.852656 0.425381
vt 0.339458 0.573048
vt 0.322755 0.573048
vt 0.322755 0.729779
vt 0.303347 0.659199
vt 0.286645 0.659199
vt 0.286645 0.799716
vt 0.248551 0.729779
vt 0.265253 0.729779
vt 0.265253 0.573048
vt 0.286214 0.643905
vt 0.302916 0.643905
vt 0.302916 0.503387
vt 0.670734 0.621689
vt 0.537177 0.621689
vt 0.537177 0.770658
vt 0.001991 0.123391
vt 0.500087 0.998009
vt 0.819457 0.039782
vt 0.872509 0.589153
vt 0.402085 0.471764
vt 0.402085 0.998009
vt 0.218845 0.481259
vt 0.944962 0.598623
vt 0.504068 0.184241
vt 0.241540 0.062779
vt 0.967333 0.854371
vt 0.984961 0.837861
vt 0.727602 0.589153
vt 0.512416 0.988372
vt 0.724755 0.425381
vt 0.339458 0.729779
vt 0.303347 0.799716
vt 0.248551 0.573048
vt 0.286214 0.503387
vt 0.670734 0.770658
vt 0.689652 0.582663
vt 0.681647 0.591981
vt 0.682495 0.811000
vt 0.504068 0.061778
vt 0.504068 0.164893
vt 0.560638 0.180259
vt 0.918688 0.548030
vt 0.936199 0.548030
vt 0.936199 0.417397
vt 0.727602 0.837861
vt 0.830717 0.837861
vt 0.830717 0.635945
vt 0.860328 0.092009
vt 0.860328 0.085931
vt 0.854936 0.085931
vt 0.854936 0.092009
vt 0.823439 0.092009
vt 0.823439 0.178611
vt 0.733680 0.611892
vt 0.733680 0.631964
vt 0.820281 0.631964
vt 0.508704 0.820539
vt 0.508513 0.837368
vt 0.519338 0.837491
vt 0.564619 0.168107
vt 0.621189 0.180259
vt 0.621189 0.049626
vt 0.873046 0.354921
vt 0.926618 0.378717
vt 0.926618 0.129211
vt 0.823439 0.085931
vt 0.669183 0.548030
vt 0.651672 0.548030
vt 0.651672 0.559294
vt 0.651671 0.361205
vt 0.651671 0.378717
vt 0.743142 0.378717
vt 0.310705 0.440330
vt 0.310705 0.467782
vt 0.402085 0.467782
vt 0.402085 0.440330
vt 0.402085 0.049181
vt 0.310705 0.049181
vt 0.743142 0.111700
vt 0.651671 0.111700
vt 0.669183 0.559294
vt 0.918688 0.559294
vt 0.823439 0.184689
vt 0.854936 0.184689
vt 0.723126 0.582784
vt 0.723620 0.565666
vt 0.699616 0.564974
vt 0.515230 0.581139
vt 0.504119 0.581019
vt 0.998009 0.417397
vt 0.940181 0.417397
vt 0.940181 0.568799
vt 0.998009 0.561481
vt 0.940181 0.580063
vt 0.762782 0.223369
vt 0.762782 0.354002
vt 0.778317 0.355968
vt 0.925445 0.682513
vt 0.834699 0.682513
vt 0.834699 0.826597
vt 0.211792 0.438651
vt 0.211792 0.456309
vt 0.302450 0.467782
vt 0.211793 0.212771
vt 0.302450 0.450124
vt 0.762783 0.365266
vt 0.778318 0.367232
vt 0.925445 0.815112
vt 0.834699 0.837861
vt 0.727602 0.611892
vt 0.727602 0.631964
vt 0.689369 0.819716
vt 0.519126 0.820361
vt 0.515021 0.563275
vt 0.504068 0.563370
vt 0.402085 0.021729
vt 0.310705 0.021730
vt 0.758801 0.111700
vt 0.758801 0.094189
vt 0.743142 0.094189
vt 0.936199 0.559294
vt 0.669183 0.382698
vt 0.651671 0.382698
vt 0.651671 0.407254
vt 0.826359 0.631964
vt 0.826359 0.611892
vt 0.699212 0.582492
vt 0.669183 0.417396
vt 0.918688 0.417397
vt 0.918688 0.407254
vt 0.936199 0.407254
vt 0.854936 0.178611
vt 0.983340 0.378717
vt 0.983340 0.129211
vt 0.930600 0.153006
vt 0.689463 0.564614
vt 0.940181 0.407254
vt 0.762782 0.213226
vt 0.778317 0.223369
vt 0.834699 0.672371
vt 0.211793 0.196870
vt 0.302450 0.212771
vt 0.689558 0.837861
vt 0.699402 0.837646
vt 0.651671 0.417397
vt 0.527043 0.596304
vt 0.523712 0.591995
vt 0.526237 0.810109
vt 0.678473 0.596419
vt 0.529347 0.805727
vt 0.679212 0.806705
vt 0.743142 0.361205
vt 0.758801 0.378717
vt 0.758801 0.361205
vt 0.860328 0.184689
vt 0.869064 0.367453
vt 0.940980 0.682513
vt 0.869064 0.378717
vt 0.940980 0.813146
vt 0.925445 0.826376
vt 0.651671 0.094189
vt 0.778317 0.213226
vt 0.869064 0.223369
vt 0.925445 0.672370
vt 0.669183 0.407254
vt 0.699379 0.819987
vt 0.918688 0.382698
vt 0.936199 0.382698
vt 0.940181 0.382698
vt 0.998009 0.407254
vt 0.762782 0.188670
vt 0.834699 0.647815
vt 0.211793 0.158374
vt 0.302450 0.196870
vt 0.723620 0.837360
vt 0.778317 0.188670
vt 0.869064 0.213226
vt 0.925445 0.647815
vt 0.940980 0.672370
vt 0.560638 0.049626
vt 0.727602 0.635945
vt 0.820281 0.611892
vt 0.564619 0.064992
vt 0.873046 0.153006
vt 0.998009 0.572744
vt 0.860328 0.178611
vt 0.930600 0.354921
vt 0.940980 0.824410
vt 0.723402 0.819993
vt 0.998009 0.382698
vt 0.302450 0.158374
vt 0.869064 0.188670
vt 0.940980 0.647814
s 1
usemtl computer
f 1500/1500/996 1501/1501/996 1502/1502/997
f 1503/1503/998 1504/1504/999 1505/1505/1000
f 1506/1506/1001 1502/1502/997 1507/1507/1002
s 0
f 1508/1508/1002 1509/1509/1002 1510/1510/1002
f 1511/1511/1003 1512/1512/1003 1513/1513/1003
f 1514/1514/1004 1515/1515/1004 1516/1516/1004
f 1517/1517/1003 1512/1512/1003 1511/1511/1003
f 1518/1518/1002 1519/1519/1002 1520/1520/1002
s 1
f 1501/1501/996 1500/1500/996 1521/1521/1005
s 0
f 1522/1522/1006 1523/1523/1006 1524/1524/1006
s 1
f 1525/1525/1007 1526/1526/1008 1527/1527/1008
f 1528/1528/1009 1529/1529/1003 1530/1530/1003
s 0
f 1531/1531/1004 1532/1532/1004 1533/1533/1004
f 1534/1534/1000 1505/1505/1000 1535/1535/1000
s 1
f 1536/1536/1010 1537/1537/1011 1538/1538/1011
f 1539/1539/1012 1540/1540/1013 1541/1541/1011
s 0
f 1523/1523/1006 1542/1542/1006 1543/1543/1006
s 1
f 1544/1544/1014 1545/1545/1015 1504/1504/999
s 0
f 1546/1546/1003 1547/1547/1003 1548/1548/1003
f 1549/1549/1006 1550/1550/1006 1551/1551/1006
s 1
f 1552/1552/1016 1553/1553/1006 1549/1549/1006
f 1554/1554/1007 1555/1555/1008 1556/1556/1008
s 0
f 1557/1557/1004 1558/1558/1004 1559/1559/1004
f 1560/1560/1002 1561/1561/1002 1562/1562/1002
f 1563/1563/1000 1564/1564/1000 1565/1565/1000
f 1550/1550/1006 1549/1549/1006 1553/1553/1006
f 1566/1566/1004 1514/1514/1004 1567/1567/1004
f 1568/1568/1006 1569/1569/1006 1570/1570/1006
s 1
f 1571/1571/1016 1568/1568/1006 1553/1553/1006
s 0
f 1572/1572/1004 1573/1573/1004 1574/1574/1004
s 1
f 1575/1575/1005 1521/1521/1005 1564/1564/1000
f 1555/1555/1008 1576/1576/1017 1577/1577/1017
s 0
f 1524/1524/1006 1543/1543/1006 1569/1569/1006
s 1
f 1578/1578/1007 1579/1579/1007 1556/1556/1008
f 1580/1580/1008 1581/1581/1008 1582/1582/1017
f 1556/1556/1008 1577/1577/1017 1582/1582/1017
f 1527/1527/1008 1583/1583/1017 1576/1576/1017
f 1583/1583/1017 1527/1527/1008 1526/1526/1008
f 1584/1584/1018 1524/1524/1006 1568/1568/1006
s 0
f 1573/1573/1004 1531/1531/1004 1585/1585/1004
s 1
f 1586/1586/1019 1587/1587/1009 1588/1588/1020
f 1589/1589/1000 1535/1535/1000 1541/1541/1011
f 1590/1590/1007 1578/1578/1007 1581/1581/1008
s 0
f 1515/1515/1004 1591/1591/1004 1592/1592/1004
s 1
f 1545/1545/1015 1544/1544/1014 1593/1593/1021
f 1587/1587/1009 1517/1517/1003 1594/1594/1003
s 0
f 1595/1595/1006 1596/1596/1006 1597/1597/1006
f 1598/1598/1007 1599/1599/1007 1600/1600/1007
s 1
f 1601/1601/1006 1602/1602/1022 1603/1603/1023
s 0
f 1604/1604/1007 1605/1605/1007 1606/1606/1007
s 1
f 1607/1607/1006 1608/1608/1022 1602/1602/1022
s 0
f 1609/1609/1007 1606/1606/1007 1610/1610/1007
s 1
f 1607/1607/1006 1595/1595/1006 1611/1611/1024
s 0
f 1612/1612/1007 1610/1610/1007 1613/1613/1007
s 1
f 1614/1614/1001 1593/1593/1021 1519/1519/1002
f 1615/1615/1000 1565/1565/1000 1538/1538/1011
f 1597/1597/1006 1522/1522/1006 1584/1584/1018
f 1600/1600/1007 1525/1525/1007 1616/1616/1007
f 1603/1603/1023 1602/1602/1022 1617/1617/1022
s 0
f 1605/1605/1007 1554/1554/1007 1579/1579/1007
s 1
f 1618/1618/1025 1619/1619/1026 1620/1620/1016
s 0
f 1621/1621/1000 1622/1622/1000 1623/1623/1000
s 1
f 1603/1603/1023 1624/1624/1027 1619/1619/1026
s 0
f 1613/1613/1007 1610/1610/1007 1578/1578/1007
f 1625/1625/1028 1626/1626/1028 1627/1627/1028
f 1628/1628/1003 1629/1629/1003 1630/1630/1003
f 1631/1631/1002 1632/1632/1002 1633/1633/1002
f 1634/1634/1004 1635/1635/1004 1636/1636/1004
f 1637/1637/1004 1638/1638/1004 1639/1639/1004
f 1529/1529/1003 1547/1547/1003 1546/1546/1003
s 1
f 1616/1616/1007 1527/1527/1008 1555/1555/1008
s 0
f 1640/1640/1002 1507/1507/1002 1641/1641/1002
f 1591/1591/1004 1638/1638/1004 1637/1637/1004
s 1
f 1642/1642/1029 1528/1528/1009 1643/1643/1030
f 1618/1618/1025 1549/1549/1006 1644/1644/1006
s 0
f 1558/1558/1004 1572/1572/1004 1645/1645/1004
f 1598/1598/1007 1646/1646/1007 1605/1605/1007
s 1
f 1647/1647/1006 1603/1603/1023 1648/1648/1006
s 0
f 1646/1646/1007 1616/1616/1007 1554/1554/1007
s 1
f 1603/1603/1023 1618/1618/1025 1649/1649/1006
f 1624/1624/1027 1617/1617/1022 1620/1620/1016
f 1650/1650/1022 1651/1651/1016 1620/1620/1016
f 1652/1652/1031 1653/1653/1032 1651/1651/1016
f 1584/1584/1018 1571/1571/1016 1651/1651/1016
f 1552/1552/1016 1620/1620/1016 1651/1651/1016
f 1584/1584/1018 1653/1653/1032 1652/1652/1031
f 1611/1611/1024 1652/1652/1031 1650/1650/1022
f 1602/1602/1022 1608/1608/1022 1650/1650/1022
s 0
f 1654/1654/1004 1655/1655/1004 1656/1656/1004
f 1657/1657/1002 1658/1658/1002 1659/1659/1002
f 1660/1660/1017 1661/1661/1017 1662/1662/1017
f 1663/1663/1003 1664/1664/1003 1665/1665/1003
f 1666/1666/1006 1667/1667/1006 1668/1668/1006
f 1669/1669/1000 1670/1670/1000 1671/1671/1000
s 1
f 1506/1506/1001 1500/1500/996 1502/1502/997
f 1534/1534/1000 1503/1503/998 1505/1505/1000
f 1640/1640/1002 1506/1506/1001 1507/1507/1002
s 0
f 1641/1641/1002 1508/1508/1002 1510/1510/1002
f 1672/1672/1003 1511/1511/1003 1513/1513/1003
f 1567/1567/1004 1514/1514/1004 1516/1516/1004
f 1594/1594/1003 1517/1517/1003 1511/1511/1003
f 1562/1562/1002 1518/1518/1002 1520/1520/1002
s 1
f 1575/1575/1005 1501/1501/996 1521/1521/1005
f 1584/1584/1018 1522/1522/1006 1524/1524/1006
f 1616/1616/1007 1525/1525/1007 1527/1527/1008
f 1643/1643/1030 1528/1528/1009 1530/1530/1003
s 0
f 1585/1585/1004 1531/1531/1004 1533/1533/1004
f 1589/1589/1000 1534/1534/1000 1535/1535/1000
s 1
f 1586/1586/1019 1536/1536/1010 1538/1538/1011
f 1642/1642/1029 1539/1539/1012 1541/1541/1011
s 0
f 1524/1524/1006 1523/1523/1006 1543/1543/1006
s 1
f 1503/1503/998 1544/1544/1014 1504/1504/999
s 0
f 1673/1673/1003 1546/1546/1003 1548/1548/1003
f 1644/1644/1006 1549/1549/1006 1551/1551/1006
s 1
f 1618/1618/1025 1552/1552/1016 1549/1549/1006
f 1579/1579/1007 1554/1554/1007 1556/1556/1008
s 0
f 1674/1674/1004 1557/1557/1004 1559/1559/1004
f 1520/1520/1002 1560/1560/1002 1562/1562/1002
f 1615/1615/1000 1563/1563/1000 1565/1565/1000
f 1570/1570/1006 1550/1550/1006 1553/1553/1006
f 1675/1675/1004 1566/1566/1004 1567/1567/1004
f 1553/1553/1006 1568/1568/1006 1570/1570/1006
s 1
f 1552/1552/1016 1571/1571/1016 1553/1553/1006
s 0
f 1645/1645/1004 1572/1572/1004 1574/1574/1004
s 1
f 1563/1563/1000 1575/1575/1005 1564/1564/1000
f 1556/1556/1008 1555/1555/1008 1577/1577/1017
s 0
f 1568/1568/1006 1524/1524/1006 1569/1569/1006
s 1
f 1581/1581/1008 1578/1578/1007 1556/1556/1008
f 1676/1676/1017 1580/1580/1008 1582/1582/1017
f 1581/1581/1008 1556/1556/1008 1582/1582/1017
f 1555/1555/1008 1527/1527/1008 1576/1576/1017
f 1677/1677/1017 1583/1583/1017 1526/1526/1008
f 1571/1571/1016 1584/1584/1018 1568/1568/1006
s 0
f 1574/1574/1004 1573/1573/1004 1585/1585/1004
s 1
f 1536/1536/1010 1586/1586/1019 1588/1588/1020
f 1540/1540/1013 1589/1589/1000 1541/1541/1011
f 1580/1580/1008 1590/1590/1007 1581/1581/1008
s 0
f 1516/1516/1004 1515/1515/1004 1592/1592/1004
s 1
f 1614/1614/1001 1545/1545/1015 1593/1593/1021
f 1588/1588/1020 1587/1587/1009 1594/1594/1003
f 1611/1611/1024 1595/1595/1006 1597/1597/1006
f 1646/1646/1007 1598/1598/1007 1600/1600/1007
f 1647/1647/1006 1601/1601/1006 1603/1603/1023
s 0
f 1609/1609/1007 1604/1604/1007 1606/1606/1007
s 1
f 1601/1601/1006 1607/1607/1006 1602/1602/1022
s 0
f 1612/1612/1007 1609/1609/1007 1610/1610/1007
s 1
f 1608/1608/1022 1607/1607/1006 1611/1611/1024
s 0
f 1678/1678/1007 1612/1612/1007 1613/1613/1007
s 1
f 1518/1518/1002 1614/1614/1001 1519/1519/1002
f 1537/1537/1011 1615/1615/1000 1538/1538/1011
f 1611/1611/1024 1597/1597/1006 1584/1584/1018
s 0
f 1646/1646/1007 1600/1600/1007 1616/1616/1007
s 1
f 1624/1624/1027 1603/1603/1023 1617/1617/1022
s 0
f 1606/1606/1007 1605/1605/1007 1579/1579/1007
s 1
f 1552/1552/1016 1618/1618/1025 1620/1620/1016
s 0
f 1679/1679/1000 1621/1621/1000 1623/1623/1000
s 1
f 1618/1618/1025 1603/1603/1023 1619/1619/1026
s 0
f 1590/1590/1007 1613/1613/1007 1578/1578/1007
f 1680/1680/1028 1625/1625/1028 1627/1627/1028
f 1681/1681/1003 1628/1628/1003 1630/1630/1003
f 1682/1682/1002 1631/1631/1002 1633/1633/1002
f 1683/1683/1004 1634/1634/1004 1636/1636/1004
f 1684/1684/1004 1637/1637/1004 1639/1639/1004
f 1530/1530/1003 1529/1529/1003 1546/1546/1003
s 1
f 1554/1554/1007 1616/1616/1007 1555/1555/1008
s 0
f 1510/1510/1002 1640/1640/1002 1641/1641/1002
f 1592/1592/1004 1591/1591/1004 1637/1637/1004
s 1
f 1539/1539/1012 1642/1642/1029 1643/1643/1030
f 1649/1649/1006 1618/1618/1025 1644/1644/1006
s 0
f 1559/1559/1004 1558/1558/1004 1645/1645/1004
f 1604/1604/1007 1598/1598/1007 1605/1605/1007
f 1685/1685/1006 1647/1647/1006 1648/1648/1006
f 1605/1605/1007 1646/1646/1007 1554/1554/1007
s 1
f 1648/1648/1006 1603/1603/1023 1649/1649/1006
f 1619/1619/1026 1624/1624/1027 1620/1620/1016
f 1617/1617/1022 1650/1650/1022 1620/1620/1016
f 1650/1650/1022 1652/1652/1031 1651/1651/1016
f 1653/1653/1032 1584/1584/1018 1651/1651/1016
f 1571/1571/1016 1552/1552/1016 1651/1651/1016
f 1611/1611/1024 1584/1584/1018 1652/1652/1031
f 1608/1608/1022 1611/1611/1024 1650/1650/1022
f 1617/1617/1022 1602/1602/1022 1650/1650/1022
s 0
f 1686/1686/1004 1654/1654/1004 1656/1656/1004
f 1687/1687/1002 1657/1657/1002 1659/1659/1002
f 1688/1688/1017 1660/1660/1017 1662/1662/1017
f 1689/1689/1003 1663/1663/1003 1665/1665/1003
f 1690/1690/1006 1666/1666/1006 1668/1668/1006
f 1691/1691/1000 1669/1669/1000 1671/1671/1000
s 1
f 1692/1692/1033 1693/1693/1034 1694/1694/1035
s 0
f 1695/1695/1036 1696/1696/1036 1697/1697/1036
f 1698/1698/1006 1699/1699/1006 1700/1700/1006
f 1701/1701/1006 1702/1702/1006 1703/1703/1006
f 1704/1704/1004 1705/1705/1004 1706/1706/1004
f 1707/1707/1004 1708/1708/1004 1709/1709/1004
f 1710/1710/1004 1711/1711/1004 1712/1712/1004
f 1713/1713/1017 1714/1714/1017 1715/1715/1017
f 1716/1716/1037 1717/1717/1037 1718/1718/1037
f 1719/1719/1038 1720/1720/1038 1721/1721/1038
f 1707/1707/1004 1706/1706/1004 1722/1722/1004
f 1723/1723/1006 1724/1724/1006 1725/1725/1006
f 1726/1726/1039 1727/1727/1039 1728/1728/1039
f 1729/1729/1039 1730/1730/1039 1731/1731/1039
f 1732/1732/1039 1733/1733/1039 1734/1734/1039
s 1
f 1735/1735/1039 1736/1736/1039 1726/1726/1039
s 0
f 1723/1723/1006 1737/1737/1006 1738/1738/1006
f 1709/1709/1004 1739/1739/1004 1740/1740/1004
f 1741/1741/1017 1742/1742/1017 1743/1743/1017
s 1
f 1744/1744/1040 1745/1745/1017 1713/1713/1017
s 0
f 1746/1746/1003 1747/1747/1003 1748/1748/1003
f 1749/1749/1003 1748/1748/1003 1750/1750/1003
f 1751/1751/1002 1752/1752/1002 1753/1753/1002
f 1754/1754/1003 1755/1755/1003 1756/1756/1003
f 1757/1757/1002 1758/1758/1002 1759/1759/1002
f 1760/1760/1002 1757/1757/1002 1761/1761/1002
f 1752/1752/1002 1762/1762/1002 1763/1763/1002
f 1764/1764/1003 1756/1756/1003 1765/1765/1003
f 1710/1710/1004 1766/1766/1004 1767/1767/1004
s 1
f 1768/1768/1041 1769/1769/1042 1715/1715/1017
f 1744/1744/1040 1770/1770/1017 1771/1771/1017
s 0
f 1733/1733/1039 1772/1772/1039 1773/1773/1039
f 1774/1774/1039 1775/1775/1039 1776/1776/1039
f 1738/1738/1006 1777/1777/1006 1699/1699/1006
f 1778/1778/1006 1779/1779/1006 1780/1780/1006
f 1712/1712/1004 1781/1781/1004 1782/1782/1004
s 1
f 1783/1783/1017 1692/1692/1033 1768/1768/1041
s 0
f 1784/1784/1006 1785/1785/1006 1786/1786/1006
f 1785/1785/1006 1700/1700/1006 1787/1787/1006
f 1704/1704/1004 1707/1707/1004 1788/1788/1004
f 1789/1789/1043 1790/1790/1043 1791/1791/1043
s 1
f 1692/1692/1033 1792/1792/1017 1770/1770/1017
s 0
f 1793/1793/1003 1747/1747/1003 1746/1746/1003
f 1794/1794/1002 1751/1751/1002 1795/1795/1002
f 1796/1796/1003 1755/1755/1003 1754/1754/1003
f 1797/1797/1002 1760/1760/1002 1798/1798/1002
s 1
f 1768/1768/1041 1799/1799/1017 1800/1800/1017
s 0
f 1784/1784/1006 1801/1801/1006 1724/1724/1006
s 1
f 1802/1802/1017 1803/1803/1044 1804/1804/1045
f 1769/1769/1042 1768/1768/1041 1694/1694/1035
f 1744/1744/1040 1803/1803/1044 1693/1693/1034
f 1744/1744/1040 1769/1769/1042 1804/1804/1045
f 1805/1805/1017 1693/1693/1034 1803/1803/1044
f 1806/1806/1017 1804/1804/1045 1694/1694/1035
f 1807/1807/1017 1694/1694/1035 1693/1693/1034
s 0
f 1808/1808/1039 1728/1728/1039 1809/1809/1039
f 1735/1735/1039 1808/1808/1039 1810/1810/1039
f 1788/1788/1004 1740/1740/1004 1811/1811/1004
f 1795/1795/1002 1753/1753/1002 1812/1812/1002
f 1813/1813/1003 1754/1754/1003 1764/1764/1003
f 1753/1753/1002 1763/1763/1002 1814/1814/1002
f 1815/1815/1003 1764/1764/1003 1816/1816/1003
f 1735/1735/1039 1776/1776/1039 1817/1817/1039
f 1818/1818/1002 1795/1795/1002 1819/1819/1002
f 1820/1820/1003 1754/1754/1003 1813/1813/1003
f 1783/1783/1017 1743/1743/1017 1792/1792/1017
f 1821/1821/1006 1780/1780/1006 1801/1801/1006
f 1741/1741/1017 1783/1783/1017 1822/1822/1017
f 1821/1821/1006 1786/1786/1006 1823/1823/1006
f 1786/1786/1006 1787/1787/1006 1824/1824/1006
f 1825/1825/1003 1793/1793/1003 1826/1826/1003
f 1827/1827/1002 1794/1794/1002 1818/1818/1002
f 1828/1828/1003 1796/1796/1003 1820/1820/1003
f 1829/1829/1002 1797/1797/1002 1830/1830/1002
f 1822/1822/1017 1800/1800/1017 1831/1831/1017
f 1832/1832/1002 1818/1818/1002 1833/1833/1002
f 1834/1834/1003 1820/1820/1003 1835/1835/1003
s 1
f 1768/1768/1041 1692/1692/1033 1694/1694/1035
s 0
f 1836/1836/1036 1695/1695/1036 1697/1697/1036
f 1785/1785/1006 1698/1698/1006 1700/1700/1006
f 1837/1837/1006 1701/1701/1006 1703/1703/1006
f 1707/1707/1004 1704/1704/1004 1706/1706/1004
f 1788/1788/1004 1707/1707/1004 1709/1709/1004
f 1838/1838/1004 1710/1710/1004 1712/1712/1004
s 1
f 1769/1769/1042 1713/1713/1017 1715/1715/1017
s 0
f 1839/1839/1037 1716/1716/1037 1718/1718/1037
f 1840/1840/1038 1719/1719/1038 1721/1721/1038
f 1708/1708/1004 1707/1707/1004 1722/1722/1004
f 1737/1737/1006 1723/1723/1006 1725/1725/1006
f 1808/1808/1039 1726/1726/1039 1728/1728/1039
f 1732/1732/1039 1729/1729/1039 1731/1731/1039
f 1729/1729/1039 1732/1732/1039 1734/1734/1039
f 1808/1808/1039 1735/1735/1039 1726/1726/1039
f 1698/1698/1006 1723/1723/1006 1738/1738/1006
f 1788/1788/1004 1709/1709/1004 1740/1740/1004
f 1783/1783/1017 1741/1741/1017 1743/1743/1017
s 1
f 1769/1769/1042 1744/1744/1040 1713/1713/1017
s 0
f 1749/1749/1003 1746/1746/1003 1748/1748/1003
f 1841/1841/1003 1749/1749/1003 1750/1750/1003
f 1795/1795/1002 1751/1751/1002 1753/1753/1002
f 1764/1764/1003 1754/1754/1003 1756/1756/1003
f 1761/1761/1002 1757/1757/1002 1759/1759/1002
f 1798/1798/1002 1760/1760/1002 1761/1761/1002
f 1753/1753/1002 1752/1752/1002 1763/1763/1002
f 1816/1816/1003 1764/1764/1003 1765/1765/1003
f 1711/1711/1004 1710/1710/1004 1767/1767/1004
s 1
f 1799/1799/1017 1768/1768/1041 1715/1715/1017
f 1745/1745/1017 1744/1744/1040 1771/1771/1017
s 0
f 1734/1734/1039 1733/1733/1039 1773/1773/1039
f 1735/1735/1039 1774/1774/1039 1776/1776/1039
f 1698/1698/1006 1738/1738/1006 1699/1699/1006
f 1821/1821/1006 1778/1778/1006 1780/1780/1006
f 1838/1838/1004 1712/1712/1004 1782/1782/1004
s 1
f 1822/1822/1017 1783/1783/1017 1768/1768/1041
s 0
f 1821/1821/1006 1784/1784/1006 1786/1786/1006
f 1786/1786/1006 1785/1785/1006 1787/1787/1006
f 1842/1842/1004 1704/1704/1004 1788/1788/1004
f 1843/1843/1043 1789/1789/1043 1791/1791/1043
s 1
f 1744/1744/1040 1692/1692/1033 1770/1770/1017
s 0
f 1826/1826/1003 1793/1793/1003 1746/1746/1003
f 1818/1818/1002 1794/1794/1002 1795/1795/1002
f 1820/1820/1003 1796/1796/1003 1754/1754/1003
f 1830/1830/1002 1797/1797/1002 1798/1798/1002
s 1
f 1822/1822/1017 1768/1768/1041 1800/1800/1017
s 0
f 1723/1723/1006 1784/1784/1006 1724/1724/1006
s 1
f 1806/1806/1017 1802/1802/1017 1804/1804/1045
f 1804/1804/1045 1769/1769/1042 1694/1694/1035
f 1692/1692/1033 1744/1744/1040 1693/1693/1034
f 1803/1803/1044 1744/1744/1040 1804/1804/1045
f 1802/1802/1017 1805/1805/1017 1803/1803/1044
f 1807/1807/1017 1806/1806/1017 1694/1694/1035
f 1805/1805/1017 1807/1807/1017 1693/1693/1034
s 0
f 1810/1810/1039 1808/1808/1039 1809/1809/1039
f 1774/1774/1039 1735/1735/1039 1810/1810/1039
f 1842/1842/1004 1788/1788/1004 1811/1811/1004
f 1819/1819/1002 1795/1795/1002 1812/1812/1002
f 1815/1815/1003 1813/1813/1003 1764/1764/1003
f 1812/1812/1002 1753/1753/1002 1814/1814/1002
f 1844/1844/1003 1815/1815/1003 1816/1816/1003
f 1736/1736/1039 1735/1735/1039 1817/1817/1039
f 1833/1833/1002 1818/1818/1002 1819/1819/1002
f 1835/1835/1003 1820/1820/1003 1813/1813/1003
s 1
f 1692/1692/1033 1783/1783/1017 1792/1792/1017
s 0
f 1784/1784/1006 1821/1821/1006 1801/1801/1006
f 1845/1845/1017 1741/1741/1017 1822/1822/1017
f 1778/1778/1006 1821/1821/1006 1823/1823/1006
f 1823/1823/1006 1786/1786/1006 1824/1824/1006
f 1846/1846/1003 1825/1825/1003 1826/1826/1003
f 1832/1832/1002 1827/1827/1002 1818/1818/1002
f 1834/1834/1003 1828/1828/1003 1820/1820/1003
f 1847/1847/1002 1829/1829/1002 1830/1830/1002
f 1845/1845/1017 1822/1822/1017 1831/1831/1017
f 1848/1848/1002 1832/1832/1002 1833/1833/1002
f 1849/1849/1003 1834/1834/1003 1835/1835/1003
o scifi_computer_keyboard_0
v -1.603002 0.000004 1.501245
v -1.755340 0.000004 1.501245
v -1.755340 0.187357 1.501245
v -1.755340 0.274094 3.096649
v -1.755340 0.261302 3.208176
v -1.603002 0.261302 3.208176
v -1.755340 0.408774 1.501245
v -1.755340 0.408775 1.834639
v -1.603002 0.408775 1.834639
v 2.547029 0.000004 1.501245
v 2.547029 0.000005 1.834639
v 2.078138 0.000005 1.834639
v -1.755340 0.000004 1.501245
v -1.755340 0.000005 1.834639
v -1.755340 0.187357 1.834639
v 2.547029 0.408774 1.501245
v 2.547029 0.408775 1.834639
v 2.547029 0.187357 1.834639
v -1.755340 0.119766 3.208176
v -1.755340 0.000005 3.208176
v -1.603002 0.000005 3.208176
v 2.547029 0.000005 3.096649
v 2.547029 0.000005 3.208176
v 2.078138 0.000005 3.208176
v -1.755340 0.125629 3.096649
v -1.755340 0.000005 3.096649
v -1.755340 0.000005 3.208176
v 2.547029 0.274094 3.096649
v 2.547029 0.261302 3.208176
v 2.547029 0.119766 3.208176
v -1.603002 0.187357 1.501245
v -1.755340 0.187357 1.501245
v -1.755340 0.408774 1.501245
v -1.755340 0.187357 1.501245
v -1.755340 0.187357 1.834639
v -1.755340 0.408775 1.834639
v 2.547029 0.187357 1.501245
v 2.547029 0.187357 1.834639
v 2.547029 0.000005 1.834639
v -1.755340 0.261302 3.208176
v -1.755340 0.119766 3.208176
v -1.603002 0.119766 3.208176
v -1.755340 0.274094 3.096649
v -1.755340 0.125629 3.096649
v -1.755340 0.119766 3.208176
v 2.547029 0.125629 3.096649
v 2.547029 0.119766 3.208176
v 2.547029 0.000005 3.208176
v 2.547029 0.000004 1.501245
v 2.078138 0.000004 1.501245
v 2.078138 0.187357 1.501245
v 2.078138 0.274094 3.096649
v 2.078138 0.261302 3.208176
v 2.547029 0.261302 3.208176
v 2.547029 0.408774 1.501245
v 2.078138 0.408774 1.501245
v 2.078138 0.408775 1.834639
v 2.078138 0.000004 1.501245
v -1.603002 0.000005 1.834639
v 2.078138 0.119766 3.208176
v 2.078138 0.000005 3.208176
v 2.547029 0.000005 3.208176
v 2.078138 0.000005 3.096649
v -1.603002 0.000005 3.208176
v 2.547029 0.187357 1.501245
v 2.078138 0.187357 1.501245
v 2.078138 0.408774 1.501245
v 2.078138 0.261302 3.208176
v 2.078138 0.119766 3.208176
v 2.547029 0.119766 3.208176
v -1.755340 0.396470 1.949939
v -1.603002 0.274094 3.096649
v 2.547029 0.000005 1.949938
v -1.755340 0.181718 1.949939
v -1.755340 0.000005 1.949939
v 2.547029 0.396470 1.949938
v 2.547029 0.125629 3.096649
v -1.755340 0.396470 1.949939
v -1.755340 0.181718 1.949939
v 2.547029 0.181718 1.949938
v 2.547029 0.000005 3.096649
v 2.547029 0.396470 1.949938
v 2.078138 0.396470 1.949938
v 2.078138 0.000005 1.949938
v -1.603002 0.000005 3.096649
v -1.755340 0.408775 1.834639
v -1.603002 0.396470 1.949939
v 2.547029 0.408775 1.834639
v 2.547029 0.181718 1.949938
v -1.755340 0.408775 1.834639
v -1.755340 0.187357 1.834639
v 2.547029 0.000005 1.949938
v 2.078138 0.408775 1.834639
v -1.603002 0.000005 1.949939
v -1.603002 0.187357 1.501245
v -1.603002 0.408774 1.501245
v -1.603002 0.119766 3.208176
v -1.603002 0.408774 1.501245
v -1.603002 0.261302 3.208176
v -1.603002 0.000004 1.501245
v -1.755340 0.000005 1.834639
v -1.755340 0.000005 3.208176
v -1.603002 0.274094 3.096649
v -1.603002 0.237967 3.092794
v -1.603002 0.360343 1.946083
v -1.755340 0.000005 3.096649
v -1.603002 0.408775 1.834639
v -1.755340 0.000005 1.949939
v -1.603002 0.360343 1.946083
v -1.603002 0.237967 3.092794
v 2.078138 0.237967 3.092794
v -1.603002 0.396470 1.949939
v -1.603002 0.360343 1.946083
v 2.078138 0.360343 1.946083
v 2.078138 0.274094 3.096649
v 2.078138 0.237967 3.092794
v -1.603002 0.237967 3.092794
v 2.078138 0.396470 1.949938
v 2.078138 0.360343 1.946083
v 2.078138 0.237967 3.092794
v -1.755340 0.187357 1.501245
v 2.547029 0.187357 1.501245
v -1.755340 0.119766 3.208176
v -1.755340 0.408774 1.501245
v 2.547029 0.000004 1.501245
v -1.755340 0.261302 3.208176
v 2.547029 0.187357 1.501245
v 2.547029 0.274094 3.096649
v 2.547029 0.408775 1.834639
v 2.547029 0.119766 3.208176
v 2.547029 0.408774 1.501245
v 2.547029 0.261302 3.208176
v 2.547029 0.187357 1.834639
v 2.547029 0.408775 1.834639
v -1.755340 0.000004 1.501245
v -1.603002 0.396470 1.949939
v 2.078138 0.360343 1.946083
v 2.078138 0.396470 1.949938
v -1.603002 0.274094 3.096649
v 2.078138 0.274094 3.096649
v 0.280372 0.925455 0.755367
v 0.280372 0.925417 0.716177
v -0.308729 0.925417 0.716177
v -0.345608 0.905802 0.755378
v -0.368531 0.896950 0.734015
v 0.340174 0.896950 0.734015
v 0.340174 0.896950 0.734015
v 0.340174 0.998215 0.734004
v 0.317251 0.989393 0.755338
v -0.345608 0.989393 0.755338
v -0.368531 0.998215 0.734004
v -0.368531 0.896950 0.734015
v 0.340174 0.998215 0.734004
v -0.368531 0.998215 0.734004
v -0.345608 0.989393 0.755338
v 0.280372 0.969759 0.755349
v 0.317251 0.989393 0.755338
v -0.345608 0.989393 0.755338
v -0.308729 0.969759 0.755349
v -0.345608 0.905802 0.755378
v 0.280372 0.925455 0.755367
v 0.317251 0.905802 0.755378
v -0.308729 0.925455 0.755367
v 0.280372 0.969722 0.716159
v -0.308729 0.969722 0.716159
v -0.308729 0.925417 0.716177
v 0.280372 0.969759 0.755349
v 0.280372 0.969722 0.716159
v 0.280372 0.925417 0.716177
v -0.308729 0.969759 0.755349
v -0.308729 0.925455 0.755367
v -0.308729 0.925417 0.716177
v -0.308729 0.969759 0.755349
v -0.308729 0.969722 0.716159
v 0.280372 0.969722 0.716159
v -0.368531 0.896950 0.700832
v 0.340174 0.896950 0.700832
v 0.340174 0.896950 0.700832
v 0.340174 0.998215 0.700817
v -0.368531 0.998215 0.700817
v 0.340174 0.998215 0.700817
v -0.368531 0.998215 0.700817
v 1.283341 0.925455 0.755367
v 1.283341 0.925417 0.716177
v 0.694240 0.925417 0.716177
v 0.657361 0.905802 0.755378
v 0.634438 0.896950 0.734015
v 1.343143 0.896950 0.734015
v 1.343143 0.896950 0.734015
v 1.343143 0.998215 0.734004
v 1.320220 0.989393 0.755338
v 0.657361 0.989393 0.755338
v 0.634438 0.998215 0.734004
v 0.634438 0.896950 0.734015
v 1.343143 0.998215 0.734004
v 0.634438 0.998215 0.734004
v 0.657361 0.989393 0.755338
v 1.283341 0.969759 0.755349
v 1.320220 0.989393 0.755338
v 0.657361 0.989393 0.755338
v 0.694240 0.969759 0.755349
v 0.657361 0.905802 0.755378
v 1.283341 0.925455 0.755367
v 1.320220 0.905802 0.755378
v 0.694240 0.925455 0.755367
v 1.283341 0.969722 0.716159
v 0.694240 0.969722 0.716159
v 0.694240 0.925417 0.716177
v 1.283341 0.969759 0.755349
v 1.283341 0.969722 0.716159
v 1.283341 0.925417 0.716177
v 0.694240 0.969759 0.755349
v 0.694240 0.925455 0.755367
v 0.694240 0.925417 0.716177
v 0.694240 0.969759 0.755349
v 0.694240 0.969722 0.716159
v 1.283341 0.969722 0.716159
v 0.634438 0.896950 0.700832
v 1.343143 0.896950 0.700832
v 1.343143 0.896950 0.700832
v 1.343143 0.998215 0.700817
v 0.634438 0.998215 0.700817
v 1.343143 0.998215 0.700817
v -0.308729 0.925455 0.755367
v 0.317251 0.905802 0.755378
v 0.317251 0.905802 0.755378
v -0.345608 0.905802 0.755378
v 0.317251 0.989393 0.755338
v 0.280372 0.925417 0.716177
v 0.280372 0.925455 0.755367
v -0.308729 0.969722 0.716159
v 0.280372 0.969759 0.755349
v -0.368531 0.896950 0.700832
v 0.694240 0.925455 0.755367
v 1.320220 0.905802 0.755378
v 1.320220 0.905802 0.755378
v 0.657361 0.905802 0.755378
v 1.320220 0.989393 0.755338
v 1.283341 0.925417 0.716177
v 1.283341 0.925455 0.755367
v 0.694240 0.969722 0.716159
v 1.283341 0.969759 0.755349
v 0.634438 0.896950 0.700832
v 0.634438 0.998215 0.700817
vn -0.0000 -0.0000 -1.0000
vn -0.0000 0.9939 0.1100
vn -0.0000 0.9935 0.1139
vn -0.0000 1.0000 -0.0000
vn -0.0000 -1.0000 -0.0000
vn -1.0000 -0.0000 -0.0000
vn 1.0000 -0.0000 -0.0000
vn -0.0000 -0.0000 1.0000
vn -0.0000 0.9938 0.1113
vn -0.0000 0.9944 0.1061
vn -0.0000 -0.1061 0.9944
vn -0.0000 0.1061 -0.9944
vn -0.0000 1.0000 -0.0010
vn -0.0000 -0.9238 0.3828
vn -0.0000 -0.9915 0.1303
vn 0.9328 0.0001 0.3603
vn 0.9327 -0.0000 0.3606
vn 0.6814 0.0001 0.7319
vn -0.6814 0.0001 0.7319
vn -0.9327 -0.0000 0.3606
vn -0.9328 0.0001 0.3603
vn -0.0000 0.9915 0.1300
vn -0.0000 0.9241 0.3821
vn -0.0000 0.0006 1.0000
vn -0.0000 0.0005 1.0000
vn -0.0001 0.0004 1.0000
vn -0.0000 0.0004 1.0000
vn -0.0000 -1.0000 0.0010
vn 0.6818 0.0003 0.7315
vn -0.6818 0.0003 0.7315
vn 0.0001 0.0004 1.0000
vn -0.0001 0.0007 1.0000
vt 0.029129 0.077952
vt 0.001430 0.077952
vt 0.001430 0.112017
vt 0.001433 0.664797
vt 0.001430 0.685209
vt 0.029129 0.685214
vt 0.001430 0.157998
vt 0.001430 0.218618
vt 0.029129 0.218618
vt 0.783717 0.998570
vt 0.783717 0.937950
vt 0.698460 0.937950
vt 0.983619 0.394178
vt 0.923071 0.397140
vt 0.924735 0.431165
vt 0.797737 0.227976
vt 0.737117 0.227976
vt 0.737117 0.268235
vt 0.001430 0.024721
vt 0.001430 0.046497
vt 0.029129 0.046497
vt 0.783717 0.708482
vt 0.783717 0.688203
vt 0.698460 0.688203
vt 0.694993 0.431166
vt 0.693877 0.408351
vt 0.673622 0.409342
vt 0.695246 0.284356
vt 0.674878 0.285689
vt 0.673622 0.311393
vt 0.029130 0.114878
vt 0.001430 0.114878
vt 0.001430 0.155138
vt 0.734243 0.227955
vt 0.673622 0.227976
vt 0.673636 0.268235
vt 0.983985 0.357146
vt 0.923365 0.357166
vt 0.923377 0.391232
vt 0.001430 0.049357
vt 0.001430 0.075092
vt 0.029129 0.075092
vt 0.696764 0.354285
vt 0.693900 0.327443
vt 0.673622 0.328535
vt 0.693901 0.368470
vt 0.673622 0.369543
vt 0.673630 0.391318
vt 0.783720 0.077952
vt 0.698462 0.077952
vt 0.698462 0.112018
vt 0.698468 0.664915
vt 0.698465 0.685326
vt 0.783720 0.685341
vt 0.783719 0.157998
vt 0.698461 0.157998
vt 0.698461 0.218618
vt 0.698460 0.998570
vt 0.029129 0.937950
vt 0.698459 0.024721
vt 0.698459 0.046497
vt 0.783717 0.046497
vt 0.698460 0.708482
vt 0.029130 0.688201
vt 0.783716 0.114878
vt 0.698459 0.114878
vt 0.698459 0.155137
vt 0.698464 0.049357
vt 0.698464 0.075092
vt 0.783721 0.075092
vt 0.001469 0.455109
vt 0.029133 0.664802
vt 0.783717 0.916985
vt 0.903746 0.431165
vt 0.902131 0.398164
vt 0.904588 0.272307
vt 0.693929 0.311318
vt 0.906452 0.354286
vt 0.902308 0.315458
vt 0.902401 0.358199
vt 0.693909 0.391311
vt 0.783760 0.455244
vt 0.698503 0.455229
vt 0.698460 0.916985
vt 0.029130 0.708480
vt 0.001473 0.434025
vt 0.029169 0.455114
vt 0.925636 0.271095
vt 0.902682 0.311308
vt 0.927536 0.354286
vt 0.923264 0.314253
vt 0.902412 0.391240
vt 0.698507 0.434145
vt 0.029129 0.916985
vt 0.029129 0.112017
vt 0.029129 0.157998
vt 0.029129 0.024721
vt 0.029130 0.155138
vt 0.029129 0.049357
vt 0.029129 0.998570
vt 0.001430 0.937950
vt 0.001430 0.688201
vt 0.507674 0.015255
vt 0.507674 0.021861
vt 0.717360 0.021861
vt 0.001430 0.708480
vt 0.029172 0.434030
vt 0.001430 0.916985
vt 0.001430 0.221478
vt 0.001430 0.431166
vt 0.670762 0.431165
vt 0.001482 0.001430
vt 0.001430 0.010215
vt 0.504762 0.010215
vt 0.504762 0.021861
vt 0.504814 0.013076
vt 0.001482 0.013075
vt 0.929907 0.021861
vt 0.929907 0.015255
vt 0.720220 0.015255
vt 0.985283 0.428204
vt 0.797737 0.268235
vt 0.674686 0.431091
vt 0.734257 0.268215
vt 0.983997 0.391211
vt 0.676353 0.354125
vt 0.783720 0.112018
vt 0.783724 0.664930
vt 0.783719 0.218618
vt 0.783717 0.024721
vt 0.783716 0.155137
vt 0.783721 0.049357
vt 0.923672 0.311307
vt 0.783764 0.434160
vt 0.001430 0.998570
vt 0.717360 0.015255
vt 0.670763 0.221478
vt 0.504814 0.001431
vt 0.001430 0.021860
vt 0.720220 0.021861
vt 0.895081 0.256517
vt 0.909355 0.256517
vt 0.909355 0.041955
vt 0.074114 0.467688
vt 0.058691 0.483257
vt 0.535686 0.483093
vt 0.603909 0.635635
vt 0.603917 0.567478
vt 0.582840 0.573416
vt 0.685003 0.573422
vt 0.663927 0.567478
vt 0.663915 0.635635
vt 0.926184 0.925657
vt 0.926184 0.448661
vt 0.910645 0.464090
vt 0.480007 0.605724
vt 0.504828 0.592509
vt 0.058691 0.592509
vt 0.083512 0.605723
vt 0.058691 0.648770
vt 0.480007 0.635543
vt 0.504828 0.648771
vt 0.083512 0.635542
vt 0.953444 0.257386
vt 0.953444 0.042823
vt 0.937308 0.042823
vt 0.907759 0.952310
vt 0.893485 0.952318
vt 0.893485 0.968454
vt 0.834170 0.952710
vt 0.818033 0.952711
vt 0.818027 0.966985
vt 0.976013 0.042823
vt 0.961739 0.042823
vt 0.961739 0.257385
vt 0.058698 0.505592
vt 0.535694 0.505427
vt 0.626243 0.635635
vt 0.626253 0.567478
vt 0.641591 0.567472
vt 0.948520 0.925657
vt 0.948520 0.448661
vt 0.840751 0.254726
vt 0.855025 0.254726
vt 0.855025 0.040163
vt 0.842113 0.464089
vt 0.826550 0.448661
vt 0.826550 0.925655
vt 0.541246 0.648771
vt 0.541254 0.580614
vt 0.520176 0.586551
vt 0.626249 0.489937
vt 0.605174 0.483994
vt 0.605162 0.552150
vt 0.872981 0.925658
vt 0.872980 0.448661
vt 0.857442 0.464090
vt 0.480006 0.534134
vt 0.504828 0.520920
vt 0.058691 0.520920
vt 0.083512 0.534134
vt 0.058691 0.577180
vt 0.480006 0.563953
vt 0.504828 0.577181
vt 0.083512 0.563953
vt 0.877531 0.255593
vt 0.877531 0.041031
vt 0.861395 0.041031
vt 0.884109 0.951701
vt 0.869835 0.951709
vt 0.869835 0.967846
vt 0.860719 0.950724
vt 0.844582 0.950725
vt 0.844575 0.964999
vt 0.832457 0.040163
vt 0.818183 0.040163
vt 0.818183 0.254726
vt 0.804216 0.448661
vt 0.804216 0.925655
vt 0.563580 0.648771
vt 0.563590 0.580614
vt 0.582838 0.483987
vt 0.895317 0.925658
vt 0.895081 0.041955
vt 0.520252 0.467534
vt 0.582820 0.629677
vt 0.685006 0.629683
vt 0.910645 0.910229
vt 0.937308 0.257386
vt 0.907759 0.968446
vt 0.834163 0.966983
vt 0.976013 0.257385
vt 0.641581 0.635629
vt 0.840751 0.040163
vt 0.842114 0.910226
vt 0.520156 0.642812
vt 0.626253 0.546198
vt 0.857442 0.910229
vt 0.861395 0.255593
vt 0.884109 0.967838
vt 0.860712 0.964997
vt 0.832456 0.254726
vt 0.582828 0.552144
vt 0.895317 0.448661
s 0
usemtl keyboard
f 1850/1850/1046 1851/1851/1046 1852/1852/1046
s 1
f 1853/1853/1047 1854/1854/1048 1855/1855/1048
s 0
f 1856/1856/1049 1857/1857/1049 1858/1858/1049
f 1859/1859/1050 1860/1860/1050 1861/1861/1050
f 1862/1862/1051 1863/1863/1051 1864/1864/1051
f 1865/1865/1052 1866/1866/1052 1867/1867/1052
f 1868/1868/1053 1869/1869/1053 1870/1870/1053
f 1871/1871/1050 1872/1872/1050 1873/1873/1050
f 1874/1874/1051 1875/1875/1051 1876/1876/1051
f 1877/1877/1052 1878/1878/1052 1879/1879/1052
f 1880/1880/1046 1881/1881/1046 1882/1882/1046
f 1883/1883/1051 1884/1884/1051 1885/1885/1051
f 1886/1886/1052 1887/1887/1052 1888/1888/1052
f 1889/1889/1053 1890/1890/1053 1891/1891/1053
f 1892/1892/1051 1893/1893/1051 1894/1894/1051
f 1895/1895/1052 1896/1896/1052 1897/1897/1052
f 1898/1898/1046 1899/1899/1046 1900/1900/1046
s 1
f 1901/1901/1054 1902/1902/1048 1903/1903/1048
s 0
f 1904/1904/1049 1905/1905/1049 1906/1906/1049
f 1907/1907/1050 1861/1861/1050 1908/1908/1050
f 1909/1909/1053 1910/1910/1053 1911/1911/1053
f 1912/1912/1050 1873/1873/1050 1913/1913/1050
f 1914/1914/1046 1915/1915/1046 1916/1916/1046
f 1917/1917/1053 1918/1918/1053 1919/1919/1053
s 1
f 1920/1920/1055 1853/1853/1047 1921/1921/1054
s 0
f 1922/1922/1050 1871/1871/1050 1912/1912/1050
f 1923/1923/1051 1924/1924/1051 1875/1875/1051
f 1925/1925/1052 1877/1877/1052 1926/1926/1052
f 1927/1927/1051 1928/1928/1051 1893/1893/1051
f 1929/1929/1052 1895/1895/1052 1930/1930/1052
s 1
f 1931/1931/1055 1932/1932/1055 1901/1901/1054
s 0
f 1933/1933/1050 1912/1912/1050 1934/1934/1050
f 1935/1935/1055 1920/1920/1055 1936/1936/1055
f 1860/1860/1050 1922/1922/1050 1933/1933/1050
f 1864/1864/1051 1863/1863/1051 1924/1924/1051
f 1937/1937/1052 1925/1925/1052 1938/1938/1052
f 1939/1939/1051 1940/1940/1051 1928/1928/1051
f 1887/1887/1052 1929/1929/1052 1941/1941/1052
f 1942/1942/1055 1932/1932/1055 1931/1931/1055
f 1861/1861/1050 1933/1933/1050 1943/1943/1050
f 1899/1899/1046 1850/1850/1046 1944/1944/1046
s 1
f 1921/1921/1054 1855/1855/1048 1902/1902/1048
s 0
f 1945/1945/1049 1858/1858/1049 1906/1906/1049
f 1946/1946/1053 1870/1870/1053 1910/1910/1053
f 1915/1915/1046 1880/1880/1046 1947/1947/1046
f 1948/1948/1053 1891/1891/1053 1918/1918/1053
f 1949/1949/1050 1908/1908/1050 1950/1950/1050
f 1934/1934/1050 1913/1913/1050 1951/1951/1050
f 1952/1952/1052 1953/1953/1052 1954/1954/1052
f 1943/1943/1050 1934/1934/1050 1955/1955/1050
f 1942/1942/1055 1956/1956/1055 1936/1936/1055
f 1908/1908/1050 1943/1943/1050 1957/1957/1050
f 1958/1958/1055 1959/1959/1055 1960/1960/1055
f 1961/1961/1056 1962/1962/1056 1963/1963/1056
f 1964/1964/1057 1965/1965/1057 1966/1966/1057
f 1967/1967/1051 1968/1968/1051 1969/1969/1051
f 1944/1944/1046 1850/1850/1046 1852/1852/1046
s 1
f 1921/1921/1054 1853/1853/1047 1855/1855/1048
s 0
f 1945/1945/1049 1856/1856/1049 1858/1858/1049
f 1907/1907/1050 1859/1859/1050 1861/1861/1050
f 1970/1970/1051 1862/1862/1051 1864/1864/1051
f 1971/1971/1052 1865/1865/1052 1867/1867/1052
f 1946/1946/1053 1868/1868/1053 1870/1870/1053
f 1912/1912/1050 1871/1871/1050 1873/1873/1050
f 1972/1972/1051 1874/1874/1051 1876/1876/1051
f 1926/1926/1052 1877/1877/1052 1879/1879/1052
f 1947/1947/1046 1880/1880/1046 1882/1882/1046
f 1973/1973/1051 1883/1883/1051 1885/1885/1051
f 1974/1974/1052 1886/1886/1052 1888/1888/1052
f 1948/1948/1053 1889/1889/1053 1891/1891/1053
f 1975/1975/1051 1892/1892/1051 1894/1894/1051
f 1930/1930/1052 1895/1895/1052 1897/1897/1052
f 1976/1976/1046 1898/1898/1046 1900/1900/1046
s 1
f 1977/1977/1047 1901/1901/1054 1903/1903/1048
s 0
f 1978/1978/1049 1904/1904/1049 1906/1906/1049
f 1949/1949/1050 1907/1907/1050 1908/1908/1050
f 1979/1979/1053 1909/1909/1053 1911/1911/1053
f 1934/1934/1050 1912/1912/1050 1913/1913/1050
f 1980/1980/1046 1914/1914/1046 1916/1916/1046
f 1981/1981/1053 1917/1917/1053 1919/1919/1053
s 1
f 1936/1936/1055 1920/1920/1055 1921/1921/1054
s 0
f 1933/1933/1050 1922/1922/1050 1912/1912/1050
f 1874/1874/1051 1923/1923/1051 1875/1875/1051
f 1938/1938/1052 1925/1925/1052 1926/1926/1052
f 1892/1892/1051 1927/1927/1051 1893/1893/1051
f 1941/1941/1052 1929/1929/1052 1930/1930/1052
s 1
f 1977/1977/1047 1931/1931/1055 1901/1901/1054
s 0
f 1943/1943/1050 1933/1933/1050 1934/1934/1050
f 1956/1956/1055 1935/1935/1055 1936/1936/1055
f 1861/1861/1050 1860/1860/1050 1933/1933/1050
f 1923/1923/1051 1864/1864/1051 1924/1924/1051
f 1982/1982/1052 1937/1937/1052 1938/1938/1052
f 1927/1927/1051 1939/1939/1051 1928/1928/1051
f 1888/1888/1052 1887/1887/1052 1941/1941/1052
f 1983/1983/1055 1942/1942/1055 1931/1931/1055
f 1908/1908/1050 1861/1861/1050 1943/1943/1050
f 1900/1900/1046 1899/1899/1046 1944/1944/1046
s 1
f 1901/1901/1054 1921/1921/1054 1902/1902/1048
s 0
f 1905/1905/1049 1945/1945/1049 1906/1906/1049
f 1909/1909/1053 1946/1946/1053 1910/1910/1053
f 1916/1916/1046 1915/1915/1046 1947/1947/1046
f 1917/1917/1053 1948/1948/1053 1918/1918/1053
f 1984/1984/1050 1949/1949/1050 1950/1950/1050
f 1955/1955/1050 1934/1934/1050 1951/1951/1050
f 1985/1985/1052 1952/1952/1052 1954/1954/1052
f 1957/1957/1050 1943/1943/1050 1955/1955/1050
f 1932/1932/1055 1942/1942/1055 1936/1936/1055
f 1950/1950/1050 1908/1908/1050 1957/1957/1050
f 1986/1986/1055 1958/1958/1055 1960/1960/1055
f 1987/1987/1056 1961/1961/1056 1963/1963/1056
f 1988/1988/1057 1964/1964/1057 1966/1966/1057
f 1989/1989/1051 1967/1967/1051 1969/1969/1051
f 1990/1990/1058 1991/1991/1058 1992/1992/1058
s 1
f 1993/1993/1059 1994/1994/1060 1995/1995/1060
f 1996/1996/1061 1997/1997/1062 1998/1998/1063
f 1999/1999/1064 2000/2000/1065 2001/2001/1066
f 2002/2002/1067 2003/2003/1067 2004/2004/1068
s 0
f 2005/2005/1069 2006/2006/1069 2007/2007/1069
f 2008/2008/1070 2007/2007/1070 2009/2009/1070
f 2005/2005/1071 2010/2010/1071 2011/2011/1071
f 2012/2012/1069 2009/2009/1069 2011/2011/1069
f 2013/2013/1072 2014/2014/1072 2015/2015/1072
f 2016/2016/1051 2017/2017/1051 2018/2018/1051
f 2019/2019/1052 2020/2020/1052 2021/2021/1052
f 2022/2022/1073 2023/2023/1073 2024/2024/1073
s 1
f 1994/1994/1060 2025/2025/1050 2026/2026/1050
f 1996/1996/1061 2027/2027/1052 2028/2028/1052
f 2001/2001/1066 2000/2000/1065 2029/2029/1051
f 2002/2002/1067 2030/2030/1049 2031/2031/1049
s 0
f 2032/2032/1058 2033/2033/1058 2034/2034/1058
s 1
f 2035/2035/1059 2036/2036/1060 2037/2037/1060
f 2038/2038/1061 2039/2039/1062 2040/2040/1063
f 2041/2041/1064 2042/2042/1065 2043/2043/1066
f 2044/2044/1067 2045/2045/1067 2046/2046/1068
s 0
f 2047/2047/1070 2048/2048/1070 2049/2049/1070
f 2050/2050/1070 2049/2049/1070 2051/2051/1070
f 2047/2047/1071 2052/2052/1071 2053/2053/1071
f 2054/2054/1069 2051/2051/1069 2053/2053/1069
f 2055/2055/1072 2056/2056/1072 2057/2057/1072
f 2058/2058/1051 2059/2059/1051 2060/2060/1051
f 2061/2061/1052 2062/2062/1052 2063/2063/1052
f 2064/2064/1073 2065/2065/1073 2066/2066/1073
s 1
f 2036/2036/1060 2067/2067/1050 2068/2068/1050
f 2038/2038/1061 2069/2069/1052 2070/2070/1052
f 2043/2043/1066 2042/2042/1065 2071/2071/1051
f 2045/2045/1067 2044/2044/1067 2072/2072/1049
s 0
f 2073/2073/1058 1990/1990/1058 1992/1992/1058
s 1
f 2074/2074/1059 1993/1993/1059 1995/1995/1060
f 2075/2075/1074 1996/1996/1061 1998/1998/1063
f 2076/2076/1075 1999/1999/1064 2001/2001/1066
f 2077/2077/1068 2002/2002/1067 2004/2004/1068
s 0
f 2008/2008/1070 2005/2005/1070 2007/2007/1070
f 2012/2012/1076 2008/2008/1077 2009/2009/1076
f 2006/2006/1070 2005/2005/1070 2011/2011/1070
f 2010/2010/1069 2012/2012/1069 2011/2011/1069
f 2078/2078/1072 2013/2013/1072 2015/2015/1072
f 2079/2079/1051 2016/2016/1051 2018/2018/1051
f 2080/2080/1052 2019/2019/1052 2021/2021/1052
f 2081/2081/1073 2022/2022/1073 2024/2024/1073
s 1
f 1995/1995/1060 1994/1994/1060 2026/2026/1050
f 1997/1997/1062 1996/1996/1061 2028/2028/1052
f 2082/2082/1051 2001/2001/1066 2029/2029/1051
f 2003/2003/1067 2002/2002/1067 2031/2031/1049
s 0
f 2083/2083/1058 2032/2032/1058 2034/2034/1058
s 1
f 2084/2084/1059 2035/2035/1059 2037/2037/1060
f 2085/2085/1074 2038/2038/1061 2040/2040/1063
f 2086/2086/1075 2041/2041/1064 2043/2043/1066
f 2087/2087/1068 2044/2044/1067 2046/2046/1068
s 0
f 2050/2050/1069 2047/2047/1069 2049/2049/1069
f 2054/2054/1076 2050/2050/1076 2051/2051/1076
f 2048/2048/1070 2047/2047/1070 2053/2053/1070
f 2052/2052/1069 2054/2054/1069 2053/2053/1069
f 2088/2088/1072 2055/2055/1072 2057/2057/1072
f 2089/2089/1051 2058/2058/1051 2060/2060/1051
f 2090/2090/1052 2061/2061/1052 2063/2063/1052
f 2091/2091/1073 2064/2064/1073 2066/2066/1073
s 1
f 2037/2037/1060 2036/2036/1060 2068/2068/1050
f 2039/2039/1062 2038/2038/1061 2070/2070/1052
f 2092/2092/1051 2043/2043/1066 2071/2071/1051
f 2093/2093/1049 2045/2045/1067 2072/2072/1049
o scifi_computer_keys_0
v 1.073139 0.336175 2.899356
v 1.085852 0.258176 2.878086
v 0.956957 0.258176 2.878086
v 1.073139 0.324988 3.002219
v 1.085852 0.244241 3.006226
v 1.085852 0.258176 2.878086
v 1.073139 0.324988 3.002219
v 0.969670 0.324988 3.002219
v 0.956957 0.244241 3.006226
v 0.969670 0.324988 3.002219
v 0.969670 0.336175 2.899356
v 0.956957 0.258176 2.878086
v 1.073139 0.324988 3.002219
v 1.073139 0.336175 2.899356
v 0.969670 0.336175 2.899356
v 1.230452 0.336175 2.899356
v 1.243165 0.258176 2.878086
v 1.114269 0.258176 2.878086
v 1.230452 0.336175 2.899356
v 1.230452 0.324988 3.002219
v 1.243165 0.244241 3.006226
v 1.126982 0.324988 3.002219
v 1.114269 0.244241 3.006226
v 1.243165 0.244241 3.006226
v 1.126982 0.324988 3.002219
v 1.126982 0.336175 2.899356
v 1.114269 0.258176 2.878086
v 1.230452 0.324988 3.002219
v 1.230452 0.336175 2.899356
v 1.126982 0.336175 2.899356
v 0.914656 0.336175 2.899356
v 0.927369 0.258176 2.878086
v 0.798473 0.258176 2.878086
v 0.914656 0.324988 3.002219
v 0.927369 0.244241 3.006226
v 0.927369 0.258176 2.878086
v 0.811186 0.324988 3.002219
v 0.798473 0.244241 3.006226
v 0.927369 0.244241 3.006226
v 0.811186 0.336175 2.899356
v 0.798473 0.258176 2.878086
v 0.798473 0.244241 3.006226
v 0.914656 0.324988 3.002219
v 0.914656 0.336175 2.899356
v 0.811186 0.336175 2.899356
v 1.073139 0.342498 2.841206
v 0.969670 0.342498 2.841206
v 0.956957 0.261751 2.845211
v 1.073139 0.353683 2.738359
v 1.073139 0.342498 2.841206
v 1.085852 0.261751 2.845211
v 1.073139 0.342498 2.841206
v 1.073139 0.353683 2.738359
v 0.969670 0.353683 2.738359
v 0.969670 0.353683 2.738359
v 0.956957 0.275684 2.717091
v 0.956957 0.261751 2.845211
v 1.073139 0.353683 2.738359
v 1.085852 0.275684 2.717091
v 0.956957 0.275684 2.717091
v 1.073139 0.390614 2.398757
v 1.085852 0.312615 2.377487
v 0.956957 0.312615 2.377487
v 1.073139 0.379428 2.501621
v 1.085852 0.298680 2.505627
v 1.085852 0.312615 2.377487
v 1.073139 0.379428 2.501621
v 0.969670 0.379428 2.501621
v 0.956957 0.298680 2.505627
v 0.969670 0.379428 2.501621
v 0.969670 0.390614 2.398757
v 0.956957 0.312615 2.377487
v 1.073139 0.379428 2.501621
v 1.073139 0.390614 2.398757
v 0.969670 0.390614 2.398757
v 1.230452 0.390614 2.398757
v 1.243165 0.312615 2.377487
v 1.114269 0.312615 2.377487
v 1.230452 0.379428 2.501621
v 1.243165 0.298680 2.505627
v 1.243165 0.312615 2.377487
v 1.126982 0.379428 2.501621
v 1.114269 0.298680 2.505627
v 1.243165 0.298680 2.505627
v 1.126982 0.379428 2.501621
v 1.126982 0.390614 2.398757
v 1.114269 0.312615 2.377487
v 1.230452 0.379428 2.501621
v 1.230452 0.390614 2.398757
v 1.126982 0.390614 2.398757
v 0.914656 0.390614 2.398757
v 0.927369 0.312615 2.377487
v 0.798473 0.312615 2.377487
v 0.914656 0.379428 2.501621
v 0.927369 0.298680 2.505627
v 0.927369 0.312615 2.377487
v 0.811186 0.379428 2.501621
v 0.798473 0.298680 2.505627
v 0.927369 0.298680 2.505627
v 0.811186 0.379428 2.501621
v 0.811186 0.390614 2.398757
v 0.798473 0.312615 2.377487
v 0.914656 0.379428 2.501621
v 0.914656 0.390614 2.398757
v 0.811186 0.390614 2.398757
v 1.073139 0.408841 2.231150
v 1.085852 0.330842 2.209881
v 0.956957 0.330842 2.209881
v 1.073139 0.408841 2.231150
v 1.073139 0.397654 2.334014
v 1.085852 0.316907 2.338021
v 1.073139 0.397654 2.334014
v 0.969670 0.397654 2.334014
v 0.956957 0.316907 2.338021
v 0.969670 0.408841 2.231150
v 0.956957 0.330842 2.209881
v 0.956957 0.316907 2.338021
v 1.073139 0.397654 2.334014
v 1.073139 0.408841 2.231150
v 0.969670 0.408841 2.231150
v 1.230452 0.408841 2.231150
v 1.243165 0.330842 2.209881
v 1.114269 0.330842 2.209881
v 1.230452 0.408841 2.231150
v 1.230452 0.397654 2.334014
v 1.243165 0.316907 2.338021
v 1.126982 0.397654 2.334014
v 1.114269 0.316907 2.338021
v 1.243165 0.316907 2.338021
v 1.126982 0.408841 2.231150
v 1.114269 0.330842 2.209881
v 1.114269 0.316907 2.338021
v 1.230452 0.397654 2.334014
v 1.230452 0.408841 2.231150
v 1.126982 0.408841 2.231150
v 0.914656 0.408841 2.231150
v 0.927369 0.330842 2.209881
v 0.798473 0.330842 2.209881
v 0.914656 0.408841 2.231150
v 0.914656 0.397654 2.334014
v 0.927369 0.316907 2.338021
v 0.811186 0.397654 2.334014
v 0.798473 0.316907 2.338021
v 0.927369 0.316907 2.338021
v 0.811186 0.408841 2.231150
v 0.798473 0.330842 2.209881
v 0.798473 0.316907 2.338021
v 0.914656 0.397654 2.334014
v 0.914656 0.408841 2.231150
v 0.811186 0.408841 2.231150
v 0.617647 0.378359 2.511448
v 0.642033 0.298680 2.505627
v 0.642033 0.312615 2.377487
v 0.617647 0.378359 2.511448
v 0.617647 0.389545 2.408585
v 0.477866 0.389545 2.408585
v 0.477866 0.389545 2.408585
v 0.467904 0.312615 2.377487
v 0.422670 0.312615 2.377487
v 0.477866 0.389545 2.408585
v 0.617647 0.389545 2.408585
v 0.642033 0.312615 2.377487
v 0.381949 0.397654 2.334014
v 0.353490 0.316907 2.338021
v 0.642033 0.316907 2.338021
v 0.613574 0.408841 2.231150
v 0.613574 0.397654 2.334014
v 0.642033 0.316907 2.338021
v 0.613574 0.397654 2.334014
v 0.613574 0.408841 2.231150
v 0.381949 0.408841 2.231150
v 0.381949 0.408841 2.231150
v 0.353490 0.330842 2.209881
v 0.353490 0.316907 2.338021
v 0.381949 0.408841 2.231150
v 0.613574 0.408841 2.231150
v 0.642033 0.330842 2.209881
v 0.389141 0.342511 2.841088
v 0.361469 0.261764 2.845095
v 0.642033 0.261764 2.845095
v 0.614361 0.342511 2.841088
v 0.642033 0.261764 2.845095
v 0.642033 0.275699 2.716953
v 0.614361 0.342511 2.841088
v 0.614361 0.353697 2.738223
v 0.389141 0.353697 2.738223
v 0.389141 0.353697 2.738223
v 0.361469 0.275699 2.716953
v 0.361469 0.261764 2.845095
v 0.614361 0.353697 2.738223
v 0.642033 0.275699 2.716953
v 0.361469 0.275699 2.716953
v 0.477866 0.363449 2.648551
v 0.467904 0.280107 2.676419
v 0.642033 0.280107 2.676419
v 0.441555 0.378359 2.511448
v 0.441555 0.389545 2.408585
v 0.422670 0.312615 2.377487
v 0.477866 0.378359 2.511448
v 0.477866 0.363449 2.648551
v 0.617647 0.363449 2.648551
v 0.477866 0.378359 2.511448
v 0.467904 0.298680 2.505627
v 0.467904 0.280107 2.676419
v 0.441555 0.389545 2.408585
v 0.441555 0.378359 2.511448
v 0.617647 0.378359 2.511448
v 0.617647 0.363449 2.648551
v 0.642033 0.280107 2.676419
v 0.485078 0.325012 3.002006
v 0.467904 0.244264 3.006012
v 0.642033 0.244264 3.006012
v 0.624859 0.336198 2.899142
v 0.624859 0.325012 3.002006
v 0.642033 0.244264 3.006012
v 0.624859 0.325012 3.002006
v 0.624859 0.336198 2.899142
v 0.485078 0.336198 2.899142
v 0.485078 0.336198 2.899142
v 0.467904 0.258199 2.877872
v 0.467904 0.244264 3.006012
v 0.624859 0.336198 2.899142
v 0.642033 0.258199 2.877872
v 0.467904 0.258199 2.877872
v 0.519848 0.417329 2.153095
v 0.519848 0.428515 2.050232
v 0.507135 0.350517 2.028962
v 0.623317 0.417329 2.153095
v 0.636030 0.336582 2.157102
v 0.636030 0.350517 2.028962
v 0.623317 0.417329 2.153095
v 0.623317 0.428515 2.050232
v 0.519848 0.428515 2.050232
v 0.623317 0.428515 2.050232
v 0.636030 0.350517 2.028962
v 0.507135 0.350517 2.028962
v 0.519848 0.417329 2.153095
v 0.507135 0.336582 2.157102
v 0.636030 0.336582 2.157102
v 0.357991 0.417329 2.153095
v 0.357991 0.428515 2.050232
v 0.345278 0.350517 2.028962
v 0.461460 0.417329 2.153095
v 0.474173 0.336582 2.157102
v 0.474173 0.350517 2.028962
v 0.461460 0.417329 2.153095
v 0.461460 0.428515 2.050232
v 0.357991 0.428515 2.050232
v 0.461460 0.428515 2.050232
v 0.474173 0.350517 2.028962
v 0.345278 0.350517 2.028962
v 0.461460 0.417329 2.153095
v 0.357991 0.417329 2.153095
v 0.345278 0.336582 2.157102
v 0.200568 0.417329 2.153095
v 0.200568 0.428515 2.050232
v 0.187855 0.350517 2.028962
v 0.304037 0.417329 2.153095
v 0.316750 0.336582 2.157102
v 0.316750 0.350517 2.028962
v 0.304037 0.417329 2.153095
v 0.304037 0.428515 2.050232
v 0.200568 0.428515 2.050232
v 0.200568 0.428515 2.050232
v 0.304037 0.428515 2.050232
v 0.316750 0.350517 2.028962
v 0.200568 0.417329 2.153095
v 0.187855 0.336582 2.157102
v 0.316750 0.336582 2.157102
v 0.043145 0.417329 2.153095
v 0.043145 0.428515 2.050232
v 0.030432 0.350517 2.028962
v 0.146614 0.417329 2.153095
v 0.159327 0.336582 2.157102
v 0.159327 0.350517 2.028962
v 0.146614 0.417329 2.153095
v 0.146614 0.428515 2.050232
v 0.043145 0.428515 2.050232
v 0.146614 0.428515 2.050232
v 0.159327 0.350517 2.028962
v 0.030432 0.350517 2.028962
v 0.043145 0.417329 2.153095
v 0.030432 0.336582 2.157102
v 0.159327 0.336582 2.157102
v 0.477866 0.378359 2.511448
v 0.441555 0.378359 2.511448
v 0.422670 0.298680 2.505627
v 0.274875 0.325012 3.002006
v 0.257701 0.244264 3.006012
v 0.431830 0.244264 3.006012
v 0.414656 0.325012 3.002006
v 0.431830 0.244264 3.006012
v 0.431830 0.258199 2.877872
v 0.414656 0.325012 3.002006
v 0.414656 0.336198 2.899142
v 0.274875 0.336198 2.899142
v 0.274875 0.325012 3.002006
v 0.274875 0.336198 2.899142
v 0.257701 0.258199 2.877872
v 0.414656 0.336198 2.899142
v 0.431830 0.258199 2.877872
v 0.257701 0.258199 2.877872
v 0.075316 0.325012 3.002006
v 0.058141 0.244264 3.006012
v 0.232270 0.244264 3.006012
v 0.215096 0.336198 2.899142
v 0.215096 0.325012 3.002006
v 0.232270 0.244264 3.006012
v 0.215096 0.325012 3.002006
v 0.215096 0.336198 2.899142
v 0.075316 0.336198 2.899142
v 0.075316 0.336198 2.899142
v 0.058141 0.258199 2.877872
v 0.058141 0.244264 3.006012
v 0.215096 0.336198 2.899142
v 0.232270 0.258199 2.877872
v 0.058141 0.258199 2.877872
v -0.132227 0.325012 3.002006
v -0.149401 0.244264 3.006012
v 0.024728 0.244264 3.006012
v 0.007554 0.336198 2.899142
v 0.007554 0.325012 3.002006
v 0.024728 0.244264 3.006012
v 0.007554 0.325012 3.002006
v 0.007554 0.336198 2.899142
v -0.132227 0.336198 2.899142
v -0.132227 0.325012 3.002006
v -0.132227 0.336198 2.899142
v -0.149401 0.258199 2.877872
v -0.132227 0.336198 2.899142
v 0.007554 0.336198 2.899142
v 0.024728 0.258199 2.877872
v -0.220477 0.325012 3.002006
v -0.924873 0.325012 3.002006
v -0.943124 0.244264 3.006012
v -0.220477 0.336198 2.899142
v -0.220477 0.325012 3.002006
v -0.202226 0.244264 3.006012
v -0.220477 0.325012 3.002006
v -0.220477 0.336198 2.899142
v -0.924873 0.336198 2.899142
v -0.924873 0.325012 3.002006
v -0.924873 0.336198 2.899142
v -0.943124 0.258199 2.877872
v -0.220477 0.336198 2.899142
v -0.202226 0.258199 2.877872
v -0.943124 0.258199 2.877872
v -0.991292 0.325012 3.002006
v -1.131072 0.325012 3.002006
v -1.148247 0.244264 3.006012
v -0.991292 0.325012 3.002006
v -0.974118 0.244264 3.006012
v -0.974118 0.258199 2.877872
v -0.991292 0.325012 3.002006
v -0.991292 0.336198 2.899142
v -1.131072 0.336198 2.899142
v -1.131072 0.325012 3.002006
v -1.131072 0.336198 2.899142
v -1.148247 0.258199 2.877872
v -0.991292 0.336198 2.899142
v -0.974118 0.258199 2.877872
v -1.148247 0.258199 2.877872
v -1.337279 0.325012 3.002006
v -1.354453 0.244264 3.006012
v -1.180324 0.244264 3.006012
v -1.197499 0.336198 2.899142
v -1.197499 0.325012 3.002006
v -1.180324 0.244264 3.006012
v -1.197499 0.325012 3.002006
v -1.197499 0.336198 2.899142
v -1.337279 0.336198 2.899142
v -1.337279 0.336198 2.899142
v -1.354453 0.258199 2.877872
v -1.354453 0.244264 3.006012
v -1.197499 0.336198 2.899142
v -1.180324 0.258199 2.877872
v -1.354453 0.258199 2.877872
v -1.545468 0.390614 2.398757
v -1.562737 0.312615 2.377487
v -1.562737 0.298680 2.505627
v -1.404917 0.390614 2.398757
v -1.404917 0.379428 2.501621
v -1.387649 0.298680 2.505627
v -1.404917 0.379428 2.501621
v -1.404917 0.390614 2.398757
v -1.545468 0.390614 2.398757
v -1.404917 0.390614 2.398757
v -1.387649 0.312615 2.377487
v -1.562737 0.312615 2.377487
v -1.404917 0.379428 2.501621
v -1.545468 0.379428 2.501621
v -1.562737 0.298680 2.505627
v -1.550024 0.408841 2.231150
v -1.562737 0.330842 2.209881
v -1.562737 0.316907 2.338021
v -1.446554 0.408841 2.231150
v -1.446554 0.397654 2.334014
v -1.433841 0.316907 2.338021
v -1.446554 0.397654 2.334014
v -1.446554 0.408841 2.231150
v -1.550024 0.408841 2.231150
v -1.446554 0.408841 2.231150
v -1.433841 0.330842 2.209881
v -1.562737 0.330842 2.209881
v -1.550024 0.397654 2.334014
v -1.562737 0.316907 2.338021
v -1.433841 0.316907 2.338021
v -1.548274 0.342511 2.841088
v -1.562737 0.261764 2.845095
v -1.416104 0.261764 2.845095
v -1.430566 0.353697 2.738223
v -1.430566 0.342511 2.841088
v -1.416104 0.261764 2.845095
v -1.430566 0.342511 2.841088
v -1.430566 0.353697 2.738223
v -1.548274 0.353697 2.738223
v -1.548274 0.353697 2.738223
v -1.562737 0.275699 2.716953
v -1.562737 0.261764 2.845095
v -1.548274 0.353697 2.738223
v -1.430566 0.353697 2.738223
v -1.416104 0.275699 2.716953
v -1.538907 0.360820 2.672725
v -1.562737 0.280077 2.676697
v -1.321131 0.280077 2.676697
v -1.344961 0.371976 2.570139
v -1.344961 0.360820 2.672725
v -1.321131 0.280077 2.676697
v -1.344961 0.360820 2.672725
v -1.344961 0.371976 2.570139
v -1.538907 0.371976 2.570139
v -1.538907 0.371976 2.570139
v -1.562737 0.293974 2.548904
v -1.562737 0.280077 2.676697
v -1.538907 0.371976 2.570139
v -1.344961 0.371976 2.570139
v -1.321131 0.293974 2.548904
v -1.404917 0.325012 3.002006
v -1.545468 0.325012 3.002006
v -1.562737 0.244264 3.006012
v -1.404917 0.336198 2.899142
v -1.404917 0.325012 3.002006
v -1.387649 0.244264 3.006012
v -1.404917 0.325012 3.002006
v -1.404917 0.336198 2.899142
v -1.545468 0.336198 2.899142
v -1.545468 0.336198 2.899142
v -1.562737 0.258199 2.877872
v -1.562737 0.244264 3.006012
v -1.404917 0.336198 2.899142
v -1.387649 0.258199 2.877872
v -1.562737 0.258199 2.877872
v -1.341476 0.379428 2.501621
v -1.354188 0.298680 2.505627
v -1.225293 0.298680 2.505627
v -1.238006 0.379428 2.501621
v -1.225293 0.298680 2.505627
v -1.225293 0.312615 2.377487
v -1.238006 0.379428 2.501621
v -1.238006 0.390614 2.398757
v -1.341476 0.390614 2.398757
v -1.341476 0.379428 2.501621
v -1.341476 0.390614 2.398757
v -1.354188 0.312615 2.377487
v -1.238006 0.390614 2.398757
v -1.225293 0.312615 2.377487
v -1.354188 0.312615 2.377487
v -1.385820 0.397654 2.334014
v -1.398533 0.316907 2.338021
v -1.269638 0.316907 2.338021
v -1.282351 0.408841 2.231150
v -1.282351 0.397654 2.334014
v -1.269638 0.316907 2.338021
v -1.282351 0.397654 2.334014
v -1.282351 0.408841 2.231150
v -1.385820 0.408841 2.231150
v -1.385820 0.408841 2.231150
v -1.398533 0.330842 2.209881
v -1.398533 0.316907 2.338021
v -1.282351 0.408841 2.231150
v -1.269638 0.330842 2.209881
v -1.398533 0.330842 2.209881
v -1.368082 0.342511 2.841088
v -1.380795 0.261764 2.845095
v -1.251900 0.261764 2.845095
v -1.264613 0.342511 2.841088
v -1.251900 0.261764 2.845095
v -1.251900 0.275699 2.716953
v -1.264613 0.342511 2.841088
v -1.264613 0.353697 2.738223
v -1.368082 0.353697 2.738223
v -1.368082 0.342511 2.841088
v -1.368082 0.353697 2.738223
v -1.380795 0.275699 2.716953
v -1.264613 0.353697 2.738223
v -1.251900 0.275699 2.716953
v -1.380795 0.275699 2.716953
v -1.272742 0.360820 2.672725
v -1.285455 0.280077 2.676697
v -1.156559 0.280077 2.676697
v -1.169272 0.371976 2.570139
v -1.169272 0.360820 2.672725
v -1.156559 0.280077 2.676697
v -1.169272 0.360820 2.672725
v -1.169272 0.371976 2.570139
v -1.272742 0.371976 2.570139
v -1.272742 0.371976 2.570139
v -1.285455 0.293974 2.548904
v -1.285455 0.280077 2.676697
v -1.169272 0.371976 2.570139
v -1.156559 0.293974 2.548904
v -1.285455 0.293974 2.548904
v -1.186270 0.379428 2.501621
v -1.186270 0.390614 2.398757
v -1.198983 0.312615 2.377487
v -1.082801 0.390614 2.398757
v -1.082801 0.379428 2.501621
v -1.070088 0.298680 2.505627
v -1.082801 0.379428 2.501621
v -1.082801 0.390614 2.398757
v -1.186270 0.390614 2.398757
v -1.082801 0.390614 2.398757
v -1.070088 0.312615 2.377487
v -1.198983 0.312615 2.377487
v -1.186270 0.379428 2.501621
v -1.198983 0.298680 2.505627
v -1.070088 0.298680 2.505627
v -1.230615 0.397654 2.334014
v -1.243327 0.316907 2.338021
v -1.114432 0.316907 2.338021
v -1.127145 0.408841 2.231150
v -1.127145 0.397654 2.334014
v -1.114432 0.316907 2.338021
v -1.127145 0.397654 2.334014
v -1.127145 0.408841 2.231150
v -1.230615 0.408841 2.231150
v -1.230615 0.408841 2.231150
v -1.243327 0.330842 2.209881
v -1.243327 0.316907 2.338021
v -1.127145 0.408841 2.231150
v -1.114432 0.330842 2.209881
v -1.243327 0.330842 2.209881
v -1.212877 0.342511 2.841088
v -1.225590 0.261764 2.845095
v -1.096694 0.261764 2.845095
v -1.109407 0.342511 2.841088
v -1.096694 0.261764 2.845095
v -1.096694 0.275699 2.716953
v -1.109407 0.342511 2.841088
v -1.109407 0.353697 2.738223
v -1.212877 0.353697 2.738223
v -1.212877 0.353697 2.738223
v -1.225590 0.275699 2.716953
v -1.225590 0.261764 2.845095
v -1.109407 0.353697 2.738223
v -1.096694 0.275699 2.716953
v -1.225590 0.275699 2.716953
v -1.117536 0.360820 2.672725
v -1.130249 0.280077 2.676697
v -1.001354 0.280077 2.676697
v -1.014067 0.371976 2.570139
v -1.014067 0.360820 2.672725
v -1.001354 0.280077 2.676697
v -1.014067 0.360820 2.672725
v -1.014067 0.371976 2.570139
v -1.117536 0.371976 2.570139
v -1.117536 0.371976 2.570139
v -1.130249 0.293974 2.548904
v -1.130249 0.280077 2.676697
v -1.014067 0.371976 2.570139
v -1.001354 0.293974 2.548904
v -1.130249 0.293974 2.548904
v -1.031065 0.379428 2.501621
v -1.031065 0.390614 2.398757
v -1.043777 0.312615 2.377487
v -0.927595 0.379428 2.501621
v -0.914882 0.298680 2.505627
v -0.914882 0.312615 2.377487
v -0.927595 0.379428 2.501621
v -0.927595 0.390614 2.398757
v -1.031065 0.390614 2.398757
v -0.927595 0.390614 2.398757
v -0.914882 0.312615 2.377487
v -1.043777 0.312615 2.377487
v -1.031065 0.379428 2.501621
v -1.043777 0.298680 2.505627
v -0.914882 0.298680 2.505627
v -1.075409 0.397654 2.334014
v -1.088122 0.316907 2.338021
v -0.959227 0.316907 2.338021
v -0.971940 0.408841 2.231150
v -0.971940 0.397654 2.334014
v -0.959227 0.316907 2.338021
v -0.971940 0.397654 2.334014
v -0.971940 0.408841 2.231150
v -1.075409 0.408841 2.231150
v -1.075409 0.408841 2.231150
v -1.088122 0.330842 2.209881
v -1.088122 0.316907 2.338021
v -0.971940 0.408841 2.231150
v -0.959227 0.330842 2.209881
v -1.088122 0.330842 2.209881
v -1.057671 0.342511 2.841088
v -1.070384 0.261764 2.845095
v -0.941489 0.261764 2.845095
v -0.954202 0.342511 2.841088
v -0.941489 0.261764 2.845095
v -0.941489 0.275699 2.716953
v -0.954202 0.342511 2.841088
v -0.954202 0.353697 2.738223
v -1.057671 0.353697 2.738223
v -1.057671 0.342511 2.841088
v -1.057671 0.353697 2.738223
v -1.070384 0.275699 2.716953
v -0.954202 0.353697 2.738223
v -0.941489 0.275699 2.716953
v -1.070384 0.275699 2.716953
v -0.962331 0.360820 2.672725
v -0.975043 0.280077 2.676697
v -0.846148 0.280077 2.676697
v -0.858861 0.371976 2.570139
v -0.858861 0.360820 2.672725
v -0.846148 0.280077 2.676697
v -0.858861 0.360820 2.672725
v -0.858861 0.371976 2.570139
v -0.962331 0.371976 2.570139
v -0.962331 0.371976 2.570139
v -0.975043 0.293974 2.548904
v -0.975043 0.280077 2.676697
v -0.858861 0.371976 2.570139
v -0.846148 0.293974 2.548904
v -0.975043 0.293974 2.548904
v -0.873642 0.379428 2.501621
v -0.873642 0.390614 2.398757
v -0.886355 0.312615 2.377487
v -0.770172 0.390614 2.398757
v -0.770172 0.379428 2.501621
v -0.757459 0.298680 2.505627
v -0.770172 0.379428 2.501621
v -0.770172 0.390614 2.398757
v -0.873642 0.390614 2.398757
v -0.770172 0.390614 2.398757
v -0.757459 0.312615 2.377487
v -0.886355 0.312615 2.377487
v -0.873642 0.379428 2.501621
v -0.886355 0.298680 2.505627
v -0.757459 0.298680 2.505627
v -0.917986 0.397654 2.334014
v -0.930699 0.316907 2.338021
v -0.801804 0.316907 2.338021
v -0.814517 0.408841 2.231150
v -0.814517 0.397654 2.334014
v -0.801804 0.316907 2.338021
v -0.814517 0.397654 2.334014
v -0.814517 0.408841 2.231150
v -0.917986 0.408841 2.231150
v -0.917986 0.408841 2.231150
v -0.930699 0.330842 2.209881
v -0.930699 0.316907 2.338021
v -0.814517 0.408841 2.231150
v -0.801804 0.330842 2.209881
v -0.930699 0.330842 2.209881
v -0.900248 0.342511 2.841088
v -0.912961 0.261764 2.845095
v -0.784066 0.261764 2.845095
v -0.796779 0.342511 2.841088
v -0.784066 0.261764 2.845095
v -0.784066 0.275699 2.716953
v -0.796779 0.342511 2.841088
v -0.796779 0.353697 2.738223
v -0.900248 0.353697 2.738223
v -0.900248 0.353697 2.738223
v -0.912961 0.275699 2.716953
v -0.912961 0.261764 2.845095
v -0.796779 0.353697 2.738223
v -0.784066 0.275699 2.716953
v -0.912961 0.275699 2.716953
v -0.804908 0.360820 2.672725
v -0.817621 0.280077 2.676697
v -0.688725 0.280077 2.676697
v -0.701438 0.371976 2.570139
v -0.701438 0.360820 2.672725
v -0.688725 0.280077 2.676697
v -0.701438 0.360820 2.672725
v -0.701438 0.371976 2.570139
v -0.804908 0.371976 2.570139
v -0.804908 0.371976 2.570139
v -0.817621 0.293974 2.548904
v -0.817621 0.280077 2.676697
v -0.701438 0.371976 2.570139
v -0.688725 0.293974 2.548904
v -0.817621 0.293974 2.548904
v -0.714002 0.379428 2.501621
v -0.714002 0.390614 2.398757
v -0.726714 0.312615 2.377487
v -0.610532 0.379428 2.501621
v -0.597819 0.298680 2.505627
v -0.597819 0.312615 2.377487
v -0.610532 0.379428 2.501621
v -0.610532 0.390614 2.398757
v -0.714002 0.390614 2.398757
v -0.610532 0.390614 2.398757
v -0.597819 0.312615 2.377487
v -0.726714 0.312615 2.377487
v -0.714002 0.379428 2.501621
v -0.726714 0.298680 2.505627
v -0.597819 0.298680 2.505627
v -0.758346 0.397654 2.334014
v -0.771059 0.316907 2.338021
v -0.642164 0.316907 2.338021
v -0.654877 0.408841 2.231150
v -0.654877 0.397654 2.334014
v -0.642164 0.316907 2.338021
v -0.654877 0.397654 2.334014
v -0.654877 0.408841 2.231150
v -0.758346 0.408841 2.231150
v -0.758346 0.408841 2.231150
v -0.771059 0.330842 2.209881
v -0.771059 0.316907 2.338021
v -0.654877 0.408841 2.231150
v -0.642164 0.330842 2.209881
v -0.771059 0.330842 2.209881
v -0.740608 0.342511 2.841088
v -0.753321 0.261764 2.845095
v -0.624426 0.261764 2.845095
v -0.637139 0.342511 2.841088
v -0.624426 0.261764 2.845095
v -0.624426 0.275699 2.716953
v -0.637139 0.342511 2.841088
v -0.637139 0.353697 2.738223
v -0.740608 0.353697 2.738223
v -0.740608 0.342511 2.841088
v -0.740608 0.353697 2.738223
v -0.753321 0.275699 2.716953
v -0.740608 0.353697 2.738223
v -0.637139 0.353697 2.738223
v -0.624426 0.275699 2.716953
v -0.645268 0.360820 2.672725
v -0.657981 0.280077 2.676697
v -0.529085 0.280077 2.676697
v -0.541798 0.371976 2.570139
v -0.541798 0.360820 2.672725
v -0.529085 0.280077 2.676697
v -0.541798 0.360820 2.672725
v -0.541798 0.371976 2.570139
v -0.645268 0.371976 2.570139
v -0.645268 0.371976 2.570139
v -0.657981 0.293974 2.548904
v -0.657981 0.280077 2.676697
v -0.541798 0.371976 2.570139
v -0.529085 0.293974 2.548904
v -0.657981 0.293974 2.548904
v -0.554362 0.379428 2.501621
v -0.554362 0.390614 2.398757
v -0.567074 0.312615 2.377487
v -0.450892 0.390614 2.398757
v -0.450892 0.379428 2.501621
v -0.438179 0.298680 2.505627
v -0.450892 0.379428 2.501621
v -0.450892 0.390614 2.398757
v -0.554362 0.390614 2.398757
v -0.450892 0.390614 2.398757
v -0.438179 0.312615 2.377487
v -0.567074 0.312615 2.377487
v -0.554362 0.379428 2.501621
v -0.567074 0.298680 2.505627
v -0.438179 0.298680 2.505627
v -0.598706 0.397654 2.334014
v -0.611419 0.316907 2.338021
v -0.482524 0.316907 2.338021
v -0.495237 0.408841 2.231150
v -0.495237 0.397654 2.334014
v -0.482524 0.316907 2.338021
v -0.495237 0.397654 2.334014
v -0.495237 0.408841 2.231150
v -0.598706 0.408841 2.231150
v -0.598706 0.408841 2.231150
v -0.611419 0.330842 2.209881
v -0.611419 0.316907 2.338021
v -0.495237 0.408841 2.231150
v -0.482524 0.330842 2.209881
v -0.611419 0.330842 2.209881
v -0.477499 0.342511 2.841088
v -0.580968 0.342511 2.841088
v -0.593681 0.261764 2.845095
v -0.477499 0.342511 2.841088
v -0.464786 0.261764 2.845095
v -0.464786 0.275699 2.716953
v -0.477499 0.342511 2.841088
v -0.477499 0.353697 2.738223
v -0.580968 0.353697 2.738223
v -0.580968 0.353697 2.738223
v -0.593681 0.275699 2.716953
v -0.593681 0.261764 2.845095
v -0.477499 0.353697 2.738223
v -0.464786 0.275699 2.716953
v -0.593681 0.275699 2.716953
v -0.382158 0.360820 2.672725
v -0.485628 0.360820 2.672725
v -0.498340 0.280077 2.676697
v -0.382158 0.371976 2.570139
v -0.382158 0.360820 2.672725
v -0.369445 0.280077 2.676697
v -0.382158 0.360820 2.672725
v -0.382158 0.371976 2.570139
v -0.485628 0.371976 2.570139
v -0.485628 0.371976 2.570139
v -0.498340 0.293974 2.548904
v -0.498340 0.280077 2.676697
v -0.382158 0.371976 2.570139
v -0.369445 0.293974 2.548904
v -0.498340 0.293974 2.548904
v -0.394722 0.379428 2.501621
v -0.394722 0.390614 2.398757
v -0.407434 0.312615 2.377487
v -0.291252 0.379428 2.501621
v -0.278539 0.298680 2.505627
v -0.278539 0.312615 2.377487
v -0.291252 0.379428 2.501621
v -0.291252 0.390614 2.398757
v -0.394722 0.390614 2.398757
v -0.394722 0.390614 2.398757
v -0.291252 0.390614 2.398757
v -0.278539 0.312615 2.377487
v -0.394722 0.379428 2.501621
v -0.407434 0.298680 2.505627
v -0.278539 0.298680 2.505627
v -0.439066 0.397654 2.334014
v -0.451779 0.316907 2.338021
v -0.322884 0.316907 2.338021
v -0.335597 0.408841 2.231150
v -0.335597 0.397654 2.334014
v -0.322884 0.316907 2.338021
v -0.335597 0.397654 2.334014
v -0.335597 0.408841 2.231150
v -0.439066 0.408841 2.231150
v -0.439066 0.408841 2.231150
v -0.451779 0.330842 2.209881
v -0.451779 0.316907 2.338021
v -0.335597 0.408841 2.231150
v -0.322884 0.330842 2.209881
v -0.451779 0.330842 2.209881
v -0.421328 0.342511 2.841088
v -0.434041 0.261764 2.845095
v -0.305146 0.261764 2.845095
v -0.317859 0.342511 2.841088
v -0.305146 0.261764 2.845095
v -0.305146 0.275699 2.716953
v -0.317859 0.342511 2.841088
v -0.317859 0.353697 2.738223
v -0.421328 0.353697 2.738223
v -0.421328 0.342511 2.841088
v -0.421328 0.353697 2.738223
v -0.434041 0.275699 2.716953
v -0.317859 0.353697 2.738223
v -0.305146 0.275699 2.716953
v -0.434041 0.275699 2.716953
v -0.325988 0.360820 2.672725
v -0.338700 0.280077 2.676697
v -0.209805 0.280077 2.676697
v -0.222518 0.371976 2.570139
v -0.222518 0.360820 2.672725
v -0.209805 0.280077 2.676697
v -0.222518 0.360820 2.672725
v -0.222518 0.371976 2.570139
v -0.325988 0.371976 2.570139
v -0.325988 0.371976 2.570139
v -0.338700 0.293974 2.548904
v -0.338700 0.280077 2.676697
v -0.222518 0.371976 2.570139
v -0.209805 0.293974 2.548904
v -0.338700 0.293974 2.548904
v -0.237299 0.379428 2.501621
v -0.237299 0.390614 2.398757
v -0.250012 0.312615 2.377487
v -0.133829 0.379428 2.501621
v -0.121116 0.298680 2.505627
v -0.121116 0.312615 2.377487
v -0.133829 0.379428 2.501621
v -0.133829 0.390614 2.398757
v -0.237299 0.390614 2.398757
v -0.133829 0.390614 2.398757
v -0.121116 0.312615 2.377487
v -0.250012 0.312615 2.377487
v -0.133829 0.379428 2.501621
v -0.237299 0.379428 2.501621
v -0.250012 0.298680 2.505627
v -0.281643 0.397654 2.334014
v -0.294356 0.316907 2.338021
v -0.165461 0.316907 2.338021
v -0.178174 0.408841 2.231150
v -0.178174 0.397654 2.334014
v -0.165461 0.316907 2.338021
v -0.178174 0.397654 2.334014
v -0.178174 0.408841 2.231150
v -0.281643 0.408841 2.231150
v -0.281643 0.408841 2.231150
v -0.294356 0.330842 2.209881
v -0.294356 0.316907 2.338021
v -0.178174 0.408841 2.231150
v -0.165461 0.330842 2.209881
v -0.294356 0.330842 2.209881
v -0.263905 0.342511 2.841088
v -0.276618 0.261764 2.845095
v -0.147723 0.261764 2.845095
v -0.160436 0.342511 2.841088
v -0.147723 0.261764 2.845095
v -0.147723 0.275699 2.716953
v -0.160436 0.342511 2.841088
v -0.160436 0.353697 2.738223
v -0.263905 0.353697 2.738223
v -0.263905 0.342511 2.841088
v -0.263905 0.353697 2.738223
v -0.276618 0.275699 2.716953
v -0.160436 0.353697 2.738223
v -0.147723 0.275699 2.716953
v -0.276618 0.275699 2.716953
v -0.065095 0.360820 2.672725
v -0.168565 0.360820 2.672725
v -0.181278 0.280077 2.676697
v -0.065095 0.371976 2.570139
v -0.065095 0.360820 2.672725
v -0.052382 0.280077 2.676697
v -0.065095 0.360820 2.672725
v -0.065095 0.371976 2.570139
v -0.168565 0.371976 2.570139
v -0.168565 0.371976 2.570139
v -0.181278 0.293974 2.548904
v -0.181278 0.280077 2.676697
v -0.065095 0.371976 2.570139
v -0.052382 0.293974 2.548904
v -0.181278 0.293974 2.548904
v -0.079876 0.379428 2.501621
v -0.079876 0.390614 2.398757
v -0.092589 0.312615 2.377487
v 0.023594 0.379428 2.501621
v 0.036307 0.298680 2.505627
v 0.036307 0.312615 2.377487
v 0.023594 0.379428 2.501621
v 0.023594 0.390614 2.398757
v -0.079876 0.390614 2.398757
v 0.023594 0.390614 2.398757
v 0.036307 0.312615 2.377487
v -0.092589 0.312615 2.377487
v -0.079876 0.379428 2.501621
v -0.092589 0.298680 2.505627
v 0.036307 0.298680 2.505627
v -0.124220 0.397654 2.334014
v -0.136933 0.316907 2.338021
v -0.008038 0.316907 2.338021
v -0.020751 0.408841 2.231150
v -0.020751 0.397654 2.334014
v -0.008038 0.316907 2.338021
v -0.020751 0.397654 2.334014
v -0.020751 0.408841 2.231150
v -0.124220 0.408841 2.231150
v -0.124220 0.408841 2.231150
v -0.136933 0.330842 2.209881
v -0.136933 0.316907 2.338021
v -0.020751 0.408841 2.231150
v -0.008038 0.330842 2.209881
v -0.136933 0.330842 2.209881
v -0.106483 0.342511 2.841088
v -0.119195 0.261764 2.845095
v 0.009700 0.261764 2.845095
v -0.003013 0.342511 2.841088
v 0.009700 0.261764 2.845095
v 0.009700 0.275699 2.716953
v -0.003013 0.342511 2.841088
v -0.003013 0.353697 2.738223
v -0.106483 0.353697 2.738223
v -0.106483 0.342511 2.841088
v -0.106483 0.353697 2.738223
v -0.119195 0.275699 2.716953
v -0.003013 0.353697 2.738223
v 0.009700 0.275699 2.716953
v -0.119195 0.275699 2.716953
v -0.011142 0.360820 2.672725
v -0.023855 0.280077 2.676697
v 0.105040 0.280077 2.676697
v 0.092328 0.371976 2.570139
v 0.092328 0.360820 2.672725
v 0.105040 0.280077 2.676697
v 0.092328 0.360820 2.672725
v 0.092328 0.371976 2.570139
v -0.011142 0.371976 2.570139
v -0.011142 0.371976 2.570139
v -0.023855 0.293974 2.548904
v -0.023855 0.280077 2.676697
v 0.092328 0.371976 2.570139
v 0.105040 0.293974 2.548904
v -0.023855 0.293974 2.548904
v 0.081982 0.390614 2.398757
v 0.069269 0.312615 2.377487
v 0.069269 0.298680 2.505627
v 0.185451 0.379428 2.501621
v 0.198164 0.298680 2.505627
v 0.198164 0.312615 2.377487
v 0.185451 0.379428 2.501621
v 0.185451 0.390614 2.398757
v 0.081982 0.390614 2.398757
v 0.185451 0.390614 2.398757
v 0.198164 0.312615 2.377487
v 0.069269 0.312615 2.377487
v 0.081982 0.379428 2.501621
v 0.069269 0.298680 2.505627
v 0.198164 0.298680 2.505627
v 0.037637 0.397654 2.334014
v 0.024924 0.316907 2.338021
v 0.153819 0.316907 2.338021
v 0.141107 0.408841 2.231150
v 0.141107 0.397654 2.334014
v 0.153819 0.316907 2.338021
v 0.141107 0.397654 2.334014
v 0.141107 0.408841 2.231150
v 0.037637 0.408841 2.231150
v 0.037637 0.408841 2.231150
v 0.024924 0.330842 2.209881
v 0.024924 0.316907 2.338021
v 0.141107 0.408841 2.231150
v 0.153819 0.330842 2.209881
v 0.024924 0.330842 2.209881
v 0.158844 0.342511 2.841088
v 0.055375 0.342511 2.841088
v 0.042662 0.261764 2.845095
v 0.158844 0.342511 2.841088
v 0.171557 0.261764 2.845095
v 0.171557 0.275699 2.716953
v 0.158844 0.342511 2.841088
v 0.158844 0.353697 2.738223
v 0.055375 0.353697 2.738223
v 0.055375 0.342511 2.841088
v 0.055375 0.353697 2.738223
v 0.042662 0.275699 2.716953
v 0.158844 0.353697 2.738223
v 0.171557 0.275699 2.716953
v 0.042662 0.275699 2.716953
v 0.150715 0.360820 2.672725
v 0.138003 0.280077 2.676697
v 0.266898 0.280077 2.676697
v 0.254185 0.371976 2.570139
v 0.254185 0.360820 2.672725
v 0.266898 0.280077 2.676697
v 0.254185 0.360820 2.672725
v 0.254185 0.371976 2.570139
v 0.150715 0.371976 2.570139
v 0.150715 0.371976 2.570139
v 0.138003 0.293974 2.548904
v 0.138003 0.280077 2.676697
v 0.150715 0.371976 2.570139
v 0.254185 0.371976 2.570139
v 0.266898 0.293974 2.548904
v 0.241622 0.379428 2.501621
v 0.241622 0.390614 2.398757
v 0.228909 0.312615 2.377487
v 0.345091 0.379428 2.501621
v 0.357804 0.298680 2.505627
v 0.357804 0.312615 2.377487
v 0.345091 0.379428 2.501621
v 0.345091 0.390614 2.398757
v 0.241622 0.390614 2.398757
v 0.345091 0.390614 2.398757
v 0.357804 0.312615 2.377487
v 0.228909 0.312615 2.377487
v 0.345091 0.379428 2.501621
v 0.241622 0.379428 2.501621
v 0.228909 0.298680 2.505627
v 0.197277 0.397654 2.334014
v 0.184564 0.316907 2.338021
v 0.313459 0.316907 2.338021
v 0.300747 0.408841 2.231150
v 0.300747 0.397654 2.334014
v 0.313459 0.316907 2.338021
v 0.300747 0.397654 2.334014
v 0.300747 0.408841 2.231150
v 0.197277 0.408841 2.231150
v 0.197277 0.408841 2.231150
v 0.184564 0.330842 2.209881
v 0.184564 0.316907 2.338021
v 0.197277 0.408841 2.231150
v 0.300747 0.408841 2.231150
v 0.313459 0.330842 2.209881
v 0.318484 0.342511 2.841088
v 0.215015 0.342511 2.841088
v 0.202302 0.261764 2.845095
v 0.318484 0.353697 2.738223
v 0.318484 0.342511 2.841088
v 0.331197 0.261764 2.845095
v 0.318484 0.342511 2.841088
v 0.318484 0.353697 2.738223
v 0.215015 0.353697 2.738223
v 0.215015 0.342511 2.841088
v 0.215015 0.353697 2.738223
v 0.202302 0.275699 2.716953
v 0.318484 0.353697 2.738223
v 0.331197 0.275699 2.716953
v 0.202302 0.275699 2.716953
v 0.310355 0.360820 2.672725
v 0.297643 0.280077 2.676697
v 0.426538 0.280077 2.676697
v 0.413825 0.371976 2.570139
v 0.413825 0.360820 2.672725
v 0.426538 0.280077 2.676697
v 0.310355 0.360820 2.672725
v 0.413825 0.360820 2.672725
v 0.413825 0.371976 2.570139
v 0.310355 0.371976 2.570139
v 0.297643 0.293974 2.548904
v 0.297643 0.280077 2.676697
v 0.310355 0.371976 2.570139
v 0.413825 0.371976 2.570139
v 0.426538 0.293974 2.548904
v 1.073139 0.428515 2.050232
v 1.085852 0.350517 2.028962
v 0.956957 0.350517 2.028962
v 1.073139 0.417329 2.153095
v 1.085852 0.336582 2.157102
v 1.085852 0.350517 2.028962
v 1.073139 0.417329 2.153095
v 0.969670 0.417329 2.153095
v 0.956957 0.336582 2.157102
v 0.969670 0.417329 2.153095
v 0.969670 0.428515 2.050232
v 0.956957 0.350517 2.028962
v 1.073139 0.417329 2.153095
v 1.073139 0.428515 2.050232
v 0.969670 0.428515 2.050232
v 1.230452 0.428515 2.050232
v 1.243165 0.350517 2.028962
v 1.114269 0.350517 2.028962
v 1.230452 0.417329 2.153095
v 1.243165 0.336582 2.157102
v 1.243165 0.350517 2.028962
v 1.126982 0.417329 2.153095
v 1.114269 0.336582 2.157102
v 1.243165 0.336582 2.157102
v 1.126982 0.417329 2.153095
v 1.126982 0.428515 2.050232
v 1.114269 0.350517 2.028962
v 1.230452 0.417329 2.153095
v 1.230452 0.428515 2.050232
v 1.126982 0.428515 2.050232
v 0.914656 0.428515 2.050232
v 0.927369 0.350517 2.028962
v 0.798473 0.350517 2.028962
v 0.914656 0.417329 2.153095
v 0.927369 0.336582 2.157102
v 0.927369 0.350517 2.028962
v 0.811186 0.417329 2.153095
v 0.798473 0.336582 2.157102
v 0.927369 0.336582 2.157102
v 0.811186 0.417329 2.153095
v 0.811186 0.428515 2.050232
v 0.798473 0.350517 2.028962
v 0.914656 0.417329 2.153095
v 0.914656 0.428515 2.050232
v 0.811186 0.428515 2.050232
v -1.550024 0.417329 2.153095
v -1.550024 0.428515 2.050232
v -1.562737 0.350517 2.028962
v -1.446554 0.417329 2.153095
v -1.433841 0.336582 2.157102
v -1.433841 0.350517 2.028962
v -1.446554 0.417329 2.153095
v -1.446554 0.428515 2.050232
v -1.550024 0.428515 2.050232
v -1.446554 0.428515 2.050232
v -1.433841 0.350517 2.028962
v -1.562737 0.350517 2.028962
v -1.550024 0.417329 2.153095
v -1.562737 0.336582 2.157102
v -1.433841 0.336582 2.157102
v -1.335928 0.417329 2.153095
v -1.348641 0.336582 2.157102
v -1.219745 0.336582 2.157102
v -1.232458 0.417329 2.153095
v -1.219745 0.336582 2.157102
v -1.219745 0.350517 2.028962
v -1.232458 0.417329 2.153095
v -1.232458 0.428515 2.050232
v -1.335928 0.428515 2.050232
v -1.335928 0.417329 2.153095
v -1.335928 0.428515 2.050232
v -1.348641 0.350517 2.028962
v -1.232458 0.428515 2.050232
v -1.219745 0.350517 2.028962
v -1.348641 0.350517 2.028962
v -1.180722 0.417329 2.153095
v -1.193435 0.336582 2.157102
v -1.064540 0.336582 2.157102
v -1.077253 0.417329 2.153095
v -1.064540 0.336582 2.157102
v -1.064540 0.350517 2.028962
v -1.077253 0.417329 2.153095
v -1.077253 0.428515 2.050232
v -1.180722 0.428515 2.050232
v -1.180722 0.417329 2.153095
v -1.180722 0.428515 2.050232
v -1.193435 0.350517 2.028962
v -1.077253 0.428515 2.050232
v -1.064540 0.350517 2.028962
v -1.193435 0.350517 2.028962
v -0.919830 0.417329 2.153095
v -1.023299 0.417329 2.153095
v -1.036012 0.336582 2.157102
v -0.919830 0.417329 2.153095
v -0.907117 0.336582 2.157102
v -0.907117 0.350517 2.028962
v -0.919830 0.417329 2.153095
v -0.919830 0.428515 2.050232
v -1.023299 0.428515 2.050232
v -1.023299 0.417329 2.153095
v -1.023299 0.428515 2.050232
v -1.036012 0.350517 2.028962
v -0.919830 0.428515 2.050232
v -0.907117 0.350517 2.028962
v -1.036012 0.350517 2.028962
v -0.863659 0.417329 2.153095
v -0.876372 0.336582 2.157102
v -0.747477 0.336582 2.157102
v -0.760190 0.417329 2.153095
v -0.747477 0.336582 2.157102
v -0.747477 0.350517 2.028962
v -0.760190 0.417329 2.153095
v -0.760190 0.428515 2.050232
v -0.863659 0.428515 2.050232
v -0.863659 0.417329 2.153095
v -0.863659 0.428515 2.050232
v -0.876372 0.350517 2.028962
v -0.760190 0.428515 2.050232
v -0.747477 0.350517 2.028962
v -0.876372 0.350517 2.028962
v -0.659667 0.417329 2.153095
v -0.672380 0.336582 2.157102
v -0.543485 0.336582 2.157102
v -0.556198 0.417329 2.153095
v -0.543485 0.336582 2.157102
v -0.543485 0.350517 2.028962
v -0.556198 0.417329 2.153095
v -0.556198 0.428515 2.050232
v -0.659667 0.428515 2.050232
v -0.659667 0.417329 2.153095
v -0.659667 0.428515 2.050232
v -0.672380 0.350517 2.028962
v -0.556198 0.428515 2.050232
v -0.543485 0.350517 2.028962
v -0.672380 0.350517 2.028962
v -0.398775 0.417329 2.153095
v -0.502244 0.417329 2.153095
v -0.514957 0.336582 2.157102
v -0.398775 0.417329 2.153095
v -0.386062 0.336582 2.157102
v -0.386062 0.350517 2.028962
v -0.398775 0.417329 2.153095
v -0.398775 0.428515 2.050232
v -0.502244 0.428515 2.050232
v -0.502244 0.417329 2.153095
v -0.502244 0.428515 2.050232
v -0.514957 0.350517 2.028962
v -0.398775 0.428515 2.050232
v -0.386062 0.350517 2.028962
v -0.514957 0.350517 2.028962
v -0.344821 0.417329 2.153095
v -0.357534 0.336582 2.157102
v -0.228639 0.336582 2.157102
v -0.241352 0.417329 2.153095
v -0.228639 0.336582 2.157102
v -0.228639 0.350517 2.028962
v -0.241352 0.417329 2.153095
v -0.241352 0.428515 2.050232
v -0.344821 0.428515 2.050232
v -0.344821 0.417329 2.153095
v -0.344821 0.428515 2.050232
v -0.357534 0.350517 2.028962
v -0.241352 0.428515 2.050232
v -0.228639 0.350517 2.028962
v -0.357534 0.350517 2.028962
v -0.079495 0.417329 2.153095
v -0.182964 0.417329 2.153095
v -0.195677 0.336582 2.157102
v -0.079495 0.417329 2.153095
v -0.066782 0.336582 2.157102
v -0.066782 0.350517 2.028962
v -0.079495 0.417329 2.153095
v -0.079495 0.428515 2.050232
v -0.182964 0.428515 2.050232
v -0.182964 0.417329 2.153095
v -0.182964 0.428515 2.050232
v -0.195677 0.350517 2.028962
v -0.079495 0.428515 2.050232
v -0.066782 0.350517 2.028962
v -0.195677 0.350517 2.028962
v 1.445116 0.324988 3.002219
v 1.432403 0.244241 3.006226
v 1.719782 0.244241 3.006226
v 1.707069 0.324988 3.002219
v 1.719782 0.244241 3.006226
v 1.719782 0.258176 2.878086
v 1.707069 0.324988 3.002219
v 1.707069 0.336175 2.899356
v 1.445116 0.336175 2.899356
v 1.921646 0.324988 3.002219
v 1.921608 0.353697 2.738223
v 1.908964 0.275699 2.716953
v 1.864382 0.336175 2.899356
v 1.877095 0.258176 2.878086
v 1.748200 0.258176 2.878086
v 1.864382 0.336175 2.899356
v 1.864382 0.324988 3.002219
v 1.877095 0.244241 3.006226
v 1.760912 0.324988 3.002219
v 1.748200 0.244241 3.006226
v 1.877095 0.244241 3.006226
v 1.760912 0.324988 3.002219
v 1.760912 0.336175 2.899356
v 1.748200 0.258176 2.878086
v 1.864382 0.324988 3.002219
v 1.864382 0.336175 2.899356
v 1.760912 0.336175 2.899356
v 1.707069 0.336175 2.899356
v 1.719782 0.258176 2.878086
v 1.432403 0.258176 2.878086
v 1.445116 0.336175 2.899356
v 1.432403 0.258176 2.878086
v 1.432403 0.244241 3.006226
v 1.603600 0.342498 2.841206
v 1.590887 0.261751 2.845211
v 1.719782 0.261751 2.845211
v 1.707069 0.353683 2.738359
v 1.707069 0.342498 2.841206
v 1.719782 0.261751 2.845211
v 1.707069 0.342498 2.841206
v 1.707069 0.353683 2.738359
v 1.603600 0.353683 2.738359
v 1.603600 0.353683 2.738359
v 1.590887 0.275684 2.717091
v 1.590887 0.261751 2.845211
v 1.603600 0.353683 2.738359
v 1.707069 0.353683 2.738359
v 1.719782 0.275684 2.717091
v 1.707069 0.390614 2.398757
v 1.719782 0.312615 2.377487
v 1.590887 0.312615 2.377487
v 1.707069 0.390614 2.398757
v 1.707069 0.379428 2.501621
v 1.719782 0.298680 2.505627
v 1.603600 0.379428 2.501621
v 1.590887 0.298680 2.505627
v 1.719782 0.298680 2.505627
v 1.603600 0.379428 2.501621
v 1.603600 0.390614 2.398757
v 1.590887 0.312615 2.377487
v 1.707069 0.379428 2.501621
v 1.707069 0.390614 2.398757
v 1.603600 0.390614 2.398757
v 1.864382 0.390614 2.398757
v 1.877095 0.312615 2.377487
v 1.748200 0.312615 2.377487
v 1.864382 0.379428 2.501621
v 1.877095 0.298680 2.505627
v 1.877095 0.312615 2.377487
v 1.760912 0.379428 2.501621
v 1.748200 0.298680 2.505627
v 1.877095 0.298680 2.505627
v 1.760912 0.379428 2.501621
v 1.760912 0.390614 2.398757
v 1.748200 0.312615 2.377487
v 1.864382 0.379428 2.501621
v 1.864382 0.390614 2.398757
v 1.760912 0.390614 2.398757
v 1.548586 0.390614 2.398757
v 1.561298 0.312615 2.377487
v 1.432403 0.312615 2.377487
v 1.548586 0.390614 2.398757
v 1.548586 0.379428 2.501621
v 1.561298 0.298680 2.505627
v 1.445116 0.379428 2.501621
v 1.432403 0.298680 2.505627
v 1.561298 0.298680 2.505627
v 1.445116 0.379428 2.501621
v 1.445116 0.390614 2.398757
v 1.432403 0.312615 2.377487
v 1.548586 0.379428 2.501621
v 1.548586 0.390614 2.398757
v 1.445116 0.390614 2.398757
v 1.707069 0.408841 2.231150
v 1.719782 0.330842 2.209881
v 1.590887 0.330842 2.209881
v 1.707069 0.408841 2.231150
v 1.707069 0.397654 2.334014
v 1.719782 0.316907 2.338021
v 1.603600 0.397654 2.334014
v 1.590887 0.316907 2.338021
v 1.719782 0.316907 2.338021
v 1.603600 0.408841 2.231150
v 1.590887 0.330842 2.209881
v 1.590887 0.316907 2.338021
v 1.707069 0.397654 2.334014
v 1.707069 0.408841 2.231150
v 1.603600 0.408841 2.231150
v 1.864382 0.408841 2.231150
v 1.877095 0.330842 2.209881
v 1.748200 0.330842 2.209881
v 1.864382 0.408841 2.231150
v 1.864382 0.397654 2.334014
v 1.877095 0.316907 2.338021
v 1.760912 0.397654 2.334014
v 1.748200 0.316907 2.338021
v 1.877095 0.316907 2.338021
v 1.760912 0.408841 2.231150
v 1.748200 0.330842 2.209881
v 1.748200 0.316907 2.338021
v 1.864382 0.397654 2.334014
v 1.864382 0.408841 2.231150
v 1.760912 0.408841 2.231150
v 1.548586 0.408841 2.231150
v 1.561298 0.330842 2.209881
v 1.432403 0.330842 2.209881
v 1.548586 0.408841 2.231150
v 1.548586 0.397654 2.334014
v 1.561298 0.316907 2.338021
v 1.445116 0.397654 2.334014
v 1.432403 0.316907 2.338021
v 1.561298 0.316907 2.338021
v 1.445116 0.408841 2.231150
v 1.432403 0.330842 2.209881
v 1.432403 0.316907 2.338021
v 1.548586 0.397654 2.334014
v 1.548586 0.408841 2.231150
v 1.445116 0.408841 2.231150
v 1.445365 0.342511 2.841088
v 1.432652 0.261764 2.845095
v 1.561547 0.261764 2.845095
v 1.548834 0.353697 2.738223
v 1.548834 0.342511 2.841088
v 1.561547 0.261764 2.845095
v 1.548834 0.342511 2.841088
v 1.548834 0.353697 2.738223
v 1.445365 0.353697 2.738223
v 1.445365 0.342511 2.841088
v 1.445365 0.353697 2.738223
v 1.432652 0.275699 2.716953
v 1.548834 0.353697 2.738223
v 1.561547 0.275699 2.716953
v 1.432652 0.275699 2.716953
v 1.760407 0.342511 2.841088
v 1.747694 0.261764 2.845095
v 1.876589 0.261764 2.845095
v 1.863877 0.342511 2.841088
v 1.876589 0.261764 2.845095
v 1.876589 0.275699 2.716953
v 1.863877 0.342511 2.841088
v 1.863877 0.353697 2.738223
v 1.760407 0.353697 2.738223
v 1.760407 0.353697 2.738223
v 1.747694 0.275699 2.716953
v 1.747694 0.261764 2.845095
v 1.863877 0.353697 2.738223
v 1.876589 0.275699 2.716953
v 1.747694 0.275699 2.716953
v 1.444297 0.360820 2.672725
v 1.431584 0.280077 2.676697
v 1.560479 0.280077 2.676697
v 1.547766 0.371976 2.570139
v 1.547766 0.360820 2.672725
v 1.560479 0.280077 2.676697
v 1.547766 0.360820 2.672725
v 1.547766 0.371976 2.570139
v 1.444297 0.371976 2.570139
v 1.444297 0.371976 2.570139
v 1.431584 0.293974 2.548904
v 1.431584 0.280077 2.676697
v 1.547766 0.371976 2.570139
v 1.560479 0.293974 2.548904
v 1.431584 0.293974 2.548904
v 1.606154 0.360820 2.672725
v 1.593441 0.280077 2.676697
v 1.722336 0.280077 2.676697
v 1.709624 0.371976 2.570139
v 1.709624 0.360820 2.672725
v 1.722336 0.280077 2.676697
v 1.709624 0.360820 2.672725
v 1.709624 0.371976 2.570139
v 1.606154 0.371976 2.570139
v 1.606154 0.371976 2.570139
v 1.593441 0.293974 2.548904
v 1.593441 0.280077 2.676697
v 1.606154 0.371976 2.570139
v 1.709624 0.371976 2.570139
v 1.722336 0.293974 2.548904
v 1.765794 0.360820 2.672725
v 1.753081 0.280077 2.676697
v 1.881976 0.280077 2.676697
v 1.869264 0.371976 2.570139
v 1.869264 0.360820 2.672725
v 1.881976 0.280077 2.676697
v 1.765794 0.360820 2.672725
v 1.869264 0.360820 2.672725
v 1.869264 0.371976 2.570139
v 1.765794 0.371976 2.570139
v 1.753081 0.293974 2.548904
v 1.753081 0.280077 2.676697
v 1.869264 0.371976 2.570139
v 1.881976 0.293974 2.548904
v 1.753081 0.293974 2.548904
v 2.025305 0.360820 2.672725
v 2.038042 0.280077 2.676697
v 2.037855 0.312615 2.377487
v 1.921646 0.324988 3.002219
v 1.908974 0.244241 3.006226
v 2.037855 0.244241 3.006226
v 2.025147 0.324988 3.002219
v 2.025131 0.353697 2.738223
v 1.921608 0.353697 2.738223
v 2.025131 0.353697 2.738223
v 2.025147 0.324988 3.002219
v 2.037855 0.244241 3.006226
v 1.921646 0.390614 2.398757
v 2.025147 0.390614 2.398757
v 2.037855 0.312615 2.377487
v 2.025305 0.360820 2.672725
v 2.025147 0.390614 2.398757
v 1.921646 0.390614 2.398757
v 1.922011 0.360820 2.672725
v 1.921646 0.390614 2.398757
v 1.908974 0.312615 2.377487
v 1.921646 0.408841 2.231150
v 2.025147 0.408841 2.231150
v 2.037855 0.330842 2.209881
v 2.025147 0.408841 2.231150
v 2.025147 0.397654 2.334014
v 2.037855 0.316907 2.338021
v 1.921646 0.397654 2.334014
v 1.908974 0.316907 2.338021
v 2.037855 0.316907 2.338021
v 1.921646 0.408841 2.231150
v 1.908974 0.330842 2.209881
v 1.908974 0.316907 2.338021
v 2.025147 0.397654 2.334014
v 2.025147 0.408841 2.231150
v 1.921646 0.408841 2.231150
v 1.921608 0.353697 2.738223
v 2.025131 0.353697 2.738223
v 2.037836 0.275699 2.716953
v 2.025305 0.360820 2.672725
v 1.922011 0.360820 2.672725
v 1.909067 0.280077 2.676697
v 0.969670 0.336175 2.899356
v 1.073139 0.336175 2.899356
v 1.085852 0.244241 3.006226
v 0.956957 0.244241 3.006226
v 0.969670 0.324988 3.002219
v 1.126982 0.336175 2.899356
v 1.243165 0.258176 2.878086
v 1.230452 0.324988 3.002219
v 1.114269 0.244241 3.006226
v 1.126982 0.324988 3.002219
v 0.811186 0.336175 2.899356
v 0.914656 0.336175 2.899356
v 0.914656 0.324988 3.002219
v 0.811186 0.324988 3.002219
v 0.811186 0.324988 3.002219
v 1.085852 0.261751 2.845211
v 1.085852 0.275684 2.717091
v 0.969670 0.342498 2.841206
v 0.969670 0.342498 2.841206
v 0.969670 0.353683 2.738359
v 0.969670 0.390614 2.398757
v 1.073139 0.390614 2.398757
v 1.085852 0.298680 2.505627
v 0.956957 0.298680 2.505627
v 0.969670 0.379428 2.501621
v 1.126982 0.390614 2.398757
v 1.230452 0.390614 2.398757
v 1.230452 0.379428 2.501621
v 1.114269 0.298680 2.505627
v 1.126982 0.379428 2.501621
v 0.811186 0.390614 2.398757
v 0.914656 0.390614 2.398757
v 0.914656 0.379428 2.501621
v 0.798473 0.298680 2.505627
v 0.811186 0.379428 2.501621
v 0.969670 0.408841 2.231150
v 1.085852 0.330842 2.209881
v 1.085852 0.316907 2.338021
v 0.969670 0.397654 2.334014
v 0.969670 0.397654 2.334014
v 1.126982 0.408841 2.231150
v 1.243165 0.330842 2.209881
v 1.230452 0.397654 2.334014
v 1.126982 0.397654 2.334014
v 1.126982 0.397654 2.334014
v 0.811186 0.408841 2.231150
v 0.927369 0.330842 2.209881
v 0.914656 0.397654 2.334014
v 0.811186 0.397654 2.334014
v 0.811186 0.397654 2.334014
v 0.617647 0.389545 2.408585
v 0.441555 0.389545 2.408585
v 0.467904 0.312615 2.377487
v 0.613574 0.397654 2.334014
v 0.642033 0.330842 2.209881
v 0.381949 0.397654 2.334014
v 0.381949 0.397654 2.334014
v 0.353490 0.330842 2.209881
v 0.614361 0.342511 2.841088
v 0.614361 0.353697 2.738223
v 0.389141 0.342511 2.841088
v 0.389141 0.342511 2.841088
v 0.389141 0.353697 2.738223
v 0.617647 0.363449 2.648551
v 0.422670 0.298680 2.505627
v 0.477866 0.363449 2.648551
v 0.642033 0.298680 2.505627
v 0.624859 0.325012 3.002006
v 0.642033 0.258199 2.877872
v 0.485078 0.325012 3.002006
v 0.485078 0.325012 3.002006
v 0.485078 0.336198 2.899142
v 0.507135 0.336582 2.157102
v 0.623317 0.428515 2.050232
v 0.519848 0.417329 2.153095
v 0.519848 0.428515 2.050232
v 0.623317 0.417329 2.153095
v 0.345278 0.336582 2.157102
v 0.461460 0.428515 2.050232
v 0.357991 0.417329 2.153095
v 0.357991 0.428515 2.050232
v 0.474173 0.336582 2.157102
v 0.187855 0.336582 2.157102
v 0.304037 0.428515 2.050232
v 0.200568 0.417329 2.153095
v 0.187855 0.350517 2.028962
v 0.304037 0.417329 2.153095
v 0.030432 0.336582 2.157102
v 0.146614 0.428515 2.050232
v 0.043145 0.417329 2.153095
v 0.043145 0.428515 2.050232
v 0.146614 0.417329 2.153095
v 0.467904 0.298680 2.505627
v 0.414656 0.325012 3.002006
v 0.414656 0.336198 2.899142
v 0.274875 0.325012 3.002006
v 0.257701 0.244264 3.006012
v 0.274875 0.336198 2.899142
v 0.215096 0.325012 3.002006
v 0.232270 0.258199 2.877872
v 0.075316 0.325012 3.002006
v 0.075316 0.325012 3.002006
v 0.075316 0.336198 2.899142
v 0.007554 0.325012 3.002006
v 0.024728 0.258199 2.877872
v -0.132227 0.325012 3.002006
v -0.149401 0.244264 3.006012
v -0.149401 0.258199 2.877872
v -0.202226 0.244264 3.006012
v -0.202226 0.258199 2.877872
v -0.924873 0.325012 3.002006
v -0.943124 0.244264 3.006012
v -0.924873 0.336198 2.899142
v -0.974118 0.244264 3.006012
v -0.991292 0.336198 2.899142
v -1.131072 0.325012 3.002006
v -1.148247 0.244264 3.006012
v -1.131072 0.336198 2.899142
v -1.197499 0.325012 3.002006
v -1.180324 0.258199 2.877872
v -1.337279 0.325012 3.002006
v -1.337279 0.325012 3.002006
v -1.337279 0.336198 2.899142
v -1.545468 0.379428 2.501621
v -1.387649 0.312615 2.377487
v -1.545468 0.379428 2.501621
v -1.545468 0.390614 2.398757
v -1.387649 0.298680 2.505627
v -1.550024 0.397654 2.334014
v -1.433841 0.330842 2.209881
v -1.550024 0.397654 2.334014
v -1.550024 0.408841 2.231150
v -1.446554 0.397654 2.334014
v -1.430566 0.342511 2.841088
v -1.416104 0.275699 2.716953
v -1.548274 0.342511 2.841088
v -1.548274 0.342511 2.841088
v -1.562737 0.275699 2.716953
v -1.344961 0.360820 2.672725
v -1.321131 0.293974 2.548904
v -1.538907 0.360820 2.672725
v -1.538907 0.360820 2.672725
v -1.562737 0.293974 2.548904
v -1.387649 0.244264 3.006012
v -1.387649 0.258199 2.877872
v -1.545468 0.325012 3.002006
v -1.545468 0.325012 3.002006
v -1.545468 0.336198 2.899142
v -1.238006 0.379428 2.501621
v -1.238006 0.390614 2.398757
v -1.341476 0.379428 2.501621
v -1.354188 0.298680 2.505627
v -1.341476 0.390614 2.398757
v -1.282351 0.397654 2.334014
v -1.269638 0.330842 2.209881
v -1.385820 0.397654 2.334014
v -1.385820 0.397654 2.334014
v -1.385820 0.408841 2.231150
v -1.264613 0.342511 2.841088
v -1.264613 0.353697 2.738223
v -1.368082 0.342511 2.841088
v -1.380795 0.261764 2.845095
v -1.368082 0.353697 2.738223
v -1.169272 0.360820 2.672725
v -1.156559 0.293974 2.548904
v -1.272742 0.360820 2.672725
v -1.272742 0.360820 2.672725
v -1.272742 0.371976 2.570139
v -1.198983 0.298680 2.505627
v -1.070088 0.312615 2.377487
v -1.186270 0.379428 2.501621
v -1.186270 0.390614 2.398757
v -1.082801 0.379428 2.501621
v -1.127145 0.397654 2.334014
v -1.114432 0.330842 2.209881
v -1.230615 0.397654 2.334014
v -1.230615 0.397654 2.334014
v -1.230615 0.408841 2.231150
v -1.109407 0.342511 2.841088
v -1.109407 0.353697 2.738223
v -1.212877 0.342511 2.841088
v -1.212877 0.342511 2.841088
v -1.212877 0.353697 2.738223
v -1.014067 0.360820 2.672725
v -1.001354 0.293974 2.548904
v -1.117536 0.360820 2.672725
v -1.117536 0.360820 2.672725
v -1.117536 0.371976 2.570139
v -1.043777 0.298680 2.505627
v -0.927595 0.390614 2.398757
v -1.031065 0.379428 2.501621
v -1.031065 0.390614 2.398757
v -0.927595 0.379428 2.501621
v -0.971940 0.397654 2.334014
v -0.959227 0.330842 2.209881
v -1.075409 0.397654 2.334014
v -1.075409 0.397654 2.334014
v -1.075409 0.408841 2.231150
v -0.954202 0.342511 2.841088
v -0.954202 0.353697 2.738223
v -1.057671 0.342511 2.841088
v -1.070384 0.261764 2.845095
v -1.057671 0.353697 2.738223
v -0.858861 0.360820 2.672725
v -0.846148 0.293974 2.548904
v -0.962331 0.360820 2.672725
v -0.962331 0.360820 2.672725
v -0.962331 0.371976 2.570139
v -0.886355 0.298680 2.505627
v -0.757459 0.312615 2.377487
v -0.873642 0.379428 2.501621
v -0.873642 0.390614 2.398757
v -0.770172 0.379428 2.501621
v -0.814517 0.397654 2.334014
v -0.801804 0.330842 2.209881
v -0.917986 0.397654 2.334014
v -0.917986 0.397654 2.334014
v -0.917986 0.408841 2.231150
v -0.796779 0.342511 2.841088
v -0.796779 0.353697 2.738223
v -0.900248 0.342511 2.841088
v -0.900248 0.342511 2.841088
v -0.900248 0.353697 2.738223
v -0.701438 0.360820 2.672725
v -0.688725 0.293974 2.548904
v -0.804908 0.360820 2.672725
v -0.804908 0.360820 2.672725
v -0.804908 0.371976 2.570139
v -0.726714 0.298680 2.505627
v -0.610532 0.390614 2.398757
v -0.714002 0.379428 2.501621
v -0.714002 0.390614 2.398757
v -0.610532 0.379428 2.501621
v -0.654877 0.397654 2.334014
v -0.642164 0.330842 2.209881
v -0.758346 0.397654 2.334014
v -0.758346 0.397654 2.334014
v -0.758346 0.408841 2.231150
v -0.637139 0.342511 2.841088
v -0.637139 0.353697 2.738223
v -0.740608 0.342511 2.841088
v -0.753321 0.261764 2.845095
v -0.753321 0.275699 2.716953
v -0.541798 0.360820 2.672725
v -0.529085 0.293974 2.548904
v -0.645268 0.360820 2.672725
v -0.645268 0.360820 2.672725
v -0.645268 0.371976 2.570139
v -0.567074 0.298680 2.505627
v -0.438179 0.312615 2.377487
v -0.554362 0.379428 2.501621
v -0.554362 0.390614 2.398757
v -0.450892 0.379428 2.501621
v -0.495237 0.397654 2.334014
v -0.482524 0.330842 2.209881
v -0.598706 0.397654 2.334014
v -0.598706 0.397654 2.334014
v -0.598706 0.408841 2.231150
v -0.464786 0.261764 2.845095
v -0.477499 0.353697 2.738223
v -0.580968 0.342511 2.841088
v -0.580968 0.342511 2.841088
v -0.580968 0.353697 2.738223
v -0.369445 0.280077 2.676697
v -0.369445 0.293974 2.548904
v -0.485628 0.360820 2.672725
v -0.485628 0.360820 2.672725
v -0.485628 0.371976 2.570139
v -0.407434 0.298680 2.505627
v -0.291252 0.390614 2.398757
v -0.394722 0.379428 2.501621
v -0.407434 0.312615 2.377487
v -0.291252 0.379428 2.501621
v -0.335597 0.397654 2.334014
v -0.322884 0.330842 2.209881
v -0.439066 0.397654 2.334014
v -0.439066 0.397654 2.334014
v -0.439066 0.408841 2.231150
v -0.317859 0.342511 2.841088
v -0.317859 0.353697 2.738223
v -0.421328 0.342511 2.841088
v -0.434041 0.261764 2.845095
v -0.421328 0.353697 2.738223
v -0.222518 0.360820 2.672725
v -0.209805 0.293974 2.548904
v -0.325988 0.360820 2.672725
v -0.325988 0.360820 2.672725
v -0.325988 0.371976 2.570139
v -0.250012 0.298680 2.505627
v -0.133829 0.390614 2.398757
v -0.237299 0.379428 2.501621
v -0.237299 0.390614 2.398757
v -0.121116 0.298680 2.505627
v -0.178174 0.397654 2.334014
v -0.165461 0.330842 2.209881
v -0.281643 0.397654 2.334014
v -0.281643 0.397654 2.334014
v -0.281643 0.408841 2.231150
v -0.160436 0.342511 2.841088
v -0.160436 0.353697 2.738223
v -0.263905 0.342511 2.841088
v -0.276618 0.261764 2.845095
v -0.263905 0.353697 2.738223
v -0.052382 0.280077 2.676697
v -0.052382 0.293974 2.548904
v -0.168565 0.360820 2.672725
v -0.168565 0.360820 2.672725
v -0.168565 0.371976 2.570139
v -0.092589 0.298680 2.505627
v 0.023594 0.390614 2.398757
v -0.079876 0.379428 2.501621
v -0.079876 0.390614 2.398757
v 0.023594 0.379428 2.501621
v -0.020751 0.397654 2.334014
v -0.008038 0.330842 2.209881
v -0.124220 0.397654 2.334014
v -0.124220 0.397654 2.334014
v -0.124220 0.408841 2.231150
v -0.003013 0.342511 2.841088
v -0.003013 0.353697 2.738223
v -0.106483 0.342511 2.841088
v -0.119195 0.261764 2.845095
v -0.106483 0.353697 2.738223
v 0.092328 0.360820 2.672725
v 0.105040 0.293974 2.548904
v -0.011142 0.360820 2.672725
v -0.011142 0.360820 2.672725
v -0.011142 0.371976 2.570139
v 0.081982 0.379428 2.501621
v 0.185451 0.390614 2.398757
v 0.081982 0.379428 2.501621
v 0.081982 0.390614 2.398757
v 0.185451 0.379428 2.501621
v 0.141107 0.397654 2.334014
v 0.153819 0.330842 2.209881
v 0.037637 0.397654 2.334014
v 0.037637 0.397654 2.334014
v 0.037637 0.408841 2.231150
v 0.171557 0.261764 2.845095
v 0.158844 0.353697 2.738223
v 0.055375 0.342511 2.841088
v 0.042662 0.261764 2.845095
v 0.055375 0.353697 2.738223
v 0.254185 0.360820 2.672725
v 0.266898 0.293974 2.548904
v 0.150715 0.360820 2.672725
v 0.150715 0.360820 2.672725
v 0.138003 0.293974 2.548904
v 0.228909 0.298680 2.505627
v 0.345091 0.390614 2.398757
v 0.241622 0.379428 2.501621
v 0.241622 0.390614 2.398757
v 0.357804 0.298680 2.505627
v 0.300747 0.397654 2.334014
v 0.313459 0.330842 2.209881
v 0.197277 0.397654 2.334014
v 0.197277 0.397654 2.334014
v 0.184564 0.330842 2.209881
v 0.331197 0.261764 2.845095
v 0.331197 0.275699 2.716953
v 0.215015 0.342511 2.841088
v 0.202302 0.261764 2.845095
v 0.215015 0.353697 2.738223
v 0.413825 0.360820 2.672725
v 0.426538 0.293974 2.548904
v 0.310355 0.371976 2.570139
v 0.310355 0.360820 2.672725
v 0.297643 0.293974 2.548904
v 0.969670 0.428515 2.050232
v 1.073139 0.428515 2.050232
v 1.085852 0.336582 2.157102
v 0.956957 0.336582 2.157102
v 0.969670 0.417329 2.153095
v 1.126982 0.428515 2.050232
v 1.230452 0.428515 2.050232
v 1.230452 0.417329 2.153095
v 1.114269 0.336582 2.157102
v 1.126982 0.417329 2.153095
v 0.811186 0.428515 2.050232
v 0.914656 0.428515 2.050232
v 0.914656 0.417329 2.153095
v 0.798473 0.336582 2.157102
v 0.811186 0.417329 2.153095
v -1.562737 0.336582 2.157102
v -1.446554 0.428515 2.050232
v -1.550024 0.417329 2.153095
v -1.550024 0.428515 2.050232
v -1.446554 0.417329 2.153095
v -1.232458 0.417329 2.153095
v -1.232458 0.428515 2.050232
v -1.335928 0.417329 2.153095
v -1.348641 0.336582 2.157102
v -1.335928 0.428515 2.050232
v -1.077253 0.417329 2.153095
v -1.077253 0.428515 2.050232
v -1.180722 0.417329 2.153095
v -1.193435 0.336582 2.157102
v -1.180722 0.428515 2.050232
v -0.907117 0.336582 2.157102
v -0.919830 0.428515 2.050232
v -1.023299 0.417329 2.153095
v -1.036012 0.336582 2.157102
v -1.023299 0.428515 2.050232
v -0.760190 0.417329 2.153095
v -0.760190 0.428515 2.050232
v -0.863659 0.417329 2.153095
v -0.876372 0.336582 2.157102
v -0.863659 0.428515 2.050232
v -0.556198 0.417329 2.153095
v -0.556198 0.428515 2.050232
v -0.659667 0.417329 2.153095
v -0.672380 0.336582 2.157102
v -0.659667 0.428515 2.050232
v -0.386062 0.336582 2.157102
v -0.398775 0.428515 2.050232
v -0.502244 0.417329 2.153095
v -0.514957 0.336582 2.157102
v -0.502244 0.428515 2.050232
v -0.241352 0.417329 2.153095
v -0.241352 0.428515 2.050232
v -0.344821 0.417329 2.153095
v -0.357534 0.336582 2.157102
v -0.344821 0.428515 2.050232
v -0.066782 0.336582 2.157102
v -0.079495 0.428515 2.050232
v -0.182964 0.417329 2.153095
v -0.195677 0.336582 2.157102
v -0.182964 0.428515 2.050232
v 1.707069 0.324988 3.002219
v 1.707069 0.336175 2.899356
v 1.445116 0.324988 3.002219
v 1.908974 0.244241 3.006226
v 1.760912 0.336175 2.899356
v 1.877095 0.258176 2.878086
v 1.864382 0.324988 3.002219
v 1.748200 0.244241 3.006226
v 1.760912 0.324988 3.002219
v 1.445116 0.336175 2.899356
v 1.445116 0.324988 3.002219
v 1.707069 0.342498 2.841206
v 1.719782 0.275684 2.717091
v 1.603600 0.342498 2.841206
v 1.603600 0.342498 2.841206
v 1.590887 0.275684 2.717091
v 1.603600 0.390614 2.398757
v 1.719782 0.312615 2.377487
v 1.707069 0.379428 2.501621
v 1.590887 0.298680 2.505627
v 1.603600 0.379428 2.501621
v 1.760912 0.390614 2.398757
v 1.864382 0.390614 2.398757
v 1.864382 0.379428 2.501621
v 1.748200 0.298680 2.505627
v 1.760912 0.379428 2.501621
v 1.445116 0.390614 2.398757
v 1.561298 0.312615 2.377487
v 1.548586 0.379428 2.501621
v 1.432403 0.298680 2.505627
v 1.445116 0.379428 2.501621
v 1.603600 0.408841 2.231150
v 1.719782 0.330842 2.209881
v 1.707069 0.397654 2.334014
v 1.603600 0.397654 2.334014
v 1.603600 0.397654 2.334014
v 1.760912 0.408841 2.231150
v 1.877095 0.330842 2.209881
v 1.864382 0.397654 2.334014
v 1.760912 0.397654 2.334014
v 1.760912 0.397654 2.334014
v 1.445116 0.408841 2.231150
v 1.561298 0.330842 2.209881
v 1.548586 0.397654 2.334014
v 1.445116 0.397654 2.334014
v 1.445116 0.397654 2.334014
v 1.548834 0.342511 2.841088
v 1.561547 0.275699 2.716953
v 1.445365 0.342511 2.841088
v 1.432652 0.261764 2.845095
v 1.445365 0.353697 2.738223
v 1.863877 0.342511 2.841088
v 1.863877 0.353697 2.738223
v 1.760407 0.342511 2.841088
v 1.760407 0.342511 2.841088
v 1.760407 0.353697 2.738223
v 1.547766 0.360820 2.672725
v 1.560479 0.293974 2.548904
v 1.444297 0.360820 2.672725
v 1.444297 0.360820 2.672725
v 1.444297 0.371976 2.570139
v 1.709624 0.360820 2.672725
v 1.722336 0.293974 2.548904
v 1.606154 0.360820 2.672725
v 1.606154 0.360820 2.672725
v 1.593441 0.293974 2.548904
v 1.869264 0.360820 2.672725
v 1.881976 0.293974 2.548904
v 1.765794 0.371976 2.570139
v 1.765794 0.360820 2.672725
v 1.765794 0.371976 2.570139
v 2.025147 0.390614 2.398757
v 2.025147 0.324988 3.002219
v 1.921646 0.324988 3.002219
v 2.037836 0.275699 2.716953
v 1.908974 0.312615 2.377487
v 1.922011 0.360820 2.672725
v 1.909067 0.280077 2.676697
v 1.908974 0.330842 2.209881
v 2.037855 0.330842 2.209881
v 2.025147 0.397654 2.334014
v 1.921646 0.397654 2.334014
v 1.921646 0.397654 2.334014
v 1.908964 0.275699 2.716953
v 2.038042 0.280077 2.676697
vn -0.0000 0.2631 -0.9648
vn 0.9876 0.1563 0.0170
vn -0.0000 0.0496 0.9988
vn -0.9876 0.1563 0.0170
vn -0.0000 0.9941 0.1081
vn -0.0000 0.0495 0.9988
vn 0.9564 0.2904 0.0316
vn -0.0000 0.3748 -0.9271
vn 0.9420 0.3338 0.0363
vn -0.9420 0.3338 0.0363
vn 0.9449 0.3256 0.0354
vn -0.9449 0.3256 0.0354
vn -0.0000 0.3171 0.9484
vn -0.9731 0.2288 0.0249
vn -0.9923 0.1231 0.0134
vn 0.9776 0.2091 0.0227
vn -0.9776 0.2091 0.0227
vn -0.0000 -0.0729 0.9973
vn 0.9749 0.2215 0.0241
vn -0.9749 0.2215 0.0241
vn -0.9774 0.2102 0.0229
vn 0.9774 0.2102 0.0229
vn 0.9840 0.1772 0.0193
vn -0.9840 0.1772 0.0193
vn -0.0000 0.0491 0.9988
vn 0.9582 0.2843 0.0309
vn -0.9582 0.2843 0.0309
vn -0.0000 0.2627 -0.9649
vn -0.9876 0.1558 0.0170
vn -0.9877 0.1555 0.0170
vn 0.9875 0.1566 0.0164
vn 0.9876 0.1563 0.0165
vn 0.9876 0.1563 0.0169
vn -0.9872 0.1585 0.0177
vn -0.9877 0.1555 0.0182
vn -0.9876 0.1562 0.0181
vn -0.9876 0.1558 0.0169
vn 0.9876 0.1564 0.0164
vn 0.9875 0.1567 0.0164
vn -0.9871 0.1591 0.0176
vt 0.416641 0.159841
vt 0.429652 0.161887
vt 0.429652 0.141144
vt 0.115866 0.056626
vt 0.128876 0.058672
vt 0.128876 0.037928
vt 0.849081 0.515726
vt 0.849081 0.532377
vt 0.862092 0.534423
vt 0.923412 0.834896
vt 0.923412 0.851547
vt 0.936423 0.853593
vt 0.567919 0.364794
vt 0.622751 0.364794
vt 0.622751 0.309963
vt 0.926931 0.431328
vt 0.939942 0.433374
vt 0.939942 0.412631
vt 0.796886 0.092585
vt 0.796886 0.109237
vt 0.809897 0.111283
vt 0.900686 0.160246
vt 0.913697 0.162292
vt 0.913697 0.141549
vt 0.849081 0.482043
vt 0.849081 0.498694
vt 0.862092 0.500740
vt 0.622603 0.751593
vt 0.622603 0.696762
vt 0.567772 0.696762
vt 0.822836 0.067376
vt 0.835847 0.069422
vt 0.835847 0.048679
vt 0.926948 0.633832
vt 0.939959 0.635878
vt 0.939959 0.615134
vt 0.897462 0.885230
vt 0.910473 0.887276
vt 0.910473 0.866533
vt 0.329496 0.126159
vt 0.342507 0.128205
vt 0.342507 0.107461
vt 0.006470 0.349171
vt 0.006470 0.404002
vt 0.061301 0.404002
vt 0.167978 0.038165
vt 0.167978 0.054817
vt 0.180988 0.056863
vt 0.977347 0.658299
vt 0.977347 0.674948
vt 0.990358 0.676993
vt 0.432388 0.500335
vt 0.487210 0.500335
vt 0.487210 0.445504
vt 0.006470 0.030231
vt 0.019480 0.032277
vt 0.019480 0.011537
vt 0.873548 0.674947
vt 0.886558 0.676993
vt 0.886558 0.656250
vt 0.900686 0.193929
vt 0.913697 0.195975
vt 0.913697 0.175232
vt 0.442591 0.058794
vt 0.455602 0.060840
vt 0.455602 0.040096
vt 0.849081 0.380994
vt 0.849081 0.397646
vt 0.862092 0.399692
vt 0.609740 0.075825
vt 0.609740 0.092476
vt 0.622751 0.094522
vt 0.622751 0.432564
vt 0.622751 0.377733
vt 0.567919 0.377733
vt 0.416509 0.058794
vt 0.429520 0.060840
vt 0.429520 0.040096
vt 0.739490 0.058794
vt 0.752501 0.060839
vt 0.752501 0.040096
vt 0.931989 0.924750
vt 0.945000 0.926796
vt 0.945000 0.906053
vt 0.926784 0.730081
vt 0.926784 0.746732
vt 0.939795 0.748778
vt 0.671279 0.887276
vt 0.671279 0.832445
vt 0.616449 0.832445
vt 0.303546 0.159841
vt 0.316557 0.161887
vt 0.316557 0.141144
vt 0.329496 0.058793
vt 0.342507 0.060839
vt 0.342507 0.040096
vt 0.822836 0.235790
vt 0.835847 0.237836
vt 0.835847 0.217092
vt 0.468541 0.042142
vt 0.468541 0.058794
vt 0.481552 0.060840
vt 0.739050 0.819504
vt 0.739050 0.764673
vt 0.684219 0.764673
vt 0.692953 0.159841
vt 0.705964 0.161887
vt 0.705964 0.141144
vt 0.115866 0.174705
vt 0.115866 0.191357
vt 0.128876 0.193402
vt 0.167977 0.071848
vt 0.167977 0.088499
vt 0.180988 0.090545
vt 0.822836 0.202107
vt 0.835847 0.204153
vt 0.835847 0.183410
vt 0.616449 0.819504
vt 0.671280 0.819504
vt 0.671280 0.764673
vt 0.848786 0.193929
vt 0.861797 0.195975
vt 0.861797 0.175232
vt 0.006470 0.114627
vt 0.006470 0.131279
vt 0.019480 0.133325
vt 0.416641 0.092476
vt 0.429652 0.094522
vt 0.429652 0.073779
vt 0.500149 0.175394
vt 0.513160 0.177440
vt 0.513160 0.156697
vt 0.500149 0.513275
vt 0.500149 0.568106
vt 0.554980 0.568106
vt 0.442591 0.126159
vt 0.455602 0.128205
vt 0.455602 0.107461
vt 0.848786 0.278326
vt 0.848786 0.294977
vt 0.861797 0.297023
vt 0.500147 0.141712
vt 0.513158 0.143758
vt 0.513158 0.123014
vt 0.032420 0.131279
vt 0.045431 0.133325
vt 0.045431 0.112582
vt 0.603509 0.887276
vt 0.603509 0.832444
vt 0.548678 0.832445
vt 0.508771 0.922451
vt 0.522206 0.922906
vt 0.522206 0.902162
vt 0.147322 0.993530
vt 0.202154 0.993530
vt 0.202154 0.919457
vt 0.262224 0.665839
vt 0.262224 0.652390
vt 0.254996 0.651522
vt 0.371741 0.773764
vt 0.371741 0.796259
vt 0.385095 0.800183
vt 0.771247 0.631298
vt 0.784258 0.635878
vt 0.784258 0.589442
vt 0.429114 0.904208
vt 0.429114 0.920859
vt 0.442755 0.922905
vt 0.277596 0.887276
vt 0.332427 0.887276
vt 0.332427 0.764532
vt 0.402534 0.920859
vt 0.416175 0.922905
vt 0.416175 0.902162
vt 0.776351 0.951675
vt 0.776351 0.988950
vt 0.789361 0.993530
vt 0.770935 0.231194
vt 0.783946 0.235648
vt 0.783946 0.190496
vt 0.455694 0.920859
vt 0.469293 0.922905
vt 0.469293 0.902162
vt 0.261377 0.733611
vt 0.261377 0.678779
vt 0.142027 0.678779
vt 0.482233 0.920860
vt 0.495831 0.922906
vt 0.495831 0.902162
vt 0.797033 0.811690
vt 0.810044 0.816143
vt 0.810044 0.770992
vt 0.359361 0.657403
vt 0.345219 0.655800
vt 0.345219 0.683822
vt 0.587842 0.902617
vt 0.587842 0.919268
vt 0.601045 0.922905
vt 0.147322 0.919457
vt 0.074240 0.919457
vt 0.074240 0.993530
vt 0.776351 0.934155
vt 0.789299 0.933700
vt 0.789299 0.906052
vt 0.202154 0.900215
vt 0.147322 0.900215
vt 0.345367 0.772161
vt 0.345367 0.794355
vt 0.358802 0.800264
vt 0.639997 0.674229
vt 0.653007 0.676993
vt 0.653007 0.648970
vt 0.744853 0.210555
vt 0.744853 0.227207
vt 0.757996 0.229253
vt 0.424707 0.993530
vt 0.424707 0.938699
vt 0.350634 0.938699
vt 0.594002 0.227207
vt 0.607144 0.229253
vt 0.607144 0.208510
vt 0.614046 0.674229
vt 0.627057 0.676993
vt 0.627057 0.648970
vt 0.442591 0.075825
vt 0.442591 0.092476
vt 0.455602 0.094522
vt 0.854201 0.991485
vt 0.867212 0.993530
vt 0.867212 0.972787
vt 0.560248 0.938699
vt 0.505417 0.938699
vt 0.505417 0.993530
vt 0.006470 0.164962
vt 0.019480 0.167008
vt 0.019480 0.146264
vt 0.900686 0.261295
vt 0.913697 0.263341
vt 0.913697 0.242597
vt 0.277596 0.109507
vt 0.277596 0.126159
vt 0.290607 0.128205
vt 0.567919 0.159842
vt 0.580930 0.161887
vt 0.580930 0.141144
vt 0.500001 0.696762
vt 0.500002 0.751593
vt 0.554833 0.751593
vt 0.074240 0.090296
vt 0.087250 0.092342
vt 0.087250 0.071599
vt 0.074240 0.141010
vt 0.074240 0.157661
vt 0.087250 0.159707
vt 0.848933 0.763763
vt 0.848933 0.780415
vt 0.861944 0.782461
vt 0.074240 0.056614
vt 0.087250 0.058659
vt 0.087250 0.037916
vt 0.061301 0.471773
vt 0.061301 0.416941
vt 0.006470 0.416941
vt 0.142027 0.139213
vt 0.142027 0.155865
vt 0.155038 0.157911
vt 0.906101 0.991484
vt 0.919112 0.993530
vt 0.919112 0.972787
vt 0.329761 0.143190
vt 0.329761 0.159841
vt 0.342771 0.161887
vt 0.823131 0.532377
vt 0.836141 0.534423
vt 0.836141 0.513680
vt 0.548678 0.764673
vt 0.548678 0.819504
vt 0.603509 0.819504
vt 0.390559 0.159841
vt 0.403569 0.161887
vt 0.403569 0.141144
vt 0.874736 0.261295
vt 0.887747 0.263341
vt 0.887747 0.242597
vt 0.262220 0.624725
vt 0.256421 0.625448
vt 0.254996 0.638583
vt 0.769747 0.674229
vt 0.782758 0.676993
vt 0.782758 0.648970
vt 0.277596 0.227207
vt 0.290739 0.229253
vt 0.290739 0.208510
vt 0.129071 0.654194
vt 0.074240 0.654194
vt 0.074240 0.728267
vt 0.635690 0.210555
vt 0.635690 0.227207
vt 0.648833 0.229253
vt 0.510246 0.674229
vt 0.523257 0.676993
vt 0.523257 0.648970
vt 0.562146 0.674229
vt 0.575157 0.676993
vt 0.575157 0.648970
vt 0.406297 0.210555
vt 0.406297 0.227207
vt 0.419439 0.229253
vt 0.419292 0.751593
vt 0.419292 0.696762
vt 0.345219 0.696762
vt 0.329761 0.227207
vt 0.342903 0.229253
vt 0.342903 0.208510
vt 0.743797 0.674229
vt 0.756808 0.676993
vt 0.756808 0.648970
vt 0.717847 0.674229
vt 0.730858 0.676993
vt 0.730858 0.648970
vt 0.432379 0.210555
vt 0.432379 0.227207
vt 0.445522 0.229253
vt 0.351669 0.635877
vt 0.351669 0.581046
vt 0.277596 0.581046
vt 0.677231 0.210555
vt 0.677231 0.227207
vt 0.690373 0.229253
vt 0.691897 0.651734
vt 0.691897 0.674229
vt 0.704908 0.676993
vt 0.771083 0.699847
vt 0.771083 0.813206
vt 0.784094 0.816143
vt 0.640104 0.904208
vt 0.640104 0.920859
vt 0.653285 0.922905
vt 0.006470 0.993530
vt 0.061301 0.993530
vt 0.061301 0.620254
vt 0.613985 0.904208
vt 0.613985 0.920859
vt 0.627165 0.922905
vt 0.771230 0.565169
vt 0.784241 0.568106
vt 0.784241 0.448873
vt 0.484296 0.651734
vt 0.484296 0.674229
vt 0.497307 0.676993
vt 0.474067 0.227207
vt 0.487210 0.229253
vt 0.487210 0.208510
vt 0.216100 0.665839
vt 0.216100 0.611008
vt 0.142027 0.611008
vt 0.364608 0.210556
vt 0.364608 0.227207
vt 0.377751 0.229253
vt 0.536196 0.674229
vt 0.549207 0.676993
vt 0.549207 0.648970
vt 0.588096 0.674229
vt 0.601107 0.676993
vt 0.601107 0.648970
vt 0.303678 0.210555
vt 0.303678 0.227207
vt 0.316821 0.229253
vt 0.345367 0.887276
vt 0.400198 0.887276
vt 0.400198 0.813203
vt 0.567919 0.227207
vt 0.581062 0.229253
vt 0.581062 0.208510
vt 0.665947 0.674229
vt 0.678958 0.676993
vt 0.678958 0.648970
vt 0.692309 0.920859
vt 0.705455 0.922905
vt 0.705455 0.902162
vt 0.744480 0.904208
vt 0.744480 0.920859
vt 0.757626 0.922905
vt 0.282864 0.993530
vt 0.337695 0.993530
vt 0.337695 0.919049
vt 0.458346 0.674214
vt 0.471356 0.676993
vt 0.471356 0.648816
vt 0.432396 0.651595
vt 0.432396 0.674214
vt 0.445406 0.676993
vt 0.468541 0.126159
vt 0.481552 0.128205
vt 0.481552 0.107461
vt 0.874736 0.210960
vt 0.874736 0.227612
vt 0.887747 0.229658
vt 0.264630 0.462528
vt 0.264630 0.407697
vt 0.209799 0.407697
vt 0.926637 0.160247
vt 0.939647 0.162292
vt 0.939647 0.141549
vt 0.875031 0.397646
vt 0.888042 0.399692
vt 0.888042 0.378948
vt 0.350634 0.923432
vt 0.363645 0.925760
vt 0.363645 0.902162
vt 0.718856 0.210555
vt 0.718856 0.227207
vt 0.731914 0.229253
vt 0.129072 0.578878
vt 0.074240 0.578878
vt 0.074240 0.641255
vt 0.115866 0.225039
vt 0.128924 0.227085
vt 0.128924 0.206342
vt 0.376584 0.904489
vt 0.376584 0.923432
vt 0.389595 0.925760
vt 0.526098 0.225427
vt 0.539108 0.229262
vt 0.539108 0.190380
vt 0.561493 0.904258
vt 0.561493 0.920865
vt 0.574902 0.922905
vt 0.332279 0.648816
vt 0.277596 0.648816
vt 0.277596 0.751593
vt 0.535145 0.920865
vt 0.548554 0.922905
vt 0.548554 0.902218
vt 0.500149 0.194215
vt 0.500149 0.225427
vt 0.513159 0.229262
vt 0.372300 0.658424
vt 0.372300 0.681043
vt 0.385311 0.683822
vt 0.718395 0.904208
vt 0.718395 0.920859
vt 0.731541 0.922905
vt 0.215093 0.993530
vt 0.269924 0.993530
vt 0.269924 0.919049
vt 0.666224 0.920859
vt 0.679370 0.922905
vt 0.679370 0.902162
vt 0.398251 0.681043
vt 0.411261 0.683822
vt 0.411261 0.655645
vt 0.783946 0.158859
vt 0.770935 0.156813
vt 0.770935 0.177557
vt 0.635690 0.058794
vt 0.648701 0.060840
vt 0.648701 0.040096
vt 0.554980 0.377733
vt 0.500149 0.377733
vt 0.500149 0.432564
vt 0.906039 0.908099
vt 0.906039 0.924750
vt 0.919050 0.926796
vt 0.209799 0.088352
vt 0.222810 0.090398
vt 0.222810 0.069655
vt 0.848786 0.092881
vt 0.861797 0.094927
vt 0.861797 0.074184
vt 0.635690 0.176873
vt 0.635690 0.193524
vt 0.648701 0.195570
vt 0.061301 0.539543
vt 0.061301 0.484712
vt 0.006470 0.484712
vt 0.823131 0.498694
vt 0.836141 0.500740
vt 0.836141 0.479997
vt 0.848933 0.814098
vt 0.861944 0.816143
vt 0.861944 0.795400
vt 0.526098 0.175394
vt 0.539109 0.177440
vt 0.539109 0.156697
vt 0.303678 0.193524
vt 0.316689 0.195570
vt 0.316689 0.174827
vt 0.006470 0.552483
vt 0.006470 0.607315
vt 0.061301 0.607315
vt 0.797181 0.349869
vt 0.797180 0.366521
vt 0.810191 0.368567
vt 0.635690 0.159842
vt 0.648701 0.161887
vt 0.648701 0.141144
vt 0.952734 0.746732
vt 0.965744 0.748778
vt 0.965744 0.728035
vt 0.364608 0.008510
vt 0.364608 0.025117
vt 0.377619 0.027157
vt 0.758291 0.568106
vt 0.758291 0.513423
vt 0.703460 0.513423
vt 0.978536 0.193879
vt 0.991547 0.195919
vt 0.991547 0.175232
vt 0.235749 0.054670
vt 0.248759 0.056716
vt 0.248759 0.035972
vt 0.303546 0.075825
vt 0.303546 0.092476
vt 0.316557 0.094522
vt 0.500147 0.057695
vt 0.500147 0.074346
vt 0.513158 0.076392
vt 0.364609 0.500335
vt 0.419440 0.500335
vt 0.419440 0.445504
vt 0.557839 0.092476
vt 0.570850 0.094522
vt 0.570850 0.073779
vt 0.848786 0.059199
vt 0.861797 0.061245
vt 0.861797 0.040501
vt 0.849081 0.363963
vt 0.862092 0.366009
vt 0.862092 0.345266
vt 0.744853 0.176872
vt 0.744853 0.193524
vt 0.757864 0.195570
vt 0.142027 0.407696
vt 0.142027 0.462527
vt 0.196858 0.462527
vt 0.823131 0.366521
vt 0.836141 0.368567
vt 0.836141 0.347824
vt 0.692953 0.126159
vt 0.705964 0.128205
vt 0.705964 0.107461
vt 0.819612 0.851142
vt 0.832622 0.853188
vt 0.832622 0.832445
vt 0.797181 0.532377
vt 0.810191 0.534423
vt 0.810191 0.513679
vt 0.142027 0.598069
vt 0.196859 0.598069
vt 0.196859 0.543238
vt 0.364608 0.193524
vt 0.377619 0.195570
vt 0.377619 0.174827
vt 0.900686 0.126564
vt 0.913697 0.128610
vt 0.913697 0.107866
vt 0.209799 0.054670
vt 0.222809 0.056716
vt 0.222809 0.035972
vt 0.900686 0.008915
vt 0.900686 0.025522
vt 0.913697 0.027562
vt 0.703313 0.297023
vt 0.757996 0.297023
vt 0.757996 0.242192
vt 0.978536 0.126570
vt 0.991547 0.128610
vt 0.991547 0.107923
vt 0.952734 0.814098
vt 0.965744 0.816143
vt 0.965744 0.795400
vt 0.142027 0.071848
vt 0.142027 0.088499
vt 0.155038 0.090545
vt 0.303546 0.058793
vt 0.316557 0.060839
vt 0.316557 0.040096
vt 0.209799 0.326987
vt 0.264630 0.326987
vt 0.264630 0.272156
vt 0.609740 0.159842
vt 0.622751 0.161887
vt 0.622751 0.141144
vt 0.183848 0.189547
vt 0.196858 0.191593
vt 0.196858 0.170850
vt 0.854139 0.924750
vt 0.867150 0.926796
vt 0.867150 0.906053
vt 0.635690 0.109507
vt 0.635690 0.126159
vt 0.648701 0.128205
vt 0.690521 0.500335
vt 0.690521 0.445504
vt 0.635690 0.445504
vt 0.823147 0.633832
vt 0.836158 0.635878
vt 0.836158 0.615134
vt 0.770935 0.108146
vt 0.783946 0.110191
vt 0.783946 0.089448
vt 0.900981 0.465011
vt 0.913992 0.467057
vt 0.913992 0.446314
vt 0.797197 0.633832
vt 0.810208 0.635878
vt 0.810208 0.615134
vt 0.419439 0.568106
vt 0.419439 0.513274
vt 0.364608 0.513274
vt 0.797033 0.705672
vt 0.797033 0.722323
vt 0.810044 0.724369
vt 0.822836 0.101059
vt 0.835847 0.103105
vt 0.835847 0.082361
vt 0.965596 0.210960
vt 0.952587 0.208914
vt 0.952587 0.229658
vt 0.848786 0.008915
vt 0.848786 0.025522
vt 0.861797 0.027562
vt 0.758308 0.635878
vt 0.758308 0.581194
vt 0.703477 0.581194
vt 0.978536 0.059204
vt 0.991547 0.061245
vt 0.991547 0.040557
vt 0.952881 0.397647
vt 0.965891 0.399692
vt 0.965891 0.378949
vt 0.329496 0.075825
vt 0.329496 0.092476
vt 0.342507 0.094522
vt 0.900686 0.042547
vt 0.900686 0.059199
vt 0.913697 0.061245
vt 0.628018 0.993530
vt 0.628018 0.938699
vt 0.573187 0.938699
vt 0.848786 0.160247
vt 0.861797 0.162293
vt 0.861797 0.141549
vt 0.718903 0.126159
vt 0.731914 0.128205
vt 0.731914 0.107461
vt 0.932051 0.991484
vt 0.945062 0.993530
vt 0.945062 0.972787
vt 0.828251 0.974833
vt 0.828251 0.991484
vt 0.841262 0.993530
vt 0.554980 0.364794
vt 0.554980 0.309963
vt 0.500149 0.309963
vt 0.821647 0.674947
vt 0.834658 0.676993
vt 0.834658 0.656250
vt 0.770935 0.074463
vt 0.783946 0.076509
vt 0.783946 0.055765
vt 0.687590 0.058794
vt 0.700601 0.060840
vt 0.700601 0.040096
vt 0.795697 0.674947
vt 0.808708 0.676993
vt 0.808708 0.656250
vt 0.487210 0.568106
vt 0.487210 0.513274
vt 0.432379 0.513274
vt 0.277596 0.193524
vt 0.290607 0.195570
vt 0.290607 0.174827
vt 0.277596 0.092476
vt 0.290607 0.094522
vt 0.290607 0.073779
vt 0.952587 0.261295
vt 0.965597 0.263341
vt 0.965597 0.242597
vt 0.978683 0.696392
vt 0.978683 0.712999
vt 0.991694 0.715039
vt 0.209799 0.259216
vt 0.264482 0.259216
vt 0.264482 0.204386
vt 0.978536 0.261300
vt 0.991547 0.263340
vt 0.991547 0.242653
vt 0.952587 0.294977
vt 0.965597 0.297023
vt 0.965597 0.276280
vt 0.687590 0.075825
vt 0.687590 0.092476
vt 0.700601 0.094522
vt 0.390559 0.092476
vt 0.403569 0.094522
vt 0.403569 0.073779
vt 0.635706 0.635878
vt 0.690538 0.635878
vt 0.690538 0.581047
vt 0.849081 0.330280
vt 0.862092 0.332326
vt 0.862092 0.311583
vt 0.183848 0.155865
vt 0.196858 0.157911
vt 0.196858 0.137167
vt 0.823131 0.566060
vt 0.836141 0.568106
vt 0.836141 0.547363
vt 0.874883 0.797446
vt 0.874883 0.814098
vt 0.887894 0.816143
vt 0.622750 0.568106
vt 0.622750 0.513275
vt 0.567919 0.513275
vt 0.874736 0.160247
vt 0.887747 0.162293
vt 0.887747 0.141549
vt 0.364608 0.092476
vt 0.377619 0.094522
vt 0.377619 0.073779
vt 0.032420 0.097596
vt 0.045431 0.099642
vt 0.045431 0.078899
vt 0.032420 0.198645
vt 0.045431 0.200691
vt 0.045431 0.179947
vt 0.492477 0.993530
vt 0.492477 0.938698
vt 0.437646 0.938698
vt 0.797181 0.417235
vt 0.797180 0.433887
vt 0.810191 0.435933
vt 0.900981 0.515726
vt 0.900981 0.532377
vt 0.913992 0.534423
vt 0.958001 0.991484
vt 0.971011 0.993530
vt 0.971011 0.972787
vt 0.978683 0.730131
vt 0.978683 0.746738
vt 0.991694 0.748778
vt 0.758291 0.364794
vt 0.758291 0.310110
vt 0.703460 0.310111
vt 0.978536 0.160252
vt 0.991547 0.162293
vt 0.991547 0.141605
vt 0.952881 0.566060
vt 0.965891 0.568106
vt 0.965891 0.547362
vt 0.874736 0.042547
vt 0.874736 0.059199
vt 0.887747 0.061245
vt 0.557839 0.042142
vt 0.557839 0.058794
vt 0.570850 0.060840
vt 0.196858 0.326986
vt 0.196858 0.272155
vt 0.142027 0.272155
vt 0.277596 0.159841
vt 0.290607 0.161887
vt 0.290607 0.141144
vt 0.875048 0.633832
vt 0.888059 0.635878
vt 0.888059 0.615134
vt 0.796886 0.142919
vt 0.809897 0.144965
vt 0.809897 0.124222
vt 0.871512 0.868578
vt 0.871512 0.885230
vt 0.884523 0.887276
vt 0.480908 0.887276
vt 0.535739 0.887276
vt 0.535739 0.832445
vt 0.819611 0.885230
vt 0.832622 0.887276
vt 0.832622 0.866533
vt 0.849081 0.566060
vt 0.862092 0.568106
vt 0.862092 0.547362
vt 0.667003 0.109507
vt 0.667003 0.126159
vt 0.680014 0.128205
vt 0.797181 0.400204
vt 0.810191 0.402250
vt 0.810191 0.381506
vt 0.467968 0.819504
vt 0.467968 0.764672
vt 0.413137 0.764672
vt 0.432379 0.193524
vt 0.445390 0.195570
vt 0.445390 0.174827
vt 0.032420 0.063914
vt 0.045431 0.065960
vt 0.045431 0.045216
vt 0.952881 0.482043
vt 0.952881 0.498694
vt 0.965891 0.500740
vt 0.978683 0.797496
vt 0.978683 0.814103
vt 0.991694 0.816143
vt 0.006470 0.268461
vt 0.061153 0.268461
vt 0.061153 0.213630
vt 0.978536 0.092887
vt 0.991547 0.094927
vt 0.991547 0.074240
vt 0.796886 0.041871
vt 0.809896 0.043917
vt 0.809896 0.023174
vt 0.006470 0.080945
vt 0.006470 0.097596
vt 0.019480 0.099642
vt 0.926931 0.397646
vt 0.939942 0.399692
vt 0.939942 0.378948
vt 0.277596 0.432564
vt 0.332427 0.432564
vt 0.332427 0.377733
vt 0.926636 0.109912
vt 0.926636 0.126564
vt 0.939647 0.128610
vt 0.277596 0.058793
vt 0.290607 0.060839
vt 0.290607 0.040096
vt 0.900981 0.363963
vt 0.913992 0.366009
vt 0.913992 0.345266
vt 0.823131 0.448360
vt 0.823131 0.465011
vt 0.836141 0.467057
vt 0.332427 0.500335
vt 0.332427 0.445503
vt 0.277596 0.445504
vt 0.074240 0.191344
vt 0.087251 0.193390
vt 0.087251 0.172647
vt 0.442591 0.159841
vt 0.455602 0.161887
vt 0.455602 0.141144
vt 0.849098 0.600149
vt 0.862108 0.602195
vt 0.862108 0.581451
vt 0.797181 0.498694
vt 0.810191 0.500740
vt 0.810191 0.479996
vt 0.209799 0.598069
vt 0.264631 0.598069
vt 0.264631 0.543238
vt 0.802301 0.974832
vt 0.802301 0.991484
vt 0.815312 0.993530
vt 0.828189 0.924750
vt 0.841200 0.926796
vt 0.841200 0.906053
vt 0.965596 0.143595
vt 0.952587 0.141549
vt 0.952587 0.162293
vt 0.978830 0.482205
vt 0.978830 0.498812
vt 0.991841 0.500852
vt 0.074240 0.294856
vt 0.128924 0.294856
vt 0.128924 0.240025
vt 0.978847 0.633781
vt 0.991858 0.635822
vt 0.991858 0.615134
vt 0.952881 0.431329
vt 0.965891 0.433375
vt 0.965891 0.412632
vt 0.115866 0.107340
vt 0.115866 0.123991
vt 0.128876 0.126037
vt 0.583790 0.058794
vt 0.596800 0.060840
vt 0.596800 0.040096
vt 0.364608 0.432564
vt 0.419440 0.432564
vt 0.419440 0.377733
vt 0.897462 0.851547
vt 0.910473 0.853593
vt 0.910473 0.832850
vt 0.925448 0.658296
vt 0.925448 0.674947
vt 0.938459 0.676993
vt 0.364609 0.126159
vt 0.377619 0.128205
vt 0.377619 0.107461
vt 0.739491 0.075825
vt 0.739491 0.092476
vt 0.752501 0.094522
vt 0.500149 0.445504
vt 0.500149 0.500335
vt 0.554980 0.500335
vt 0.874883 0.713049
vt 0.887894 0.715095
vt 0.887894 0.694352
vt 0.364608 0.159841
vt 0.377619 0.161887
vt 0.377619 0.141144
vt 0.006470 0.063914
vt 0.019480 0.065960
vt 0.019480 0.045216
vt 0.594002 0.193524
vt 0.607012 0.195570
vt 0.607012 0.174827
vt 0.467968 0.887276
vt 0.467968 0.832444
vt 0.413137 0.832444
vt 0.797181 0.549408
vt 0.797180 0.566060
vt 0.810191 0.568106
vt 0.142027 0.122182
vt 0.155038 0.124228
vt 0.155038 0.103485
vt 0.964408 0.674947
vt 0.964408 0.658296
vt 0.951398 0.656250
vt 0.887747 0.025522
vt 0.887747 0.008915
vt 0.874736 0.006875
vt 0.196858 0.259216
vt 0.196858 0.204533
vt 0.142027 0.204533
vt 0.978830 0.363969
vt 0.991841 0.366010
vt 0.991841 0.345322
vt 0.952587 0.059199
vt 0.965596 0.061245
vt 0.965596 0.040501
vt 0.900834 0.696398
vt 0.900834 0.713049
vt 0.913844 0.715095
vt 0.900834 0.746732
vt 0.913844 0.748778
vt 0.913844 0.728035
vt 0.432379 0.297023
vt 0.487210 0.297023
vt 0.487210 0.242192
vt 0.744853 0.126159
vt 0.757864 0.128205
vt 0.757864 0.107461
vt 0.926784 0.780415
vt 0.939794 0.782461
vt 0.939794 0.761717
vt 0.900981 0.330280
vt 0.913992 0.332326
vt 0.913992 0.311583
vt 0.468541 0.143190
vt 0.468541 0.159842
vt 0.481552 0.161887
vt 0.554997 0.635878
vt 0.554997 0.581046
vt 0.500166 0.581046
vt 0.526097 0.141712
vt 0.539108 0.143758
vt 0.539108 0.123014
vt 0.848786 0.126564
vt 0.861797 0.128610
vt 0.861797 0.107867
vt 0.822836 0.134741
vt 0.835847 0.136787
vt 0.835847 0.116044
vt 0.329761 0.193524
vt 0.342771 0.195570
vt 0.342771 0.174827
vt 0.432231 0.696761
vt 0.432231 0.751593
vt 0.487062 0.751593
vt 0.802239 0.908098
vt 0.802239 0.924750
vt 0.815249 0.926796
vt 0.926784 0.814098
vt 0.939795 0.816143
vt 0.939795 0.795400
vt 0.952881 0.465012
vt 0.965891 0.467058
vt 0.965891 0.446314
vt 0.390559 0.008510
vt 0.390559 0.025117
vt 0.403569 0.027157
vt 0.758291 0.432564
vt 0.758291 0.377881
vt 0.703460 0.377881
vt 0.978536 0.227618
vt 0.991547 0.229658
vt 0.991547 0.208970
vt 0.952734 0.780415
vt 0.965744 0.782461
vt 0.965744 0.761717
vt 0.900834 0.780415
vt 0.913844 0.782461
vt 0.913844 0.761717
vt 0.142027 0.054817
vt 0.155038 0.056863
vt 0.155038 0.036119
vt 0.684219 0.832445
vt 0.684219 0.887276
vt 0.739050 0.887276
vt 0.557839 0.126159
vt 0.570850 0.128205
vt 0.570850 0.107462
vt 0.796886 0.075554
vt 0.809897 0.077600
vt 0.809897 0.056857
vt 0.848933 0.746732
vt 0.861944 0.748778
vt 0.861944 0.728035
vt 0.822983 0.797446
vt 0.822983 0.814098
vt 0.835994 0.816143
vt 0.142027 0.475467
vt 0.142027 0.530298
vt 0.196858 0.530298
vt 0.822983 0.746732
vt 0.835994 0.748778
vt 0.835994 0.728035
vt 0.251471 0.189400
vt 0.264482 0.191446
vt 0.264482 0.170703
vt 0.926931 0.313629
vt 0.926931 0.330280
vt 0.939942 0.332326
vt 0.797180 0.332838
vt 0.810191 0.334884
vt 0.810191 0.314140
vt 0.332427 0.568106
vt 0.332427 0.513274
vt 0.277596 0.513274
vt 0.390691 0.176873
vt 0.390691 0.193524
vt 0.403701 0.195570
vt 0.900686 0.294977
vt 0.913697 0.297023
vt 0.913697 0.276280
vt 0.952898 0.633832
vt 0.965908 0.635878
vt 0.965908 0.615134
vt 0.978830 0.549459
vt 0.978830 0.566065
vt 0.991841 0.568106
vt 0.758144 0.751593
vt 0.758144 0.696910
vt 0.703312 0.696910
vt 0.926637 0.025522
vt 0.939647 0.027562
vt 0.939647 0.006875
vt 0.952881 0.347312
vt 0.952881 0.363964
vt 0.965891 0.366010
vt 0.364608 0.042142
vt 0.364608 0.058794
vt 0.377619 0.060840
vt 0.032420 0.164962
vt 0.045431 0.167008
vt 0.045431 0.146264
vt 0.074240 0.375566
vt 0.074240 0.430397
vt 0.129071 0.430397
vt 0.303546 0.126159
vt 0.316557 0.128205
vt 0.316557 0.107461
vt 0.926931 0.448360
vt 0.926931 0.465011
vt 0.939942 0.467057
vt 0.899498 0.674947
vt 0.912509 0.676993
vt 0.912509 0.656250
vt 0.874736 0.177278
vt 0.874736 0.193929
vt 0.887747 0.195975
vt 0.535739 0.764673
vt 0.480908 0.764673
vt 0.480908 0.819504
vt 0.796886 0.176602
vt 0.809897 0.178648
vt 0.809897 0.157905
vt 0.926784 0.696398
vt 0.926784 0.713049
vt 0.939794 0.715095
vt 0.661640 0.042142
vt 0.661640 0.058794
vt 0.674651 0.060840
vt 0.006470 0.181993
vt 0.006470 0.198645
vt 0.019480 0.200691
vt 0.129071 0.565939
vt 0.129071 0.511107
vt 0.074240 0.511107
vt 0.567919 0.176872
vt 0.567919 0.193524
vt 0.580930 0.195570
vt 0.848933 0.713049
vt 0.861944 0.715095
vt 0.861944 0.694352
vt 0.952587 0.126564
vt 0.965596 0.128610
vt 0.965596 0.107866
vt 0.978830 0.448579
vt 0.978830 0.465185
vt 0.991841 0.467226
vt 0.751989 0.832445
vt 0.751989 0.887276
vt 0.806672 0.887276
vt 0.978683 0.780420
vt 0.991694 0.782461
vt 0.991694 0.761773
vt 0.952587 0.177278
vt 0.952587 0.193929
vt 0.965597 0.195975
vt 0.849081 0.431328
vt 0.862092 0.433374
vt 0.862092 0.412631
vt 0.926636 0.092881
vt 0.939647 0.094927
vt 0.939647 0.074184
vt 0.900686 0.076230
vt 0.900686 0.092881
vt 0.913697 0.094927
vt 0.926636 0.177278
vt 0.926636 0.193929
vt 0.939647 0.195975
vt 0.074240 0.443336
vt 0.074240 0.498167
vt 0.129071 0.498167
vt 0.783946 0.125176
vt 0.770935 0.123131
vt 0.770935 0.143874
vt 0.874883 0.780415
vt 0.887894 0.782461
vt 0.887894 0.761717
vt 0.074240 0.123979
vt 0.087250 0.126025
vt 0.087250 0.105281
vt 0.822983 0.696398
vt 0.822983 0.713049
vt 0.835994 0.715095
vt 0.264630 0.339926
vt 0.209799 0.339926
vt 0.209799 0.394757
vt 0.180988 0.105531
vt 0.167977 0.103485
vt 0.167977 0.124228
vt 0.251471 0.155718
vt 0.264482 0.157763
vt 0.264482 0.137020
vt 0.875048 0.600149
vt 0.888059 0.602194
vt 0.888059 0.581451
vt 0.848786 0.210960
vt 0.848786 0.227612
vt 0.861797 0.229658
vt 0.567936 0.581046
vt 0.567936 0.635877
vt 0.622767 0.635878
vt 0.926637 0.244643
vt 0.926637 0.261295
vt 0.939647 0.263341
vt 0.900998 0.633832
vt 0.914009 0.635878
vt 0.914009 0.615134
vt 0.690521 0.364794
vt 0.690521 0.309963
vt 0.635690 0.309963
vt 0.848786 0.261295
vt 0.861797 0.263341
vt 0.861797 0.242597
vt 0.661640 0.092476
vt 0.674651 0.094522
vt 0.674651 0.073779
vt 0.900981 0.498694
vt 0.913992 0.500740
vt 0.913992 0.479997
vt 0.900981 0.566060
vt 0.913992 0.568106
vt 0.913992 0.547362
vt 0.695789 0.993530
vt 0.695789 0.938699
vt 0.640958 0.938699
vt 0.822983 0.763763
vt 0.822983 0.780415
vt 0.835994 0.782461
vt 0.847598 0.674947
vt 0.860608 0.676993
vt 0.860608 0.656250
vt 0.251471 0.122035
vt 0.264482 0.124081
vt 0.264482 0.103338
vt 0.390559 0.126159
vt 0.403569 0.128205
vt 0.403569 0.107461
vt 0.006470 0.336231
vt 0.061301 0.336231
vt 0.061301 0.281400
vt 0.718903 0.143190
vt 0.718903 0.159841
vt 0.731914 0.161887
vt 0.849081 0.465011
vt 0.862092 0.467057
vt 0.862092 0.446314
vt 0.875031 0.549408
vt 0.875031 0.566060
vt 0.888042 0.568106
vt 0.871512 0.851547
vt 0.884523 0.853593
vt 0.884523 0.832850
vt 0.567919 0.445504
vt 0.567919 0.500335
vt 0.622750 0.500335
vt 0.209799 0.172749
vt 0.209799 0.189400
vt 0.222810 0.191446
vt 0.583790 0.126159
vt 0.596800 0.128205
vt 0.596800 0.107462
vt 0.609740 0.126159
vt 0.622751 0.128205
vt 0.622751 0.107461
vt 0.923412 0.885230
vt 0.936423 0.887276
vt 0.936423 0.866533
vt 0.419439 0.364794
vt 0.419439 0.309963
vt 0.364608 0.309963
vt 0.900981 0.380994
vt 0.900981 0.397646
vt 0.913992 0.399692
vt 0.874736 0.294977
vt 0.887747 0.297023
vt 0.887747 0.276280
vt 0.880089 0.924750
vt 0.893100 0.926796
vt 0.893100 0.906053
vt 0.875031 0.431328
vt 0.888042 0.433374
vt 0.888042 0.412631
vt 0.129071 0.362626
vt 0.129071 0.307795
vt 0.074240 0.307795
vt 0.845562 0.834896
vt 0.845562 0.851547
vt 0.858572 0.853593
vt 0.900686 0.227612
vt 0.913697 0.229658
vt 0.913697 0.208914
vt 0.926931 0.347311
vt 0.926931 0.363963
vt 0.939942 0.366009
vt 0.416641 0.126159
vt 0.429652 0.128205
vt 0.429652 0.107461
vt 0.690373 0.751593
vt 0.690373 0.696762
vt 0.635542 0.696762
vt 0.142027 0.172896
vt 0.142027 0.189547
vt 0.155038 0.191593
vt 0.849098 0.633832
vt 0.862108 0.635878
vt 0.862108 0.615134
vt 0.926636 0.059199
vt 0.939647 0.061245
vt 0.939647 0.040501
vt 0.823131 0.332838
vt 0.836141 0.334884
vt 0.836141 0.314141
vt 0.419439 0.297023
vt 0.419439 0.242192
vt 0.364608 0.242192
vt 0.822836 0.151773
vt 0.822836 0.168424
vt 0.835847 0.170470
vt 0.926948 0.600149
vt 0.939959 0.602194
vt 0.939959 0.581451
vt 0.115866 0.141022
vt 0.115866 0.157674
vt 0.128876 0.159720
vt 0.667003 0.159841
vt 0.680014 0.161887
vt 0.680014 0.141144
vt 0.690521 0.432564
vt 0.690521 0.377733
vt 0.635690 0.377733
vt 0.875031 0.515726
vt 0.875031 0.532377
vt 0.888042 0.534423
vt 0.900998 0.600149
vt 0.914009 0.602194
vt 0.914009 0.581451
vt 0.796886 0.294977
vt 0.809897 0.297023
vt 0.809897 0.250775
vt 0.390559 0.058794
vt 0.403569 0.060840
vt 0.403569 0.040096
vt 0.209826 0.887276
vt 0.264657 0.887276
vt 0.264657 0.748461
vt 0.771231 0.379779
vt 0.771231 0.422515
vt 0.784240 0.424561
vt 0.874736 0.092881
vt 0.887747 0.094927
vt 0.887747 0.074184
vt 0.468541 0.075825
vt 0.468541 0.092476
vt 0.481552 0.094522
vt 0.526097 0.108029
vt 0.539108 0.110075
vt 0.539108 0.089332
vt 0.880151 0.974833
vt 0.880151 0.991484
vt 0.893162 0.993530
vt 0.487210 0.432564
vt 0.487210 0.377733
vt 0.432379 0.377733
vt 0.796886 0.235790
vt 0.809897 0.237836
vt 0.809897 0.191587
vt 0.926931 0.498694
vt 0.939942 0.500740
vt 0.939942 0.479997
vt 0.713540 0.092476
vt 0.726551 0.094522
vt 0.726551 0.073779
vt 0.975312 0.834899
vt 0.975312 0.851548
vt 0.988323 0.853593
vt 0.554980 0.297023
vt 0.554980 0.242201
vt 0.500149 0.242201
vt 0.032420 0.030232
vt 0.045431 0.032277
vt 0.045431 0.011537
vt 0.949362 0.868578
vt 0.949362 0.885230
vt 0.962373 0.887276
vt 0.900981 0.431328
vt 0.913992 0.433374
vt 0.913992 0.412631
vt 0.926931 0.515726
vt 0.926931 0.532377
vt 0.939942 0.534423
vt 0.823131 0.431328
vt 0.836141 0.433374
vt 0.836141 0.412631
vt 0.900834 0.797446
vt 0.900834 0.814098
vt 0.913844 0.816143
vt 0.332427 0.364794
vt 0.332427 0.309963
vt 0.277596 0.309963
vt 0.583790 0.092476
vt 0.596800 0.094522
vt 0.596800 0.073779
vt 0.609740 0.058794
vt 0.622751 0.060840
vt 0.622751 0.040096
vt 0.845562 0.885230
vt 0.858572 0.887276
vt 0.858572 0.866533
vt 0.222810 0.155718
vt 0.222810 0.139066
vt 0.209799 0.137020
vt 0.622750 0.297023
vt 0.622750 0.242192
vt 0.567919 0.242192
vt 0.926636 0.227612
vt 0.939647 0.229658
vt 0.939647 0.208914
vt 0.500147 0.091378
vt 0.500147 0.108029
vt 0.513158 0.110075
vt 0.926637 0.294977
vt 0.939647 0.297023
vt 0.939647 0.276280
vt 0.949362 0.834896
vt 0.949362 0.851547
vt 0.962373 0.853593
vt 0.277596 0.297023
vt 0.332427 0.297023
vt 0.332427 0.242192
vt 0.222810 0.105383
vt 0.209799 0.103338
vt 0.209799 0.124081
vt 0.718903 0.176873
vt 0.718903 0.193524
vt 0.731914 0.195570
vt 0.235749 0.088352
vt 0.248760 0.090398
vt 0.248760 0.069655
vt 0.874883 0.746732
vt 0.887894 0.748778
vt 0.887894 0.728035
vt 0.196858 0.394757
vt 0.196858 0.339926
vt 0.142027 0.339926
vt 0.539108 0.057695
vt 0.526097 0.055649
vt 0.526097 0.076392
vt 0.823147 0.583497
vt 0.823147 0.600149
vt 0.836158 0.602195
vt 0.875031 0.465011
vt 0.888042 0.467057
vt 0.888042 0.446314
vt 0.115866 0.090309
vt 0.128876 0.092354
vt 0.128876 0.071611
vt 0.487210 0.364794
vt 0.487210 0.309963
vt 0.432379 0.309963
vt 0.926931 0.566060
vt 0.939942 0.568106
vt 0.939942 0.547363
vt 0.822836 0.278326
vt 0.822836 0.294977
vt 0.835847 0.297023
vt 0.744853 0.159841
vt 0.757864 0.161887
vt 0.757864 0.141144
vt 0.875031 0.498694
vt 0.888042 0.500740
vt 0.888042 0.479997
vt 0.690521 0.568106
vt 0.690521 0.513275
vt 0.635690 0.513275
vt 0.635690 0.092476
vt 0.648701 0.094522
vt 0.648701 0.073779
vt 0.677231 0.176872
vt 0.677231 0.193524
vt 0.690241 0.195570
vt 0.487226 0.635877
vt 0.487226 0.581045
vt 0.432396 0.581045
vt 0.797197 0.583497
vt 0.797197 0.600148
vt 0.810208 0.602195
vt 0.875031 0.363963
vt 0.888042 0.366009
vt 0.888042 0.345266
vt 0.875031 0.330280
vt 0.888042 0.332326
vt 0.888042 0.311583
vt 0.458329 0.193524
vt 0.471340 0.195570
vt 0.471340 0.174827
vt 0.209799 0.530298
vt 0.264631 0.530298
vt 0.264631 0.475467
vt 0.797033 0.756007
vt 0.810044 0.758053
vt 0.810044 0.737309
vt 0.874736 0.126564
vt 0.887747 0.128610
vt 0.887747 0.107867
vt 0.952734 0.713049
vt 0.965744 0.715095
vt 0.965744 0.694352
vt 0.978830 0.414952
vt 0.978830 0.431559
vt 0.991841 0.433599
vt 0.758291 0.500335
vt 0.758291 0.445652
vt 0.703460 0.445652
vt 0.978536 0.025578
vt 0.991547 0.027618
vt 0.991547 0.006931
vt 0.952881 0.330280
vt 0.965891 0.332326
vt 0.965891 0.311583
vt 0.952881 0.532377
vt 0.965891 0.534423
vt 0.965891 0.513680
vt 0.978830 0.381045
vt 0.978830 0.397652
vt 0.991841 0.399692
vt 0.708728 0.993530
vt 0.763411 0.993530
vt 0.763411 0.938699
vt 0.978847 0.600155
vt 0.991858 0.602195
vt 0.991858 0.581508
vt 0.957939 0.908099
vt 0.957939 0.924750
vt 0.970949 0.926796
vt 0.952587 0.092881
vt 0.965596 0.094927
vt 0.965596 0.074184
vt 0.978830 0.313680
vt 0.978830 0.330287
vt 0.991841 0.332327
vt 0.635690 0.242192
vt 0.635690 0.297023
vt 0.690373 0.297023
vt 0.978830 0.532439
vt 0.991841 0.534479
vt 0.991841 0.513792
vt 0.952898 0.600149
vt 0.965908 0.602195
vt 0.965908 0.581452
vt 0.770935 0.294982
vt 0.783947 0.297023
vt 0.783947 0.248587
vt 0.975312 0.885237
vt 0.988323 0.887276
vt 0.988323 0.866535
vt 0.196886 0.887276
vt 0.196886 0.746553
vt 0.142027 0.746550
vt 0.784241 0.362748
vt 0.784241 0.320012
vt 0.771231 0.317966
vt 0.500147 0.024008
vt 0.500147 0.040664
vt 0.513158 0.042710
vt 0.129088 0.887276
vt 0.129088 0.741238
vt 0.074240 0.741207
vt 0.229040 0.619443
vt 0.229047 0.663793
vt 0.242057 0.665839
vt 0.526097 0.024008
vt 0.526097 0.040665
vt 0.539108 0.042710
vt 0.713540 0.042142
vt 0.713540 0.058794
vt 0.726551 0.060839
vt 0.822836 0.033700
vt 0.835847 0.035739
vt 0.835847 0.014998
vt 0.770935 0.040780
vt 0.783945 0.042826
vt 0.783945 0.022083
vt 0.419456 0.635877
vt 0.419456 0.581046
vt 0.364608 0.581046
vt 0.978536 0.278318
vt 0.978536 0.294978
vt 0.991547 0.297023
vt 0.074240 0.208379
vt 0.074240 0.225002
vt 0.087250 0.227085
vt 0.416641 0.143190
vt 0.115866 0.039974
vt 0.862092 0.513680
vt 0.936423 0.832850
vt 0.567919 0.309963
vt 0.926931 0.414677
vt 0.809897 0.090539
vt 0.900686 0.143595
vt 0.862092 0.479997
vt 0.567772 0.751593
vt 0.822836 0.050725
vt 0.926948 0.617180
vt 0.897462 0.868578
vt 0.329496 0.109507
vt 0.061301 0.349171
vt 0.180988 0.036119
vt 0.990358 0.656253
vt 0.432388 0.445504
vt 0.006470 0.013583
vt 0.873548 0.658296
vt 0.900686 0.177278
vt 0.442591 0.042142
vt 0.862092 0.378948
vt 0.622751 0.073779
vt 0.567919 0.432564
vt 0.416509 0.042142
vt 0.739490 0.042142
vt 0.931989 0.908099
vt 0.939795 0.728035
vt 0.616449 0.887276
vt 0.303546 0.143190
vt 0.329496 0.042142
vt 0.822836 0.219138
vt 0.481552 0.040096
vt 0.684219 0.819504
vt 0.692953 0.143190
vt 0.128876 0.172659
vt 0.180988 0.069802
vt 0.822836 0.185455
vt 0.616449 0.764673
vt 0.848786 0.177278
vt 0.019480 0.112582
vt 0.416641 0.075825
vt 0.500149 0.158743
vt 0.554980 0.513275
vt 0.442591 0.109507
vt 0.861797 0.276280
vt 0.500147 0.125060
vt 0.032420 0.114627
vt 0.548678 0.887276
vt 0.508771 0.905799
vt 0.256422 0.665143
vt 0.385095 0.772161
vt 0.771247 0.594022
vt 0.442755 0.902162
vt 0.277596 0.764532
vt 0.402534 0.904208
vt 0.789361 0.947095
vt 0.770935 0.194949
vt 0.455694 0.904208
vt 0.142027 0.733611
vt 0.482233 0.904208
vt 0.797033 0.775445
vt 0.359361 0.679898
vt 0.601045 0.902162
vt 0.776351 0.911961
vt 0.358802 0.772616
vt 0.639997 0.651734
vt 0.757996 0.208509
vt 0.350634 0.993530
vt 0.594002 0.210556
vt 0.614046 0.651734
vt 0.455602 0.073779
vt 0.854201 0.974833
vt 0.560248 0.993530
vt 0.006470 0.148310
vt 0.900686 0.244643
vt 0.290607 0.107461
vt 0.567919 0.143190
vt 0.554833 0.696762
vt 0.074240 0.073645
vt 0.087250 0.138964
vt 0.861944 0.761717
vt 0.074240 0.039962
vt 0.006470 0.471772
vt 0.155038 0.137167
vt 0.906101 0.974833
vt 0.342771 0.141144
vt 0.823131 0.515726
vt 0.603509 0.764673
vt 0.390559 0.143190
vt 0.874736 0.244643
vt 0.262220 0.637682
vt 0.769747 0.651734
vt 0.277596 0.210555
vt 0.129071 0.728267
vt 0.648833 0.208509
vt 0.510246 0.651734
vt 0.562146 0.651734
vt 0.419439 0.208510
vt 0.345219 0.751593
vt 0.329761 0.210555
vt 0.743797 0.651734
vt 0.717847 0.651734
vt 0.445522 0.208510
vt 0.277596 0.635877
vt 0.690373 0.208510
vt 0.704908 0.648970
vt 0.784094 0.696910
vt 0.653285 0.902162
vt 0.006470 0.620254
vt 0.627165 0.902162
vt 0.771230 0.451810
vt 0.497307 0.648970
vt 0.474067 0.210555
vt 0.142027 0.665839
vt 0.377751 0.208510
vt 0.536196 0.651734
vt 0.588096 0.651734
vt 0.316821 0.208510
vt 0.345367 0.813203
vt 0.567919 0.210556
vt 0.665947 0.651734
vt 0.692309 0.904208
vt 0.757626 0.902162
vt 0.282864 0.919049
vt 0.458346 0.651595
vt 0.445406 0.648816
vt 0.468541 0.109507
vt 0.887747 0.208914
vt 0.209799 0.462528
vt 0.926636 0.143595
vt 0.875031 0.380994
vt 0.350634 0.904489
vt 0.731914 0.208509
vt 0.129072 0.641255
vt 0.115866 0.208388
vt 0.389595 0.902162
vt 0.526098 0.194215
vt 0.574902 0.902218
vt 0.332279 0.751593
vt 0.535145 0.904258
vt 0.513159 0.190380
vt 0.385311 0.655645
vt 0.731541 0.902162
vt 0.215093 0.919049
vt 0.666224 0.904208
vt 0.398251 0.658424
vt 0.783946 0.175511
vt 0.635690 0.042142
vt 0.554980 0.432564
vt 0.919050 0.906053
vt 0.209799 0.071701
vt 0.848786 0.076230
vt 0.648701 0.174827
vt 0.006470 0.539543
vt 0.823131 0.482043
vt 0.848933 0.797446
vt 0.526098 0.158743
vt 0.303678 0.176872
vt 0.061301 0.552483
vt 0.810191 0.347823
vt 0.635690 0.143190
vt 0.952734 0.730081
vt 0.377619 0.006470
vt 0.703460 0.568106
vt 0.978536 0.177272
vt 0.235749 0.038018
vt 0.316557 0.073779
vt 0.513158 0.055649
vt 0.364608 0.445504
vt 0.557839 0.075825
vt 0.848786 0.042547
vt 0.849081 0.347311
vt 0.757864 0.174827
vt 0.196858 0.407696
vt 0.823131 0.349870
vt 0.692953 0.109507
vt 0.819611 0.834491
vt 0.797180 0.515725
vt 0.142027 0.543238
vt 0.364608 0.176873
vt 0.900686 0.109912
vt 0.209799 0.038018
vt 0.913697 0.006875
vt 0.703313 0.242192
vt 0.978536 0.109963
vt 0.952734 0.797446
vt 0.155038 0.069802
vt 0.303546 0.042142
vt 0.209799 0.272156
vt 0.609740 0.143190
vt 0.183848 0.172896
vt 0.854139 0.908099
vt 0.648701 0.107461
vt 0.635690 0.500335
vt 0.823148 0.617180
vt 0.770935 0.091494
vt 0.900981 0.448360
vt 0.797197 0.617180
vt 0.364608 0.568106
vt 0.810044 0.703626
vt 0.822836 0.084407
vt 0.965596 0.227612
vt 0.861797 0.006875
vt 0.703477 0.635878
vt 0.978536 0.042598
vt 0.952881 0.380995
vt 0.342507 0.073779
vt 0.913697 0.040501
vt 0.573187 0.993530
vt 0.848786 0.143595
vt 0.718903 0.109507
vt 0.932051 0.974833
vt 0.841262 0.972787
vt 0.500149 0.364794
vt 0.821648 0.658296
vt 0.770935 0.057811
vt 0.687590 0.042142
vt 0.795697 0.658296
vt 0.432379 0.568106
vt 0.277596 0.176872
vt 0.277596 0.075825
vt 0.952587 0.244643
vt 0.991694 0.694352
vt 0.209799 0.204386
vt 0.978536 0.244694
vt 0.952587 0.278326
vt 0.700601 0.073779
vt 0.390559 0.075825
vt 0.635706 0.581047
vt 0.849081 0.313629
vt 0.183848 0.139213
vt 0.823131 0.549409
vt 0.887894 0.795400
vt 0.567919 0.568106
vt 0.874736 0.143595
vt 0.364608 0.075825
vt 0.032420 0.080945
vt 0.032420 0.181993
vt 0.437646 0.993530
vt 0.810191 0.415189
vt 0.913992 0.513680
vt 0.958001 0.974833
vt 0.991694 0.728091
vt 0.703460 0.364794
vt 0.978536 0.143646
vt 0.952881 0.549408
vt 0.887747 0.040501
vt 0.570850 0.040096
vt 0.142027 0.326986
vt 0.277596 0.143190
vt 0.875048 0.617180
vt 0.796886 0.126268
vt 0.884523 0.866533
vt 0.480908 0.832445
vt 0.819611 0.868578
vt 0.849081 0.549408
vt 0.680014 0.107461
vt 0.797180 0.383552
vt 0.413137 0.819504
vt 0.432379 0.176873
vt 0.032420 0.047262
vt 0.965891 0.479997
vt 0.991694 0.795456
vt 0.006470 0.213630
vt 0.978536 0.076280
vt 0.796886 0.025220
vt 0.019480 0.078899
vt 0.926931 0.380994
vt 0.277596 0.377733
vt 0.939647 0.107866
vt 0.277596 0.042142
vt 0.900981 0.347311
vt 0.836141 0.446314
vt 0.277596 0.500335
vt 0.074240 0.174693
vt 0.442591 0.143190
vt 0.849098 0.583497
vt 0.797180 0.482042
vt 0.209799 0.543238
vt 0.815312 0.972787
vt 0.828189 0.908099
vt 0.965596 0.160247
vt 0.991841 0.480165
vt 0.074240 0.240025
vt 0.978847 0.617175
vt 0.952881 0.414678
vt 0.128876 0.105294
vt 0.583790 0.042142
vt 0.364609 0.377733
vt 0.897462 0.834896
vt 0.938459 0.656250
vt 0.364608 0.109507
vt 0.752501 0.073779
vt 0.554980 0.445504
vt 0.874883 0.696398
vt 0.364608 0.143190
vt 0.006470 0.047262
vt 0.594002 0.176873
vt 0.413137 0.887276
vt 0.810191 0.547362
vt 0.142027 0.105531
vt 0.951398 0.676993
vt 0.874736 0.027562
vt 0.142027 0.259216
vt 0.978830 0.347363
vt 0.952587 0.042547
vt 0.913844 0.694352
vt 0.900834 0.730081
vt 0.432379 0.242192
vt 0.744853 0.109507
vt 0.926784 0.763763
vt 0.900981 0.313629
vt 0.481552 0.141144
vt 0.500166 0.635878
vt 0.526097 0.125060
vt 0.848786 0.109913
vt 0.822836 0.118090
vt 0.329761 0.176873
vt 0.487062 0.696761
vt 0.815249 0.906052
vt 0.926784 0.797446
vt 0.952881 0.448360
vt 0.403569 0.006470
vt 0.703460 0.432564
vt 0.978536 0.211011
vt 0.952734 0.763763
vt 0.900834 0.763763
vt 0.142027 0.038165
vt 0.739050 0.832445
vt 0.557839 0.109507
vt 0.796886 0.058903
vt 0.848933 0.730081
vt 0.835994 0.795400
vt 0.196858 0.475467
vt 0.822983 0.730080
vt 0.251471 0.172749
vt 0.939942 0.311583
vt 0.797180 0.316186
vt 0.277596 0.568106
vt 0.403701 0.174827
vt 0.900686 0.278326
vt 0.952898 0.617180
vt 0.991841 0.547418
vt 0.703312 0.751593
vt 0.926637 0.008915
vt 0.965891 0.345266
vt 0.377619 0.040096
vt 0.032420 0.148310
vt 0.129071 0.375566
vt 0.303546 0.109507
vt 0.939942 0.446314
vt 0.899498 0.658296
vt 0.887747 0.175232
vt 0.535739 0.819504
vt 0.796886 0.159950
vt 0.939794 0.694352
vt 0.674651 0.040096
vt 0.019480 0.179947
vt 0.074240 0.565939
vt 0.580930 0.174827
vt 0.848933 0.696398
vt 0.952587 0.109912
vt 0.991841 0.446538
vt 0.806672 0.832445
vt 0.978683 0.763814
vt 0.965597 0.175232
vt 0.849081 0.414677
vt 0.926636 0.076230
vt 0.913697 0.074184
vt 0.939647 0.175232
vt 0.129071 0.443336
vt 0.783946 0.141828
vt 0.874883 0.763763
vt 0.074240 0.107327
vt 0.835994 0.694352
vt 0.264630 0.394757
vt 0.180988 0.122182
vt 0.251471 0.139066
vt 0.875048 0.583497
vt 0.861797 0.208914
vt 0.622767 0.581046
vt 0.939647 0.242597
vt 0.900998 0.617180
vt 0.635690 0.364794
vt 0.848786 0.244643
vt 0.661640 0.075825
vt 0.900981 0.482043
vt 0.900981 0.549408
vt 0.640958 0.993530
vt 0.835994 0.761717
vt 0.847598 0.658296
vt 0.251472 0.105383
vt 0.390559 0.109507
vt 0.006470 0.281400
vt 0.731914 0.141144
vt 0.849081 0.448360
vt 0.888042 0.547362
vt 0.871512 0.834896
vt 0.622750 0.445504
vt 0.222810 0.170703
vt 0.583790 0.109507
vt 0.609740 0.109507
vt 0.923412 0.868578
vt 0.364608 0.364794
vt 0.913992 0.378948
vt 0.874736 0.278326
vt 0.880089 0.908099
vt 0.875031 0.414677
vt 0.074240 0.362626
vt 0.858572 0.832850
vt 0.900686 0.210960
vt 0.939942 0.345266
vt 0.416641 0.109507
vt 0.635542 0.751593
vt 0.155038 0.170850
vt 0.849098 0.617180
vt 0.926636 0.042547
vt 0.823131 0.316186
vt 0.364608 0.297023
vt 0.835847 0.149727
vt 0.926948 0.583497
vt 0.128876 0.138976
vt 0.667003 0.143190
vt 0.635690 0.432564
vt 0.888042 0.513680
vt 0.900998 0.583497
vt 0.796886 0.252821
vt 0.390559 0.042142
vt 0.209826 0.748461
vt 0.784240 0.377733
vt 0.874736 0.076230
vt 0.481552 0.073779
vt 0.526097 0.091378
vt 0.893162 0.972787
vt 0.432379 0.432564
vt 0.796886 0.193633
vt 0.926931 0.482043
vt 0.713540 0.075825
vt 0.988323 0.832853
vt 0.500149 0.297023
vt 0.032420 0.013583
vt 0.962373 0.866533
vt 0.900981 0.414677
vt 0.939942 0.513680
vt 0.823131 0.414677
vt 0.913844 0.795400
vt 0.277596 0.364794
vt 0.583790 0.075825
vt 0.609740 0.042142
vt 0.845562 0.868578
vt 0.209799 0.157763
vt 0.567919 0.297023
vt 0.926636 0.210960
vt 0.513158 0.089332
vt 0.926637 0.278326
vt 0.962373 0.832850
vt 0.277596 0.242192
vt 0.222810 0.122035
vt 0.731914 0.174827
vt 0.235749 0.071701
vt 0.874883 0.730080
vt 0.142027 0.394757
vt 0.539108 0.074346
vt 0.836158 0.581451
vt 0.875031 0.448360
vt 0.115866 0.073657
vt 0.432379 0.364794
vt 0.926931 0.549408
vt 0.835847 0.276280
vt 0.744853 0.143190
vt 0.875031 0.482043
vt 0.635690 0.568106
vt 0.635690 0.075825
vt 0.690241 0.174827
vt 0.432396 0.635877
vt 0.810208 0.581451
vt 0.875031 0.347311
vt 0.875031 0.313629
vt 0.458329 0.176873
vt 0.209799 0.475467
vt 0.797033 0.739355
vt 0.874736 0.109913
vt 0.952734 0.696398
vt 0.991841 0.412912
vt 0.703460 0.500335
vt 0.978536 0.008971
vt 0.952881 0.313629
vt 0.952881 0.515726
vt 0.991841 0.379005
vt 0.708728 0.938699
vt 0.978847 0.583548
vt 0.970949 0.906053
vt 0.952587 0.076230
vt 0.991841 0.311640
vt 0.690373 0.242192
vt 0.978830 0.515832
vt 0.952898 0.583498
vt 0.770936 0.250632
vt 0.975312 0.868580
vt 0.142039 0.887272
vt 0.771231 0.364794
vt 0.513158 0.021969
vt 0.074350 0.887245
vt 0.242057 0.617403
vt 0.539108 0.021969
vt 0.726551 0.040096
vt 0.822836 0.017043
vt 0.770935 0.024129
vt 0.364608 0.635877
vt 0.991547 0.276284
vt 0.087250 0.206329
s 0
usemtl keys
f 2094/2094/1078 2095/2095/1078 2096/2096/1078
f 2097/2097/1079 2098/2098/1079 2099/2099/1079
f 2100/2100/1080 2101/2101/1080 2102/2102/1080
f 2103/2103/1081 2104/2104/1081 2105/2105/1081
f 2106/2106/1082 2107/2107/1082 2108/2108/1082
f 2109/2109/1078 2110/2110/1078 2111/2111/1078
f 2112/2112/1079 2113/2113/1079 2114/2114/1079
f 2115/2115/1080 2116/2116/1080 2117/2117/1080
f 2118/2118/1081 2119/2119/1081 2120/2120/1081
f 2121/2121/1082 2122/2122/1082 2123/2123/1082
f 2124/2124/1078 2125/2125/1078 2126/2126/1078
f 2127/2127/1079 2128/2128/1079 2129/2129/1079
f 2130/2130/1080 2131/2131/1080 2132/2132/1080
f 2133/2133/1081 2134/2134/1081 2135/2135/1081
f 2136/2136/1082 2137/2137/1082 2138/2138/1082
f 2139/2139/1083 2140/2140/1083 2141/2141/1083
f 2142/2142/1079 2143/2143/1079 2144/2144/1079
f 2145/2145/1082 2146/2146/1082 2147/2147/1082
f 2148/2148/1081 2149/2149/1081 2150/2150/1081
f 2151/2151/1078 2152/2152/1078 2153/2153/1078
f 2154/2154/1078 2155/2155/1078 2156/2156/1078
f 2157/2157/1079 2158/2158/1079 2159/2159/1079
f 2160/2160/1080 2161/2161/1080 2162/2162/1080
f 2163/2163/1081 2164/2164/1081 2165/2165/1081
f 2166/2166/1082 2167/2167/1082 2168/2168/1082
f 2169/2169/1078 2170/2170/1078 2171/2171/1078
f 2172/2172/1079 2173/2173/1079 2174/2174/1079
f 2175/2175/1080 2176/2176/1080 2177/2177/1080
f 2178/2178/1081 2179/2179/1081 2180/2180/1081
f 2181/2181/1082 2182/2182/1082 2183/2183/1082
f 2184/2184/1078 2185/2185/1078 2186/2186/1078
f 2187/2187/1079 2188/2188/1079 2189/2189/1079
f 2190/2190/1080 2191/2191/1080 2192/2192/1080
f 2193/2193/1081 2194/2194/1081 2195/2195/1081
f 2196/2196/1082 2197/2197/1082 2198/2198/1082
f 2199/2199/1078 2200/2200/1078 2201/2201/1078
f 2202/2202/1079 2203/2203/1079 2204/2204/1079
f 2205/2205/1080 2206/2206/1080 2207/2207/1080
f 2208/2208/1081 2209/2209/1081 2210/2210/1081
f 2211/2211/1082 2212/2212/1082 2213/2213/1082
f 2214/2214/1078 2215/2215/1078 2216/2216/1078
f 2217/2217/1079 2218/2218/1079 2219/2219/1079
f 2220/2220/1080 2221/2221/1080 2222/2222/1080
f 2223/2223/1081 2224/2224/1081 2225/2225/1081
f 2226/2226/1082 2227/2227/1082 2228/2228/1082
f 2229/2229/1078 2230/2230/1078 2231/2231/1078
f 2232/2232/1079 2233/2233/1079 2234/2234/1079
f 2235/2235/1080 2236/2236/1080 2237/2237/1080
f 2238/2238/1081 2239/2239/1081 2240/2240/1081
f 2241/2241/1082 2242/2242/1082 2243/2243/1082
f 2244/2244/1084 2245/2245/1084 2246/2246/1084
f 2247/2247/1082 2248/2248/1082 2249/2249/1082
f 2250/2250/1085 2251/2251/1085 2252/2252/1085
f 2253/2253/1085 2254/2254/1085 2255/2255/1085
f 2256/2256/1080 2257/2257/1080 2258/2258/1080
f 2259/2259/1086 2260/2260/1086 2261/2261/1086
f 2262/2262/1082 2263/2263/1082 2264/2264/1082
f 2265/2265/1087 2266/2266/1087 2267/2267/1087
f 2268/2268/1078 2269/2269/1078 2270/2270/1078
f 2271/2271/1080 2272/2272/1080 2273/2273/1080
f 2274/2274/1088 2275/2275/1088 2276/2276/1088
f 2277/2277/1082 2278/2278/1082 2279/2279/1082
f 2280/2280/1089 2281/2281/1089 2282/2282/1089
f 2283/2283/1078 2284/2284/1078 2285/2285/1078
f 2286/2286/1090 2287/2287/1090 2288/2288/1090
f 2289/2289/1091 2290/2290/1091 2291/2291/1091
f 2292/2292/1082 2293/2293/1082 2294/2294/1082
f 2295/2295/1092 2296/2296/1092 2297/2297/1092
f 2249/2249/1082 2298/2298/1082 2299/2299/1082
f 2300/2300/1084 2301/2301/1084 2302/2302/1084
f 2303/2303/1080 2304/2304/1080 2305/2305/1080
f 2306/2306/1093 2307/2307/1093 2308/2308/1093
f 2309/2309/1082 2310/2310/1082 2311/2311/1082
f 2312/2312/1094 2313/2313/1094 2314/2314/1094
f 2315/2315/1078 2316/2316/1078 2317/2317/1078
f 2318/2318/1081 2319/2319/1081 2320/2320/1081
f 2321/2321/1079 2322/2322/1079 2323/2323/1079
f 2324/2324/1082 2325/2325/1082 2326/2326/1082
f 2327/2327/1078 2328/2328/1078 2329/2329/1078
f 2330/2330/1080 2331/2331/1080 2332/2332/1080
f 2333/2333/1081 2334/2334/1081 2335/2335/1081
f 2336/2336/1079 2337/2337/1079 2338/2338/1079
f 2339/2339/1082 2340/2340/1082 2341/2341/1082
f 2342/2342/1078 2343/2343/1078 2344/2344/1078
f 2345/2345/1080 2346/2346/1080 2347/2347/1080
f 2348/2348/1081 2349/2349/1081 2350/2350/1081
f 2351/2351/1079 2352/2352/1079 2353/2353/1079
f 2354/2354/1082 2355/2355/1082 2356/2356/1082
f 2357/2357/1078 2358/2358/1078 2359/2359/1078
f 2360/2360/1080 2361/2361/1080 2362/2362/1080
f 2363/2363/1081 2364/2364/1081 2365/2365/1081
f 2366/2366/1079 2367/2367/1079 2368/2368/1079
f 2369/2369/1082 2370/2370/1082 2371/2371/1082
f 2372/2372/1078 2373/2373/1078 2374/2374/1078
f 2375/2375/1080 2376/2376/1080 2377/2377/1080
f 2378/2378/1095 2379/2379/1095 2380/2380/1095
f 2381/2381/1080 2382/2382/1080 2383/2383/1080
f 2384/2384/1093 2385/2385/1093 2386/2386/1093
f 2387/2387/1082 2388/2388/1082 2389/2389/1082
f 2390/2390/1094 2391/2391/1094 2392/2392/1094
f 2393/2393/1078 2394/2394/1078 2395/2395/1078
f 2396/2396/1080 2397/2397/1080 2398/2398/1080
f 2399/2399/1093 2400/2400/1093 2401/2401/1093
f 2402/2402/1082 2403/2403/1082 2404/2404/1082
f 2405/2405/1094 2406/2406/1094 2407/2407/1094
f 2408/2408/1078 2409/2409/1078 2410/2410/1078
f 2411/2411/1080 2412/2412/1080 2413/2413/1080
f 2414/2414/1093 2415/2415/1093 2416/2416/1093
f 2417/2417/1082 2418/2418/1082 2419/2419/1082
f 2420/2420/1094 2421/2421/1094 2422/2422/1094
f 2423/2423/1078 2424/2424/1078 2425/2425/1078
f 2426/2426/1080 2427/2427/1080 2428/2428/1080
f 2429/2429/1096 2430/2430/1096 2431/2431/1096
f 2432/2432/1082 2433/2433/1082 2434/2434/1082
f 2435/2435/1097 2436/2436/1097 2437/2437/1097
f 2438/2438/1078 2439/2439/1078 2440/2440/1078
f 2441/2441/1080 2442/2442/1080 2443/2443/1080
f 2444/2444/1093 2445/2445/1093 2446/2446/1093
f 2447/2447/1082 2448/2448/1082 2449/2449/1082
f 2450/2450/1094 2451/2451/1094 2452/2452/1094
f 2453/2453/1078 2454/2454/1078 2455/2455/1078
f 2456/2456/1080 2457/2457/1080 2458/2458/1080
f 2459/2459/1093 2460/2460/1093 2461/2461/1093
f 2462/2462/1082 2463/2463/1082 2464/2464/1082
f 2465/2465/1094 2466/2466/1094 2467/2467/1094
f 2468/2468/1078 2469/2469/1078 2470/2470/1078
f 2471/2471/1098 2472/2472/1098 2473/2473/1098
f 2474/2474/1099 2475/2475/1099 2476/2476/1099
f 2477/2477/1082 2478/2478/1082 2479/2479/1082
f 2480/2480/1078 2481/2481/1078 2482/2482/1078
f 2483/2483/1080 2484/2484/1080 2485/2485/1080
f 2486/2486/1081 2487/2487/1081 2488/2488/1081
f 2489/2489/1079 2490/2490/1079 2491/2491/1079
f 2492/2492/1082 2493/2493/1082 2494/2494/1082
f 2495/2495/1078 2496/2496/1078 2497/2497/1078
f 2498/2498/1080 2499/2499/1080 2500/2500/1080
f 2501/2501/1080 2502/2502/1080 2503/2503/1080
f 2504/2504/1100 2505/2505/1100 2506/2506/1100
f 2507/2507/1082 2508/2508/1082 2509/2509/1082
f 2510/2510/1101 2511/2511/1101 2512/2512/1101
f 2513/2513/1078 2514/2514/1078 2515/2515/1078
f 2516/2516/1102 2517/2517/1102 2518/2518/1102
f 2519/2519/1103 2520/2520/1103 2521/2521/1103
f 2522/2522/1082 2523/2523/1082 2524/2524/1082
f 2525/2525/1104 2526/2526/1104 2527/2527/1104
f 2528/2528/1105 2529/2529/1105 2530/2530/1105
f 2531/2531/1080 2532/2532/1080 2533/2533/1080
f 2534/2534/1099 2535/2535/1099 2536/2536/1099
f 2537/2537/1082 2538/2538/1082 2539/2539/1082
f 2540/2540/1098 2541/2541/1098 2542/2542/1098
f 2543/2543/1078 2544/2544/1078 2545/2545/1078
f 2546/2546/1080 2547/2547/1080 2548/2548/1080
f 2549/2549/1079 2550/2550/1079 2551/2551/1079
f 2552/2552/1082 2553/2553/1082 2554/2554/1082
f 2555/2555/1081 2556/2556/1081 2557/2557/1081
f 2558/2558/1078 2559/2559/1078 2560/2560/1078
f 2561/2561/1080 2562/2562/1080 2563/2563/1080
f 2564/2564/1079 2565/2565/1079 2566/2566/1079
f 2567/2567/1082 2568/2568/1082 2569/2569/1082
f 2570/2570/1081 2571/2571/1081 2572/2572/1081
f 2573/2573/1078 2574/2574/1078 2575/2575/1078
f 2576/2576/1080 2577/2577/1080 2578/2578/1080
f 2579/2579/1079 2580/2580/1079 2581/2581/1079
f 2582/2582/1082 2583/2583/1082 2584/2584/1082
f 2585/2585/1081 2586/2586/1081 2587/2587/1081
f 2588/2588/1078 2589/2589/1078 2590/2590/1078
f 2591/2591/1102 2592/2592/1102 2593/2593/1102
f 2594/2594/1079 2595/2595/1079 2596/2596/1079
f 2597/2597/1082 2598/2598/1082 2599/2599/1082
f 2600/2600/1081 2601/2601/1081 2602/2602/1081
f 2603/2603/1105 2604/2604/1105 2605/2605/1105
f 2606/2606/1081 2607/2607/1081 2608/2608/1081
f 2609/2609/1079 2610/2610/1079 2611/2611/1079
f 2612/2612/1082 2613/2613/1082 2614/2614/1082
f 2615/2615/1078 2616/2616/1078 2617/2617/1078
f 2618/2618/1080 2619/2619/1080 2620/2620/1080
f 2621/2621/1080 2622/2622/1080 2623/2623/1080
f 2624/2624/1079 2625/2625/1079 2626/2626/1079
f 2627/2627/1082 2628/2628/1082 2629/2629/1082
f 2630/2630/1081 2631/2631/1081 2632/2632/1081
f 2633/2633/1078 2634/2634/1078 2635/2635/1078
f 2636/2636/1080 2637/2637/1080 2638/2638/1080
f 2639/2639/1079 2640/2640/1079 2641/2641/1079
f 2642/2642/1082 2643/2643/1082 2644/2644/1082
f 2645/2645/1081 2646/2646/1081 2647/2647/1081
f 2648/2648/1078 2649/2649/1078 2650/2650/1078
f 2651/2651/1102 2652/2652/1102 2653/2653/1102
f 2654/2654/1079 2655/2655/1079 2656/2656/1079
f 2657/2657/1082 2658/2658/1082 2659/2659/1082
f 2660/2660/1081 2661/2661/1081 2662/2662/1081
f 2663/2663/1105 2664/2664/1105 2665/2665/1105
f 2666/2666/1081 2667/2667/1081 2668/2668/1081
f 2669/2669/1079 2670/2670/1079 2671/2671/1079
f 2672/2672/1082 2673/2673/1082 2674/2674/1082
f 2675/2675/1078 2676/2676/1078 2677/2677/1078
f 2678/2678/1080 2679/2679/1080 2680/2680/1080
f 2681/2681/1080 2682/2682/1080 2683/2683/1080
f 2684/2684/1079 2685/2685/1079 2686/2686/1079
f 2687/2687/1082 2688/2688/1082 2689/2689/1082
f 2690/2690/1081 2691/2691/1081 2692/2692/1081
f 2693/2693/1078 2694/2694/1078 2695/2695/1078
f 2696/2696/1080 2697/2697/1080 2698/2698/1080
f 2699/2699/1079 2700/2700/1079 2701/2701/1079
f 2702/2702/1082 2703/2703/1082 2704/2704/1082
s 1
f 2705/2705/1081 2706/2706/1081 2707/2707/1081
s 0
f 2708/2708/1078 2709/2709/1078 2710/2710/1078
f 2711/2711/1102 2712/2712/1102 2713/2713/1102
f 2714/2714/1079 2715/2715/1079 2716/2716/1079
f 2717/2717/1082 2718/2718/1082 2719/2719/1082
f 2720/2720/1081 2721/2721/1081 2722/2722/1081
f 2723/2723/1105 2724/2724/1105 2725/2725/1105
f 2726/2726/1081 2727/2727/1081 2728/2728/1081
f 2729/2729/1079 2730/2730/1079 2731/2731/1079
f 2732/2732/1082 2733/2733/1082 2734/2734/1082
f 2735/2735/1078 2736/2736/1078 2737/2737/1078
f 2738/2738/1080 2739/2739/1080 2740/2740/1080
f 2741/2741/1080 2742/2742/1080 2743/2743/1080
f 2744/2744/1079 2745/2745/1079 2746/2746/1079
f 2747/2747/1082 2748/2748/1082 2749/2749/1082
f 2750/2750/1081 2751/2751/1081 2752/2752/1081
f 2753/2753/1078 2754/2754/1078 2755/2755/1078
f 2756/2756/1080 2757/2757/1080 2758/2758/1080
f 2759/2759/1079 2760/2760/1079 2761/2761/1079
f 2762/2762/1082 2763/2763/1082 2764/2764/1082
f 2765/2765/1081 2766/2766/1081 2767/2767/1081
f 2768/2768/1078 2769/2769/1078 2770/2770/1078
f 2771/2771/1102 2772/2772/1102 2773/2773/1102
f 2774/2774/1079 2775/2775/1079 2776/2776/1079
f 2777/2777/1082 2778/2778/1082 2779/2779/1082
f 2780/2780/1081 2781/2781/1081 2782/2782/1081
f 2783/2783/1105 2784/2784/1105 2785/2785/1105
f 2786/2786/1081 2787/2787/1081 2788/2788/1081
f 2789/2789/1079 2790/2790/1079 2791/2791/1079
f 2792/2792/1082 2793/2793/1082 2794/2794/1082
f 2795/2795/1078 2796/2796/1078 2797/2797/1078
f 2798/2798/1080 2799/2799/1080 2800/2800/1080
f 2801/2801/1080 2802/2802/1080 2803/2803/1080
f 2804/2804/1079 2805/2805/1079 2806/2806/1079
f 2807/2807/1082 2808/2808/1082 2809/2809/1082
f 2810/2810/1081 2811/2811/1081 2812/2812/1081
f 2813/2813/1078 2814/2814/1078 2815/2815/1078
f 2816/2816/1080 2817/2817/1080 2818/2818/1080
f 2819/2819/1079 2820/2820/1079 2821/2821/1079
f 2822/2822/1082 2823/2823/1082 2824/2824/1082
f 2825/2825/1081 2826/2826/1081 2827/2827/1081
f 2828/2828/1078 2829/2829/1078 2830/2830/1078
f 2831/2831/1102 2832/2832/1102 2833/2833/1102
f 2834/2834/1079 2835/2835/1079 2836/2836/1079
f 2837/2837/1082 2838/2838/1082 2839/2839/1082
f 2840/2840/1081 2841/2841/1081 2842/2842/1081
f 2843/2843/1105 2844/2844/1105 2845/2845/1105
f 2846/2846/1081 2847/2847/1081 2848/2848/1081
f 2849/2849/1079 2850/2850/1079 2851/2851/1079
f 2852/2852/1082 2853/2853/1082 2854/2854/1082
f 2855/2855/1078 2856/2856/1078 2857/2857/1078
f 2858/2858/1080 2859/2859/1080 2860/2860/1080
f 2861/2861/1080 2862/2862/1080 2863/2863/1080
f 2864/2864/1079 2865/2865/1079 2866/2866/1079
f 2867/2867/1082 2868/2868/1082 2869/2869/1082
f 2870/2870/1081 2871/2871/1081 2872/2872/1081
f 2873/2873/1078 2874/2874/1078 2875/2875/1078
f 2876/2876/1080 2877/2877/1080 2878/2878/1080
f 2879/2879/1079 2880/2880/1079 2881/2881/1079
f 2882/2882/1082 2883/2883/1082 2884/2884/1082
f 2885/2885/1081 2886/2886/1081 2887/2887/1081
f 2888/2888/1078 2889/2889/1078 2890/2890/1078
f 2891/2891/1102 2892/2892/1102 2893/2893/1102
f 2894/2894/1079 2895/2895/1079 2896/2896/1079
f 2897/2897/1082 2898/2898/1082 2899/2899/1082
f 2900/2900/1081 2901/2901/1081 2902/2902/1081
f 2903/2903/1105 2904/2904/1105 2905/2905/1105
f 2906/2906/1081 2907/2907/1081 2908/2908/1081
f 2909/2909/1079 2910/2910/1079 2911/2911/1079
f 2912/2912/1082 2913/2913/1082 2914/2914/1082
f 2915/2915/1078 2916/2916/1078 2917/2917/1078
f 2918/2918/1080 2919/2919/1080 2920/2920/1080
f 2921/2921/1080 2922/2922/1080 2923/2923/1080
f 2924/2924/1079 2925/2925/1079 2926/2926/1079
f 2927/2927/1082 2928/2928/1082 2929/2929/1082
f 2930/2930/1081 2931/2931/1081 2932/2932/1081
f 2933/2933/1078 2934/2934/1078 2935/2935/1078
f 2936/2936/1080 2937/2937/1080 2938/2938/1080
f 2939/2939/1079 2940/2940/1079 2941/2941/1079
f 2942/2942/1082 2943/2943/1082 2944/2944/1082
f 2945/2945/1081 2946/2946/1081 2947/2947/1081
f 2948/2948/1078 2949/2949/1078 2950/2950/1078
f 2951/2951/1102 2952/2952/1102 2953/2953/1102
f 2954/2954/1079 2955/2955/1079 2956/2956/1079
f 2957/2957/1082 2958/2958/1082 2959/2959/1082
f 2960/2960/1081 2961/2961/1081 2962/2962/1081
f 2963/2963/1105 2964/2964/1105 2965/2965/1105
f 2966/2966/1081 2967/2967/1081 2968/2968/1081
f 2969/2969/1079 2970/2970/1079 2971/2971/1079
f 2972/2972/1082 2973/2973/1082 2974/2974/1082
f 2975/2975/1078 2976/2976/1078 2977/2977/1078
f 2978/2978/1080 2979/2979/1080 2980/2980/1080
f 2981/2981/1080 2982/2982/1080 2983/2983/1080
f 2984/2984/1079 2985/2985/1079 2986/2986/1079
f 2987/2987/1082 2988/2988/1082 2989/2989/1082
f 2990/2990/1081 2991/2991/1081 2992/2992/1081
f 2993/2993/1078 2994/2994/1078 2995/2995/1078
f 2996/2996/1080 2997/2997/1080 2998/2998/1080
f 2999/2999/1079 3000/3000/1079 3001/3001/1079
f 3002/3002/1082 3003/3003/1082 3004/3004/1082
f 3005/3005/1081 3006/3006/1081 3007/3007/1081
f 3008/3008/1078 3009/3009/1078 3010/3010/1078
f 3011/3011/1102 3012/3012/1102 3013/3013/1102
f 3014/3014/1079 3015/3015/1079 3016/3016/1079
f 3017/3017/1082 3018/3018/1082 3019/3019/1082
f 3020/3020/1081 3021/3021/1081 3022/3022/1081
f 3023/3023/1105 3024/3024/1105 3025/3025/1105
f 3026/3026/1081 3027/3027/1081 3028/3028/1081
f 3029/3029/1079 3030/3030/1079 3031/3031/1079
f 3032/3032/1082 3033/3033/1082 3034/3034/1082
f 3035/3035/1078 3036/3036/1078 3037/3037/1078
f 3038/3038/1080 3039/3039/1080 3040/3040/1080
f 3041/3041/1080 3042/3042/1080 3043/3043/1080
f 3044/3044/1079 3045/3045/1079 3046/3046/1079
f 3047/3047/1082 3048/3048/1082 3049/3049/1082
f 3050/3050/1081 3051/3051/1081 3052/3052/1081
f 3053/3053/1078 3054/3054/1078 3055/3055/1078
f 3056/3056/1080 3057/3057/1080 3058/3058/1080
f 3059/3059/1079 3060/3060/1079 3061/3061/1079
f 3062/3062/1082 3063/3063/1082 3064/3064/1082
f 3065/3065/1081 3066/3066/1081 3067/3067/1081
f 3068/3068/1078 3069/3069/1078 3070/3070/1078
f 3071/3071/1102 3072/3072/1102 3073/3073/1102
f 3074/3074/1079 3075/3075/1079 3076/3076/1079
f 3077/3077/1082 3078/3078/1082 3079/3079/1082
f 3080/3080/1081 3081/3081/1081 3082/3082/1081
f 3083/3083/1105 3084/3084/1105 3085/3085/1105
f 3086/3086/1081 3087/3087/1081 3088/3088/1081
f 3089/3089/1079 3090/3090/1079 3091/3091/1079
f 3092/3092/1082 3093/3093/1082 3094/3094/1082
f 3095/3095/1078 3096/3096/1078 3097/3097/1078
f 3098/3098/1080 3099/3099/1080 3100/3100/1080
f 3101/3101/1080 3102/3102/1080 3103/3103/1080
f 3104/3104/1079 3105/3105/1079 3106/3106/1079
f 3107/3107/1082 3108/3108/1082 3109/3109/1082
f 3110/3110/1081 3111/3111/1081 3112/3112/1081
f 3113/3113/1078 3114/3114/1078 3115/3115/1078
f 3116/3116/1080 3117/3117/1080 3118/3118/1080
f 3119/3119/1079 3120/3120/1079 3121/3121/1079
f 3122/3122/1082 3123/3123/1082 3124/3124/1082
f 3125/3125/1081 3126/3126/1081 3127/3127/1081
f 3128/3128/1078 3129/3129/1078 3130/3130/1078
f 3131/3131/1102 3132/3132/1102 3133/3133/1102
s 1
f 3134/3134/1079 3135/3135/1079 3136/3136/1079
s 0
f 3137/3137/1082 3138/3138/1082 3139/3139/1082
f 3140/3140/1081 3141/3141/1081 3142/3142/1081
f 3143/3143/1105 3144/3144/1105 3145/3145/1105
f 3146/3146/1081 3147/3147/1081 3148/3148/1081
f 3149/3149/1079 3150/3150/1079 3151/3151/1079
f 3152/3152/1082 3153/3153/1082 3154/3154/1082
f 3155/3155/1078 3156/3156/1078 3157/3157/1078
f 3158/3158/1080 3159/3159/1080 3160/3160/1080
f 3161/3161/1080 3162/3162/1080 3163/3163/1080
f 3164/3164/1079 3165/3165/1079 3166/3166/1079
f 3167/3167/1082 3168/3168/1082 3169/3169/1082
f 3170/3170/1081 3171/3171/1081 3172/3172/1081
f 3173/3173/1078 3174/3174/1078 3175/3175/1078
f 3176/3176/1080 3177/3177/1080 3178/3178/1080
f 3179/3179/1079 3180/3180/1079 3181/3181/1079
f 3182/3182/1082 3183/3183/1082 3184/3184/1082
f 3185/3185/1081 3186/3186/1081 3187/3187/1081
f 3188/3188/1078 3189/3189/1078 3190/3190/1078
f 3191/3191/1102 3192/3192/1102 3193/3193/1102
f 3194/3194/1079 3195/3195/1079 3196/3196/1079
f 3197/3197/1082 3198/3198/1082 3199/3199/1082
f 3200/3200/1081 3201/3201/1081 3202/3202/1081
f 3203/3203/1105 3204/3204/1105 3205/3205/1105
f 3206/3206/1078 3207/3207/1078 3208/3208/1078
f 3209/3209/1079 3210/3210/1079 3211/3211/1079
f 3212/3212/1080 3213/3213/1080 3214/3214/1080
f 3215/3215/1081 3216/3216/1081 3217/3217/1081
f 3218/3218/1082 3219/3219/1082 3220/3220/1082
f 3221/3221/1078 3222/3222/1078 3223/3223/1078
f 3224/3224/1079 3225/3225/1079 3226/3226/1079
f 3227/3227/1080 3228/3228/1080 3229/3229/1080
f 3230/3230/1081 3231/3231/1081 3232/3232/1081
f 3233/3233/1082 3234/3234/1082 3235/3235/1082
f 3236/3236/1078 3237/3237/1078 3238/3238/1078
f 3239/3239/1079 3240/3240/1079 3241/3241/1079
f 3242/3242/1080 3243/3243/1080 3244/3244/1080
f 3245/3245/1081 3246/3246/1081 3247/3247/1081
f 3248/3248/1082 3249/3249/1082 3250/3250/1082
f 3251/3251/1081 3252/3252/1081 3253/3253/1081
f 3254/3254/1079 3255/3255/1079 3256/3256/1079
f 3257/3257/1082 3258/3258/1082 3259/3259/1082
f 3260/3260/1078 3261/3261/1078 3262/3262/1078
f 3263/3263/1080 3264/3264/1080 3265/3265/1080
f 3266/3266/1080 3267/3267/1080 3268/3268/1080
f 3269/3269/1079 3270/3270/1079 3271/3271/1079
f 3272/3272/1082 3273/3273/1082 3274/3274/1082
f 3275/3275/1081 3276/3276/1081 3277/3277/1081
f 3278/3278/1078 3279/3279/1078 3280/3280/1078
f 3281/3281/1080 3282/3282/1080 3283/3283/1080
f 3284/3284/1079 3285/3285/1079 3286/3286/1079
f 3287/3287/1082 3288/3288/1082 3289/3289/1082
f 3290/3290/1081 3291/3291/1081 3292/3292/1081
f 3293/3293/1078 3294/3294/1078 3295/3295/1078
f 3296/3296/1080 3297/3297/1080 3298/3298/1080
f 3299/3299/1079 3300/3300/1079 3301/3301/1079
f 3302/3302/1082 3303/3303/1082 3304/3304/1082
f 3305/3305/1081 3306/3306/1081 3307/3307/1081
f 3308/3308/1078 3309/3309/1078 3310/3310/1078
f 3311/3311/1080 3312/3312/1080 3313/3313/1080
f 3314/3314/1079 3315/3315/1079 3316/3316/1079
f 3317/3317/1082 3318/3318/1082 3319/3319/1082
f 3320/3320/1081 3321/3321/1081 3322/3322/1081
f 3323/3323/1078 3324/3324/1078 3325/3325/1078
f 3326/3326/1080 3327/3327/1080 3328/3328/1080
f 3329/3329/1079 3330/3330/1079 3331/3331/1079
f 3332/3332/1082 3333/3333/1082 3334/3334/1082
f 3335/3335/1081 3336/3336/1081 3337/3337/1081
f 3338/3338/1078 3339/3339/1078 3340/3340/1078
f 3341/3341/1080 3342/3342/1080 3343/3343/1080
f 3344/3344/1079 3345/3345/1079 3346/3346/1079
f 3347/3347/1082 3348/3348/1082 3349/3349/1082
f 3350/3350/1081 3351/3351/1081 3352/3352/1081
f 3353/3353/1078 3354/3354/1078 3355/3355/1078
f 3356/3356/1080 3357/3357/1080 3358/3358/1080
f 3359/3359/1079 3360/3360/1079 3361/3361/1079
f 3362/3362/1082 3363/3363/1082 3364/3364/1082
f 3365/3365/1081 3366/3366/1081 3367/3367/1081
f 3368/3368/1078 3369/3369/1078 3370/3370/1078
f 3371/3371/1080 3372/3372/1080 3373/3373/1080
f 3374/3374/1079 3375/3375/1079 3376/3376/1079
f 3377/3377/1082 3378/3378/1082 3379/3379/1082
f 3380/3380/1081 3381/3381/1081 3382/3382/1081
f 3383/3383/1078 3384/3384/1078 3385/3385/1078
f 3386/3386/1080 3387/3387/1080 3388/3388/1080
f 3389/3389/1079 3390/3390/1079 3391/3391/1079
f 3392/3392/1082 3393/3393/1082 3394/3394/1082
f 3395/3395/1106 3396/3396/1107 3397/3397/1107
f 3398/3398/1078 3399/3399/1078 3400/3400/1078
f 3401/3401/1079 3402/3402/1079 3403/3403/1079
f 3404/3404/1080 3405/3405/1080 3406/3406/1080
f 3407/3407/1081 3408/3408/1081 3409/3409/1081
f 3410/3410/1082 3411/3411/1082 3412/3412/1082
f 3413/3413/1078 3414/3414/1078 3415/3415/1078
f 3416/3416/1081 3417/3417/1081 3418/3418/1081
f 3419/3419/1083 3420/3420/1083 3421/3421/1083
f 3422/3422/1079 3423/3423/1079 3424/3424/1079
f 3425/3425/1082 3426/3426/1082 3427/3427/1082
f 3428/3428/1081 3429/3429/1081 3430/3430/1081
f 3431/3431/1078 3432/3432/1078 3433/3433/1078
f 3434/3434/1078 3435/3435/1078 3436/3436/1078
f 3437/3437/1079 3438/3438/1079 3439/3439/1079
f 3440/3440/1080 3441/3441/1080 3442/3442/1080
f 3443/3443/1081 3444/3444/1081 3445/3445/1081
f 3446/3446/1082 3447/3447/1082 3448/3448/1082
f 3449/3449/1078 3450/3450/1078 3451/3451/1078
f 3452/3452/1079 3453/3453/1079 3454/3454/1079
f 3455/3455/1080 3456/3456/1080 3457/3457/1080
f 3458/3458/1081 3459/3459/1081 3460/3460/1081
f 3461/3461/1082 3462/3462/1082 3463/3463/1082
f 3464/3464/1078 3465/3465/1078 3466/3466/1078
f 3467/3467/1079 3468/3468/1079 3469/3469/1079
f 3470/3470/1080 3471/3471/1080 3472/3472/1080
f 3473/3473/1081 3474/3474/1081 3475/3475/1081
f 3476/3476/1082 3477/3477/1082 3478/3478/1082
f 3479/3479/1078 3480/3480/1078 3481/3481/1078
f 3482/3482/1079 3483/3483/1079 3484/3484/1079
f 3485/3485/1080 3486/3486/1080 3487/3487/1080
f 3488/3488/1081 3489/3489/1081 3490/3490/1081
f 3491/3491/1082 3492/3492/1082 3493/3493/1082
f 3494/3494/1078 3495/3495/1078 3496/3496/1078
f 3497/3497/1079 3498/3498/1079 3499/3499/1079
f 3500/3500/1080 3501/3501/1080 3502/3502/1080
f 3503/3503/1081 3504/3504/1081 3505/3505/1081
f 3506/3506/1082 3507/3507/1082 3508/3508/1082
f 3509/3509/1078 3510/3510/1078 3511/3511/1078
f 3512/3512/1079 3513/3513/1079 3514/3514/1079
f 3515/3515/1080 3516/3516/1080 3517/3517/1080
f 3518/3518/1081 3519/3519/1081 3520/3520/1081
f 3521/3521/1082 3522/3522/1082 3523/3523/1082
f 3524/3524/1080 3525/3525/1080 3526/3526/1080
f 3527/3527/1079 3528/3528/1079 3529/3529/1079
f 3530/3530/1082 3531/3531/1082 3532/3532/1082
s 1
f 3533/3533/1081 3534/3534/1081 3535/3535/1081
s 0
f 3536/3536/1078 3537/3537/1078 3538/3538/1078
f 3539/3539/1080 3540/3540/1080 3541/3541/1080
f 3542/3542/1079 3543/3543/1079 3544/3544/1079
f 3545/3545/1082 3546/3546/1082 3547/3547/1082
f 3548/3548/1081 3549/3549/1081 3550/3550/1081
f 3551/3551/1078 3552/3552/1078 3553/3553/1078
f 3554/3554/1102 3555/3555/1102 3556/3556/1102
f 3557/3557/1079 3558/3558/1079 3559/3559/1079
f 3560/3560/1082 3561/3561/1082 3562/3562/1082
f 3563/3563/1081 3564/3564/1081 3565/3565/1081
f 3566/3566/1105 3567/3567/1105 3568/3568/1105
f 3569/3569/1102 3570/3570/1102 3571/3571/1102
f 3572/3572/1079 3573/3573/1079 3574/3574/1079
f 3575/3575/1082 3576/3576/1082 3577/3577/1082
f 3578/3578/1081 3579/3579/1081 3580/3580/1081
f 3581/3581/1105 3582/3582/1105 3583/3583/1105
f 3584/3584/1102 3585/3585/1102 3586/3586/1102
f 3587/3587/1079 3588/3588/1079 3589/3589/1079
f 3590/3590/1082 3591/3591/1082 3592/3592/1082
f 3593/3593/1081 3594/3594/1081 3595/3595/1081
f 3596/3596/1105 3597/3597/1105 3598/3598/1105
f 3599/3599/1108 3600/3600/1108 3601/3601/1109
f 3602/3602/1080 3603/3603/1080 3604/3604/1080
f 3605/3605/1082 3606/3606/1082 3607/3607/1082
f 3608/3608/1110 3609/3609/1110 3610/3610/1110
f 3611/3611/1078 3612/3612/1078 3613/3613/1078
s 1
f 3614/3614/1082 3615/3615/1082 3616/3616/1082
f 3617/3617/1111 3618/3618/1112 3619/3619/1113
s 0
f 3620/3620/1078 3621/3621/1078 3622/3622/1078
f 3623/3623/1079 3624/3624/1079 3625/3625/1079
f 3626/3626/1080 3627/3627/1080 3628/3628/1080
f 3629/3629/1114 3630/3630/1114 3631/3631/1114
f 3632/3632/1082 3633/3633/1082 3634/3634/1082
f 3635/3635/1078 3636/3636/1078 3637/3637/1078
f 3638/3638/1102 3639/3639/1102 3640/3640/1102
f 3641/3641/1078 2094/2094/1078 2096/2096/1078
f 3642/3642/1079 2097/2097/1079 2099/2099/1079
f 3643/3643/1080 2100/2100/1080 2102/2102/1080
f 3644/3644/1081 2103/2103/1081 2105/2105/1081
f 3645/3645/1082 2106/2106/1082 2108/2108/1082
s 1
f 3646/3646/1078 2109/2109/1078 2111/2111/1078
s 0
f 3647/3647/1079 2112/2112/1079 2114/2114/1079
f 3648/3648/1080 2115/2115/1080 2117/2117/1080
f 3649/3649/1081 2118/2118/1081 2120/2120/1081
f 3650/3650/1082 2121/2121/1082 2123/2123/1082
f 3651/3651/1078 2124/2124/1078 2126/2126/1078
f 3652/3652/1079 2127/2127/1079 2129/2129/1079
f 3653/3653/1080 2130/2130/1080 2132/2132/1080
f 3654/3654/1081 2133/2133/1081 2135/2135/1081
f 3655/3655/1082 2136/2136/1082 2138/2138/1082
f 3656/3656/1083 2139/2139/1083 2141/2141/1083
f 3657/3657/1079 2142/2142/1079 2144/2144/1079
f 3658/3658/1082 2145/2145/1082 2147/2147/1082
f 3659/3659/1081 2148/2148/1081 2150/2150/1081
f 3660/3660/1078 2151/2151/1078 2153/2153/1078
f 3661/3661/1078 2154/2154/1078 2156/2156/1078
f 3662/3662/1079 2157/2157/1079 2159/2159/1079
f 3663/3663/1080 2160/2160/1080 2162/2162/1080
f 3664/3664/1081 2163/2163/1081 2165/2165/1081
f 3665/3665/1082 2166/2166/1082 2168/2168/1082
f 3666/3666/1078 2169/2169/1078 2171/2171/1078
f 3667/3667/1079 2172/2172/1079 2174/2174/1079
f 3668/3668/1080 2175/2175/1080 2177/2177/1080
f 3669/3669/1081 2178/2178/1081 2180/2180/1081
f 3670/3670/1082 2181/2181/1082 2183/2183/1082
f 3671/3671/1078 2184/2184/1078 2186/2186/1078
f 3672/3672/1079 2187/2187/1079 2189/2189/1079
f 3673/3673/1080 2190/2190/1080 2192/2192/1080
f 3674/3674/1081 2193/2193/1081 2195/2195/1081
f 3675/3675/1082 2196/2196/1082 2198/2198/1082
f 3676/3676/1078 2199/2199/1078 2201/2201/1078
f 3677/3677/1079 2202/2202/1079 2204/2204/1079
f 3678/3678/1080 2205/2205/1080 2207/2207/1080
f 3679/3679/1081 2208/2208/1081 2210/2210/1081
f 3680/3680/1082 2211/2211/1082 2213/2213/1082
f 3681/3681/1078 2214/2214/1078 2216/2216/1078
f 3682/3682/1079 2217/2217/1079 2219/2219/1079
f 3683/3683/1080 2220/2220/1080 2222/2222/1080
f 3684/3684/1081 2223/2223/1081 2225/2225/1081
f 3685/3685/1082 2226/2226/1082 2228/2228/1082
f 3686/3686/1078 2229/2229/1078 2231/2231/1078
f 3687/3687/1079 2232/2232/1079 2234/2234/1079
f 3688/3688/1080 2235/2235/1080 2237/2237/1080
f 3689/3689/1081 2238/2238/1081 2240/2240/1081
f 3690/3690/1082 2241/2241/1082 2243/2243/1082
f 3691/3691/1084 2244/2244/1084 2246/2246/1084
f 2292/2292/1082 2247/2247/1082 2249/2249/1082
f 3692/3692/1085 2250/2250/1085 2252/2252/1085
f 3693/3693/1085 2253/2253/1085 2255/2255/1085
f 3694/3694/1080 2256/2256/1080 2258/2258/1080
f 3695/3695/1086 2259/2259/1086 2261/2261/1086
f 3696/3696/1082 2262/2262/1082 2264/2264/1082
f 3697/3697/1087 2265/2265/1087 2267/2267/1087
f 3698/3698/1078 2268/2268/1078 2270/2270/1078
f 3699/3699/1080 2271/2271/1080 2273/2273/1080
f 3700/3700/1088 2274/2274/1088 2276/2276/1088
f 3701/3701/1082 2277/2277/1082 2279/2279/1082
f 3702/3702/1089 2280/2280/1089 2282/2282/1089
f 3703/3703/1078 2283/2283/1078 2285/2285/1078
f 3704/3704/1090 2286/2286/1090 2288/2288/1090
f 3705/3705/1091 2289/2289/1091 2291/2291/1091
f 2247/2247/1082 2292/2292/1082 2294/2294/1082
f 3706/3706/1092 2295/2295/1092 2297/2297/1092
f 2292/2292/1082 2249/2249/1082 2299/2299/1082
f 3707/3707/1084 2300/2300/1084 2302/2302/1084
f 3708/3708/1080 2303/2303/1080 2305/2305/1080
s 1
f 3709/3709/1093 2306/2306/1093 2308/2308/1093
s 0
f 3710/3710/1082 2309/2309/1082 2311/2311/1082
f 3711/3711/1094 2312/2312/1094 2314/2314/1094
f 3712/3712/1078 2315/2315/1078 2317/2317/1078
f 3713/3713/1081 2318/2318/1081 2320/2320/1081
f 3714/3714/1079 2321/2321/1079 2323/2323/1079
f 3715/3715/1082 2324/2324/1082 2326/2326/1082
f 3716/3716/1078 2327/2327/1078 2329/2329/1078
f 3717/3717/1080 2330/2330/1080 2332/2332/1080
f 3718/3718/1081 2333/2333/1081 2335/2335/1081
f 3719/3719/1079 2336/2336/1079 2338/2338/1079
f 3720/3720/1082 2339/2339/1082 2341/2341/1082
f 3721/3721/1078 2342/2342/1078 2344/2344/1078
f 3722/3722/1080 2345/2345/1080 2347/2347/1080
f 3723/3723/1081 2348/2348/1081 2350/2350/1081
f 3724/3724/1079 2351/2351/1079 2353/2353/1079
f 3725/3725/1082 2354/2354/1082 2356/2356/1082
f 3726/3726/1078 2357/2357/1078 2359/2359/1078
f 3727/3727/1080 2360/2360/1080 2362/2362/1080
f 3728/3728/1081 2363/2363/1081 2365/2365/1081
f 3729/3729/1079 2366/2366/1079 2368/2368/1079
f 3730/3730/1082 2369/2369/1082 2371/2371/1082
f 3731/3731/1078 2372/2372/1078 2374/2374/1078
f 3732/3732/1080 2375/2375/1080 2377/2377/1080
f 3733/3733/1095 2378/2378/1095 2380/2380/1095
f 3734/3734/1080 2381/2381/1080 2383/2383/1080
f 3735/3735/1093 2384/2384/1093 2386/2386/1093
f 3736/3736/1082 2387/2387/1082 2389/2389/1082
f 3737/3737/1094 2390/2390/1094 2392/2392/1094
f 3738/3738/1078 2393/2393/1078 2395/2395/1078
f 3739/3739/1080 2396/2396/1080 2398/2398/1080
f 3740/3740/1093 2399/2399/1093 2401/2401/1093
f 3741/3741/1082 2402/2402/1082 2404/2404/1082
f 3742/3742/1094 2405/2405/1094 2407/2407/1094
f 3743/3743/1078 2408/2408/1078 2410/2410/1078
f 3744/3744/1080 2411/2411/1080 2413/2413/1080
f 3745/3745/1093 2414/2414/1093 2416/2416/1093
f 3746/3746/1082 2417/2417/1082 2419/2419/1082
f 3747/3747/1094 2420/2420/1094 2422/2422/1094
f 3748/3748/1078 2423/2423/1078 2425/2425/1078
f 3749/3749/1080 2426/2426/1080 2428/2428/1080
f 3750/3750/1096 2429/2429/1096 2431/2431/1096
f 3751/3751/1082 2432/2432/1082 2434/2434/1082
f 3752/3752/1097 2435/2435/1097 2437/2437/1097
f 3753/3753/1078 2438/2438/1078 2440/2440/1078
f 3754/3754/1080 2441/2441/1080 2443/2443/1080
f 3755/3755/1093 2444/2444/1093 2446/2446/1093
f 3756/3756/1082 2447/2447/1082 2449/2449/1082
f 3757/3757/1094 2450/2450/1094 2452/2452/1094
f 3758/3758/1078 2453/2453/1078 2455/2455/1078
f 3759/3759/1080 2456/2456/1080 2458/2458/1080
f 3760/3760/1093 2459/2459/1093 2461/2461/1093
f 3761/3761/1082 2462/2462/1082 2464/2464/1082
f 3762/3762/1094 2465/2465/1094 2467/2467/1094
f 3763/3763/1078 2468/2468/1078 2470/2470/1078
f 3764/3764/1098 2471/2471/1098 2473/2473/1098
f 3765/3765/1099 2474/2474/1099 2476/2476/1099
f 3766/3766/1082 2477/2477/1082 2479/2479/1082
f 3767/3767/1078 2480/2480/1078 2482/2482/1078
f 3768/3768/1080 2483/2483/1080 2485/2485/1080
f 3769/3769/1081 2486/2486/1081 2488/2488/1081
f 3770/3770/1079 2489/2489/1079 2491/2491/1079
f 3771/3771/1082 2492/2492/1082 2494/2494/1082
f 3772/3772/1078 2495/2495/1078 2497/2497/1078
f 3773/3773/1080 2498/2498/1080 2500/2500/1080
f 3774/3774/1080 2501/2501/1080 2503/2503/1080
f 3775/3775/1100 2504/2504/1100 2506/2506/1100
f 3776/3776/1082 2507/2507/1082 2509/2509/1082
f 3777/3777/1101 2510/2510/1101 2512/2512/1101
f 3778/3778/1078 2513/2513/1078 2515/2515/1078
f 3779/3779/1102 2516/2516/1102 2518/2518/1102
f 3780/3780/1103 2519/2519/1103 2521/2521/1103
s 1
f 3781/3781/1082 2522/2522/1082 2524/2524/1082
s 0
f 3782/3782/1104 2525/2525/1104 2527/2527/1104
f 3783/3783/1105 2528/2528/1105 2530/2530/1105
f 3784/3784/1080 2531/2531/1080 2533/2533/1080
f 3785/3785/1099 2534/2534/1099 2536/2536/1099
f 3786/3786/1082 2537/2537/1082 2539/2539/1082
f 3787/3787/1098 2540/2540/1098 2542/2542/1098
f 3788/3788/1078 2543/2543/1078 2545/2545/1078
f 3789/3789/1080 2546/2546/1080 2548/2548/1080
f 3790/3790/1079 2549/2549/1079 2551/2551/1079
f 3791/3791/1082 2552/2552/1082 2554/2554/1082
f 3792/3792/1081 2555/2555/1081 2557/2557/1081
f 3793/3793/1078 2558/2558/1078 2560/2560/1078
f 3794/3794/1080 2561/2561/1080 2563/2563/1080
f 3795/3795/1079 2564/2564/1079 2566/2566/1079
f 3796/3796/1082 2567/2567/1082 2569/2569/1082
f 3797/3797/1081 2570/2570/1081 2572/2572/1081
f 3798/3798/1078 2573/2573/1078 2575/2575/1078
f 3799/3799/1080 2576/2576/1080 2578/2578/1080
f 3800/3800/1079 2579/2579/1079 2581/2581/1079
f 3801/3801/1082 2582/2582/1082 2584/2584/1082
f 3802/3802/1081 2585/2585/1081 2587/2587/1081
f 3803/3803/1078 2588/2588/1078 2590/2590/1078
f 3804/3804/1102 2591/2591/1102 2593/2593/1102
f 3805/3805/1079 2594/2594/1079 2596/2596/1079
f 3806/3806/1082 2597/2597/1082 2599/2599/1082
f 3807/3807/1081 2600/2600/1081 2602/2602/1081
f 3808/3808/1105 2603/2603/1105 2605/2605/1105
f 3809/3809/1081 2606/2606/1081 2608/2608/1081
f 3810/3810/1079 2609/2609/1079 2611/2611/1079
f 3811/3811/1082 2612/2612/1082 2614/2614/1082
f 3812/3812/1078 2615/2615/1078 2617/2617/1078
f 3813/3813/1080 2618/2618/1080 2620/2620/1080
f 3814/3814/1080 2621/2621/1080 2623/2623/1080
f 3815/3815/1079 2624/2624/1079 2626/2626/1079
f 3816/3816/1082 2627/2627/1082 2629/2629/1082
f 3817/3817/1081 2630/2630/1081 2632/2632/1081
f 3818/3818/1078 2633/2633/1078 2635/2635/1078
f 3819/3819/1080 2636/2636/1080 2638/2638/1080
s 1
f 3820/3820/1079 2639/2639/1079 2641/2641/1079
s 0
f 3821/3821/1082 2642/2642/1082 2644/2644/1082
f 3822/3822/1081 2645/2645/1081 2647/2647/1081
f 3823/3823/1078 2648/2648/1078 2650/2650/1078
f 3824/3824/1102 2651/2651/1102 2653/2653/1102
f 3825/3825/1079 2654/2654/1079 2656/2656/1079
f 3826/3826/1082 2657/2657/1082 2659/2659/1082
f 3827/3827/1081 2660/2660/1081 2662/2662/1081
f 3828/3828/1105 2663/2663/1105 2665/2665/1105
f 3829/3829/1081 2666/2666/1081 2668/2668/1081
f 3830/3830/1079 2669/2669/1079 2671/2671/1079
f 3831/3831/1082 2672/2672/1082 2674/2674/1082
f 3832/3832/1078 2675/2675/1078 2677/2677/1078
f 3833/3833/1080 2678/2678/1080 2680/2680/1080
f 3834/3834/1080 2681/2681/1080 2683/2683/1080
f 3835/3835/1079 2684/2684/1079 2686/2686/1079
f 3836/3836/1082 2687/2687/1082 2689/2689/1082
f 3837/3837/1081 2690/2690/1081 2692/2692/1081
f 3838/3838/1078 2693/2693/1078 2695/2695/1078
f 3839/3839/1080 2696/2696/1080 2698/2698/1080
f 3840/3840/1079 2699/2699/1079 2701/2701/1079
f 3841/3841/1082 2702/2702/1082 2704/2704/1082
f 3842/3842/1081 2705/2705/1081 2707/2707/1081
f 3843/3843/1078 2708/2708/1078 2710/2710/1078
f 3844/3844/1102 2711/2711/1102 2713/2713/1102
f 3845/3845/1079 2714/2714/1079 2716/2716/1079
f 3846/3846/1082 2717/2717/1082 2719/2719/1082
f 3847/3847/1081 2720/2720/1081 2722/2722/1081
f 3848/3848/1105 2723/2723/1105 2725/2725/1105
f 3849/3849/1081 2726/2726/1081 2728/2728/1081
f 3850/3850/1079 2729/2729/1079 2731/2731/1079
f 3851/3851/1082 2732/2732/1082 2734/2734/1082
f 3852/3852/1078 2735/2735/1078 2737/2737/1078
f 3853/3853/1080 2738/2738/1080 2740/2740/1080
f 3854/3854/1080 2741/2741/1080 2743/2743/1080
f 3855/3855/1079 2744/2744/1079 2746/2746/1079
f 3856/3856/1082 2747/2747/1082 2749/2749/1082
f 3857/3857/1081 2750/2750/1081 2752/2752/1081
f 3858/3858/1078 2753/2753/1078 2755/2755/1078
f 3859/3859/1080 2756/2756/1080 2758/2758/1080
f 3860/3860/1079 2759/2759/1079 2761/2761/1079
f 3861/3861/1082 2762/2762/1082 2764/2764/1082
f 3862/3862/1081 2765/2765/1081 2767/2767/1081
f 3863/3863/1078 2768/2768/1078 2770/2770/1078
f 3864/3864/1102 2771/2771/1102 2773/2773/1102
f 3865/3865/1079 2774/2774/1079 2776/2776/1079
f 3866/3866/1082 2777/2777/1082 2779/2779/1082
f 3867/3867/1081 2780/2780/1081 2782/2782/1081
f 3868/3868/1105 2783/2783/1105 2785/2785/1105
f 3869/3869/1081 2786/2786/1081 2788/2788/1081
f 3870/3870/1079 2789/2789/1079 2791/2791/1079
f 3871/3871/1082 2792/2792/1082 2794/2794/1082
f 3872/3872/1078 2795/2795/1078 2797/2797/1078
f 3873/3873/1080 2798/2798/1080 2800/2800/1080
f 3874/3874/1080 2801/2801/1080 2803/2803/1080
f 3875/3875/1079 2804/2804/1079 2806/2806/1079
f 3876/3876/1082 2807/2807/1082 2809/2809/1082
f 3877/3877/1081 2810/2810/1081 2812/2812/1081
f 3878/3878/1078 2813/2813/1078 2815/2815/1078
f 3879/3879/1080 2816/2816/1080 2818/2818/1080
f 3880/3880/1079 2819/2819/1079 2821/2821/1079
f 3881/3881/1082 2822/2822/1082 2824/2824/1082
f 3882/3882/1081 2825/2825/1081 2827/2827/1081
f 3883/3883/1078 2828/2828/1078 2830/2830/1078
f 3884/3884/1102 2831/2831/1102 2833/2833/1102
f 3885/3885/1079 2834/2834/1079 2836/2836/1079
f 3886/3886/1082 2837/2837/1082 2839/2839/1082
f 3887/3887/1081 2840/2840/1081 2842/2842/1081
f 3888/3888/1105 2843/2843/1105 2845/2845/1105
f 3889/3889/1081 2846/2846/1081 2848/2848/1081
f 3890/3890/1079 2849/2849/1079 2851/2851/1079
f 3891/3891/1082 2852/2852/1082 2854/2854/1082
f 3892/3892/1078 2855/2855/1078 2857/2857/1078
f 3893/3893/1080 2858/2858/1080 2860/2860/1080
f 3894/3894/1080 2861/2861/1080 2863/2863/1080
f 3895/3895/1079 2864/2864/1079 2866/2866/1079
f 3896/3896/1082 2867/2867/1082 2869/2869/1082
f 3897/3897/1081 2870/2870/1081 2872/2872/1081
f 3898/3898/1078 2873/2873/1078 2875/2875/1078
f 3899/3899/1080 2876/2876/1080 2878/2878/1080
f 3900/3900/1079 2879/2879/1079 2881/2881/1079
f 3901/3901/1082 2882/2882/1082 2884/2884/1082
f 3902/3902/1081 2885/2885/1081 2887/2887/1081
f 3903/3903/1078 2888/2888/1078 2890/2890/1078
f 3904/3904/1102 2891/2891/1102 2893/2893/1102
f 3905/3905/1079 2894/2894/1079 2896/2896/1079
f 3906/3906/1082 2897/2897/1082 2899/2899/1082
f 3907/3907/1081 2900/2900/1081 2902/2902/1081
f 3908/3908/1105 2903/2903/1105 2905/2905/1105
f 3909/3909/1081 2906/2906/1081 2908/2908/1081
f 3910/3910/1079 2909/2909/1079 2911/2911/1079
f 3911/3911/1082 2912/2912/1082 2914/2914/1082
f 3912/3912/1078 2915/2915/1078 2917/2917/1078
f 3913/3913/1080 2918/2918/1080 2920/2920/1080
f 3914/3914/1080 2921/2921/1080 2923/2923/1080
f 3915/3915/1079 2924/2924/1079 2926/2926/1079
f 3916/3916/1082 2927/2927/1082 2929/2929/1082
f 3917/3917/1081 2930/2930/1081 2932/2932/1081
f 3918/3918/1078 2933/2933/1078 2935/2935/1078
f 3919/3919/1080 2936/2936/1080 2938/2938/1080
s 1
f 3920/3920/1079 2939/2939/1079 2941/2941/1079
s 0
f 3921/3921/1082 2942/2942/1082 2944/2944/1082
f 3922/3922/1081 2945/2945/1081 2947/2947/1081
f 3923/3923/1078 2948/2948/1078 2950/2950/1078
f 3924/3924/1102 2951/2951/1102 2953/2953/1102
f 3925/3925/1079 2954/2954/1079 2956/2956/1079
f 3926/3926/1082 2957/2957/1082 2959/2959/1082
f 3927/3927/1081 2960/2960/1081 2962/2962/1081
f 3928/3928/1105 2963/2963/1105 2965/2965/1105
f 3929/3929/1081 2966/2966/1081 2968/2968/1081
f 3930/3930/1079 2969/2969/1079 2971/2971/1079
f 3931/3931/1082 2972/2972/1082 2974/2974/1082
f 3932/3932/1078 2975/2975/1078 2977/2977/1078
f 3933/3933/1080 2978/2978/1080 2980/2980/1080
f 3934/3934/1080 2981/2981/1080 2983/2983/1080
f 3935/3935/1079 2984/2984/1079 2986/2986/1079
f 3936/3936/1082 2987/2987/1082 2989/2989/1082
f 3937/3937/1081 2990/2990/1081 2992/2992/1081
f 3938/3938/1078 2993/2993/1078 2995/2995/1078
f 3939/3939/1080 2996/2996/1080 2998/2998/1080
s 1
f 3940/3940/1079 2999/2999/1079 3001/3001/1079
s 0
f 3941/3941/1082 3002/3002/1082 3004/3004/1082
f 3942/3942/1081 3005/3005/1081 3007/3007/1081
f 3943/3943/1078 3008/3008/1078 3010/3010/1078
f 3944/3944/1102 3011/3011/1102 3013/3013/1102
f 3945/3945/1079 3014/3014/1079 3016/3016/1079
f 3946/3946/1082 3017/3017/1082 3019/3019/1082
f 3947/3947/1081 3020/3020/1081 3022/3022/1081
f 3948/3948/1105 3023/3023/1105 3025/3025/1105
f 3949/3949/1081 3026/3026/1081 3028/3028/1081
f 3950/3950/1079 3029/3029/1079 3031/3031/1079
f 3951/3951/1082 3032/3032/1082 3034/3034/1082
f 3952/3952/1078 3035/3035/1078 3037/3037/1078
f 3953/3953/1080 3038/3038/1080 3040/3040/1080
f 3954/3954/1080 3041/3041/1080 3043/3043/1080
f 3955/3955/1079 3044/3044/1079 3046/3046/1079
f 3956/3956/1082 3047/3047/1082 3049/3049/1082
f 3957/3957/1081 3050/3050/1081 3052/3052/1081
f 3958/3958/1078 3053/3053/1078 3055/3055/1078
f 3959/3959/1080 3056/3056/1080 3058/3058/1080
f 3960/3960/1079 3059/3059/1079 3061/3061/1079
f 3961/3961/1082 3062/3062/1082 3064/3064/1082
f 3962/3962/1081 3065/3065/1081 3067/3067/1081
f 3963/3963/1078 3068/3068/1078 3070/3070/1078
f 3964/3964/1102 3071/3071/1102 3073/3073/1102
f 3965/3965/1079 3074/3074/1079 3076/3076/1079
f 3966/3966/1082 3077/3077/1082 3079/3079/1082
f 3967/3967/1081 3080/3080/1081 3082/3082/1081
f 3968/3968/1105 3083/3083/1105 3085/3085/1105
f 3969/3969/1081 3086/3086/1081 3088/3088/1081
f 3970/3970/1079 3089/3089/1079 3091/3091/1079
f 3971/3971/1082 3092/3092/1082 3094/3094/1082
f 3972/3972/1078 3095/3095/1078 3097/3097/1078
f 3973/3973/1080 3098/3098/1080 3100/3100/1080
f 3974/3974/1080 3101/3101/1080 3103/3103/1080
f 3975/3975/1079 3104/3104/1079 3106/3106/1079
f 3976/3976/1082 3107/3107/1082 3109/3109/1082
f 3977/3977/1081 3110/3110/1081 3112/3112/1081
f 3978/3978/1078 3113/3113/1078 3115/3115/1078
f 3979/3979/1080 3116/3116/1080 3118/3118/1080
f 3980/3980/1079 3119/3119/1079 3121/3121/1079
f 3981/3981/1082 3122/3122/1082 3124/3124/1082
f 3982/3982/1081 3125/3125/1081 3127/3127/1081
f 3983/3983/1078 3128/3128/1078 3130/3130/1078
f 3984/3984/1102 3131/3131/1102 3133/3133/1102
f 3985/3985/1079 3134/3134/1079 3136/3136/1079
f 3986/3986/1082 3137/3137/1082 3139/3139/1082
f 3987/3987/1081 3140/3140/1081 3142/3142/1081
f 3988/3988/1105 3143/3143/1105 3145/3145/1105
f 3989/3989/1081 3146/3146/1081 3148/3148/1081
f 3990/3990/1079 3149/3149/1079 3151/3151/1079
f 3991/3991/1082 3152/3152/1082 3154/3154/1082
f 3992/3992/1078 3155/3155/1078 3157/3157/1078
f 3993/3993/1080 3158/3158/1080 3160/3160/1080
f 3994/3994/1080 3161/3161/1080 3163/3163/1080
f 3995/3995/1079 3164/3164/1079 3166/3166/1079
f 3996/3996/1082 3167/3167/1082 3169/3169/1082
f 3997/3997/1081 3170/3170/1081 3172/3172/1081
f 3998/3998/1078 3173/3173/1078 3175/3175/1078
f 3999/3999/1080 3176/3176/1080 3178/3178/1080
f 4000/4000/1079 3179/3179/1079 3181/3181/1079
f 4001/4001/1082 3182/3182/1082 3184/3184/1082
f 4002/4002/1081 3185/3185/1081 3187/3187/1081
f 4003/4003/1078 3188/3188/1078 3190/3190/1078
f 4004/4004/1102 3191/3191/1102 3193/3193/1102
f 4005/4005/1079 3194/3194/1079 3196/3196/1079
f 4006/4006/1082 3197/3197/1082 3199/3199/1082
f 4007/4007/1081 3200/3200/1081 3202/3202/1081
f 4008/4008/1105 3203/3203/1105 3205/3205/1105
f 4009/4009/1078 3206/3206/1078 3208/3208/1078
f 4010/4010/1079 3209/3209/1079 3211/3211/1079
f 4011/4011/1080 3212/3212/1080 3214/3214/1080
f 4012/4012/1081 3215/3215/1081 3217/3217/1081
f 4013/4013/1082 3218/3218/1082 3220/3220/1082
f 4014/4014/1078 3221/3221/1078 3223/3223/1078
f 4015/4015/1079 3224/3224/1079 3226/3226/1079
f 4016/4016/1080 3227/3227/1080 3229/3229/1080
f 4017/4017/1081 3230/3230/1081 3232/3232/1081
f 4018/4018/1082 3233/3233/1082 3235/3235/1082
f 4019/4019/1078 3236/3236/1078 3238/3238/1078
f 4020/4020/1079 3239/3239/1079 3241/3241/1079
f 4021/4021/1080 3242/3242/1080 3244/3244/1080
f 4022/4022/1081 3245/3245/1081 3247/3247/1081
f 4023/4023/1082 3248/3248/1082 3250/3250/1082
f 4024/4024/1081 3251/3251/1081 3253/3253/1081
f 4025/4025/1079 3254/3254/1079 3256/3256/1079
f 4026/4026/1082 3257/3257/1082 3259/3259/1082
f 4027/4027/1078 3260/3260/1078 3262/3262/1078
f 4028/4028/1080 3263/3263/1080 3265/3265/1080
f 4029/4029/1080 3266/3266/1080 3268/3268/1080
f 4030/4030/1079 3269/3269/1079 3271/3271/1079
f 4031/4031/1082 3272/3272/1082 3274/3274/1082
f 4032/4032/1081 3275/3275/1081 3277/3277/1081
f 4033/4033/1078 3278/3278/1078 3280/3280/1078
f 4034/4034/1080 3281/3281/1080 3283/3283/1080
f 4035/4035/1079 3284/3284/1079 3286/3286/1079
f 4036/4036/1082 3287/3287/1082 3289/3289/1082
f 4037/4037/1081 3290/3290/1081 3292/3292/1081
f 4038/4038/1078 3293/3293/1078 3295/3295/1078
f 4039/4039/1080 3296/3296/1080 3298/3298/1080
f 4040/4040/1079 3299/3299/1079 3301/3301/1079
f 4041/4041/1082 3302/3302/1082 3304/3304/1082
f 4042/4042/1081 3305/3305/1081 3307/3307/1081
f 4043/4043/1078 3308/3308/1078 3310/3310/1078
f 4044/4044/1080 3311/3311/1080 3313/3313/1080
f 4045/4045/1079 3314/3314/1079 3316/3316/1079
f 4046/4046/1082 3317/3317/1082 3319/3319/1082
f 4047/4047/1081 3320/3320/1081 3322/3322/1081
f 4048/4048/1078 3323/3323/1078 3325/3325/1078
f 4049/4049/1080 3326/3326/1080 3328/3328/1080
f 4050/4050/1079 3329/3329/1079 3331/3331/1079
f 4051/4051/1082 3332/3332/1082 3334/3334/1082
f 4052/4052/1081 3335/3335/1081 3337/3337/1081
f 4053/4053/1078 3338/3338/1078 3340/3340/1078
f 4054/4054/1080 3341/3341/1080 3343/3343/1080
f 4055/4055/1079 3344/3344/1079 3346/3346/1079
f 4056/4056/1082 3347/3347/1082 3349/3349/1082
f 4057/4057/1081 3350/3350/1081 3352/3352/1081
f 4058/4058/1078 3353/3353/1078 3355/3355/1078
f 4059/4059/1080 3356/3356/1080 3358/3358/1080
f 4060/4060/1079 3359/3359/1079 3361/3361/1079
f 4061/4061/1082 3362/3362/1082 3364/3364/1082
f 4062/4062/1081 3365/3365/1081 3367/3367/1081
f 4063/4063/1078 3368/3368/1078 3370/3370/1078
f 4064/4064/1080 3371/3371/1080 3373/3373/1080
f 4065/4065/1079 3374/3374/1079 3376/3376/1079
f 4066/4066/1082 3377/3377/1082 3379/3379/1082
f 4067/4067/1081 3380/3380/1081 3382/3382/1081
f 4068/4068/1078 3383/3383/1078 3385/3385/1078
f 4069/4069/1080 3386/3386/1080 3388/3388/1080
f 4070/4070/1079 3389/3389/1079 3391/3391/1079
f 4071/4071/1082 3392/3392/1082 3394/3394/1082
f 4072/4072/1106 3395/3395/1106 3397/3397/1106
f 4073/4073/1078 3398/3398/1078 3400/3400/1078
f 4074/4074/1079 3401/3401/1079 3403/3403/1079
f 4075/4075/1080 3404/3404/1080 3406/3406/1080
f 4076/4076/1081 3407/3407/1081 3409/3409/1081
f 4077/4077/1082 3410/3410/1082 3412/3412/1082
f 4078/4078/1078 3413/3413/1078 3415/3415/1078
f 4079/4079/1081 3416/3416/1081 3418/3418/1081
f 4080/4080/1083 3419/3419/1083 3421/3421/1083
f 4081/4081/1079 3422/3422/1079 3424/3424/1079
f 4082/4082/1082 3425/3425/1082 3427/3427/1082
f 4083/4083/1081 3428/3428/1081 3430/3430/1081
f 4084/4084/1078 3431/3431/1078 3433/3433/1078
f 4085/4085/1078 3434/3434/1078 3436/3436/1078
f 4086/4086/1079 3437/3437/1079 3439/3439/1079
f 4087/4087/1080 3440/3440/1080 3442/3442/1080
f 4088/4088/1081 3443/3443/1081 3445/3445/1081
f 4089/4089/1082 3446/3446/1082 3448/3448/1082
f 4090/4090/1078 3449/3449/1078 3451/3451/1078
f 4091/4091/1079 3452/3452/1079 3454/3454/1079
f 4092/4092/1080 3455/3455/1080 3457/3457/1080
f 4093/4093/1081 3458/3458/1081 3460/3460/1081
f 4094/4094/1082 3461/3461/1082 3463/3463/1082
f 4095/4095/1078 3464/3464/1078 3466/3466/1078
f 4096/4096/1079 3467/3467/1079 3469/3469/1079
f 4097/4097/1080 3470/3470/1080 3472/3472/1080
f 4098/4098/1081 3473/3473/1081 3475/3475/1081
f 4099/4099/1082 3476/3476/1082 3478/3478/1082
f 4100/4100/1078 3479/3479/1078 3481/3481/1078
f 4101/4101/1079 3482/3482/1079 3484/3484/1079
f 4102/4102/1080 3485/3485/1080 3487/3487/1080
f 4103/4103/1081 3488/3488/1081 3490/3490/1081
f 4104/4104/1082 3491/3491/1082 3493/3493/1082
f 4105/4105/1078 3494/3494/1078 3496/3496/1078
f 4106/4106/1079 3497/3497/1079 3499/3499/1079
f 4107/4107/1080 3500/3500/1080 3502/3502/1080
f 4108/4108/1081 3503/3503/1081 3505/3505/1081
f 4109/4109/1082 3506/3506/1082 3508/3508/1082
f 4110/4110/1078 3509/3509/1078 3511/3511/1078
f 4111/4111/1079 3512/3512/1079 3514/3514/1079
f 4112/4112/1080 3515/3515/1080 3517/3517/1080
f 4113/4113/1081 3518/3518/1081 3520/3520/1081
f 4114/4114/1082 3521/3521/1082 3523/3523/1082
f 4115/4115/1080 3524/3524/1080 3526/3526/1080
f 4116/4116/1079 3527/3527/1079 3529/3529/1079
f 4117/4117/1082 3530/3530/1082 3532/3532/1082
f 4118/4118/1081 3533/3533/1081 3535/3535/1081
f 4119/4119/1078 3536/3536/1078 3538/3538/1078
f 4120/4120/1080 3539/3539/1080 3541/3541/1080
s 1
f 4121/4121/1079 3542/3542/1079 3544/3544/1079
s 0
f 4122/4122/1082 3545/3545/1082 3547/3547/1082
f 4123/4123/1081 3548/3548/1081 3550/3550/1081
f 4124/4124/1078 3551/3551/1078 3553/3553/1078
f 4125/4125/1102 3554/3554/1102 3556/3556/1102
f 4126/4126/1079 3557/3557/1079 3559/3559/1079
f 4127/4127/1082 3560/3560/1082 3562/3562/1082
f 4128/4128/1081 3563/3563/1081 3565/3565/1081
f 4129/4129/1105 3566/3566/1105 3568/3568/1105
f 4130/4130/1102 3569/3569/1102 3571/3571/1102
f 4131/4131/1079 3572/3572/1079 3574/3574/1079
f 4132/4132/1082 3575/3575/1082 3577/3577/1082
f 4133/4133/1081 3578/3578/1081 3580/3580/1081
f 4134/4134/1105 3581/3581/1105 3583/3583/1105
f 4135/4135/1102 3584/3584/1102 3586/3586/1102
f 4136/4136/1079 3587/3587/1079 3589/3589/1079
f 4137/4137/1082 3590/3590/1082 3592/3592/1082
f 4138/4138/1081 3593/3593/1081 3595/3595/1081
f 4139/4139/1105 3596/3596/1105 3598/3598/1105
f 4140/4140/1115 3599/3599/1116 3601/3601/1115
f 4141/4141/1080 3602/3602/1080 3604/3604/1080
f 4142/4142/1082 3605/3605/1082 3607/3607/1082
f 4143/4143/1110 3608/3608/1110 3610/3610/1110
f 4144/4144/1078 3611/3611/1078 3613/3613/1078
f 4145/4145/1082 3614/3614/1082 3616/3616/1082
s 1
f 4146/4146/1117 3617/3617/1111 3619/3619/1113
s 0
f 4147/4147/1078 3620/3620/1078 3622/3622/1078
f 4148/4148/1079 3623/3623/1079 3625/3625/1079
f 4149/4149/1080 3626/3626/1080 3628/3628/1080
f 4150/4150/1114 3629/3629/1114 3631/3631/1114
f 4151/4151/1082 3632/3632/1082 3634/3634/1082
f 4152/4152/1078 3635/3635/1078 3637/3637/1078
f 4153/4153/1102 3638/3638/1102 3640/3640/1102
