# Blender 5.1.2
# www.blender.org
mtllib payphone.mtl
o defaultMaterial
v -2.530571 0.000001 2.372316
v -2.530571 -0.000001 -2.372318
v -2.523116 -0.000001 -2.419415
v -2.501465 -0.000001 -2.461905
v -2.467752 -0.000001 -2.495618
v -2.425263 -0.000001 -2.517269
v -2.378154 -0.000001 -2.524735
v 2.378158 -0.000001 -2.524735
v 2.425267 -0.000001 -2.517269
v 2.467755 -0.000001 -2.495618
v 2.501469 -0.000001 -2.461905
v 2.523120 -0.000001 -2.419415
v 2.530574 -0.000001 -2.372318
v 2.530574 0.000001 2.372316
v 2.523120 0.000001 2.419414
v 2.501469 0.000001 2.461903
v 2.467755 0.000001 2.495616
v 2.425267 0.000001 2.517267
v 2.378158 0.000001 2.524733
v -2.378154 0.000001 2.524733
v -2.425263 0.000001 2.517267
v -2.467752 0.000001 2.495616
v -2.501465 0.000001 2.461903
v -2.523116 0.000001 2.419414
v -2.530571 0.288884 -2.372318
v -2.530571 0.288886 2.372316
v -2.530571 0.482831 2.372316
v -2.530571 0.482830 -2.372319
v -2.378154 0.288886 2.524733
v 2.378158 0.288886 2.524733
v 2.378158 0.482831 2.524733
v -2.378154 0.482831 2.524733
v 2.378158 0.635247 2.372316
v 2.378158 0.635246 -2.372319
v -2.378154 0.635246 -2.372319
v -2.378154 0.635247 2.372316
v 2.530574 0.288886 2.372316
v 2.530574 0.288884 -2.372318
v 2.530574 0.482830 -2.372319
v 2.530574 0.482831 2.372316
v 2.425267 0.482830 -2.517269
v 2.378158 0.482830 -2.524735
v 2.378158 0.529938 -2.517269
v 2.426520 0.531463 -2.508426
v 2.426520 0.531463 -2.508426
v 2.378158 0.529938 -2.517269
v 2.378158 0.572404 -2.495630
v 2.424939 0.570338 -2.488006
v 2.424939 0.570338 -2.488006
v 2.378158 0.572404 -2.495630
v 2.378158 0.606152 -2.461894
v 2.425063 0.598415 -2.459906
v 2.467733 0.482830 -2.495630
v 2.425267 0.482830 -2.517269
v 2.426520 0.531463 -2.508426
v 2.465745 0.529735 -2.487904
v 2.465745 0.529735 -2.487904
v 2.426520 0.531463 -2.508426
v 2.424939 0.570338 -2.488006
v 2.458810 0.563482 -2.473425
v 2.458810 0.563482 -2.473425
v 2.424939 0.570338 -2.488006
v 2.425063 0.598415 -2.459906
v 2.458810 0.583936 -2.452960
v 2.378158 0.627780 -2.419427
v 2.378158 0.635246 -2.372319
v 2.425267 0.627780 -2.372319
v 2.426791 0.618948 -2.420669
v 2.426791 0.618948 -2.420669
v 2.425267 0.627780 -2.372319
v 2.467733 0.606152 -2.372319
v 2.465666 0.598528 -2.419099
v 2.465666 0.598528 -2.419099
v 2.467733 0.606152 -2.372319
v 2.501480 0.572404 -2.372319
v 2.493744 0.570417 -2.419224
v 2.378158 0.606152 -2.461894
v 2.378158 0.627780 -2.419427
v 2.426791 0.618948 -2.420669
v 2.425063 0.598415 -2.459906
v 2.425063 0.598415 -2.459906
v 2.426791 0.618948 -2.420669
v 2.465666 0.598528 -2.419099
v 2.458810 0.583936 -2.452960
v 2.458810 0.583936 -2.452960
v 2.465666 0.598528 -2.419099
v 2.493744 0.570417 -2.419224
v 2.479275 0.563482 -2.452960
v 2.523120 0.529938 -2.372319
v 2.530574 0.482830 -2.372319
v 2.523120 0.482830 -2.419427
v 2.514277 0.531192 -2.420940
v 2.514277 0.531192 -2.420940
v 2.523120 0.482830 -2.419427
v 2.501480 0.482830 -2.461894
v 2.493856 0.529610 -2.459827
v 2.493856 0.529610 -2.459827
v 2.501480 0.482830 -2.461894
v 2.467733 0.482830 -2.495630
v 2.465745 0.529735 -2.487904
v 2.501480 0.572404 -2.372319
v 2.523120 0.529938 -2.372319
v 2.514277 0.531192 -2.420940
v 2.493744 0.570417 -2.419224
v 2.493744 0.570417 -2.419224
v 2.514277 0.531192 -2.420940
v 2.493856 0.529610 -2.459827
v 2.479275 0.563482 -2.452960
v 2.479275 0.563482 -2.452960
v 2.493856 0.529610 -2.459827
v 2.465745 0.529735 -2.487904
v 2.458810 0.563482 -2.473425
v 2.458810 0.563482 -2.473425
v 2.458810 0.583936 -2.452960
v 2.479275 0.563482 -2.452960
v 2.523120 0.482831 2.419425
v 2.530574 0.482831 2.372316
v 2.523120 0.529939 2.372316
v 2.514277 0.531464 2.420667
v 2.514277 0.531464 2.420667
v 2.523120 0.529939 2.372316
v 2.501480 0.572406 2.372316
v 2.493856 0.570339 2.419097
v 2.493856 0.570339 2.419097
v 2.501480 0.572406 2.372316
v 2.467733 0.606153 2.372316
v 2.465745 0.598417 2.419221
v 2.501480 0.482831 2.461891
v 2.523120 0.482831 2.419425
v 2.514277 0.531464 2.420667
v 2.493744 0.529736 2.459903
v 2.493744 0.529736 2.459903
v 2.514277 0.531464 2.420667
v 2.493856 0.570339 2.419097
v 2.479275 0.563483 2.452957
v 2.479275 0.563483 2.452957
v 2.493856 0.570339 2.419097
v 2.465745 0.598417 2.419221
v 2.458810 0.583937 2.452957
v 2.425267 0.627782 2.372316
v 2.378158 0.635247 2.372316
v 2.378158 0.627782 2.419425
v 2.426520 0.618950 2.420949
v 2.426520 0.618950 2.420949
v 2.378158 0.627782 2.419425
v 2.378158 0.606153 2.461891
v 2.424939 0.598530 2.459824
v 2.424939 0.598530 2.459824
v 2.378158 0.606153 2.461891
v 2.378158 0.572406 2.495627
v 2.425063 0.570418 2.487902
v 2.467733 0.606153 2.372316
v 2.425267 0.627782 2.372316
v 2.426520 0.618950 2.420949
v 2.465745 0.598417 2.419221
v 2.465745 0.598417 2.419221
v 2.426520 0.618950 2.420949
v 2.424939 0.598530 2.459824
v 2.458810 0.583937 2.452957
v 2.458810 0.583937 2.452957
v 2.424939 0.598530 2.459824
v 2.425063 0.570418 2.487902
v 2.458810 0.563483 2.473423
v 2.378158 0.529939 2.517267
v 2.378158 0.482831 2.524733
v 2.425267 0.482831 2.517267
v 2.426791 0.531193 2.508435
v 2.426791 0.531193 2.508435
v 2.425267 0.482831 2.517267
v 2.467733 0.482831 2.495627
v 2.465666 0.529612 2.488003
v 2.465666 0.529612 2.488003
v 2.467733 0.482831 2.495627
v 2.501480 0.482831 2.461891
v 2.493744 0.529736 2.459903
v 2.378158 0.572406 2.495627
v 2.378158 0.529939 2.517267
v 2.426791 0.531193 2.508435
v 2.425063 0.570418 2.487902
v 2.425063 0.570418 2.487902
v 2.426791 0.531193 2.508435
v 2.465666 0.529612 2.488003
v 2.458810 0.563483 2.473423
v 2.458810 0.563483 2.473423
v 2.465666 0.529612 2.488003
v 2.493744 0.529736 2.459903
v 2.479275 0.563483 2.452957
v 2.479275 0.563483 2.452957
v 2.458810 0.583937 2.452957
v 2.458810 0.563483 2.473423
v -2.378154 0.529938 -2.517269
v -2.378154 0.482830 -2.524735
v -2.425263 0.482830 -2.517269
v -2.426787 0.531192 -2.508426
v -2.426787 0.531192 -2.508426
v -2.425263 0.482830 -2.517269
v -2.467729 0.482830 -2.495630
v -2.465662 0.529610 -2.488006
v -2.465662 0.529610 -2.488006
v -2.467729 0.482830 -2.495630
v -2.501476 0.482830 -2.461894
v -2.493740 0.529735 -2.459906
v -2.378154 0.572404 -2.495630
v -2.378154 0.529938 -2.517269
v -2.426787 0.531192 -2.508426
v -2.425059 0.570417 -2.487904
v -2.425059 0.570417 -2.487904
v -2.426787 0.531192 -2.508426
v -2.465662 0.529610 -2.488006
v -2.458807 0.563482 -2.473425
v -2.458807 0.563482 -2.473425
v -2.465662 0.529610 -2.488006
v -2.493740 0.529735 -2.459906
v -2.479272 0.563482 -2.452960
v -2.523116 0.482830 -2.419427
v -2.530571 0.482830 -2.372319
v -2.523116 0.529938 -2.372319
v -2.514273 0.531463 -2.420669
v -2.514273 0.531463 -2.420669
v -2.523116 0.529938 -2.372319
v -2.501476 0.572404 -2.372319
v -2.493853 0.570338 -2.419099
v -2.493853 0.570338 -2.419099
v -2.501476 0.572404 -2.372319
v -2.467729 0.606152 -2.372319
v -2.465741 0.598415 -2.419224
v -2.501476 0.482830 -2.461894
v -2.523116 0.482830 -2.419427
v -2.514273 0.531463 -2.420669
v -2.493740 0.529735 -2.459906
v -2.493740 0.529735 -2.459906
v -2.514273 0.531463 -2.420669
v -2.493853 0.570338 -2.419099
v -2.479272 0.563482 -2.452960
v -2.479272 0.563482 -2.452960
v -2.493853 0.570338 -2.419099
v -2.465741 0.598415 -2.419224
v -2.458807 0.583936 -2.452960
v -2.425263 0.627780 -2.372319
v -2.378154 0.635246 -2.372319
v -2.378154 0.627780 -2.419427
v -2.426516 0.618948 -2.420940
v -2.426516 0.618948 -2.420940
v -2.378154 0.627780 -2.419427
v -2.378154 0.606152 -2.461894
v -2.424935 0.598528 -2.459827
v -2.424935 0.598528 -2.459827
v -2.378154 0.606152 -2.461894
v -2.378154 0.572404 -2.495630
v -2.425059 0.570417 -2.487904
v -2.467729 0.606152 -2.372319
v -2.425263 0.627780 -2.372319
v -2.426516 0.618948 -2.420940
v -2.465741 0.598415 -2.419224
v -2.465741 0.598415 -2.419224
v -2.426516 0.618948 -2.420940
v -2.424935 0.598528 -2.459827
v -2.458807 0.583936 -2.452960
v -2.458807 0.583936 -2.452960
v -2.424935 0.598528 -2.459827
v -2.425059 0.570417 -2.487904
v -2.458807 0.563482 -2.473425
v -2.458807 0.563482 -2.473425
v -2.479272 0.563482 -2.452960
v -2.458807 0.583936 -2.452960
v -2.523116 0.529939 2.372316
v -2.530571 0.482831 2.372316
v -2.523116 0.482831 2.419425
v -2.514273 0.531193 2.420938
v -2.514273 0.531193 2.420938
v -2.523116 0.482831 2.419425
v -2.501476 0.482831 2.461891
v -2.493853 0.529612 2.459824
v -2.493853 0.529612 2.459824
v -2.501476 0.482831 2.461891
v -2.467729 0.482831 2.495627
v -2.465741 0.529736 2.487902
v -2.501476 0.572406 2.372316
v -2.523116 0.529939 2.372316
v -2.514273 0.531193 2.420938
v -2.493740 0.570418 2.419221
v -2.493740 0.570418 2.419221
v -2.514273 0.531193 2.420938
v -2.493853 0.529612 2.459824
v -2.479272 0.563483 2.452957
v -2.479272 0.563483 2.452957
v -2.493853 0.529612 2.459824
v -2.465741 0.529736 2.487902
v -2.458807 0.563483 2.473423
v -2.425263 0.482831 2.517267
v -2.378154 0.482831 2.524733
v -2.378154 0.529939 2.517267
v -2.426516 0.531464 2.508423
v -2.426516 0.531464 2.508423
v -2.378154 0.529939 2.517267
v -2.378154 0.572406 2.495627
v -2.424935 0.570339 2.488003
v -2.424935 0.570339 2.488003
v -2.378154 0.572406 2.495627
v -2.378154 0.606153 2.461891
v -2.425059 0.598417 2.459903
v -2.467729 0.482831 2.495627
v -2.425263 0.482831 2.517267
v -2.426516 0.531464 2.508423
v -2.465741 0.529736 2.487902
v -2.465741 0.529736 2.487902
v -2.426516 0.531464 2.508423
v -2.424935 0.570339 2.488003
v -2.458807 0.563483 2.473423
v -2.458807 0.563483 2.473423
v -2.424935 0.570339 2.488003
v -2.425059 0.598417 2.459903
v -2.458807 0.583937 2.452957
v -2.378154 0.627782 2.419425
v -2.378154 0.635247 2.372316
v -2.425263 0.627782 2.372316
v -2.426787 0.618950 2.420667
v -2.426787 0.618950 2.420667
v -2.425263 0.627782 2.372316
v -2.467729 0.606153 2.372316
v -2.465662 0.598530 2.419097
v -2.465662 0.598530 2.419097
v -2.467729 0.606153 2.372316
v -2.501476 0.572406 2.372316
v -2.493740 0.570418 2.419221
v -2.378154 0.606153 2.461891
v -2.378154 0.627782 2.419425
v -2.426787 0.618950 2.420667
v -2.425059 0.598417 2.459903
v -2.425059 0.598417 2.459903
v -2.426787 0.618950 2.420667
v -2.465662 0.598530 2.419097
v -2.458807 0.583937 2.452957
v -2.458807 0.583937 2.452957
v -2.465662 0.598530 2.419097
v -2.493740 0.570418 2.419221
v -2.479272 0.563483 2.452957
v -2.479272 0.563483 2.452957
v -2.458807 0.563483 2.473423
v -2.458807 0.583937 2.452957
v 2.523120 0.193945 -2.419415
v 2.530574 0.193945 -2.372318
v 2.530574 -0.000001 -2.372318
v 2.523120 -0.000001 -2.419415
v 2.501469 0.193945 -2.461905
v 2.523120 0.193945 -2.419415
v 2.523120 -0.000001 -2.419415
v 2.501469 -0.000001 -2.461905
v 2.467744 0.193945 -2.495629
v 2.501469 0.193945 -2.461905
v 2.501469 -0.000001 -2.461905
v 2.467755 -0.000001 -2.495618
v 2.425267 0.193945 -2.517269
v 2.467744 0.193945 -2.495629
v 2.467755 -0.000001 -2.495618
v 2.425267 -0.000001 -2.517269
v 2.378158 0.193945 -2.524735
v 2.425267 0.193945 -2.517269
v 2.425267 -0.000001 -2.517269
v 2.378158 -0.000001 -2.524735
v -2.425263 0.288886 2.517267
v -2.378154 0.288886 2.524733
v -2.378154 0.482831 2.524733
v -2.425263 0.482831 2.517267
v -2.467740 0.288886 2.495627
v -2.425263 0.288886 2.517267
v -2.425263 0.482831 2.517267
v -2.467729 0.482831 2.495627
v -2.501476 0.288886 2.461891
v -2.467740 0.288886 2.495627
v -2.467729 0.482831 2.495627
v -2.501476 0.482831 2.461891
v -2.523116 0.288886 2.419425
v -2.501476 0.288886 2.461891
v -2.501476 0.482831 2.461891
v -2.523116 0.482831 2.419425
v -2.530571 0.288886 2.372316
v -2.523116 0.288886 2.419425
v -2.523116 0.482831 2.419425
v -2.530571 0.482831 2.372316
v 2.425267 0.193946 2.517267
v 2.378158 0.193946 2.524733
v 2.378158 0.000001 2.524733
v 2.425267 0.000001 2.517267
v 2.467744 0.193946 2.495627
v 2.425267 0.193946 2.517267
v 2.425267 0.000001 2.517267
v 2.467755 0.000001 2.495616
v 2.501469 0.193946 2.461903
v 2.467744 0.193946 2.495627
v 2.467755 0.000001 2.495616
v 2.501469 0.000001 2.461903
v 2.523120 0.193946 2.419414
v 2.501469 0.193946 2.461903
v 2.501469 0.000001 2.461903
v 2.523120 0.000001 2.419414
v 2.530574 0.193946 2.372316
v 2.523120 0.193946 2.419414
v 2.523120 0.000001 2.419414
v 2.530574 0.000001 2.372316
v -2.425263 0.193945 -2.517269
v -2.378154 0.193945 -2.524735
v -2.378154 -0.000001 -2.524735
v -2.425263 -0.000001 -2.517269
v -2.467740 0.193945 -2.495629
v -2.425263 0.193945 -2.517269
v -2.425263 -0.000001 -2.517269
v -2.467752 -0.000001 -2.495618
v -2.501465 0.193945 -2.461905
v -2.467740 0.193945 -2.495629
v -2.467752 -0.000001 -2.495618
v -2.501465 -0.000001 -2.461905
v -2.523116 0.193945 -2.419415
v -2.501465 0.193945 -2.461905
v -2.501465 -0.000001 -2.461905
v -2.523116 -0.000001 -2.419415
v -2.530571 0.193945 -2.372318
v -2.523116 0.193945 -2.419415
v -2.523116 -0.000001 -2.419415
v -2.530571 -0.000001 -2.372318
v 2.378158 0.627782 2.419425
v 2.378158 0.635247 2.372316
v -2.378154 0.635247 2.372316
v -2.378154 0.627782 2.419425
v 2.378158 0.606153 2.461891
v 2.378158 0.627782 2.419425
v -2.378154 0.627782 2.419425
v -2.378154 0.606153 2.461891
v 2.378158 0.572406 2.495627
v 2.378158 0.606153 2.461891
v -2.378154 0.606153 2.461891
v -2.378154 0.572406 2.495627
v 2.378158 0.529939 2.517267
v 2.378158 0.572406 2.495627
v -2.378154 0.572406 2.495627
v -2.378154 0.529939 2.517267
v 2.378158 0.482831 2.524733
v 2.378158 0.529939 2.517267
v -2.378154 0.529939 2.517267
v -2.378154 0.482831 2.524733
v 2.425267 0.627780 -2.372319
v 2.378158 0.635246 -2.372319
v 2.378158 0.635247 2.372316
v 2.425267 0.627782 2.372316
v 2.467733 0.606152 -2.372319
v 2.425267 0.627780 -2.372319
v 2.425267 0.627782 2.372316
v 2.467733 0.606153 2.372316
v 2.501480 0.572404 -2.372319
v 2.467733 0.606152 -2.372319
v 2.467733 0.606153 2.372316
v 2.501480 0.572406 2.372316
v 2.523120 0.529938 -2.372319
v 2.501480 0.572404 -2.372319
v 2.501480 0.572406 2.372316
v 2.523120 0.529939 2.372316
v 2.530574 0.482830 -2.372319
v 2.523120 0.529938 -2.372319
v 2.523120 0.529939 2.372316
v 2.530574 0.482831 2.372316
v -2.425263 0.627782 2.372316
v -2.378154 0.635247 2.372316
v -2.378154 0.635246 -2.372319
v -2.425263 0.627780 -2.372319
v -2.467729 0.606153 2.372316
v -2.425263 0.627782 2.372316
v -2.425263 0.627780 -2.372319
v -2.467729 0.606152 -2.372319
v -2.501476 0.572406 2.372316
v -2.467729 0.606153 2.372316
v -2.467729 0.606152 -2.372319
v -2.501476 0.572404 -2.372319
v -2.523116 0.529939 2.372316
v -2.501476 0.572406 2.372316
v -2.501476 0.572404 -2.372319
v -2.523116 0.529938 -2.372319
v -2.530571 0.482831 2.372316
v -2.523116 0.529939 2.372316
v -2.523116 0.529938 -2.372319
v -2.530571 0.482830 -2.372319
v -2.378154 0.627780 -2.419427
v -2.378154 0.635246 -2.372319
v 2.378158 0.635246 -2.372319
v 2.378158 0.627780 -2.419427
v -2.378154 0.606152 -2.461894
v -2.378154 0.627780 -2.419427
v 2.378158 0.627780 -2.419427
v 2.378158 0.606152 -2.461894
v -2.378154 0.572404 -2.495630
v -2.378154 0.606152 -2.461894
v 2.378158 0.606152 -2.461894
v 2.378158 0.572404 -2.495630
v -2.378154 0.529938 -2.517269
v -2.378154 0.572404 -2.495630
v 2.378158 0.572404 -2.495630
v 2.378158 0.529938 -2.517269
v -2.378154 0.482830 -2.524735
v -2.378154 0.529938 -2.517269
v 2.378158 0.529938 -2.517269
v 2.378158 0.482830 -2.524735
v 2.378158 0.288884 -2.524735
v -2.378154 0.288884 -2.524735
v -2.378154 0.482830 -2.524735
v 2.378158 0.482830 -2.524735
v 2.378158 -0.000001 -2.524735
v -2.378154 -0.000001 -2.524735
v -2.378154 0.193945 -2.524735
v 2.378158 0.193945 -2.524735
v -2.394226 0.193945 -2.485058
v -2.425263 0.193945 -2.517269
v -2.467740 0.193945 -2.495629
v -2.436162 0.193945 -2.463689
v -2.530571 0.482830 -2.372319
v -2.523116 0.482830 -2.419427
v -2.523116 0.288884 -2.419427
v -2.530571 0.288884 -2.372318
v -2.498190 0.193946 2.341957
v -2.530571 0.193946 2.372316
v -2.523116 0.193946 2.419414
v -2.490826 0.193946 2.388456
v -2.523116 0.482830 -2.419427
v -2.501476 0.482830 -2.461894
v -2.501476 0.288884 -2.461893
v -2.523116 0.288884 -2.419427
v 2.436165 0.193945 -2.463689
v 2.467744 0.193945 -2.495629
v 2.425267 0.193945 -2.517269
v 2.394230 0.193945 -2.485058
v -2.501476 0.482830 -2.461894
v -2.467729 0.482830 -2.495630
v -2.467740 0.288884 -2.495629
v -2.501476 0.288884 -2.461893
v -2.436162 0.288884 -2.463700
v -2.467740 0.288884 -2.495629
v -2.425263 0.288884 -2.517269
v -2.394226 0.288884 -2.485058
v -2.467729 0.482830 -2.495630
v -2.425263 0.482830 -2.517269
v -2.425263 0.288884 -2.517269
v -2.467740 0.288884 -2.495629
v 2.347731 0.193946 2.492420
v 2.378158 0.193946 2.524733
v 2.425267 0.193946 2.517267
v 2.394230 0.193946 2.485056
v -2.425263 0.482830 -2.517269
v -2.378154 0.482830 -2.524735
v -2.378154 0.288884 -2.524735
v -2.425263 0.288884 -2.517269
v 2.394230 0.288884 -2.485058
v 2.425267 0.288884 -2.517269
v 2.467744 0.288884 -2.495629
v 2.436165 0.288884 -2.463700
v 2.530574 0.482831 2.372316
v 2.523120 0.482831 2.419425
v 2.523120 0.288886 2.419425
v 2.530574 0.288886 2.372316
v -2.501465 0.193945 -2.461905
v -2.469457 0.193945 -2.430393
v 2.523120 0.482831 2.419425
v 2.501480 0.482831 2.461891
v 2.501480 0.288886 2.461891
v 2.523120 0.288886 2.419425
v -2.498190 0.288886 2.341957
v -2.530571 0.288886 2.372316
v -2.530571 0.288884 -2.372318
v -2.498190 0.288884 -2.341959
v 2.501480 0.482831 2.461891
v 2.467733 0.482831 2.495627
v 2.467744 0.288886 2.495627
v 2.501480 0.288886 2.461891
v 2.394230 0.288886 2.485056
v 2.425267 0.288886 2.517267
v 2.378158 0.288886 2.524733
v 2.347731 0.288886 2.492420
v 2.467733 0.482831 2.495627
v 2.425267 0.482831 2.517267
v 2.425267 0.288886 2.517267
v 2.467744 0.288886 2.495627
v 2.378158 0.193945 -2.524735
v 2.347731 0.193945 -2.492422
v 2.425267 0.482831 2.517267
v 2.378158 0.482831 2.524733
v 2.378158 0.288886 2.524733
v 2.425267 0.288886 2.517267
v -2.469468 0.288884 -2.430393
v -2.501476 0.288884 -2.461893
v -2.467740 0.288884 -2.495629
v -2.530571 0.000001 2.372316
v -2.523116 0.000001 2.419414
v -2.523116 0.193946 2.419414
v -2.530571 0.193946 2.372316
v -2.498190 0.193945 -2.341959
v -2.530571 0.193945 -2.372318
v -2.523116 0.000001 2.419414
v -2.501465 0.000001 2.461903
v -2.501465 0.193946 2.461903
v -2.523116 0.193946 2.419414
v 2.467744 0.193946 2.495627
v 2.436165 0.193946 2.463687
v -2.501465 0.000001 2.461903
v -2.467752 0.000001 2.495616
v -2.467740 0.193946 2.495627
v -2.501465 0.193946 2.461903
v 2.347731 0.288884 -2.492422
v 2.378158 0.288884 -2.524735
v 2.425267 0.288884 -2.517269
v 2.394230 0.288884 -2.485058
v -2.467752 0.000001 2.495616
v -2.425263 0.000001 2.517267
v -2.425263 0.193946 2.517267
v -2.467740 0.193946 2.495627
v -2.523116 0.193945 -2.419415
v -2.490826 0.193945 -2.388458
v -2.425263 0.000001 2.517267
v -2.378154 0.000001 2.524733
v -2.378154 0.193946 2.524733
v -2.425263 0.193946 2.517267
v -2.378154 0.288886 2.524733
v -2.347727 0.288886 2.492420
v 2.378158 0.482830 -2.524735
v 2.425267 0.482830 -2.517269
v 2.425267 0.288884 -2.517269
v 2.378158 0.288884 -2.524735
v 2.436165 0.288886 2.463698
v 2.467744 0.288886 2.495627
v 2.425267 0.482830 -2.517269
v 2.467733 0.482830 -2.495630
v 2.467744 0.288884 -2.495629
v 2.425267 0.288884 -2.517269
v -2.425263 0.288886 2.517267
v -2.394226 0.288886 2.485056
v 2.467733 0.482830 -2.495630
v 2.501480 0.482830 -2.461894
v 2.501480 0.288884 -2.461893
v 2.467744 0.288884 -2.495629
v -2.490826 0.288884 -2.388458
v -2.523116 0.288884 -2.419427
v -2.501476 0.288884 -2.461893
v -2.469468 0.288884 -2.430393
v 2.501480 0.482830 -2.461894
v 2.523120 0.482830 -2.419427
v 2.523120 0.288884 -2.419427
v 2.501480 0.288884 -2.461893
v -2.347727 0.193946 2.492420
v -2.378154 0.193946 2.524733
v 2.523120 0.482830 -2.419427
v 2.530574 0.482830 -2.372319
v 2.530574 0.288884 -2.372318
v 2.523120 0.288884 -2.419427
v 2.501469 0.193946 2.461903
v 2.469461 0.193946 2.430392
v 2.530574 0.000001 2.372316
v 2.530574 -0.000001 -2.372318
v 2.530574 0.193945 -2.372318
v 2.530574 0.193946 2.372316
v -2.394226 0.193946 2.485056
v -2.425263 0.193946 2.517267
v -2.378154 0.193946 2.524733
v -2.347727 0.193946 2.492420
v -2.378154 0.000001 2.524733
v 2.378158 0.000001 2.524733
v 2.378158 0.193946 2.524733
v -2.378154 0.193946 2.524733
v -2.523116 0.193945 -2.419415
v -2.530571 0.193945 -2.372318
v -2.498190 0.193945 -2.341959
v -2.530571 -0.000001 -2.372318
v -2.530571 0.000001 2.372316
v -2.530571 0.193946 2.372316
v -2.530571 0.193945 -2.372318
v 2.498194 0.288884 -2.341959
v 2.530574 0.288884 -2.372318
v 2.530574 0.288886 2.372316
v 2.498194 0.288886 2.341957
v 2.347731 0.193945 -2.492422
v -2.347727 0.193945 -2.492422
v -2.347727 0.288884 -2.492422
v 2.347731 0.288884 -2.492422
v -2.498190 0.288884 -2.341959
v -2.490826 0.288884 -2.388458
v -2.490826 0.193945 -2.388458
v -2.498190 0.193945 -2.341959
v -2.490826 0.288884 -2.388458
v -2.469468 0.288884 -2.430393
v -2.469457 0.193945 -2.430393
v -2.490826 0.193945 -2.388458
v -2.469468 0.288884 -2.430393
v -2.436162 0.288884 -2.463700
v -2.436162 0.193945 -2.463689
v -2.469457 0.193945 -2.430393
v -2.436162 0.288884 -2.463700
v -2.394226 0.288884 -2.485058
v -2.394226 0.193945 -2.485058
v -2.436162 0.193945 -2.463689
v -2.394226 0.288884 -2.485058
v -2.347727 0.288884 -2.492422
v -2.347727 0.193945 -2.492422
v -2.394226 0.193945 -2.485058
v 2.498194 0.288886 2.341957
v 2.490830 0.288886 2.388456
v 2.490830 0.193946 2.388456
v 2.498194 0.193946 2.341957
v 2.490830 0.288886 2.388456
v 2.469472 0.288886 2.430392
v 2.469461 0.193946 2.430392
v 2.490830 0.193946 2.388456
v 2.469472 0.288886 2.430392
v 2.436165 0.288886 2.463698
v 2.436165 0.193946 2.463687
v 2.469461 0.193946 2.430392
v 2.436165 0.288886 2.463698
v 2.394230 0.288886 2.485056
v 2.394230 0.193946 2.485056
v 2.436165 0.193946 2.463687
v 2.394230 0.288886 2.485056
v 2.347731 0.288886 2.492420
v 2.347731 0.193946 2.492420
v 2.394230 0.193946 2.485056
v -2.498190 0.193946 2.341957
v -2.490826 0.193946 2.388456
v -2.490826 0.288886 2.388456
v -2.498190 0.288886 2.341957
v -2.490826 0.193946 2.388456
v -2.469457 0.193946 2.430392
v -2.469468 0.288886 2.430392
v -2.490826 0.288886 2.388456
v -2.469457 0.193946 2.430392
v -2.436162 0.193946 2.463687
v -2.436162 0.288886 2.463698
v -2.469468 0.288886 2.430392
v -2.436162 0.193946 2.463687
v -2.394226 0.193946 2.485056
v -2.394226 0.288886 2.485056
v -2.436162 0.288886 2.463698
v -2.394226 0.193946 2.485056
v -2.347727 0.193946 2.492420
v -2.347727 0.288886 2.492420
v -2.394226 0.288886 2.485056
v 2.347731 0.288884 -2.492422
v 2.394230 0.288884 -2.485058
v 2.394230 0.193945 -2.485058
v 2.347731 0.193945 -2.492422
v 2.394230 0.288884 -2.485058
v 2.436165 0.288884 -2.463700
v 2.436165 0.193945 -2.463689
v 2.394230 0.193945 -2.485058
v 2.436165 0.288884 -2.463700
v 2.469472 0.288884 -2.430393
v 2.469461 0.193945 -2.430393
v 2.436165 0.193945 -2.463689
v 2.469472 0.288884 -2.430393
v 2.490830 0.288884 -2.388458
v 2.490830 0.193945 -2.388458
v 2.469461 0.193945 -2.430393
v 2.490830 0.288884 -2.388458
v 2.498194 0.288884 -2.341959
v 2.498194 0.193945 -2.341959
v 2.490830 0.193945 -2.388458
v 2.498194 0.193946 2.341957
v 2.498194 0.193945 -2.341959
v 2.498194 0.288884 -2.341959
v 2.498194 0.288886 2.341957
v -2.347727 0.193946 2.492420
v 2.347731 0.193946 2.492420
v 2.347731 0.288886 2.492420
v -2.347727 0.288886 2.492420
v -2.498190 0.193945 -2.341959
v -2.498190 0.193946 2.341957
v -2.498190 0.288886 2.341957
v -2.498190 0.288884 -2.341959
v 2.436165 0.288884 -2.463700
v 2.467744 0.288884 -2.495629
v 2.501480 0.288884 -2.461893
v 2.469472 0.288884 -2.430393
v -2.490826 0.288886 2.388456
v -2.523116 0.288886 2.419425
v -2.530571 0.288886 2.372316
v -2.498190 0.288886 2.341957
v -2.394226 0.288884 -2.485058
v -2.378154 0.288884 -2.524735
v -2.347727 0.288884 -2.492422
v 2.469461 0.193945 -2.430393
v 2.501469 0.193945 -2.461905
v -2.490826 0.193946 2.388456
v -2.523116 0.193946 2.419414
v -2.501465 0.193946 2.461903
v -2.469457 0.193946 2.430392
v -2.347727 0.193945 -2.492422
v -2.378154 0.193945 -2.524735
v -2.425263 0.193945 -2.517269
v -2.394226 0.193945 -2.485058
v 2.469472 0.288884 -2.430393
v 2.501480 0.288884 -2.461893
v 2.523120 0.288884 -2.419427
v 2.490830 0.288884 -2.388458
v -2.469468 0.288886 2.430392
v -2.501476 0.288886 2.461891
v 2.498194 0.288886 2.341957
v 2.530574 0.288886 2.372316
v 2.523120 0.288886 2.419425
v 2.490830 0.288886 2.388456
v 2.490830 0.193945 -2.388458
v 2.523120 0.193945 -2.419415
v -2.467740 0.193946 2.495627
v -2.436162 0.193946 2.463687
v 2.490830 0.193946 2.388456
v 2.523120 0.193946 2.419414
v 2.530574 0.193946 2.372316
v 2.498194 0.193946 2.341957
v 2.490830 0.288884 -2.388458
v 2.523120 0.288884 -2.419427
v 2.530574 0.288884 -2.372318
v 2.498194 0.288884 -2.341959
v -2.378154 0.193945 -2.524735
v -2.347727 0.193945 -2.492422
v -2.436162 0.288886 2.463698
v -2.467740 0.288886 2.495627
v 2.490830 0.288886 2.388456
v 2.523120 0.288886 2.419425
v 2.501480 0.288886 2.461891
v 2.469472 0.288886 2.430392
v 2.498194 0.193945 -2.341959
v 2.530574 0.193945 -2.372318
v 2.523120 0.193945 -2.419415
v 2.490830 0.193945 -2.388458
v -2.347727 0.288884 -2.492422
v -2.378154 0.288884 -2.524735
v -2.425263 0.193946 2.517267
v -2.394226 0.193946 2.485056
v 2.523120 0.193946 2.419414
v 2.498194 0.193946 2.341957
v 2.530574 0.193945 -2.372318
v 2.498194 0.193945 -2.341959
v -2.498190 0.288884 -2.341959
v -2.530571 0.288884 -2.372318
v -2.523116 0.288884 -2.419427
v -2.490826 0.288884 -2.388458
v -2.394226 0.288886 2.485056
v -2.425263 0.288886 2.517267
v -2.467740 0.288886 2.495627
v -2.436162 0.288886 2.463698
v 2.501480 0.288886 2.461891
v -0.602265 8.885194 -1.681913
v -0.602265 8.885196 1.681906
v -0.602265 8.910349 1.905092
v -0.602265 8.984529 2.117086
v -0.602265 9.104023 2.307258
v -0.602265 9.262832 2.466079
v -0.602265 9.453016 2.585572
v -0.602265 9.665009 2.659753
v -0.602265 9.888195 2.684905
v -0.602265 17.971247 2.684902
v -0.602265 17.971247 -2.684915
v -0.602265 9.888193 -2.684913
v -0.602265 9.665008 -2.659760
v -0.602265 9.453014 -2.585580
v -0.602265 9.262841 -2.466086
v -0.602265 9.104021 -2.307266
v -0.602265 8.984528 -2.117093
v -0.602265 8.910347 -1.905100
v -0.602265 9.888195 2.684905
v 2.278509 9.888195 2.684905
v 2.278509 17.971247 2.684902
v -0.602265 17.971247 2.684902
v 2.278509 19.668665 1.681903
v 2.278509 19.668665 -1.681917
v -0.602265 19.668665 -1.681917
v -0.602265 19.668665 1.681903
v 3.097637 18.766659 2.589274
v 3.097637 18.888851 2.659750
v 3.097637 18.665665 2.684902
v 3.097637 18.549379 2.613760
v 2.278509 8.910347 -1.905100
v 2.278509 8.885194 -1.681913
v -0.602265 8.885194 -1.681913
v -0.602265 8.910347 -1.905100
v 2.278509 8.984528 -2.117093
v -0.602265 8.984528 -2.117093
v 2.278509 9.104021 -2.307266
v -0.602265 9.104021 -2.307266
v 2.278509 9.262841 -2.466086
v -0.602265 9.262841 -2.466086
v 2.278509 9.453014 -2.585580
v -0.602265 9.453014 -2.585580
v 2.278509 9.665008 -2.659760
v -0.602265 9.665008 -2.659760
v 2.278509 9.888193 -2.684913
v -0.602265 9.888193 -2.684913
v 2.278509 19.643513 1.905089
v -0.602265 19.643513 1.905089
v 2.278509 19.569330 2.117082
v -0.602265 19.569330 2.117082
v 2.278509 19.449839 2.307255
v -0.602265 19.449839 2.307255
v 2.278509 19.291029 2.466075
v -0.602265 19.291029 2.466075
v 2.278509 19.100855 2.585569
v -0.602265 19.100855 2.585569
v 2.278509 18.888851 2.659750
v -0.602265 18.888851 2.659750
v 2.278509 18.665665 2.684902
v -0.602265 18.665665 2.684902
v 2.278509 8.910349 1.905092
v 2.278509 8.885196 1.681906
v 3.097637 8.885196 1.681906
v 3.097637 8.910349 1.905092
v 2.278509 8.984529 2.117086
v 3.097637 8.984529 2.117086
v 2.278509 9.104023 2.307258
v 3.097637 9.104023 2.307258
v 2.278509 9.262832 2.466079
v 3.097637 9.262832 2.466079
v 2.278509 9.453016 2.585572
v 3.097637 9.453016 2.585572
v 2.278509 9.665009 2.659753
v 3.097637 9.665009 2.659753
v 3.097637 9.888195 2.684905
v 2.278509 19.643513 -1.905103
v 2.278509 19.668665 -1.681917
v 3.097637 19.668665 -1.681917
v 3.097637 19.643513 -1.905103
v 2.278509 19.569344 -2.117096
v 3.097637 19.569344 -2.117096
v 2.278509 19.449839 -2.307269
v 3.097637 19.449839 -2.307269
v 2.278509 19.291029 -2.466089
v 3.097637 19.291029 -2.466089
v 2.278509 19.100855 -2.585582
v 3.097637 19.100855 -2.585582
v 2.278509 18.888851 -2.659763
v 3.097637 18.888851 -2.659763
v 2.278509 18.665665 -2.684916
v 3.097637 18.665665 -2.684916
v 3.097637 9.888193 -2.684913
v 2.278509 9.888193 -2.684913
v 2.278509 17.971247 -2.684915
v 3.097637 17.971247 -2.684915
v 2.817731 18.766659 -2.589287
v 3.097637 18.766659 -2.589287
v 3.097637 18.973038 -2.517071
v 2.817731 18.973038 -2.517071
v 3.097637 19.501316 -1.854628
v 3.097637 19.643513 -1.905103
v 3.097637 19.668665 -1.681917
v 3.097637 19.525803 -1.637349
v 3.097637 9.395698 2.400741
v 3.097637 9.262832 2.466079
v 3.097637 9.104023 2.307258
v 3.097637 9.241090 2.246123
v 3.097637 19.429102 2.060984
v 3.097637 19.569330 2.117082
v 3.097637 19.449839 2.307255
v 3.097637 19.312782 2.246119
v 3.097637 18.766659 -2.589287
v 3.097637 18.888851 -2.659763
v 3.097637 19.100855 -2.585582
v 3.097637 18.973038 -2.517071
v 3.097637 9.580831 -2.517069
v 3.097637 9.453014 -2.585580
v 3.097637 9.665008 -2.659760
v 3.097637 9.787211 -2.589284
v 3.097637 19.429102 -2.060998
v 3.097637 19.569344 -2.117096
v 3.097637 9.052542 -1.854625
v 3.097637 8.910347 -1.905100
v 3.097637 8.984528 -2.117093
v 3.097637 9.124757 -2.060995
v 3.097637 9.580822 2.517061
v 3.097637 9.453016 2.585572
v 3.097637 19.291029 2.466075
v 3.097637 19.158163 2.400738
v 3.097637 18.549379 -2.613773
v 3.097637 18.665665 -2.684916
v 3.097637 9.888193 -2.684913
v 3.097637 10.004479 -2.613770
v 3.097637 9.052544 1.854618
v 3.097637 8.910349 1.905092
v 3.097637 8.885196 1.681906
v 3.097637 9.028057 1.637339
v 3.097637 19.312782 -2.246133
v 3.097637 19.449839 -2.307269
v 3.097637 9.104021 -2.307266
v 3.097637 9.241088 -2.246130
v 3.097637 9.787213 2.589277
v 3.097637 9.665009 2.659753
v 3.097637 19.100855 2.585569
v 3.097637 18.973028 2.517058
v 3.097637 17.971247 -2.684915
v 3.097637 17.971247 -2.613773
v 3.097637 19.525803 1.637335
v 3.097637 19.668665 1.681903
v 3.097637 19.643513 1.905089
v 3.097637 19.501316 1.854615
v 3.097637 9.124759 2.060987
v 3.097637 8.984529 2.117086
v 3.097637 19.158175 -2.400752
v 3.097637 19.291029 -2.466089
v 3.097637 9.262841 -2.466086
v 3.097637 9.395696 -2.400749
v 3.097637 10.004481 2.613762
v 3.097637 9.888195 2.684905
v 3.097637 17.971247 2.684902
v 3.097637 17.971247 2.613760
v 3.097637 9.028055 -1.637346
v 3.097637 8.885194 -1.681913
v -0.169999 9.395698 2.400741
v 2.278509 9.395698 2.400741
v 2.278509 9.241090 2.246123
v -0.169999 9.241090 2.246123
v 2.817731 18.766659 2.589274
v 3.097637 18.766659 2.589274
v 3.097637 18.549379 2.613760
v 2.817731 18.549379 2.613760
v 3.097637 9.052542 -1.854625
v 3.097637 9.124757 -2.060995
v 2.278509 9.124757 -2.060995
v 2.278509 9.052542 -1.854625
v 2.817731 18.549379 -2.613773
v 3.097637 18.549379 -2.613773
v 3.097637 9.124759 2.060987
v 3.097637 9.052544 1.854618
v 2.278509 9.052544 1.854618
v 2.278509 9.124759 2.060987
v 3.097637 9.241088 -2.246130
v 2.278509 9.241088 -2.246130
v 3.097637 17.971247 2.613760
v 3.097637 10.004481 2.613762
v 2.278509 10.004481 2.613762
v 2.278509 17.971247 2.613760
v 3.097637 9.241090 2.246123
v 3.097637 9.395696 -2.400749
v 2.278509 9.395696 -2.400749
v 3.097637 9.395698 2.400741
v 3.097637 9.580831 -2.517069
v 2.278509 9.580831 -2.517069
v 2.817731 19.525803 -1.637349
v 3.097637 19.525803 -1.637349
v 3.097637 19.525803 1.637335
v 2.817731 19.525803 1.637335
v 3.097637 9.580822 2.517061
v 2.278509 9.580822 2.517061
v 3.097637 9.787211 -2.589284
v 2.278509 9.787211 -2.589284
v 2.817731 18.549379 2.613760
v 3.097637 18.549379 2.613760
v 2.817731 17.971247 2.613760
v 3.097637 9.787213 2.589277
v 2.278509 9.787213 2.589277
v 3.097637 10.004479 -2.613770
v 2.278509 10.004479 -2.613770
v 3.097637 9.028057 1.637339
v 2.278509 9.028057 1.637339
v 3.097637 17.971247 -2.613773
v 2.278509 17.971247 -2.613773
v 2.278509 10.004479 -2.613770
v 3.097637 10.004479 -2.613770
v 3.097637 19.501316 1.854615
v 2.817731 19.501316 1.854615
v 2.817731 19.501316 -1.854628
v 3.097637 19.501316 -1.854628
v 3.097637 19.525803 -1.637349
v 2.817731 19.525803 -1.637349
v 3.097637 19.429102 2.060984
v 2.817731 19.429102 2.060984
v 2.817731 19.429102 -2.060998
v 3.097637 19.429102 -2.060998
v 3.097637 19.312782 2.246119
v 2.817731 19.312782 2.246119
v 2.817731 19.312782 -2.246133
v 3.097637 19.312782 -2.246133
v 3.097637 19.158163 2.400738
v 2.817731 19.158163 2.400738
v 2.817731 19.158175 -2.400752
v 3.097637 19.158175 -2.400752
v 3.097637 18.973028 2.517058
v 2.817731 18.973028 2.517058
v 2.817731 18.228159 -2.613773
v 2.817731 17.971247 -2.613773
v -0.602265 18.665665 -2.684916
v -0.602265 18.665665 2.684902
v -0.602265 18.888851 2.659750
v -0.602265 19.100855 2.585569
v -0.602265 19.291029 2.466075
v -0.602265 19.449839 2.307255
v -0.602265 19.569330 2.117082
v -0.602265 19.643513 1.905089
v -0.602265 19.668665 1.681903
v -0.602265 19.668665 -1.681917
v -0.602265 19.643513 -1.905103
v -0.602265 19.569344 -2.117096
v -0.602265 19.449839 -2.307269
v -0.602265 19.291029 -2.466089
v -0.602265 19.100855 -2.585582
v -0.602265 18.888851 -2.659763
v 2.879036 17.971247 2.613760
v 2.817731 17.971247 2.613760
v 2.817731 17.971247 -2.613773
v 2.879036 17.971247 -2.613773
v 2.278509 18.665665 2.684902
v 3.097637 17.971247 2.684902
v 3.097637 18.665665 2.684902
v -0.602265 17.971247 -2.684915
v -0.602265 18.665665 -2.684916
v -0.169999 9.028057 1.637339
v -0.169999 9.028055 -1.637346
v -0.169999 9.052542 -1.854625
v -0.169999 9.124757 -2.060995
v -0.169999 9.241088 -2.246130
v -0.169999 9.395696 -2.400749
v -0.169999 9.580831 -2.517069
v -0.169999 9.787211 -2.589284
v -0.169999 10.004479 -2.613770
v -0.169999 17.971247 -2.613773
v -0.169999 17.971247 2.613760
v -0.169999 10.004481 2.613762
v -0.169999 9.787213 2.589277
v -0.169999 9.580822 2.517061
v -0.169999 9.395698 2.400741
v -0.169999 9.241090 2.246123
v -0.169999 9.124759 2.060987
v -0.169999 9.052544 1.854618
v -0.169999 9.241088 -2.246130
v -0.169999 9.395696 -2.400749
v -0.169999 9.580822 2.517061
v -0.169999 9.580831 -2.517069
v -0.169999 9.787213 2.589277
v -0.169999 9.787211 -2.589284
v -0.169999 10.004481 2.613762
v -0.169999 10.004479 -2.613770
v -0.169999 17.971247 -2.613773
v -0.169999 10.004479 -2.613770
v -0.169999 9.052544 1.854618
v -0.169999 9.028057 1.637339
v -0.169999 9.028057 1.637339
v 2.278509 9.028057 1.637339
v 2.278509 9.028055 -1.637346
v -0.169999 9.028055 -1.637346
v -0.169999 9.052542 -1.854625
v -0.169999 9.124759 2.060987
v -0.169999 17.971247 -2.613773
v 2.278509 17.971247 -2.613773
v 2.278509 17.971247 2.613760
v -0.169999 17.971247 2.613760
v -0.169999 9.124757 -2.060995
v -0.169999 17.971247 2.613760
v 2.817731 18.549379 2.613760
v 2.817731 18.228159 2.613760
v 2.817731 18.228159 -2.613773
v 2.817731 18.549379 -2.613773
v 2.817731 18.766659 -2.589287
v 2.817731 18.973038 -2.517071
v 2.817731 19.158175 -2.400752
v 2.817731 19.312782 -2.246133
v 2.817731 19.429102 -2.060998
v 2.817731 19.501316 -1.854628
v 2.817731 19.525803 -1.637349
v 2.817731 19.525803 1.637335
v 2.817731 19.501316 1.854615
v 2.817731 19.429102 2.060984
v 2.817731 19.312782 2.246119
v 2.817731 19.158163 2.400738
v 2.817731 18.973028 2.517058
v 2.817731 18.766659 2.589274
v 2.879036 18.228159 -2.613773
v 2.817731 18.228159 -2.613773
v 2.817731 18.228159 2.613760
v 2.879036 18.228159 2.613760
v 2.879036 17.971247 -2.613773
v 2.817731 17.971247 -2.613773
v 2.817731 18.228159 -2.613773
v 2.879036 18.228159 -2.613773
v 2.895887 18.224804 -2.613773
v 2.910163 18.215260 -2.613773
v 2.919707 18.200974 -2.613773
v 2.923062 18.184134 -2.613773
v 2.923062 18.015272 -2.613773
v 2.919707 17.998421 -2.613773
v 2.910163 17.984146 -2.613773
v 2.895887 17.974602 -2.613773
v 2.879036 18.228159 2.613760
v 2.817731 18.228159 2.613760
v 2.817731 17.971247 2.613760
v 2.879036 17.971247 2.613760
v 2.895887 17.974602 2.613760
v 2.910163 17.984146 2.613760
v 2.919707 17.998421 2.613760
v 2.923062 18.015272 2.613760
v 2.923062 18.184134 2.613760
v 2.919707 18.200974 2.613760
v 2.910163 18.215260 2.613760
v 2.895887 18.224804 2.613760
v 2.895887 17.974602 2.613760
v 2.895887 17.974602 -2.613773
v 2.910163 17.984146 2.613760
v 2.910163 17.984146 -2.613773
v 2.919707 17.998421 2.613760
v 2.910163 17.984146 2.613760
v 2.910163 17.984146 -2.613773
v 2.919707 17.998421 -2.613773
v 2.923062 18.015272 2.613760
v 2.919707 17.998421 2.613760
v 2.919707 17.998421 -2.613773
v 2.923062 18.015272 -2.613773
v 2.919707 18.200974 2.613760
v 2.923062 18.184134 2.613760
v 2.923062 18.184134 -2.613773
v 2.919707 18.200974 -2.613773
v 2.910163 18.215260 2.613760
v 2.910163 18.215260 -2.613773
v 2.895887 18.224804 2.613760
v 2.910163 18.215260 2.613760
v 2.910163 18.215260 -2.613773
v 2.895887 18.224804 -2.613773
v 2.923062 18.015272 2.613760
v 2.923062 18.015272 -2.613773
v 2.278509 9.028057 1.637339
v 2.278509 8.885196 1.681906
v 2.278509 8.885194 -1.681913
v 2.278509 9.028055 -1.637346
v -0.602265 18.665665 2.684902
v -0.602265 9.888193 -2.684913
v -0.602265 18.888851 -2.659763
v -0.602265 19.100855 -2.585582
v -0.602265 19.291029 -2.466089
v -0.602265 19.449839 -2.307269
v -0.602265 19.569344 -2.117096
v -0.602265 19.643513 -1.905103
v -0.602265 19.668665 -1.681917
v -0.602265 9.665009 2.659753
v -0.602265 9.453016 2.585572
v -0.602265 9.262832 2.466079
v -0.602265 9.104023 2.307258
v -0.602265 8.984529 2.117086
v -0.602265 8.910349 1.905092
v -0.602265 8.885196 1.681906
v 3.097637 18.665665 2.684902
v 3.097637 18.888851 2.659750
v 3.097637 19.100855 2.585569
v 3.097637 19.291029 2.466075
v 3.097637 19.449839 2.307255
v 3.097637 19.569330 2.117082
v 3.097637 19.643513 1.905089
v 3.097637 19.668665 1.681903
v 3.097637 9.888193 -2.684913
v 3.097637 9.665008 -2.659760
v 3.097637 9.453014 -2.585580
v 3.097637 9.262841 -2.466086
v 3.097637 9.104021 -2.307266
v 3.097637 8.984528 -2.117093
v 3.097637 8.910347 -1.905100
v 3.097637 8.885194 -1.681913
v 3.097637 19.668665 -1.681917
v -0.602265 8.885196 1.681906
v 2.278509 8.885196 1.681906
v 3.097637 9.028055 -1.637346
v 3.097637 8.885196 1.681906
v 2.278509 8.885196 1.681906
v 2.278509 9.028057 1.637339
v 3.097637 9.028057 1.637339
v 2.278509 8.885194 -1.681913
v 3.097637 8.885194 -1.681913
v 3.097637 9.028055 -1.637346
v 2.278509 9.028055 -1.637346
v 0.249843 0.613109 -1.354411
v -1.591101 0.613109 -1.354411
v -1.591101 18.008530 -1.354416
v 0.249843 18.008530 -1.354416
v -1.851389 0.613109 -1.094123
v -1.851389 0.613110 1.094120
v -1.851389 18.008530 1.094115
v -1.851389 18.008530 -1.094128
v -1.591101 0.613110 1.354408
v 0.249843 0.613110 1.354408
v 0.249843 18.008530 1.354403
v -1.591101 18.008530 1.354403
v 0.249843 18.268829 1.094115
v 0.249843 18.268829 -1.094128
v -1.591101 18.268829 -1.094128
v -1.591101 18.268829 1.094115
v 0.501276 18.075878 -1.094128
v 0.510142 18.008530 -1.094128
v 0.501276 18.008530 -1.161464
v 0.490716 18.078001 -1.164164
v 0.475254 18.008530 -1.224295
v 0.464400 18.076860 -1.224690
v 0.433894 18.008530 -1.278180
v 0.427795 18.075472 -1.271911
v 0.475254 18.138697 -1.094128
v 0.464231 18.139172 -1.162854
v 0.442173 18.132519 -1.218173
v 0.413711 18.127064 -1.257985
v 0.433894 18.192593 -1.094128
v 0.427626 18.186483 -1.161058
v 0.413700 18.172411 -1.212662
v 0.413700 18.172411 -1.212662
v 0.442173 18.132519 -1.218173
v 0.413711 18.127064 -1.257985
v 0.400124 18.158812 -1.244410
v 0.317190 18.008530 -1.345561
v 0.249843 18.075878 -1.345561
v 0.319302 18.078566 -1.335001
v 0.249843 18.138697 -1.319539
v 0.318173 18.139103 -1.308685
v 0.249843 18.192593 -1.278180
v 0.316772 18.186314 -1.272069
v 0.380009 18.008530 -1.319539
v 0.380484 18.077257 -1.308516
v 0.373831 18.132576 -1.286458
v 0.368376 18.172388 -1.257997
v 0.433894 18.008530 -1.278180
v 0.427795 18.075472 -1.271911
v 0.249843 18.259964 -1.161476
v 0.249843 18.268829 -1.094128
v 0.317190 18.259964 -1.094128
v 0.319878 18.249414 -1.163588
v 0.380009 18.233942 -1.094128
v 0.380404 18.223087 -1.162458
v 0.433894 18.192593 -1.094128
v 0.427626 18.186483 -1.161058
v 0.249843 18.233942 -1.224295
v 0.318568 18.222929 -1.224758
v 0.373888 18.200859 -1.218117
v 0.249843 18.075878 1.345548
v 0.249843 18.008530 1.354403
v 0.317190 18.008530 1.345548
v 0.319878 18.078001 1.334988
v 0.380009 18.008530 1.319526
v 0.380404 18.076860 1.308673
v 0.433894 18.008530 1.278167
v 0.427626 18.075472 1.272068
v 0.249843 18.138697 1.319526
v 0.318568 18.139172 1.308503
v 0.373888 18.132519 1.286445
v 0.413700 18.127064 1.257984
v 0.249843 18.192593 1.278167
v 0.316772 18.186483 1.271898
v 0.368376 18.172411 1.257972
v 0.400124 18.158812 1.244397
v 0.501276 18.008530 1.161452
v 0.510142 18.008530 1.094115
v 0.501276 18.075878 1.094115
v 0.490716 18.078566 1.163575
v 0.475254 18.138697 1.094115
v 0.464400 18.139103 1.162446
v 0.433894 18.192593 1.094115
v 0.427795 18.186314 1.161045
v 0.475254 18.008530 1.224282
v 0.464231 18.077257 1.224745
v 0.442173 18.132576 1.218104
v 0.413711 18.172388 1.212649
v 0.433894 18.008530 1.278167
v 0.427626 18.075472 1.272068
v 0.413700 18.127064 1.257984
v 0.442173 18.132576 1.218104
v 0.413711 18.172388 1.212649
v 0.317190 18.259964 1.094115
v 0.249843 18.259964 1.161452
v 0.319302 18.249414 1.164151
v 0.249843 18.233942 1.224282
v 0.318173 18.223087 1.224677
v 0.380009 18.233942 1.094115
v 0.380484 18.222929 1.162841
v 0.373831 18.200859 1.218160
v 0.433894 18.192593 1.094115
v 0.427795 18.186314 1.161045
v -1.842534 18.008530 -1.161464
v -1.842534 18.075878 -1.094128
v -1.831974 18.078566 -1.163588
v -1.816512 18.138697 -1.094128
v -1.805659 18.139103 -1.162458
v -1.775153 18.192593 -1.094128
v -1.769043 18.186314 -1.161058
v -1.816512 18.008530 -1.224295
v -1.805489 18.077257 -1.224758
v -1.783431 18.132576 -1.218117
v -1.754970 18.172388 -1.212662
v -1.775153 18.008530 -1.278180
v -1.768884 18.075472 -1.272069
v -1.754959 18.127064 -1.257997
v -1.754959 18.127064 -1.257997
v -1.783431 18.132576 -1.218117
v -1.754970 18.172388 -1.212662
v -1.741383 18.158812 -1.244410
v -1.658438 18.259964 -1.094128
v -1.591101 18.268829 -1.094128
v -1.591101 18.259964 -1.161476
v -1.660561 18.249414 -1.164164
v -1.591101 18.233942 -1.224295
v -1.659432 18.223087 -1.224690
v -1.591101 18.192593 -1.278180
v -1.658031 18.186483 -1.271911
v -1.721268 18.233942 -1.094128
v -1.721731 18.222929 -1.162854
v -1.715090 18.200859 -1.218173
v -1.709635 18.172411 -1.257985
v -1.721268 18.233942 -1.094128
v -1.721731 18.222929 -1.162854
v -1.769043 18.186314 -1.161058
v -1.591101 18.075878 -1.345561
v -1.658438 18.008530 -1.345561
v -1.661137 18.078001 -1.335001
v -1.721268 18.008530 -1.319539
v -1.721663 18.076860 -1.308685
v -1.775153 18.008530 -1.278180
v -1.768884 18.075472 -1.272069
v -1.591101 18.138697 -1.319539
v -1.659816 18.139172 -1.308516
v -1.715146 18.132519 -1.286458
v -1.658438 18.008530 1.345548
v -1.591101 18.008530 1.354403
v -1.591101 18.075878 1.345548
v -1.660561 18.078566 1.334988
v -1.591101 18.138697 1.319526
v -1.659432 18.139103 1.308673
v -1.591101 18.192593 1.278167
v -1.658031 18.186314 1.272056
v -1.721268 18.008530 1.319526
v -1.721731 18.077257 1.308503
v -1.715090 18.132576 1.286445
v -1.709635 18.172388 1.257984
v -1.775153 18.008530 1.278167
v -1.721268 18.008530 1.319526
v -1.721731 18.077257 1.308503
v -1.769043 18.075472 1.271898
v -1.769043 18.075472 1.271898
v -1.754970 18.127064 1.257972
v -1.741383 18.158812 1.244397
v -1.591101 18.259964 1.161452
v -1.658438 18.259964 1.094115
v -1.661137 18.249414 1.163575
v -1.721268 18.233942 1.094115
v -1.721663 18.223087 1.162446
v -1.775153 18.192593 1.094115
v -1.768884 18.186483 1.161045
v -1.591101 18.233942 1.224282
v -1.659816 18.222929 1.224745
v -1.715146 18.200859 1.218104
v -1.754959 18.172411 1.212649
v -1.842534 18.075878 1.094115
v -1.842534 18.008530 1.161452
v -1.831974 18.078001 1.164151
v -1.816512 18.008530 1.224282
v -1.805659 18.076860 1.224677
v -1.816512 18.138697 1.094115
v -1.805489 18.139172 1.162841
v -1.783431 18.132519 1.218160
v -1.754970 18.127064 1.257972
v -1.775153 18.192593 1.094115
v -1.768884 18.186483 1.161045
v -1.754959 18.172411 1.212649
v -1.783431 18.132519 1.218160
v 0.317190 18.259964 -1.094128
v 0.380009 18.233942 -1.094128
v 0.433894 18.192593 -1.094128
v -1.658438 18.259964 -1.094128
v -1.721268 18.233942 -1.094128
v -1.721268 18.233942 1.094115
v 0.510142 0.613109 -1.094123
v 0.501264 0.613109 -1.161493
v 0.475265 0.613109 -1.224267
v 0.433894 0.613109 -1.278174
v 0.433894 0.613109 -1.278174
v 0.379987 0.613109 -1.319545
v 0.317213 0.613109 -1.345545
v -1.658472 0.613110 1.345542
v -1.658438 18.008530 1.345548
v -1.721245 0.613110 1.319543
v -1.721268 18.008530 1.319526
v -1.775153 0.613110 1.278172
v -1.721245 0.613110 1.319543
v -1.816524 0.613110 1.224264
v -1.842523 0.613110 1.161491
v 0.317190 18.008530 1.345548
v 0.317213 0.613110 1.345542
v 0.380009 18.008530 1.319526
v 0.379987 0.613110 1.319543
v 0.433894 18.008530 1.278167
v 0.433894 0.613110 1.278172
v 0.433894 0.613110 1.278172
v 0.475265 0.613110 1.224264
v 0.501264 0.613110 1.161491
v 0.510142 0.613110 1.094120
v -1.658472 0.613109 -1.345545
v -1.721245 0.613109 -1.319545
v -1.721268 18.008530 -1.319539
v -1.721245 0.613109 -1.319545
v -1.775153 0.613109 -1.278174
v -1.816524 0.613109 -1.224267
v -1.842523 0.613109 -1.161493
v 2.624531 10.361074 1.074093
v 2.624531 10.361074 -1.074101
v 2.624531 10.542257 -0.113602
v 2.624531 10.542257 0.983219
v 2.624531 11.528293 0.983219
v 2.624531 11.736322 1.359126
v 2.624531 10.683560 1.359126
v 1.411029 16.853418 -1.451580
v 2.444693 16.851782 -1.451580
v 2.444693 11.914422 -1.451579
v 1.411029 11.914422 -1.451579
v 1.302774 10.079136 -1.201466
v 1.411029 10.137110 -1.166872
v 1.411029 10.137110 1.166864
v 1.302774 10.079136 1.201458
v 1.411029 17.170654 1.166862
v 2.444693 17.170654 1.166760
v 2.444693 17.170654 -1.166773
v 1.411029 17.170654 -1.166874
v 1.411029 10.454343 1.451570
v 2.444693 10.455969 1.451570
v 2.444693 11.736322 1.451570
v 1.411029 11.736322 1.451570
v 2.624531 10.683560 -1.359135
v 2.444693 10.455969 -1.451578
v 2.444693 11.736322 -1.451579
v 2.624531 11.736322 -1.359135
v 1.302774 17.228626 1.201456
v 1.302774 17.228626 -1.201469
v 2.624531 10.683560 1.359126
v 2.624531 11.736322 1.359126
v 2.624531 16.946686 1.074091
v 2.624531 16.946686 -1.074103
v 2.444693 17.170654 -1.166773
v 2.444693 17.170654 1.166760
v 2.444693 10.137110 1.166762
v 2.444693 10.137110 -1.166770
v 2.624531 10.361074 -1.074101
v 2.624531 10.361074 1.074093
v 0.986941 10.534520 -1.003512
v 1.168349 10.163233 -1.156086
v 1.168349 10.163233 1.156078
v 0.986941 10.534520 1.003503
v 1.168349 10.163233 -1.156086
v 1.302774 10.079136 -1.201466
v 1.302774 10.079136 1.201458
v 1.168349 10.163233 1.156078
v 1.302774 16.911156 -1.486299
v 1.302774 11.914422 -1.486297
v 1.302774 10.396606 1.486289
v 1.302774 11.736322 1.486288
v 0.986941 10.845114 1.287543
v 1.168349 10.481087 1.440795
v 1.168349 11.736322 1.440795
v 0.986941 11.736322 1.287543
v 1.168349 16.826674 -1.440806
v 1.302774 16.911156 -1.486299
v 1.302774 11.914422 -1.486297
v 1.168349 11.914422 -1.440804
v 1.168349 10.481087 1.440795
v 1.302774 10.396606 1.486289
v 1.302774 11.736322 1.486288
v 1.168349 11.736322 1.440795
v 1.168349 17.144529 1.156076
v 1.302774 17.228626 1.201456
v 1.302774 17.228626 -1.201469
v 1.168349 17.144529 -1.156088
v 0.795729 10.868718 1.276430
v 0.986941 10.845114 1.287543
v 0.986941 11.736322 1.287543
v 0.795729 11.736322 1.276429
v 0.986941 16.773241 1.003502
v 1.168349 17.144529 1.156076
v 1.168349 17.144529 -1.156088
v 0.986941 16.773241 -1.003514
v 0.795729 10.561424 -0.993132
v 0.986941 10.534520 -1.003512
v 0.986941 10.534520 1.003503
v 0.795729 10.561424 0.993124
v 0.986941 16.462639 -1.287553
v 1.168349 16.826674 -1.440806
v 1.168349 11.914422 -1.440804
v 0.986941 11.914422 -1.287552
v 0.281139 16.676371 0.964480
v 0.795729 16.746338 0.993122
v 0.795729 16.746338 -0.993134
v 0.281139 16.676371 -0.964492
v 0.986941 16.773241 1.003502
v 0.986941 16.773241 -1.003514
v 0.281139 10.631392 -0.964490
v 0.281139 10.631392 0.964482
v 0.795729 16.439043 -1.276440
v 0.986941 16.462639 -1.287553
v 0.986941 13.542559 -1.287552
v 0.795729 13.542559 -1.276439
v 0.281139 10.631392 -0.964490
v 0.281139 10.631392 0.964482
v 0.281139 10.937602 1.247561
v 0.281139 11.736322 1.247561
v 0.281139 11.736322 -1.247570
v 0.281139 10.937602 -1.247570
v 0.281139 16.370161 -1.247572
v 0.281139 13.542559 -1.247571
v 0.281139 10.937602 1.247561
v 0.281139 11.736322 1.247561
v 2.624531 10.683560 -1.359135
v 2.624531 10.361074 -1.074101
v 2.444693 10.137110 -1.166770
v 2.444693 10.455969 -1.451578
v 2.444693 16.851782 -1.451580
v 2.444693 17.170654 -1.166773
v 2.624531 16.946686 -1.074103
v 2.624531 16.624203 -1.359136
v 2.444693 10.455969 1.451570
v 2.444693 10.137110 1.166762
v 2.624531 10.361074 1.074093
v 2.624531 10.683560 1.359126
v 2.624531 16.624203 1.359125
v 2.624531 16.946686 1.074091
v 2.444693 17.170654 1.166760
v 2.444693 16.851782 1.451568
v 2.444693 10.455969 -1.451578
v 2.444693 10.137110 -1.166770
v 1.411029 10.137110 -1.166872
v 1.411029 10.454343 -1.451578
v 1.411029 16.853418 -1.451580
v 1.411029 17.170654 -1.166874
v 2.444693 17.170654 -1.166773
v 2.444693 16.851782 -1.451580
v 2.444693 16.851782 1.451568
v 2.444693 17.170654 1.166760
v 1.411029 17.170654 1.166862
v 1.411029 16.853418 1.451568
v 1.411029 10.454343 1.451570
v 1.411029 10.137110 1.166864
v 2.444693 10.137110 1.166762
v 2.444693 10.455969 1.451570
v 1.411029 16.853418 1.451568
v 1.411029 17.170654 1.166862
v 1.302774 17.228626 1.201456
v 1.302774 16.911156 1.486287
v 1.302774 10.396606 1.486289
v 1.302774 10.079136 1.201458
v 1.411029 10.137110 1.166864
v 1.411029 10.454343 1.451570
v 1.411029 17.170654 -1.166874
v 1.411029 16.853418 -1.451580
v 1.302774 16.911156 -1.486299
v 1.302774 17.228626 -1.201469
v 1.302774 10.079136 -1.201466
v 1.302774 10.396606 -1.486297
v 1.411029 10.454343 -1.451578
v 1.411029 10.137110 -1.166872
v 1.302774 17.228626 -1.201469
v 1.302774 16.911156 -1.486299
v 1.168349 16.826674 -1.440806
v 1.168349 17.144529 -1.156088
v 1.168349 17.144529 1.156076
v 1.168349 16.826674 1.440793
v 1.302774 16.911156 1.486287
v 1.302774 17.228626 1.201456
v 1.302774 10.079136 1.201458
v 1.302774 10.396606 1.486289
v 1.168349 10.481087 1.440795
v 1.168349 10.163233 1.156078
v 1.168349 10.163233 -1.156086
v 1.168349 10.481087 -1.440804
v 1.302774 10.396606 -1.486297
v 1.302774 10.079136 -1.201466
v 1.168349 10.481087 -1.440804
v 0.986941 10.845114 -1.287552
v 0.986941 16.462639 -1.287553
v 1.168349 16.826674 -1.440806
v 1.168349 16.826674 1.440793
v 0.986941 16.462639 1.287541
v 0.986941 10.845114 1.287543
v 1.168349 10.481087 1.440795
v 0.986941 10.845114 -1.287552
v 0.986941 10.534520 -1.003512
v 0.795729 10.561424 -0.993132
v 0.795729 10.868718 -1.276438
v 0.795729 16.439043 -1.276440
v 0.795729 16.746338 -0.993134
v 0.986941 16.773241 -1.003514
v 0.986941 16.462639 -1.287553
v 0.986941 16.462639 1.287541
v 0.986941 16.773241 1.003502
v 0.795729 16.746338 0.993122
v 0.795729 16.439043 1.276428
v 0.795729 10.868718 1.276430
v 0.795729 10.561424 0.993124
v 0.986941 10.534520 1.003503
v 0.986941 10.845114 1.287543
v 0.281139 16.676371 0.964480
v 0.281139 16.370161 1.247560
v 0.281139 10.937602 1.247561
v 0.281139 10.631392 0.964482
v 0.281139 16.370161 -1.247572
v 0.281139 16.676371 -0.964492
v 0.281139 10.631392 -0.964490
v 0.281139 10.937602 -1.247570
v 2.444693 10.137110 -1.166770
v 2.444693 10.137110 1.166762
v 2.563407 11.914422 1.289824
v 2.563407 11.736322 1.289824
v 2.563407 11.736322 -1.289833
v 2.563407 11.914422 -1.289833
v 2.444693 11.736322 -1.377556
v 2.444693 11.736322 -1.451579
v 1.411029 11.736322 -1.451579
v 1.411029 11.736322 -1.377556
v 1.168349 11.914422 1.367314
v 1.168349 11.914422 1.440795
v 0.986941 11.914422 1.287543
v 0.986941 11.914422 1.221878
v 1.302774 10.396606 -1.486297
v 1.302774 11.736322 -1.486297
v 1.411029 11.736322 -1.451579
v 1.411029 10.454343 -1.451578
v 2.563407 11.736322 1.289824
v 2.624531 11.736322 1.359126
v 2.624531 11.736322 -1.359135
v 2.563407 11.736322 -1.289833
v 2.563407 11.914422 -1.289833
v 2.624531 11.914422 -1.359135
v 2.624531 11.914422 1.359126
v 2.563407 11.914422 1.289824
v 0.795729 11.914422 1.276429
v 0.986941 11.914422 1.287543
v 0.281139 11.914422 -1.247570
v 0.281139 11.914422 1.247561
v 0.281139 11.914422 1.247561
v 2.444693 11.914422 1.377547
v 2.444693 11.914422 1.451570
v 1.411029 11.914422 1.451570
v 1.411029 11.914422 1.377547
v 1.302774 11.914422 -1.410501
v 1.302774 11.914422 -1.486297
v 1.411029 11.914422 -1.451579
v 1.411029 11.914422 -1.377556
v 0.986941 11.914422 -1.221887
v 0.986941 11.914422 -1.287552
v 1.168349 11.914422 -1.440804
v 1.168349 11.914422 -1.367323
v 1.168349 10.481087 -1.440804
v 1.168349 11.736322 -1.440804
v 1.302774 11.736322 -1.486297
v 1.302774 10.396606 -1.486297
v 0.986941 10.845114 -1.287552
v 0.986941 11.736322 -1.287552
v 1.168349 11.736322 -1.440804
v 1.168349 10.481087 -1.440804
v 0.795729 10.868718 -1.276438
v 0.795729 11.736322 -1.276438
v 0.986941 11.736322 -1.287552
v 0.986941 10.845114 -1.287552
v 0.281139 10.937602 -1.247570
v 0.281139 11.736322 -1.247570
v 2.624531 13.542559 -1.359136
v 2.624531 11.914422 -1.359135
v 2.624531 16.624203 -1.359136
v 2.624531 16.458967 -1.359136
v 0.281139 11.914422 -1.247570
v 0.795729 11.914422 -1.276438
v 1.302774 16.911156 1.486287
v 1.302774 11.914422 1.486288
v 1.411029 11.914422 1.451570
v 1.411029 16.853418 1.451568
v 0.986941 11.914422 -1.287552
v 1.168349 11.736322 -1.367323
v 1.168349 11.736322 -1.440804
v 0.986941 11.736322 -1.287552
v 0.986941 11.736322 -1.221887
v 2.624531 12.019560 1.292761
v 2.624531 11.914422 1.359126
v 2.624531 11.914422 -1.359135
v 2.624531 12.019560 -1.292770
v 1.168349 16.826674 1.440793
v 1.168349 11.914422 1.440795
v 1.302774 11.914422 1.486288
v 1.302774 16.911156 1.486287
v 0.281139 13.542559 -1.247571
v 0.281139 13.542559 1.247561
v 2.444693 16.851782 1.451568
v 2.444693 11.914422 1.451570
v 2.624531 11.914422 1.359126
v 2.624531 13.542559 1.359125
v 2.624531 16.458967 1.359125
v 2.624531 16.624203 1.359125
v 1.302774 11.736322 -1.410501
v 1.302774 11.736322 -1.486297
v 1.302774 11.914422 1.486288
v 1.302774 11.914422 1.410492
v 0.986941 13.542559 1.287542
v 0.986941 11.914422 1.287543
v 1.168349 11.914422 1.440795
v 1.168349 16.826674 1.440793
v 0.986941 16.462639 1.287541
v 0.795729 13.542559 1.276429
v 0.986941 13.542559 1.287542
v 0.281139 13.542559 1.247561
v 1.411029 11.914422 1.377547
v 1.411029 11.736322 1.377547
v 2.444693 11.736322 1.377547
v 2.444693 11.914422 1.377547
v 0.986941 11.914422 1.221878
v 0.986941 11.736322 1.221878
v 1.168349 11.736322 1.367314
v 1.168349 11.914422 1.367314
v 1.168349 11.914422 1.367314
v 1.168349 11.736322 1.367314
v 1.302774 11.736322 1.410492
v 1.302774 11.914422 1.410492
v 2.563407 11.914422 -1.289833
v 2.563407 11.736322 -1.289833
v 2.444693 11.736322 -1.377556
v 2.444693 11.914422 -1.377556
v 2.444693 11.914422 1.377547
v 2.444693 11.736322 1.377547
v 2.563407 11.736322 1.289824
v 2.563407 11.914422 1.289824
v 1.302774 11.914422 1.410492
v 1.302774 11.736322 1.410492
v 1.302774 11.736322 -1.410501
v 1.302774 11.914422 -1.410501
v 1.411029 11.914422 -1.377556
v 1.411029 11.736322 -1.377556
v 2.444693 11.914422 -1.377556
v 2.444693 11.736322 -1.377556
v 1.168349 11.736322 -1.367323
v 1.168349 11.914422 -1.367323
v 1.302774 11.914422 -1.410501
v 1.302774 11.736322 -1.410501
v 0.986941 11.736322 -1.221887
v 0.986941 11.914422 -1.221887
v 1.168349 11.914422 -1.367323
v 1.168349 11.736322 -1.367323
v 1.411029 11.736322 1.377547
v 1.411029 11.736322 1.451570
v 2.444693 11.736322 1.451570
v 2.444693 11.736322 1.377547
v 0.986941 11.736322 -1.221887
v 0.986941 11.736322 -1.287552
v 0.986941 11.914422 -1.287552
v 0.986941 11.914422 -1.221887
v 0.986941 11.914422 1.221878
v 0.986941 11.914422 1.287543
v 0.986941 11.736322 1.287543
v 0.986941 11.736322 1.221878
v 2.444693 11.914422 -1.377556
v 2.444693 11.914422 -1.451579
v 0.986941 11.736322 1.221878
v 0.986941 11.736322 1.287543
v 1.168349 11.736322 1.440795
v 1.168349 11.736322 1.367314
v 1.302774 11.736322 1.410492
v 1.302774 11.736322 1.486288
v 2.624531 11.736322 -1.359135
v 2.624531 11.528293 -0.113602
v 2.624531 11.469981 -0.691688
v 2.624531 11.469981 -0.884312
v 2.624531 10.664416 -0.884312
v 2.624531 10.683560 -1.359135
v 2.657962 11.467112 0.915159
v 2.624531 11.528293 0.983219
v 2.624531 10.542257 0.983219
v 2.657962 10.603438 0.915160
v 2.657962 10.603438 -0.045543
v 2.657962 11.467112 -0.045543
v 2.624531 10.542257 -0.113602
v 2.624531 11.528293 -0.113602
v 2.657962 10.603438 0.915160
v 2.624531 10.542257 0.983219
v 2.624531 10.542257 -0.113602
v 2.657962 10.603438 -0.045543
v 2.657962 11.467112 -0.045543
v 2.624531 11.528293 -0.113602
v 2.624531 11.528293 0.983219
v 2.657962 11.467112 0.915159
v 2.624531 10.664416 -0.691688
v 2.647594 10.793803 -0.734030
v 2.624531 10.664416 -0.691688
v 2.624531 10.664416 -0.884312
v 2.647594 10.793803 -0.841981
v 2.647594 11.340593 -0.734031
v 2.647594 11.340593 -0.841981
v 2.624531 11.469981 -0.884312
v 2.624531 11.469981 -0.691688
v 2.647594 11.340593 -0.734031
v 2.624531 11.469981 -0.691688
v 2.624531 10.664416 -0.691688
v 2.647594 10.793803 -0.734030
v 2.647594 10.793803 -0.841981
v 2.624531 10.664416 -0.884312
v 2.624531 11.469981 -0.884312
v 2.647594 11.340593 -0.841981
v 2.656799 11.035275 0.411254
v 2.656799 11.051934 0.418155
v 2.661023 11.048997 0.421080
v 2.661023 11.035275 0.415399
v 2.656799 11.018616 0.451462
v 2.656799 11.011715 0.434803
v 2.661023 11.015861 0.434803
v 2.661023 11.021553 0.448537
v 2.656799 11.035275 0.458363
v 2.656799 11.018616 0.451462
v 2.661023 11.035275 0.454218
v 2.656799 11.051934 0.451462
v 2.656799 11.035275 0.458363
v 2.661023 11.035275 0.454218
v 2.661023 11.048997 0.448537
v 2.656799 11.058824 0.434803
v 2.656799 11.051934 0.451462
v 2.661023 11.054678 0.434803
v 2.656799 11.051934 0.418155
v 2.656799 11.058824 0.434803
v 2.661023 11.054678 0.434803
v 2.656799 11.018616 0.418155
v 2.656799 11.035275 0.411254
v 2.661023 11.035275 0.415399
v 2.661023 11.021553 0.421080
v 2.656799 11.011715 0.434803
v 2.656799 11.018616 0.418155
v 2.661023 11.015861 0.434803
v 2.662807 11.024636 0.424163
v 2.661023 11.021553 0.421080
v 2.661023 11.035275 0.415399
v 2.662807 11.035275 0.419759
v 2.662807 11.020231 0.434803
v 2.661023 11.015861 0.434803
v 2.662807 11.024636 0.445453
v 2.661023 11.021553 0.448537
v 2.662807 11.035275 0.449858
v 2.661023 11.035275 0.454218
v 2.662807 11.045914 0.445453
v 2.661023 11.048997 0.448537
v 2.662807 11.050319 0.434803
v 2.661023 11.054678 0.434803
v 2.662807 11.045914 0.424163
v 2.661023 11.048997 0.421080
v 2.592060 12.832205 1.249255
v 2.600023 12.835063 1.258279
v 2.600023 12.039042 1.258279
v 2.592060 12.041900 1.249255
v 2.599684 16.353872 -1.221007
v 2.610086 16.359713 -1.238932
v 2.610086 16.359713 1.238920
v 2.599684 16.353872 1.220996
v 0.281139 16.370161 -1.247572
v 0.281139 16.370161 1.247560
v 0.281139 16.676371 0.964480
v 0.281139 16.676371 -0.964492
v 0.795729 16.439043 1.276428
v 0.986941 16.462639 1.287541
v 0.281139 16.370161 1.247560
v 2.592060 12.832205 -1.249265
v 2.600023 12.835063 -1.258289
v 2.600023 12.835063 1.258279
v 2.592060 12.832205 1.249255
v 2.592060 12.041900 1.249255
v 2.600023 12.039042 1.258279
v 2.600023 12.039054 -1.258289
v 2.592060 12.041900 -1.249264
v 2.624531 12.885515 -1.290365
v 2.624531 13.542559 -1.359136
v 2.624531 13.542559 1.359125
v 2.624531 12.885526 1.290355
v 2.579377 12.810860 1.218105
v 2.579377 12.063246 1.218106
v 2.579377 12.063246 -1.218115
v 2.579377 12.810860 -1.218115
v 2.583093 12.824074 -1.234198
v 2.579377 12.810860 -1.218115
v 2.579377 12.063246 -1.218115
v 2.583093 12.050032 -1.234198
v 2.592060 12.832205 -1.249265
v 2.592060 12.041900 -1.249264
v 2.583093 12.050032 1.234189
v 2.592060 12.041900 1.249255
v 2.592060 12.041900 -1.249264
v 2.583093 12.050032 -1.234198
v 2.579377 12.063246 1.218106
v 2.583093 12.050032 1.234189
v 2.579377 12.810860 1.218105
v 2.583093 12.824074 1.234188
v 2.592060 12.832205 1.249255
v 2.583093 12.824074 1.234188
v 2.583093 12.824074 -1.234198
v 2.592060 12.832205 -1.249265
v 2.612277 12.845024 -1.272723
v 2.600023 12.835063 -1.258289
v 2.600023 12.039054 -1.258289
v 2.612277 12.033225 -1.273050
v 2.621245 12.863502 -1.284469
v 2.621245 12.026099 -1.285666
v 2.621245 12.026099 1.285657
v 2.621245 12.026099 -1.285666
v 2.612277 12.033225 1.273041
v 2.612277 12.033225 -1.273050
v 2.612277 12.033225 1.273041
v 2.612277 12.033225 -1.273050
v 2.612277 12.033225 1.273041
v 2.612277 12.845024 1.272713
v 2.621245 12.026099 1.285657
v 2.621245 12.863502 1.284459
v 2.612277 12.845024 1.272713
v 2.600023 12.835063 1.258279
v 2.600023 12.835063 -1.258289
v 2.612277 12.845024 -1.272723
v 2.585238 16.321402 1.171719
v 2.585238 15.590369 1.171719
v 2.585238 15.590369 -1.171730
v 2.585238 16.321402 -1.171730
v 2.624531 16.458967 1.359125
v 2.624531 16.458967 -1.359136
v 2.624531 16.495075 0.286281
v 2.624531 16.495075 0.368571
v 2.624531 16.877703 0.368571
v 2.624531 16.946686 1.074091
v 2.624531 16.624203 1.359125
v 2.624531 16.391462 1.288547
v 2.624531 15.519588 1.288536
v 2.599684 15.557909 1.220996
v 2.610086 15.552059 1.238920
v 2.610086 15.552059 -1.238931
v 2.599684 15.557899 -1.221007
v 2.599684 16.353872 1.220996
v 2.610086 16.359713 1.238920
v 2.610086 15.552059 1.238920
v 2.599684 15.557909 1.220996
v 2.624531 15.519588 -1.288547
v 2.624531 16.391462 -1.288558
v 2.617303 16.366941 -1.254710
v 2.610086 16.359713 -1.238932
v 2.610086 15.552059 -1.238931
v 2.617303 15.544741 -1.254709
v 2.622589 16.378563 -1.272871
v 2.622589 15.532847 -1.272870
v 2.622589 15.532847 1.272859
v 2.617303 15.544741 1.254698
v 2.617303 15.544741 -1.254709
v 2.610086 15.552059 1.238920
v 2.610086 15.552059 -1.238931
v 2.617303 15.544741 1.254698
v 2.617303 16.366941 1.254698
v 2.622589 16.378563 1.272859
v 2.617303 16.366941 1.254698
v 2.610086 16.359713 1.238920
v 2.610086 16.359713 -1.238932
v 2.617303 16.366941 -1.254710
v 2.587181 16.334661 -1.187238
v 2.585238 16.321402 -1.171730
v 2.585238 15.590369 -1.171730
v 2.587181 15.577110 -1.187237
v 2.592467 16.346544 -1.205275
v 2.592467 15.565228 -1.205274
v 2.599684 16.353872 -1.221007
v 2.599684 15.557899 -1.221007
v 2.592467 15.565228 1.205263
v 2.599684 15.557909 1.220996
v 2.599684 15.557899 -1.221007
v 2.592467 15.565228 -1.205274
v 2.587181 15.577110 1.187226
v 2.585238 15.590369 1.171719
v 2.585238 16.321402 1.171719
v 2.587181 16.334661 1.187226
v 2.592467 15.565228 1.205263
v 2.592467 16.346544 1.205263
v 2.592467 16.346544 1.205263
v 2.592467 16.346544 -1.205275
v 2.599684 16.353872 1.220996
v 2.599684 16.353872 -1.221007
v 2.615688 16.754379 -0.938764
v 2.615688 16.754379 -0.575427
v 2.922723 16.718655 -0.450456
v 2.922723 16.718655 -0.813793
v 2.615688 16.482176 -0.462687
v 2.615688 16.527342 -0.530272
v 2.922723 16.593357 -0.425529
v 2.922723 16.568432 -0.388224
v 2.615688 16.466318 -0.382961
v 2.922723 16.559677 -0.344222
v 2.615688 16.482176 -0.303235
v 2.615688 16.466318 -0.382961
v 2.922723 16.559677 -0.344222
v 2.922723 16.568432 -0.300219
v 2.615688 16.527342 -0.235638
v 2.922723 16.593357 -0.262925
v 2.615688 16.594927 -0.190484
v 2.922723 16.630650 -0.237999
v 2.615688 16.674652 -0.174627
v 2.922723 16.674652 -0.229246
v 2.615688 16.754379 -0.190484
v 2.615688 16.674652 -0.174627
v 2.922723 16.674652 -0.229246
v 2.922723 16.718655 -0.237999
v 2.615688 16.821976 -0.235639
v 2.922723 16.755960 -0.262926
v 2.615688 16.867130 -0.303235
v 2.922723 16.780888 -0.300219
v 2.615688 16.882988 -0.382961
v 2.922723 16.789640 -0.344222
v 2.615688 16.867130 -0.462687
v 2.615688 16.882988 -0.382961
v 2.922723 16.789640 -0.344222
v 2.922723 16.780888 -0.388224
v 2.615688 16.821976 -0.530272
v 2.922723 16.755960 -0.425529
v 2.615688 16.754379 -0.575427
v 2.922723 16.718655 -0.450456
v 2.615688 16.674652 -0.954632
v 2.615688 16.674652 -0.591295
v 2.615688 16.754379 -0.575427
v 2.615688 16.754379 -0.938764
v 2.615688 16.594927 -0.575427
v 2.922723 16.630650 -0.450456
v 2.615688 16.594927 -0.575427
v 2.615688 16.527342 -0.530272
v 2.615688 16.482176 -0.462687
v 2.615688 16.466318 -0.382961
v 2.615688 16.482176 -0.303235
v 2.615688 16.527342 -0.235638
v 2.615688 16.594927 -0.190484
v 2.615688 16.674652 -0.174627
v 2.615688 16.754379 -0.190484
v 2.615688 16.821976 -0.235639
v 2.615688 16.867130 -0.303235
v 2.615688 16.882988 -0.382961
v 2.615688 16.867130 -0.462687
v 2.615688 16.821976 -0.530272
v 2.933554 16.636795 -0.435638
v 2.922723 16.630650 -0.450456
v 2.922723 16.674652 -0.459209
v 2.933554 16.674652 -0.443171
v 2.933554 16.604685 -0.414190
v 2.922723 16.593357 -0.425529
v 2.933554 16.583237 -0.382091
v 2.922723 16.568432 -0.388224
v 2.933554 16.575705 -0.344222
v 2.922723 16.559677 -0.344222
v 2.933554 16.583237 -0.306363
v 2.922723 16.568432 -0.300219
v 2.933554 16.604685 -0.274254
v 2.922723 16.593357 -0.262925
v 2.933554 16.636795 -0.252806
v 2.922723 16.630650 -0.237999
v 2.933554 16.674652 -0.245273
v 2.922723 16.674652 -0.229246
v 2.933554 16.712523 -0.252806
v 2.922723 16.718655 -0.237999
v 2.933554 16.744621 -0.274254
v 2.922723 16.755960 -0.262926
v 2.933554 16.766081 -0.306363
v 2.922723 16.780888 -0.300219
v 2.933554 16.773603 -0.344222
v 2.922723 16.789640 -0.344222
v 2.933554 16.766081 -0.382091
v 2.922723 16.780888 -0.388224
v 2.933554 16.744621 -0.414190
v 2.922723 16.755960 -0.425529
v 2.933554 16.712523 -0.435638
v 2.922723 16.718655 -0.450456
v 2.933554 16.604685 -0.414190
v 2.933554 16.636795 -0.435638
v 2.933554 16.674652 -0.443171
v 2.933554 16.712523 -0.435638
v 2.933554 16.744621 -0.414190
v 2.933554 16.766081 -0.382091
v 2.933554 16.773603 -0.344222
v 2.933554 16.766081 -0.306363
v 2.933554 16.744621 -0.274254
v 2.933554 16.712523 -0.252806
v 2.933554 16.674652 -0.245273
v 2.933554 16.636795 -0.252806
v 2.933554 16.604685 -0.274254
v 2.933554 16.583237 -0.306363
v 2.933554 16.575705 -0.344222
v 2.933554 16.583237 -0.382091
v 2.615688 16.674652 -0.954632
v 2.615688 16.754379 -0.938764
v 2.922723 16.718655 -0.813793
v 2.922723 16.674652 -0.822546
v 2.615688 16.594927 -0.938764
v 2.615688 16.674652 -0.954632
v 2.922723 16.674652 -0.822546
v 2.922723 16.630650 -0.813793
v 2.615688 16.594927 -0.938764
v 2.922723 16.718655 -0.813793
v 2.922723 16.718655 -0.450456
v 2.922723 16.674652 -0.459209
v 2.922723 16.674652 -0.822546
v 2.922723 16.630650 -0.813793
v 2.922723 16.630650 -0.450456
v 2.615688 16.594927 -0.575427
v 2.615688 16.594927 -0.938764
v 2.922723 16.630650 -0.450456
v 2.922723 16.630650 -0.813793
v 2.624531 16.946686 -1.074103
v 2.624531 16.877703 0.286281
v 2.624531 16.624203 -1.359136
v 2.602372 16.495075 0.368571
v 2.624531 16.495075 0.368571
v 2.624531 16.495075 0.286281
v 2.602372 16.495075 0.286281
v 2.602372 16.870529 0.361682
v 2.602372 16.877703 0.368571
v 2.602372 16.495075 0.368571
v 2.602372 16.502245 0.361682
v 2.602372 16.877703 0.286281
v 2.624531 16.877703 0.286281
v 2.624531 16.877703 0.368571
v 2.602372 16.877703 0.368571
v 2.602372 16.877703 0.368571
v 2.624531 16.877703 0.368571
v 2.624531 16.495075 0.368571
v 2.602372 16.495075 0.368571
v 2.602372 16.495075 0.286281
v 2.624531 16.495075 0.286281
v 2.624531 16.877703 0.286281
v 2.602372 16.877703 0.286281
v 2.445980 16.502245 0.293171
v 2.602372 16.502245 0.293171
v 2.602372 16.870529 0.293171
v 2.445980 16.870529 0.293171
v 2.602372 16.502245 0.293171
v 2.602372 16.495075 0.286281
v 2.602372 16.877703 0.286281
v 2.602372 16.870529 0.293171
v 2.445980 16.502245 0.293171
v 2.445980 16.870529 0.293171
v 2.445980 16.870529 0.361682
v 2.445980 16.502245 0.361682
v 2.445980 16.502245 0.361682
v 2.602372 16.502245 0.361682
v 2.602372 16.502245 0.293171
v 2.445980 16.502245 0.293171
v 2.445980 16.870529 0.293171
v 2.602372 16.870529 0.293171
v 2.602372 16.870529 0.361682
v 2.445980 16.870529 0.361682
v 2.445980 16.870529 0.361682
v 2.602372 16.870529 0.361682
v 2.602372 16.502245 0.361682
v 2.445980 16.502245 0.361682
v 2.623345 16.507826 1.114140
v 2.760978 16.543537 1.054066
v 2.760978 16.814465 1.054066
v 2.623345 16.850178 1.114140
v 2.781646 16.548271 1.022510
v 2.781646 16.548271 0.552081
v 2.781646 16.809721 0.552081
v 2.781646 16.809721 1.022510
v 2.759825 16.837934 1.030100
v 2.759825 16.837934 0.544480
v 2.623345 16.873354 0.484914
v 2.623345 16.873354 1.089666
v 2.623345 16.484650 0.484914
v 2.623345 16.484650 1.089666
v 2.623345 16.487757 1.101909
v 2.623345 16.496225 1.110865
v 2.623345 16.507826 1.114140
v 2.623345 16.850178 1.114140
v 2.623345 16.861776 1.110865
v 2.623345 16.870260 1.101909
v 2.623345 16.873354 1.089666
v 2.623345 16.873354 0.484914
v 2.623345 16.870260 0.472671
v 2.623345 16.861776 0.463714
v 2.623345 16.850178 0.460439
v 2.623345 16.507826 0.460439
v 2.623345 16.496225 0.463714
v 2.623345 16.487757 0.472671
v 2.760978 16.543537 0.520513
v 2.623345 16.507826 0.460439
v 2.623345 16.850178 0.460439
v 2.760978 16.814465 0.520513
v 2.760187 16.523376 1.041812
v 2.759825 16.520069 1.030100
v 2.770510 16.525740 1.026045
v 2.770408 16.528833 1.037441
v 2.770408 16.528833 1.037441
v 2.770510 16.525740 1.026045
v 2.778517 16.536095 1.023255
v 2.776044 16.536129 1.035476
v 2.778517 16.536095 1.023255
v 2.781646 16.548271 1.022510
v 2.779093 16.547819 1.035227
v 2.776044 16.536129 1.035476
v 2.776044 16.536129 1.035476
v 2.779093 16.547819 1.035227
v 2.771504 16.546080 1.046815
v 2.770713 16.534908 1.043630
v 2.771504 16.546080 1.046815
v 2.760978 16.543537 1.054066
v 2.760616 16.531996 1.050610
v 2.770713 16.534908 1.043630
v 2.770713 16.534908 1.043630
v 2.760616 16.531996 1.050610
v 2.760187 16.523376 1.041812
v 2.770408 16.528833 1.037441
v 2.770408 16.528833 1.037441
v 2.776044 16.536129 1.035476
v 2.770713 16.534908 1.043630
v 2.770510 16.832264 1.026045
v 2.759825 16.837934 1.030100
v 2.760187 16.834637 1.041812
v 2.770408 16.829170 1.037441
v 2.770408 16.829170 1.037441
v 2.760187 16.834637 1.041812
v 2.760616 16.826008 1.050610
v 2.770713 16.823105 1.043630
v 2.760616 16.826008 1.050610
v 2.760978 16.814465 1.054066
v 2.771504 16.811924 1.046815
v 2.770713 16.823105 1.043630
v 2.770713 16.823105 1.043630
v 2.771504 16.811924 1.046815
v 2.779093 16.810184 1.035227
v 2.776044 16.821875 1.035476
v 2.779093 16.810184 1.035227
v 2.781646 16.809721 1.022510
v 2.778517 16.821909 1.023255
v 2.776044 16.821875 1.035476
v 2.776044 16.821875 1.035476
v 2.778517 16.821909 1.023255
v 2.770510 16.832264 1.026045
v 2.770408 16.829170 1.037441
v 2.770408 16.829170 1.037441
v 2.770713 16.823105 1.043630
v 2.776044 16.821875 1.035476
v 2.770510 16.525740 0.548534
v 2.759825 16.520069 0.544480
v 2.760187 16.523376 0.532768
v 2.770408 16.528833 0.537138
v 2.770408 16.528833 0.537138
v 2.760187 16.523376 0.532768
v 2.760616 16.531996 0.523969
v 2.770713 16.534908 0.530949
v 2.760616 16.531996 0.523969
v 2.760978 16.543537 0.520513
v 2.771504 16.546080 0.527764
v 2.770713 16.534908 0.530949
v 2.770713 16.534908 0.530949
v 2.771504 16.546080 0.527764
v 2.779093 16.547819 0.539352
v 2.776044 16.536129 0.539104
v 2.779093 16.547819 0.539352
v 2.781646 16.548271 0.552081
v 2.778517 16.536095 0.551324
v 2.776044 16.536129 0.539104
v 2.776044 16.536129 0.539104
v 2.778517 16.536095 0.551324
v 2.770510 16.525740 0.548534
v 2.770408 16.528833 0.537138
v 2.770408 16.528833 0.537138
v 2.770713 16.534908 0.530949
v 2.776044 16.536129 0.539104
v 2.760187 16.834637 0.532767
v 2.759825 16.837934 0.544480
v 2.770510 16.832264 0.548534
v 2.770408 16.829170 0.537138
v 2.770408 16.829170 0.537138
v 2.770510 16.832264 0.548534
v 2.778517 16.821909 0.551324
v 2.776044 16.821875 0.539104
v 2.778517 16.821909 0.551324
v 2.781646 16.809721 0.552081
v 2.779093 16.810184 0.539352
v 2.776044 16.821875 0.539104
v 2.776044 16.821875 0.539104
v 2.779093 16.810184 0.539352
v 2.771504 16.811924 0.527764
v 2.770713 16.823105 0.530949
v 2.771504 16.811924 0.527764
v 2.760978 16.814465 0.520513
v 2.760616 16.826008 0.523969
v 2.770713 16.823105 0.530949
v 2.770713 16.823105 0.530949
v 2.760616 16.826008 0.523969
v 2.760187 16.834637 0.532767
v 2.770408 16.829170 0.537138
v 2.770408 16.829170 0.537138
v 2.776044 16.821875 0.539104
v 2.770713 16.823105 0.530949
v 2.760187 16.523376 0.532768
v 2.759825 16.520069 0.544480
v 2.623345 16.484650 0.484914
v 2.623345 16.487757 0.472671
v 2.760616 16.531996 0.523969
v 2.760187 16.523376 0.532768
v 2.623345 16.487757 0.472671
v 2.623345 16.496225 0.463714
v 2.760978 16.543537 0.520513
v 2.760616 16.531996 0.523969
v 2.623345 16.496225 0.463714
v 2.623345 16.507826 0.460439
v 2.623345 16.870260 0.472671
v 2.623345 16.873354 0.484914
v 2.759825 16.837934 0.544480
v 2.760187 16.834637 0.532767
v 2.623345 16.861776 0.463714
v 2.623345 16.870260 0.472671
v 2.760187 16.834637 0.532767
v 2.760616 16.826008 0.523969
v 2.623345 16.850178 0.460439
v 2.623345 16.861776 0.463714
v 2.760616 16.826008 0.523969
v 2.760978 16.814465 0.520513
v 2.779093 16.810184 0.539352
v 2.781646 16.809721 0.552081
v 2.781646 16.548271 0.552081
v 2.779093 16.547819 0.539352
v 2.771504 16.811924 0.527764
v 2.779093 16.810184 0.539352
v 2.779093 16.547819 0.539352
v 2.771504 16.546080 0.527764
v 2.760978 16.814465 0.520513
v 2.771504 16.811924 0.527764
v 2.771504 16.546080 0.527764
v 2.760978 16.543537 0.520513
v 2.770510 16.525740 1.026045
v 2.759825 16.520069 1.030100
v 2.759825 16.520069 0.544480
v 2.770510 16.525740 0.548534
v 2.778517 16.536095 1.023255
v 2.770510 16.525740 1.026045
v 2.770510 16.525740 0.548534
v 2.778517 16.536095 0.551324
v 2.781646 16.548271 1.022510
v 2.778517 16.536095 1.023255
v 2.778517 16.536095 0.551324
v 2.781646 16.548271 0.552081
v 2.770510 16.832264 0.548534
v 2.759825 16.837934 0.544480
v 2.759825 16.837934 1.030100
v 2.770510 16.832264 1.026045
v 2.778517 16.821909 0.551324
v 2.770510 16.832264 0.548534
v 2.770510 16.832264 1.026045
v 2.778517 16.821909 1.023255
v 2.781646 16.809721 0.552081
v 2.778517 16.821909 0.551324
v 2.778517 16.821909 1.023255
v 2.781646 16.809721 1.022510
v 2.771504 16.811924 1.046815
v 2.760978 16.814465 1.054066
v 2.760978 16.543537 1.054066
v 2.771504 16.546080 1.046815
v 2.779093 16.810184 1.035227
v 2.771504 16.811924 1.046815
v 2.771504 16.546080 1.046815
v 2.779093 16.547819 1.035227
v 2.781646 16.809721 1.022510
v 2.779093 16.810184 1.035227
v 2.779093 16.547819 1.035227
v 2.781646 16.548271 1.022510
v 2.623345 16.487757 1.101909
v 2.623345 16.484650 1.089666
v 2.759825 16.520069 1.030100
v 2.760187 16.523376 1.041812
v 2.623345 16.496225 1.110865
v 2.623345 16.487757 1.101909
v 2.760187 16.523376 1.041812
v 2.760616 16.531996 1.050610
v 2.623345 16.507826 1.114140
v 2.623345 16.496225 1.110865
v 2.760616 16.531996 1.050610
v 2.760978 16.543537 1.054066
v 2.760187 16.834637 1.041812
v 2.759825 16.837934 1.030100
v 2.623345 16.873354 1.089666
v 2.623345 16.870260 1.101909
v 2.760616 16.826008 1.050610
v 2.760187 16.834637 1.041812
v 2.623345 16.870260 1.101909
v 2.623345 16.861776 1.110865
v 2.760978 16.814465 1.054066
v 2.760616 16.826008 1.050610
v 2.623345 16.861776 1.110865
v 2.623345 16.850178 1.114140
v 2.623345 16.484650 1.089666
v 2.623345 16.484650 0.484914
v 2.759825 16.520069 0.544480
v 2.759825 16.520069 1.030100
v 2.621809 14.505306 0.208735
v 2.621809 14.505306 0.397259
v 2.621809 14.693818 0.397259
v 2.621809 14.693818 0.208735
v 2.686514 14.519503 0.222932
v 2.621809 14.505306 0.208735
v 2.621809 14.693818 0.208735
v 2.686514 14.679633 0.222932
v 2.686514 14.519503 0.383062
v 2.686514 14.547050 0.355516
v 2.686514 14.599567 0.373801
v 2.686514 14.599567 0.228726
v 2.686514 14.547050 0.250479
v 2.686514 14.519503 0.222932
v 2.686514 14.679633 0.222932
v 2.686514 14.679633 0.383062
v 2.686514 14.652075 0.355516
v 2.686514 14.665368 0.302997
v 2.686514 14.652075 0.253224
v 2.686514 14.525296 0.302997
v 2.621809 14.505306 0.397259
v 2.686514 14.519503 0.383062
v 2.686514 14.679633 0.383062
v 2.621809 14.693818 0.397259
v 2.621809 14.505306 0.397259
v 2.621809 14.505306 0.208735
v 2.686514 14.519503 0.222932
v 2.686514 14.519503 0.383062
v 2.686514 14.679633 0.383062
v 2.686514 14.679633 0.222932
v 2.621809 14.693818 0.208735
v 2.621809 14.693818 0.397259
v 2.686514 14.547050 0.250479
v 2.681951 14.550268 0.253709
v 2.681940 14.529871 0.302997
v 2.686514 14.525296 0.302997
v 2.686514 14.525296 0.302997
v 2.681940 14.529871 0.302997
v 2.681929 14.550290 0.352274
v 2.686514 14.547050 0.355516
v 2.686514 14.547050 0.355516
v 2.681929 14.599567 0.369216
v 2.686514 14.599567 0.373801
v 2.686514 14.599567 0.373801
v 2.681929 14.599567 0.369216
v 2.681929 14.648833 0.352263
v 2.686514 14.652075 0.355516
v 2.686514 14.652075 0.355516
v 2.681929 14.648833 0.352263
v 2.681432 14.660285 0.302997
v 2.686514 14.665368 0.302997
v 2.686514 14.665368 0.302997
v 2.681432 14.660285 0.302997
v 2.681861 14.648787 0.256510
v 2.686514 14.652075 0.253224
v 2.686514 14.599567 0.228726
v 2.681974 14.599567 0.233267
v 2.686514 14.547050 0.250479
v 2.686514 14.652075 0.253224
v 2.681861 14.648787 0.256510
v 2.681974 14.599567 0.233267
v 2.686514 14.599567 0.228726
v 2.676553 14.599478 0.241986
v 2.674305 14.599274 0.252184
v 2.674305 14.563539 0.266980
v 2.676541 14.556401 0.259831
v 2.681974 14.599567 0.233267
v 2.681951 14.550268 0.253709
v 2.674305 14.548619 0.302997
v 2.676541 14.538522 0.302997
v 2.681940 14.529871 0.302997
v 2.674305 14.563539 0.339015
v 2.676541 14.556401 0.346153
v 2.681929 14.550290 0.352274
v 2.674305 14.599567 0.350479
v 2.676541 14.599567 0.360576
v 2.681929 14.599567 0.369216
v 2.674305 14.634568 0.339433
v 2.676541 14.642429 0.346277
v 2.681929 14.648833 0.352263
v 2.674305 14.642621 0.303076
v 2.676394 14.652165 0.303020
v 2.681929 14.648833 0.352263
v 2.674305 14.634581 0.269013
v 2.676519 14.642406 0.262383
v 2.621809 14.505306 -0.058973
v 2.621809 14.505306 0.129551
v 2.621809 14.693818 0.129551
v 2.621809 14.693818 -0.058973
v 2.686514 14.519503 -0.044776
v 2.621809 14.505306 -0.058973
v 2.621809 14.693818 -0.058973
v 2.686514 14.679633 -0.044776
v 2.686514 14.519503 0.115354
v 2.686514 14.547050 0.087808
v 2.686514 14.599567 0.106104
v 2.686514 14.599567 -0.038971
v 2.686514 14.547050 -0.017218
v 2.686514 14.519503 -0.044776
v 2.686514 14.679633 -0.044776
v 2.686514 14.679633 0.115354
v 2.686514 14.652075 0.087808
v 2.686514 14.665368 0.035289
v 2.686514 14.652075 -0.014485
v 2.686514 14.525296 0.035289
v 2.621809 14.505306 0.129551
v 2.686514 14.519503 0.115354
v 2.686514 14.679633 0.115354
v 2.621809 14.693818 0.129551
v 2.621809 14.505306 0.129551
v 2.621809 14.505306 -0.058973
v 2.686514 14.519503 -0.044776
v 2.686514 14.519503 0.115354
v 2.686514 14.679633 0.115354
v 2.686514 14.679633 -0.044776
v 2.621809 14.693818 -0.058973
v 2.621809 14.693818 0.129551
v 2.686514 14.547050 -0.017218
v 2.681951 14.550268 -0.013999
v 2.681940 14.529871 0.035289
v 2.686514 14.525296 0.035289
v 2.686514 14.525296 0.035289
v 2.681940 14.529871 0.035289
v 2.681929 14.550290 0.084566
v 2.686514 14.547050 0.087808
v 2.686514 14.547050 0.087808
v 2.681929 14.599567 0.101519
v 2.686514 14.599567 0.106104
v 2.686514 14.599567 0.106104
v 2.681929 14.599567 0.101519
v 2.681929 14.648833 0.084566
v 2.686514 14.652075 0.087808
v 2.686514 14.652075 0.087808
v 2.681929 14.648833 0.084566
v 2.681432 14.660285 0.035289
v 2.686514 14.665368 0.035289
v 2.686514 14.665368 0.035289
v 2.681432 14.660285 0.035289
v 2.681861 14.648787 -0.011187
v 2.686514 14.652075 -0.014485
v 2.686514 14.599567 -0.038971
v 2.681974 14.599567 -0.034430
v 2.686514 14.547050 -0.017218
v 2.686514 14.652075 -0.014485
v 2.681861 14.648787 -0.011187
v 2.681974 14.599567 -0.034430
v 2.686514 14.599567 -0.038971
v 2.676553 14.599478 -0.025722
v 2.674305 14.599274 -0.015524
v 2.674305 14.563539 -0.000728
v 2.676541 14.556401 -0.007866
v 2.681974 14.599567 -0.034430
v 2.681951 14.550268 -0.013999
v 2.674305 14.548619 0.035289
v 2.676541 14.538522 0.035289
v 2.681940 14.529871 0.035289
v 2.674305 14.563539 0.071318
v 2.676541 14.556401 0.078456
v 2.681929 14.550290 0.084566
v 2.674305 14.599567 0.082770
v 2.676541 14.599567 0.092867
v 2.681929 14.599567 0.101519
v 2.674305 14.634568 0.071736
v 2.676541 14.642429 0.078580
v 2.681929 14.648833 0.084566
v 2.674305 14.642621 0.035368
v 2.676394 14.652165 0.035312
v 2.681929 14.648833 0.084566
v 2.674305 14.634581 0.001305
v 2.676519 14.642406 -0.005325
v 2.621809 14.505306 -0.326670
v 2.621809 14.505306 -0.138146
v 2.621809 14.693818 -0.138146
v 2.621809 14.693818 -0.326670
v 2.686514 14.519503 -0.312473
v 2.621809 14.505306 -0.326670
v 2.621809 14.693818 -0.326670
v 2.686514 14.679633 -0.312473
v 2.686514 14.519503 -0.152343
v 2.686514 14.547050 -0.179889
v 2.686514 14.599567 -0.161604
v 2.686514 14.599567 -0.306679
v 2.686514 14.547050 -0.284926
v 2.686514 14.519503 -0.312473
v 2.686514 14.679633 -0.312473
v 2.686514 14.679633 -0.152343
v 2.686514 14.652075 -0.179889
v 2.686514 14.665368 -0.232408
v 2.686514 14.652075 -0.282182
v 2.686514 14.525296 -0.232408
v 2.621809 14.505306 -0.138146
v 2.686514 14.519503 -0.152343
v 2.686514 14.679633 -0.152343
v 2.621809 14.693818 -0.138146
v 2.621809 14.505306 -0.138146
v 2.621809 14.505306 -0.326670
v 2.686514 14.519503 -0.312473
v 2.686514 14.519503 -0.152343
v 2.686514 14.679633 -0.152343
v 2.686514 14.679633 -0.312473
v 2.621809 14.693818 -0.326670
v 2.621809 14.693818 -0.138146
v 2.686514 14.547050 -0.284926
v 2.681951 14.550268 -0.281696
v 2.681940 14.529871 -0.232408
v 2.686514 14.525296 -0.232408
v 2.686514 14.525296 -0.232408
v 2.681940 14.529871 -0.232408
v 2.681929 14.550290 -0.183142
v 2.686514 14.547050 -0.179889
v 2.686514 14.547050 -0.179889
v 2.681929 14.599567 -0.166189
v 2.686514 14.599567 -0.161604
v 2.686514 14.599567 -0.161604
v 2.681929 14.599567 -0.166189
v 2.681929 14.648833 -0.183142
v 2.686514 14.652075 -0.179889
v 2.686514 14.652075 -0.179889
v 2.681929 14.648833 -0.183142
v 2.681432 14.660285 -0.232408
v 2.686514 14.665368 -0.232408
v 2.686514 14.665368 -0.232408
v 2.681432 14.660285 -0.232408
v 2.681861 14.648787 -0.278895
v 2.686514 14.652075 -0.282182
v 2.686514 14.599567 -0.306679
v 2.681974 14.599567 -0.302139
v 2.686514 14.547050 -0.284926
v 2.686514 14.652075 -0.282182
v 2.681861 14.648787 -0.278895
v 2.681974 14.599567 -0.302139
v 2.686514 14.599567 -0.306679
v 2.676553 14.599478 -0.293419
v 2.674305 14.599274 -0.283221
v 2.674305 14.563539 -0.268425
v 2.676541 14.556401 -0.275574
v 2.681974 14.599567 -0.302139
v 2.681951 14.550268 -0.281696
v 2.674305 14.548619 -0.232408
v 2.676541 14.538522 -0.232408
v 2.681940 14.529871 -0.232408
v 2.674305 14.563539 -0.196390
v 2.676541 14.556401 -0.189252
v 2.681929 14.550290 -0.183142
v 2.674305 14.599567 -0.184927
v 2.676541 14.599567 -0.174830
v 2.681929 14.599567 -0.166189
v 2.674305 14.634568 -0.195972
v 2.676541 14.642429 -0.189128
v 2.681929 14.648833 -0.183142
v 2.674305 14.642621 -0.232340
v 2.676394 14.652165 -0.232385
v 2.681929 14.648833 -0.183142
v 2.674305 14.634581 -0.266404
v 2.676519 14.642406 -0.273022
v 2.621809 14.236615 0.208735
v 2.621809 14.236615 0.397260
v 2.621809 14.425151 0.397259
v 2.621809 14.425151 0.208735
v 2.686514 14.250812 0.222932
v 2.621809 14.236615 0.208735
v 2.621809 14.425151 0.208735
v 2.686514 14.410942 0.222932
v 2.686514 14.250812 0.383063
v 2.686514 14.278369 0.355516
v 2.686514 14.330877 0.373801
v 2.686514 14.330877 0.228726
v 2.686514 14.278369 0.250479
v 2.686514 14.250812 0.222932
v 2.686514 14.410942 0.222932
v 2.686514 14.410942 0.383063
v 2.686514 14.383395 0.355516
v 2.686514 14.396688 0.302997
v 2.686514 14.383395 0.253224
v 2.686514 14.256618 0.302997
v 2.621809 14.236615 0.397260
v 2.686514 14.250812 0.383063
v 2.686514 14.410942 0.383063
v 2.621809 14.425151 0.397259
v 2.621809 14.236615 0.397260
v 2.621809 14.236615 0.208735
v 2.686514 14.250812 0.222932
v 2.686514 14.250812 0.383063
v 2.686514 14.410942 0.383063
v 2.686514 14.410942 0.222932
v 2.621809 14.425151 0.208735
v 2.621809 14.425151 0.397259
v 2.686514 14.278369 0.250479
v 2.681951 14.281589 0.253709
v 2.681940 14.261190 0.302997
v 2.686514 14.256618 0.302997
v 2.686514 14.256618 0.302997
v 2.681940 14.261190 0.302997
v 2.681929 14.281611 0.352274
v 2.686514 14.278369 0.355516
v 2.686514 14.278369 0.355516
v 2.681929 14.330877 0.369216
v 2.686514 14.330877 0.373801
v 2.686514 14.330877 0.373801
v 2.681929 14.330877 0.369216
v 2.681929 14.380153 0.352263
v 2.686514 14.383395 0.355516
v 2.686514 14.383395 0.355516
v 2.681929 14.380153 0.352263
v 2.681432 14.391605 0.302997
v 2.686514 14.396688 0.302997
v 2.686514 14.396688 0.302997
v 2.681432 14.391605 0.302997
v 2.681861 14.380109 0.256510
v 2.686514 14.383395 0.253224
v 2.686514 14.330877 0.228726
v 2.681974 14.330877 0.233267
v 2.686514 14.278369 0.250479
v 2.686514 14.383395 0.253224
v 2.681861 14.380109 0.256510
v 2.681974 14.330877 0.233267
v 2.686514 14.330877 0.228726
v 2.676553 14.330797 0.241986
v 2.674305 14.330584 0.252185
v 2.674305 14.294860 0.266980
v 2.676541 14.287722 0.259831
v 2.681974 14.330877 0.233267
v 2.681951 14.281589 0.253709
v 2.674305 14.279939 0.302997
v 2.676541 14.269842 0.302997
v 2.681940 14.261190 0.302997
v 2.674305 14.294860 0.339015
v 2.676541 14.287722 0.346153
v 2.681929 14.281611 0.352274
v 2.674305 14.330877 0.350479
v 2.676541 14.330877 0.360576
v 2.681929 14.330877 0.369216
v 2.674305 14.365890 0.339433
v 2.676541 14.373739 0.346277
v 2.681929 14.380153 0.352263
v 2.674305 14.373942 0.303077
v 2.676394 14.383486 0.303020
v 2.681929 14.380153 0.352263
v 2.674305 14.365900 0.269013
v 2.676519 14.373727 0.262383
v 2.621809 14.236615 -0.058973
v 2.621809 14.236615 0.129551
v 2.621809 14.425151 0.129551
v 2.621809 14.425151 -0.058973
v 2.686514 14.250812 -0.044776
v 2.621809 14.236615 -0.058973
v 2.621809 14.425151 -0.058973
v 2.686514 14.410942 -0.044776
v 2.686514 14.250812 0.115354
v 2.686514 14.278369 0.087808
v 2.686514 14.330877 0.106104
v 2.686514 14.330877 -0.038971
v 2.686514 14.278369 -0.017218
v 2.686514 14.250812 -0.044776
v 2.686514 14.410942 -0.044776
v 2.686514 14.410942 0.115354
v 2.686514 14.383395 0.087808
v 2.686514 14.396688 0.035289
v 2.686514 14.383395 -0.014485
v 2.686514 14.256618 0.035289
v 2.621809 14.236615 0.129551
v 2.686514 14.250812 0.115354
v 2.686514 14.410942 0.115354
v 2.621809 14.425151 0.129551
v 2.621809 14.236615 0.129551
v 2.621809 14.236615 -0.058973
v 2.686514 14.250812 -0.044776
v 2.686514 14.250812 0.115354
v 2.686514 14.410942 0.115354
v 2.686514 14.410942 -0.044776
v 2.621809 14.425151 -0.058973
v 2.621809 14.425151 0.129551
v 2.686514 14.278369 -0.017218
v 2.681951 14.281589 -0.013999
v 2.681940 14.261190 0.035289
v 2.686514 14.256618 0.035289
v 2.686514 14.256618 0.035289
v 2.681940 14.261190 0.035289
v 2.681929 14.281611 0.084566
v 2.686514 14.278369 0.087808
v 2.686514 14.278369 0.087808
v 2.681929 14.330877 0.101519
v 2.686514 14.330877 0.106104
v 2.686514 14.330877 0.106104
v 2.681929 14.330877 0.101519
v 2.681929 14.380153 0.084566
v 2.686514 14.383395 0.087808
v 2.686514 14.383395 0.087808
v 2.681929 14.380153 0.084566
v 2.681432 14.391605 0.035289
v 2.686514 14.396688 0.035289
v 2.686514 14.396688 0.035289
v 2.681432 14.391605 0.035289
v 2.681861 14.380109 -0.011187
v 2.686514 14.383395 -0.014485
v 2.686514 14.330877 -0.038971
v 2.681974 14.330877 -0.034430
v 2.686514 14.278369 -0.017218
v 2.686514 14.383395 -0.014485
v 2.681861 14.380109 -0.011187
v 2.681974 14.330877 -0.034430
v 2.686514 14.330877 -0.038971
v 2.676553 14.330797 -0.025722
v 2.674305 14.330584 -0.015524
v 2.674305 14.294860 -0.000728
v 2.676541 14.287722 -0.007866
v 2.681974 14.330877 -0.034430
v 2.681951 14.281589 -0.013999
v 2.674305 14.279939 0.035289
v 2.676541 14.269842 0.035289
v 2.681940 14.261190 0.035289
v 2.674305 14.294860 0.071318
v 2.676541 14.287722 0.078456
v 2.681929 14.281611 0.084566
v 2.674305 14.330877 0.082770
v 2.676541 14.330877 0.092867
v 2.681929 14.330877 0.101519
v 2.674305 14.365890 0.071736
v 2.676541 14.373739 0.078580
v 2.681929 14.380153 0.084566
v 2.674305 14.373942 0.035368
v 2.676394 14.383486 0.035312
v 2.681929 14.380153 0.084566
v 2.674305 14.365900 0.001305
v 2.676519 14.373727 -0.005325
v 2.621809 14.236615 -0.326670
v 2.621809 14.236615 -0.138146
v 2.621809 14.425151 -0.138146
v 2.621809 14.425151 -0.326670
v 2.686514 14.250812 -0.312473
v 2.621809 14.236615 -0.326670
v 2.621809 14.425151 -0.326670
v 2.686514 14.410942 -0.312473
v 2.686514 14.250812 -0.152343
v 2.686514 14.278369 -0.179889
v 2.686514 14.330877 -0.161604
v 2.686514 14.330877 -0.306679
v 2.686514 14.278369 -0.284926
v 2.686514 14.250812 -0.312473
v 2.686514 14.410942 -0.312473
v 2.686514 14.410942 -0.152343
v 2.686514 14.383395 -0.179889
v 2.686514 14.396688 -0.232408
v 2.686514 14.383395 -0.282182
v 2.686514 14.256618 -0.232408
v 2.621809 14.236615 -0.138146
v 2.686514 14.250812 -0.152343
v 2.686514 14.410942 -0.152343
v 2.621809 14.425151 -0.138146
v 2.621809 14.236615 -0.138146
v 2.621809 14.236615 -0.326670
v 2.686514 14.250812 -0.312473
v 2.686514 14.250812 -0.152343
v 2.686514 14.410942 -0.152343
v 2.686514 14.410942 -0.312473
v 2.621809 14.425151 -0.326670
v 2.621809 14.425151 -0.138146
v 2.686514 14.278369 -0.284926
v 2.681951 14.281589 -0.281696
v 2.681940 14.261190 -0.232408
v 2.686514 14.256618 -0.232408
v 2.686514 14.256618 -0.232408
v 2.681940 14.261190 -0.232408
v 2.681929 14.281611 -0.183142
v 2.686514 14.278369 -0.179889
v 2.686514 14.278369 -0.179889
v 2.681929 14.330877 -0.166189
v 2.686514 14.330877 -0.161604
v 2.686514 14.330877 -0.161604
v 2.681929 14.330877 -0.166189
v 2.681929 14.380153 -0.183142
v 2.686514 14.383395 -0.179889
v 2.686514 14.383395 -0.179889
v 2.681929 14.380153 -0.183142
v 2.681432 14.391605 -0.232408
v 2.686514 14.396688 -0.232408
v 2.686514 14.396688 -0.232408
v 2.681432 14.391605 -0.232408
v 2.681861 14.380109 -0.278895
v 2.686514 14.383395 -0.282182
v 2.686514 14.330877 -0.306679
v 2.681974 14.330877 -0.302139
v 2.686514 14.278369 -0.284926
v 2.686514 14.383395 -0.282182
v 2.681861 14.380109 -0.278895
v 2.681974 14.330877 -0.302139
v 2.686514 14.330877 -0.306679
v 2.676553 14.330797 -0.293419
v 2.674305 14.330584 -0.283221
v 2.674305 14.294860 -0.268425
v 2.676541 14.287722 -0.275574
v 2.681974 14.330877 -0.302139
v 2.681951 14.281589 -0.281696
v 2.674305 14.279939 -0.232408
v 2.676541 14.269842 -0.232408
v 2.681940 14.261190 -0.232408
v 2.674305 14.294860 -0.196390
v 2.676541 14.287722 -0.189252
v 2.681929 14.281611 -0.183142
v 2.674305 14.330877 -0.184926
v 2.676541 14.330877 -0.174829
v 2.681929 14.330877 -0.166189
v 2.674305 14.365890 -0.195972
v 2.676541 14.373739 -0.189128
v 2.681929 14.380153 -0.183142
v 2.674305 14.373942 -0.232340
v 2.676394 14.383486 -0.232385
v 2.681929 14.380153 -0.183142
v 2.674305 14.365900 -0.266403
v 2.676519 14.373727 -0.273022
v 2.621809 13.967936 0.208736
v 2.621809 13.967936 0.397260
v 2.621809 14.156460 0.397260
v 2.621809 14.156460 0.208735
v 2.686514 13.982131 0.222932
v 2.621809 13.967936 0.208736
v 2.621809 14.156460 0.208735
v 2.686514 14.142262 0.222932
v 2.686514 13.982131 0.383063
v 2.686514 14.009690 0.355516
v 2.686514 14.062209 0.373801
v 2.686514 14.062209 0.228726
v 2.686514 14.009690 0.250479
v 2.686514 13.982131 0.222932
v 2.686514 14.142262 0.222932
v 2.686514 14.142262 0.383063
v 2.686514 14.114716 0.355516
v 2.686514 14.128009 0.302998
v 2.686514 14.114716 0.253224
v 2.686514 13.987937 0.302998
v 2.621809 13.967936 0.397260
v 2.686514 13.982131 0.383063
v 2.686514 14.142262 0.383063
v 2.621809 14.156460 0.397260
v 2.621809 13.967936 0.397260
v 2.621809 13.967936 0.208736
v 2.686514 13.982131 0.222932
v 2.686514 13.982131 0.383063
v 2.686514 14.142262 0.383063
v 2.686514 14.142262 0.222932
v 2.621809 14.156460 0.208735
v 2.621809 14.156460 0.397260
v 2.686514 14.009690 0.250479
v 2.681951 14.012908 0.253709
v 2.681940 13.992512 0.302998
v 2.686514 13.987937 0.302998
v 2.686514 13.987937 0.302998
v 2.681940 13.992512 0.302998
v 2.681929 14.012931 0.352275
v 2.686514 14.009690 0.355516
v 2.686514 14.009690 0.355516
v 2.681929 14.062209 0.369216
v 2.686514 14.062209 0.373801
v 2.686514 14.062209 0.373801
v 2.681929 14.062209 0.369216
v 2.681929 14.111474 0.352263
v 2.686514 14.114716 0.355516
v 2.686514 14.114716 0.355516
v 2.681929 14.111474 0.352263
v 2.681432 14.122927 0.302998
v 2.686514 14.128009 0.302998
v 2.686514 14.128009 0.302998
v 2.681432 14.122927 0.302998
v 2.681861 14.111418 0.256510
v 2.686514 14.114716 0.253224
v 2.686514 14.062209 0.228726
v 2.681974 14.062209 0.233267
v 2.686514 14.009690 0.250479
v 2.686514 14.114716 0.253224
v 2.681861 14.111418 0.256510
v 2.681974 14.062209 0.233267
v 2.686514 14.062209 0.228726
v 2.676553 14.062119 0.241986
v 2.674305 14.061915 0.252185
v 2.674305 14.026179 0.266980
v 2.676541 14.019041 0.259831
v 2.681974 14.062209 0.233267
v 2.681951 14.012908 0.253709
v 2.674305 14.011260 0.302998
v 2.676541 14.001163 0.302998
v 2.681940 13.992512 0.302998
v 2.674305 14.026179 0.339015
v 2.676541 14.019041 0.346153
v 2.681929 14.012931 0.352275
v 2.674305 14.062209 0.350479
v 2.676541 14.062209 0.360576
v 2.681929 14.062209 0.369216
v 2.674305 14.097209 0.339433
v 2.676541 14.105059 0.346277
v 2.681929 14.111474 0.352263
v 2.674305 14.105262 0.303077
v 2.676394 14.114805 0.303020
v 2.681929 14.111474 0.352263
v 2.674305 14.097220 0.269013
v 2.676519 14.105048 0.262383
v 2.621809 13.967936 -0.058973
v 2.621809 13.967936 0.129551
v 2.621809 14.156460 0.129551
v 2.621809 14.156460 -0.058973
v 2.686514 13.982131 -0.044776
v 2.621809 13.967936 -0.058973
v 2.621809 14.156460 -0.058973
v 2.686514 14.142262 -0.044776
v 2.686514 13.982131 0.115354
v 2.686514 14.009690 0.087808
v 2.686514 14.062209 0.106104
v 2.686514 14.062209 -0.038971
v 2.686514 14.009690 -0.017218
v 2.686514 13.982131 -0.044776
v 2.686514 14.142262 -0.044776
v 2.686514 14.142262 0.115354
v 2.686514 14.114716 0.087808
v 2.686514 14.128009 0.035289
v 2.686514 14.114716 -0.014485
v 2.686514 13.987937 0.035289
v 2.621809 13.967936 0.129551
v 2.686514 13.982131 0.115354
v 2.686514 14.142262 0.115354
v 2.621809 14.156460 0.129551
v 2.621809 13.967936 0.129551
v 2.621809 13.967936 -0.058973
v 2.686514 13.982131 -0.044776
v 2.686514 13.982131 0.115354
v 2.686514 14.142262 0.115354
v 2.686514 14.142262 -0.044776
v 2.621809 14.156460 -0.058973
v 2.621809 14.156460 0.129551
v 2.686514 14.009690 -0.017218
v 2.681951 14.012908 -0.013999
v 2.681940 13.992512 0.035289
v 2.686514 13.987937 0.035289
v 2.686514 13.987937 0.035289
v 2.681940 13.992512 0.035289
v 2.681929 14.012931 0.084566
v 2.686514 14.009690 0.087808
v 2.686514 14.009690 0.087808
v 2.681929 14.062209 0.101519
v 2.686514 14.062209 0.106104
v 2.686514 14.062209 0.106104
v 2.681929 14.062209 0.101519
v 2.681929 14.111474 0.084566
v 2.686514 14.114716 0.087808
v 2.686514 14.114716 0.087808
v 2.681929 14.111474 0.084566
v 2.681432 14.122927 0.035289
v 2.686514 14.128009 0.035289
v 2.686514 14.128009 0.035289
v 2.681432 14.122927 0.035289
v 2.681861 14.111418 -0.011187
v 2.686514 14.114716 -0.014485
v 2.686514 14.062209 -0.038971
v 2.681974 14.062209 -0.034430
v 2.686514 14.009690 -0.017218
v 2.686514 14.114716 -0.014485
v 2.681861 14.111418 -0.011187
v 2.681974 14.062209 -0.034430
v 2.686514 14.062209 -0.038971
v 2.676553 14.062119 -0.025722
v 2.674305 14.061915 -0.015524
v 2.674305 14.026179 -0.000728
v 2.676541 14.019041 -0.007866
v 2.681974 14.062209 -0.034430
v 2.681951 14.012908 -0.013999
v 2.674305 14.011260 0.035289
v 2.676541 14.001163 0.035289
v 2.681940 13.992512 0.035289
v 2.674305 14.026179 0.071318
v 2.676541 14.019041 0.078456
v 2.681929 14.012931 0.084566
v 2.674305 14.062209 0.082770
v 2.676541 14.062209 0.092868
v 2.681929 14.062209 0.101519
v 2.674305 14.097209 0.071736
v 2.676541 14.105059 0.078580
v 2.681929 14.111474 0.084566
v 2.674305 14.105262 0.035368
v 2.676394 14.114805 0.035312
v 2.681929 14.111474 0.084566
v 2.674305 14.097220 0.001305
v 2.676519 14.105048 -0.005325
v 2.621809 13.967936 -0.326670
v 2.621809 13.967936 -0.138146
v 2.621809 14.156460 -0.138146
v 2.621809 14.156460 -0.326670
v 2.686514 13.982131 -0.312473
v 2.621809 13.967936 -0.326670
v 2.621809 14.156460 -0.326670
v 2.686514 14.142262 -0.312473
v 2.686514 13.982131 -0.152342
v 2.686514 14.009690 -0.179889
v 2.686514 14.062209 -0.161604
v 2.686514 14.062209 -0.306679
v 2.686514 14.009690 -0.284926
v 2.686514 13.982131 -0.312473
v 2.686514 14.142262 -0.312473
v 2.686514 14.142262 -0.152342
v 2.686514 14.114716 -0.179889
v 2.686514 14.128009 -0.232408
v 2.686514 14.114716 -0.282181
v 2.686514 13.987937 -0.232408
v 2.621809 13.967936 -0.138146
v 2.686514 13.982131 -0.152342
v 2.686514 14.142262 -0.152342
v 2.621809 14.156460 -0.138146
v 2.621809 13.967936 -0.138146
v 2.621809 13.967936 -0.326670
v 2.686514 13.982131 -0.312473
v 2.686514 13.982131 -0.152342
v 2.686514 14.142262 -0.152342
v 2.686514 14.142262 -0.312473
v 2.621809 14.156460 -0.326670
v 2.621809 14.156460 -0.138146
v 2.686514 14.009690 -0.284926
v 2.681951 14.012908 -0.281696
v 2.681940 13.992512 -0.232408
v 2.686514 13.987937 -0.232408
v 2.686514 13.987937 -0.232408
v 2.681940 13.992512 -0.232408
v 2.681929 14.012931 -0.183142
v 2.686514 14.009690 -0.179889
v 2.686514 14.009690 -0.179889
v 2.681929 14.062209 -0.166189
v 2.686514 14.062209 -0.161604
v 2.686514 14.062209 -0.161604
v 2.681929 14.062209 -0.166189
v 2.681929 14.111474 -0.183142
v 2.686514 14.114716 -0.179889
v 2.686514 14.114716 -0.179889
v 2.681929 14.111474 -0.183142
v 2.681432 14.122927 -0.232408
v 2.686514 14.128009 -0.232408
v 2.686514 14.128009 -0.232408
v 2.681432 14.122927 -0.232408
v 2.681861 14.111418 -0.278895
v 2.686514 14.114716 -0.282181
v 2.686514 14.062209 -0.306679
v 2.681974 14.062209 -0.302138
v 2.686514 14.009690 -0.284926
v 2.686514 14.114716 -0.282181
v 2.681861 14.111418 -0.278895
v 2.681974 14.062209 -0.302138
v 2.686514 14.062209 -0.306679
v 2.676553 14.062119 -0.293419
v 2.674305 14.061915 -0.283221
v 2.674305 14.026179 -0.268425
v 2.676541 14.019041 -0.275574
v 2.681974 14.062209 -0.302138
v 2.681951 14.012908 -0.281696
v 2.674305 14.011260 -0.232408
v 2.676541 14.001163 -0.232408
v 2.681940 13.992512 -0.232408
v 2.674305 14.026179 -0.196390
v 2.676541 14.019041 -0.189252
v 2.681929 14.012931 -0.183142
v 2.674305 14.062209 -0.184926
v 2.676541 14.062209 -0.174829
v 2.681929 14.062209 -0.166189
v 2.674305 14.097209 -0.195972
v 2.676541 14.105059 -0.189128
v 2.681929 14.111474 -0.183142
v 2.674305 14.105262 -0.232340
v 2.676394 14.114805 -0.232385
v 2.681929 14.111474 -0.183142
v 2.674305 14.097220 -0.266403
v 2.676519 14.105048 -0.273022
v 2.621809 13.699255 0.208736
v 2.621809 13.699255 0.397260
v 2.621809 13.887779 0.397260
v 2.621809 13.887779 0.208736
v 2.686514 13.713452 0.222933
v 2.621809 13.699255 0.208736
v 2.621809 13.887779 0.208736
v 2.686514 13.873584 0.222933
v 2.686514 13.713452 0.383063
v 2.686514 13.741011 0.355516
v 2.686514 13.793518 0.373801
v 2.686514 13.793518 0.228726
v 2.686514 13.741011 0.250479
v 2.686514 13.713452 0.222933
v 2.686514 13.873584 0.222933
v 2.686514 13.873584 0.383063
v 2.686514 13.846036 0.355516
v 2.686514 13.859329 0.302998
v 2.686514 13.846036 0.253224
v 2.686514 13.719258 0.302998
v 2.621809 13.699255 0.397260
v 2.686514 13.713452 0.383063
v 2.686514 13.873584 0.383063
v 2.621809 13.887779 0.397260
v 2.621809 13.699255 0.397260
v 2.621809 13.699255 0.208736
v 2.686514 13.713452 0.222933
v 2.686514 13.713452 0.383063
v 2.686514 13.873584 0.383063
v 2.686514 13.873584 0.222933
v 2.621809 13.887779 0.208736
v 2.621809 13.887779 0.397260
v 2.686514 13.741011 0.250479
v 2.681951 13.744229 0.253709
v 2.681940 13.723832 0.302998
v 2.686514 13.719258 0.302998
v 2.686514 13.719258 0.302998
v 2.681940 13.723832 0.302998
v 2.681929 13.744252 0.352275
v 2.686514 13.741011 0.355516
v 2.686514 13.741011 0.355516
v 2.681929 13.793518 0.369216
v 2.686514 13.793518 0.373801
v 2.686514 13.793518 0.373801
v 2.681929 13.793518 0.369216
v 2.681929 13.842794 0.352263
v 2.686514 13.846036 0.355516
v 2.686514 13.846036 0.355516
v 2.681929 13.842794 0.352263
v 2.681432 13.854247 0.302998
v 2.686514 13.859329 0.302998
v 2.686514 13.859329 0.302998
v 2.681432 13.854247 0.302998
v 2.681861 13.842738 0.256510
v 2.686514 13.846036 0.253224
v 2.686514 13.793518 0.228726
v 2.681974 13.793518 0.233267
v 2.686514 13.741011 0.250479
v 2.686514 13.846036 0.253224
v 2.681861 13.842738 0.256510
v 2.681974 13.793518 0.233267
v 2.686514 13.793518 0.228726
v 2.676553 13.793439 0.241986
v 2.674305 13.793224 0.252185
v 2.674305 13.757500 0.266980
v 2.676541 13.750362 0.259831
v 2.681974 13.793518 0.233267
v 2.681951 13.744229 0.253709
v 2.674305 13.742580 0.302998
v 2.676541 13.732484 0.302998
v 2.681940 13.723832 0.302998
v 2.674305 13.757500 0.339015
v 2.676541 13.750362 0.346153
v 2.681929 13.744252 0.352275
v 2.674305 13.793518 0.350479
v 2.676541 13.793518 0.360576
v 2.681929 13.793518 0.369216
v 2.674305 13.828529 0.339433
v 2.676541 13.836380 0.346277
v 2.681929 13.842794 0.352263
v 2.674305 13.836582 0.303077
v 2.676394 13.846127 0.303020
v 2.681929 13.842794 0.352263
v 2.674305 13.828542 0.269013
v 2.676519 13.836368 0.262383
v 2.621809 13.699255 -0.058973
v 2.621809 13.699255 0.129551
v 2.621809 13.887779 0.129551
v 2.621809 13.887779 -0.058973
v 2.686514 13.713452 -0.044776
v 2.621809 13.699255 -0.058973
v 2.621809 13.887779 -0.058973
v 2.686514 13.873584 -0.044776
v 2.686514 13.713452 0.115355
v 2.686514 13.741011 0.087808
v 2.686514 13.793518 0.106105
v 2.686514 13.793518 -0.038970
v 2.686514 13.741011 -0.017218
v 2.686514 13.713452 -0.044776
v 2.686514 13.873584 -0.044776
v 2.686514 13.873584 0.115355
v 2.686514 13.846036 0.087808
v 2.686514 13.859329 0.035289
v 2.686514 13.846036 -0.014484
v 2.686514 13.719258 0.035289
v 2.621809 13.699255 0.129551
v 2.686514 13.713452 0.115355
v 2.686514 13.873584 0.115355
v 2.621809 13.887779 0.129551
v 2.621809 13.699255 0.129551
v 2.621809 13.699255 -0.058973
v 2.686514 13.713452 -0.044776
v 2.686514 13.713452 0.115355
v 2.686514 13.873584 0.115355
v 2.686514 13.873584 -0.044776
v 2.621809 13.887779 -0.058973
v 2.621809 13.887779 0.129551
v 2.686514 13.741011 -0.017218
v 2.681951 13.744229 -0.013999
v 2.681940 13.723832 0.035289
v 2.686514 13.719258 0.035289
v 2.686514 13.719258 0.035289
v 2.681940 13.723832 0.035289
v 2.681929 13.744252 0.084566
v 2.686514 13.741011 0.087808
v 2.686514 13.741011 0.087808
v 2.681929 13.793518 0.101519
v 2.686514 13.793518 0.106105
v 2.686514 13.793518 0.106105
v 2.681929 13.793518 0.101519
v 2.681929 13.842794 0.084566
v 2.686514 13.846036 0.087808
v 2.686514 13.846036 0.087808
v 2.681929 13.842794 0.084566
v 2.681432 13.854247 0.035289
v 2.686514 13.859329 0.035289
v 2.686514 13.859329 0.035289
v 2.681432 13.854247 0.035289
v 2.681861 13.842738 -0.011187
v 2.686514 13.846036 -0.014484
v 2.686514 13.793518 -0.038970
v 2.681974 13.793518 -0.034430
v 2.686514 13.741011 -0.017218
v 2.686514 13.846036 -0.014484
v 2.681861 13.842738 -0.011187
v 2.681974 13.793518 -0.034430
v 2.686514 13.793518 -0.038970
v 2.676553 13.793439 -0.025722
v 2.674305 13.793224 -0.015524
v 2.674305 13.757500 -0.000728
v 2.676541 13.750362 -0.007866
v 2.681974 13.793518 -0.034430
v 2.681951 13.744229 -0.013999
v 2.674305 13.742580 0.035289
v 2.676541 13.732484 0.035289
v 2.681940 13.723832 0.035289
v 2.674305 13.757500 0.071318
v 2.676541 13.750362 0.078456
v 2.681929 13.744252 0.084566
v 2.674305 13.793518 0.082771
v 2.676541 13.793518 0.092868
v 2.681929 13.793518 0.101519
v 2.674305 13.828529 0.071736
v 2.676541 13.836380 0.078580
v 2.681929 13.842794 0.084566
v 2.674305 13.836582 0.035368
v 2.676394 13.846127 0.035312
v 2.681929 13.842794 0.084566
v 2.674305 13.828542 0.001305
v 2.676519 13.836368 -0.005325
v 2.621809 13.699255 -0.326669
v 2.621809 13.699255 -0.138145
v 2.621809 13.887779 -0.138145
v 2.621809 13.887779 -0.326670
v 2.686514 13.713452 -0.312473
v 2.621809 13.699255 -0.326669
v 2.621809 13.887779 -0.326670
v 2.686514 13.873584 -0.312473
v 2.686514 13.713452 -0.152342
v 2.686514 13.741011 -0.179889
v 2.686514 13.793518 -0.161604
v 2.686514 13.793518 -0.306679
v 2.686514 13.741011 -0.284926
v 2.686514 13.713452 -0.312473
v 2.686514 13.873584 -0.312473
v 2.686514 13.873584 -0.152342
v 2.686514 13.846036 -0.179889
v 2.686514 13.859329 -0.232408
v 2.686514 13.846036 -0.282181
v 2.686514 13.719258 -0.232407
v 2.621809 13.699255 -0.138145
v 2.686514 13.713452 -0.152342
v 2.686514 13.873584 -0.152342
v 2.621809 13.887779 -0.138145
v 2.621809 13.699255 -0.138145
v 2.621809 13.699255 -0.326669
v 2.686514 13.713452 -0.312473
v 2.686514 13.713452 -0.152342
v 2.686514 13.873584 -0.152342
v 2.686514 13.873584 -0.312473
v 2.621809 13.887779 -0.326670
v 2.621809 13.887779 -0.138145
v 2.686514 13.741011 -0.284926
v 2.681951 13.744229 -0.281696
v 2.681940 13.723832 -0.232407
v 2.686514 13.719258 -0.232407
v 2.686514 13.719258 -0.232407
v 2.681940 13.723832 -0.232407
v 2.681929 13.744252 -0.183142
v 2.686514 13.741011 -0.179889
v 2.686514 13.741011 -0.179889
v 2.681929 13.793518 -0.166189
v 2.686514 13.793518 -0.161604
v 2.686514 13.793518 -0.161604
v 2.681929 13.793518 -0.166189
v 2.681929 13.842794 -0.183142
v 2.686514 13.846036 -0.179889
v 2.686514 13.846036 -0.179889
v 2.681929 13.842794 -0.183142
v 2.681432 13.854247 -0.232408
v 2.686514 13.859329 -0.232408
v 2.686514 13.859329 -0.232408
v 2.681432 13.854247 -0.232408
v 2.681861 13.842738 -0.278895
v 2.686514 13.846036 -0.282181
v 2.686514 13.793518 -0.306679
v 2.681974 13.793518 -0.302138
v 2.686514 13.741011 -0.284926
v 2.686514 13.846036 -0.282181
v 2.681861 13.842738 -0.278895
v 2.681974 13.793518 -0.302138
v 2.686514 13.793518 -0.306679
v 2.676553 13.793439 -0.293419
v 2.674305 13.793224 -0.283220
v 2.674305 13.757500 -0.268425
v 2.676541 13.750362 -0.275574
v 2.681974 13.793518 -0.302138
v 2.681951 13.744229 -0.281696
v 2.674305 13.742580 -0.232407
v 2.676541 13.732484 -0.232407
v 2.681940 13.723832 -0.232407
v 2.674305 13.757500 -0.196390
v 2.676541 13.750362 -0.189252
v 2.681929 13.744252 -0.183142
v 2.674305 13.793518 -0.184926
v 2.676541 13.793518 -0.174829
v 2.681929 13.793518 -0.166189
v 2.674305 13.828529 -0.195972
v 2.676541 13.836380 -0.189128
v 2.681929 13.842794 -0.183142
v 2.674305 13.836582 -0.232340
v 2.676394 13.846127 -0.232385
v 2.681929 13.842794 -0.183142
v 2.674305 13.828542 -0.266403
v 2.676519 13.836368 -0.273022
v 2.977319 14.794529 -1.207748
v 2.977319 15.161751 -1.207748
v 2.977319 15.161774 -1.164389
v 2.977319 15.151451 -1.160346
v 2.977319 15.090303 -1.142004
v 2.977319 15.023600 -1.112887
v 2.977319 14.965796 -1.080529
v 2.977319 14.925780 -1.017970
v 2.977319 14.905766 -0.955411
v 2.977319 14.900209 -0.895009
v 2.977319 14.897985 -0.828136
v 2.977319 14.904659 -0.752622
v 2.977319 15.128106 -0.570344
v 2.977319 15.161740 -0.562156
v 2.977319 15.161717 -0.534744
v 2.977319 14.794529 -0.534744
v 2.977319 14.926887 -0.699776
v 2.977319 14.964689 -0.651233
v 2.977319 15.019161 -0.615645
v 2.977319 15.071409 -0.591916
v 2.770216 14.794529 -0.501833
v 2.849920 14.794529 -0.501833
v 2.849920 15.161661 -0.501833
v 2.770216 15.161661 -0.501833
v 2.688220 14.794529 -1.240659
v 2.641699 14.794529 -1.240659
v 2.641699 15.161661 -1.240659
v 2.688220 15.161661 -1.240659
v 2.929635 15.161774 -0.539940
v 2.977319 15.161740 -0.562156
v 2.977319 15.128106 -0.570344
v 2.929635 15.128106 -0.548738
v 2.770216 15.167974 -0.508813
v 2.770216 15.167974 -0.521338
v 2.681895 15.167974 -0.554792
v 2.688220 15.167974 -0.508813
v 2.688220 14.794529 -0.501833
v 2.688220 15.161661 -0.501833
v 2.688220 15.161841 -0.561309
v 2.770216 15.161819 -0.530227
v 2.770216 15.128106 -0.539307
v 2.688220 15.132544 -0.569361
v 2.770216 14.794529 -1.240659
v 2.770216 15.161661 -1.240659
v 2.632483 14.794529 -0.503437
v 2.641699 14.794529 -0.501833
v 2.641699 15.161661 -0.501833
v 2.632483 15.161661 -0.503437
v 2.770216 14.764712 -0.534744
v 2.770216 14.764712 -1.207748
v 2.849920 14.764712 -1.207748
v 2.849920 14.764712 -0.534744
v 2.929635 14.764712 -0.534744
v 2.929635 14.764712 -1.207748
v 2.947502 14.764712 -1.207748
v 2.947502 14.764712 -0.534744
v 2.688220 14.955077 -0.699234
v 2.770216 14.926887 -0.682485
v 2.770216 14.904659 -0.740944
v 2.688220 14.935459 -0.752261
v 2.688220 15.099203 -1.142941
v 2.770216 15.090303 -1.171685
v 2.770216 15.151451 -1.191970
v 2.688220 15.153134 -1.161340
v 2.770216 14.897985 -0.824476
v 2.688220 14.929586 -0.828011
v 2.849920 14.794529 -1.240659
v 2.849920 15.161661 -1.240659
v 2.688220 14.929586 -0.828011
v 2.770216 14.897985 -0.824476
v 2.770216 14.900209 -0.898454
v 2.688220 14.931540 -0.895111
v 2.688220 15.153134 -1.161340
v 2.688220 15.161864 -1.165157
v 2.688220 15.161841 -0.561309
v 2.688220 15.132544 -0.569361
v 2.688220 15.082534 -0.591012
v 2.688220 15.036452 -0.614821
v 2.688220 14.988407 -0.650533
v 2.688220 14.955077 -0.699234
v 2.688220 14.935459 -0.752261
v 2.688220 14.929586 -0.828011
v 2.688220 14.931540 -0.895111
v 2.688220 14.936442 -0.955716
v 2.688220 14.954095 -1.018489
v 2.688220 14.989389 -1.081252
v 2.688220 15.040372 -1.113723
v 2.688220 15.099203 -1.142941
v 2.770216 14.905766 -0.965271
v 2.688220 14.936442 -0.955716
v 2.770216 15.071409 -0.563161
v 2.688220 15.082534 -0.591012
v 2.770216 14.925780 -1.034471
v 2.688220 14.954095 -1.018489
v 2.770216 15.019161 -0.589420
v 2.688220 15.036452 -0.614821
v 2.770216 14.965796 -1.103671
v 2.688220 14.989389 -1.081252
v 2.770216 14.964689 -0.628792
v 2.688220 14.988407 -0.650533
v 2.770216 15.023600 -1.139474
v 2.688220 15.040372 -1.113723
v 2.770216 15.161877 -1.196487
v 2.688220 15.161864 -1.165157
v 2.929635 15.023600 -1.131387
v 2.977319 15.023600 -1.112887
v 2.977319 15.090303 -1.142004
v 2.929635 15.090303 -1.162661
v 2.849920 15.023419 -1.142083
v 2.849920 15.088881 -1.174599
v 2.929635 14.964689 -0.635613
v 2.977319 14.964689 -0.651233
v 2.977319 14.926887 -0.699776
v 2.929635 14.926887 -0.687737
v 2.849920 14.965582 -0.626589
v 2.849920 14.928479 -0.680791
v 2.929635 14.965796 -1.096635
v 2.977319 14.965796 -1.080529
v 2.849920 14.966665 -1.105952
v 2.929635 15.019161 -0.597394
v 2.977319 15.019161 -0.615645
v 2.849920 15.019048 -0.586845
v 2.929635 14.925780 -1.029456
v 2.977319 14.925780 -1.017970
v 2.977319 14.965796 -1.080529
v 2.929635 14.965796 -1.096635
v 2.849920 14.927383 -1.036086
v 2.929635 15.071409 -0.571903
v 2.977319 15.071409 -0.591916
v 2.849920 15.070335 -0.560348
v 2.929635 14.905766 -0.962267
v 2.977319 14.905766 -0.955411
v 2.849920 14.907743 -0.966231
v 2.849920 15.125983 -0.536258
v 2.929635 14.900209 -0.897403
v 2.977319 14.900209 -0.895009
v 2.849920 14.902288 -0.898781
v 2.970994 15.167974 -0.535286
v 2.970994 15.167974 -0.550409
v 2.929635 15.167974 -0.531062
v 2.929635 15.167974 -0.508813
v 2.947005 15.167974 -0.508813
v 2.954731 15.167974 -0.510168
v 2.961259 15.167974 -0.513839
v 2.966443 15.167974 -0.519554
v 2.969764 15.167974 -0.526759
v 2.849920 15.158961 -0.527121
v 2.849920 15.148898 -1.195075
v 2.929635 15.151451 -1.182358
v 2.929635 15.161854 -1.186729
v 2.849920 15.159063 -1.199593
v 2.929635 14.897985 -0.825583
v 2.977319 14.897985 -0.828136
v 2.849920 14.900108 -0.824115
v 2.970994 15.167974 -1.177061
v 2.970994 15.167974 -1.207206
v 2.969764 15.167974 -1.215733
v 2.966443 15.167974 -1.222938
v 2.961259 15.167974 -1.228653
v 2.954731 15.167974 -1.232324
v 2.947005 15.167974 -1.233679
v 2.929635 15.167974 -1.233679
v 2.929635 15.167974 -1.196555
v 2.611882 14.794529 -0.534744
v 2.613350 14.794529 -0.524568
v 2.613350 15.161650 -0.524568
v 2.611882 15.161650 -0.534744
v 2.929635 14.904659 -0.744502
v 2.977319 14.904659 -0.752622
v 2.977319 14.897985 -0.828136
v 2.929635 14.897985 -0.825583
v 2.849920 14.906648 -0.739803
v 2.849920 14.900108 -0.824115
v 2.977319 15.151451 -1.160346
v 2.770216 15.167974 -1.206358
v 2.770216 15.167974 -1.233679
v 2.688220 15.167974 -1.233679
v 2.681895 15.167974 -1.172656
v 2.947502 14.794529 -1.240659
v 2.929635 14.794529 -1.240659
v 2.929635 15.161673 -1.240659
v 2.947502 15.161673 -1.240659
v 2.642195 15.167974 -1.233679
v 2.634470 15.167974 -1.232324
v 2.627942 15.167974 -1.228653
v 2.622758 15.167974 -1.222938
v 2.619437 15.167974 -1.215733
v 2.618207 15.167974 -1.207206
v 2.618207 15.167974 -0.535286
v 2.619437 15.167974 -0.526759
v 2.622758 15.167974 -0.519554
v 2.627942 15.167974 -0.513839
v 2.634470 15.167974 -0.510168
v 2.642195 15.167974 -0.508813
v 2.849920 15.167466 -1.233702
v 2.849920 15.165670 -1.209509
v 2.929635 14.794529 -0.501833
v 2.929635 15.161661 -0.501833
v 2.947502 14.794529 -0.501833
v 2.947502 15.161673 -0.501833
v 2.849920 15.167150 -0.508756
v 2.849920 15.165998 -0.518255
v 2.688220 14.764712 -0.534744
v 2.688220 14.764712 -1.207748
v 2.632483 14.766169 -0.534744
v 2.641699 14.764712 -0.534744
v 2.641699 14.766169 -0.524568
v 2.632245 14.767898 -0.524241
v 2.641699 14.770405 -0.515397
v 2.632550 14.771895 -0.515849
v 2.641699 14.777000 -0.508112
v 2.632528 14.777396 -0.509784
v 2.624181 14.770405 -0.534744
v 2.624565 14.771918 -0.524613
v 2.625921 14.774741 -0.517329
v 2.625921 14.778751 -0.512912
v 2.641699 14.785314 -0.503437
v 2.632189 14.785064 -0.505345
v 2.624181 14.794529 -0.508112
v 2.624588 14.785380 -0.509761
v 2.624588 14.785380 -0.509761
v 2.624181 14.794529 -0.508112
v 2.617574 14.794529 -0.515397
v 2.619087 14.785347 -0.515826
v 2.619087 14.785347 -0.515826
v 2.621922 14.778751 -0.517329
v 2.613350 14.785314 -0.534744
v 2.615078 14.785007 -0.524297
v 2.617574 14.777000 -0.534744
v 2.619065 14.777408 -0.524636
v 2.624181 14.770405 -0.534744
v 2.624565 14.771918 -0.524613
v 2.621922 14.778751 -0.517329
v 2.619065 14.777408 -0.524636
v 2.641699 14.766169 -1.217924
v 2.641699 14.764712 -1.207748
v 2.632483 14.766169 -1.207748
v 2.632189 14.767898 -1.218195
v 2.624181 14.770405 -1.207748
v 2.624588 14.771895 -1.217856
v 2.624588 14.771895 -1.217856
v 2.624181 14.770405 -1.207748
v 2.617574 14.777000 -1.207748
v 2.619087 14.777396 -1.217878
v 2.641699 14.770405 -1.227095
v 2.632528 14.771918 -1.226665
v 2.625921 14.774741 -1.225163
v 2.619087 14.777396 -1.217878
v 2.621922 14.778751 -1.225163
v 2.613350 14.785314 -1.207748
v 2.611882 14.794529 -1.207748
v 2.613350 14.794529 -1.217924
v 2.615078 14.785064 -1.218251
v 2.617574 14.794529 -1.227095
v 2.619065 14.785380 -1.226643
v 2.624181 14.794529 -1.234379
v 2.624565 14.785347 -1.232708
v 2.621922 14.778751 -1.225163
v 2.619065 14.785380 -1.226643
v 2.624565 14.785347 -1.232708
v 2.625921 14.778751 -1.229579
v 2.632483 14.794529 -1.239044
v 2.641699 14.794529 -1.240659
v 2.641699 14.785314 -1.239044
v 2.632245 14.785007 -1.237135
v 2.641699 14.777000 -1.234379
v 2.632550 14.777408 -1.232730
v 2.624181 14.794529 -1.234379
v 2.947502 14.766169 -0.524568
v 2.947502 14.764712 -0.534744
v 2.956718 14.766169 -0.534744
v 2.957012 14.767898 -0.524297
v 2.965020 14.770405 -0.534744
v 2.964624 14.771895 -0.524636
v 2.964624 14.771895 -0.524636
v 2.965020 14.770405 -0.534744
v 2.971627 14.777000 -0.534744
v 2.970114 14.777396 -0.524613
v 2.947502 14.770405 -0.515397
v 2.956673 14.771918 -0.515826
v 2.963280 14.774741 -0.517329
v 2.970114 14.777396 -0.524613
v 2.967279 14.778751 -0.517329
v 2.975862 14.785314 -0.534744
v 2.975862 14.794529 -0.524568
v 2.974123 14.785064 -0.524241
v 2.971627 14.794529 -0.515397
v 2.970136 14.785380 -0.515849
v 2.965020 14.794529 -0.508112
v 2.964636 14.785347 -0.509784
v 2.967279 14.778751 -0.517329
v 2.970136 14.785380 -0.515849
v 2.964636 14.785347 -0.509784
v 2.963280 14.778751 -0.512912
v 2.956718 14.794529 -0.503437
v 2.947502 14.785314 -0.503437
v 2.956956 14.785007 -0.505345
v 2.947502 14.777000 -0.508112
v 2.956651 14.777408 -0.509761
v 2.965020 14.794529 -0.508112
v 2.947502 14.785314 -1.239044
v 2.947502 14.794529 -1.240659
v 2.956718 14.794529 -1.239044
v 2.957012 14.785064 -1.237135
v 2.965020 14.794529 -1.234379
v 2.964624 14.785380 -1.232730
v 2.964624 14.785380 -1.232730
v 2.965020 14.794529 -1.234379
v 2.971627 14.794529 -1.227095
v 2.970114 14.785347 -1.226665
v 2.947502 14.777000 -1.234379
v 2.956673 14.777396 -1.232708
v 2.963280 14.778751 -1.229579
v 2.970114 14.785347 -1.226665
v 2.967279 14.778751 -1.225163
v 2.975862 14.794529 -1.217924
v 2.975862 14.785314 -1.207748
v 2.974123 14.785007 -1.218195
v 2.971627 14.777000 -1.207748
v 2.970136 14.777408 -1.217856
v 2.965020 14.770405 -1.207748
v 2.964636 14.771918 -1.217878
v 2.967279 14.778751 -1.225163
v 2.970136 14.777408 -1.217856
v 2.964636 14.771918 -1.217878
v 2.963280 14.774741 -1.225163
v 2.956718 14.766169 -1.207748
v 2.947502 14.766169 -1.217924
v 2.956956 14.767898 -1.218251
v 2.947502 14.770405 -1.227095
v 2.956651 14.771895 -1.226643
v 2.965020 14.770405 -1.207748
v 2.641699 14.764712 -0.534744
v 2.632483 14.766169 -0.534744
v 2.624181 14.770405 -0.534744
v 2.617585 15.161650 -0.515397
v 2.632483 15.161661 -1.239044
v 2.632483 14.794529 -1.239044
v 2.624181 15.161650 -0.508112
v 2.624181 15.161650 -0.508112
v 2.611882 15.161650 -1.207748
v 2.613350 15.161650 -1.217924
v 2.617585 15.161661 -1.227095
v 2.624181 15.161661 -1.234380
v 2.956718 15.161673 -0.503437
v 2.624181 15.161661 -1.234380
v 2.624181 14.794529 -1.234379
v 2.688220 14.766169 -1.217924
v 2.688220 14.770405 -1.227095
v 2.688220 14.777000 -1.234379
v 2.688220 14.785314 -1.239044
v 2.688220 14.794529 -1.240659
v 2.956718 15.161684 -1.239044
v 2.956718 14.794529 -1.239044
v 2.965031 15.161695 -1.234380
v 2.971627 15.161707 -1.227095
v 2.965031 15.161695 -1.234380
v 2.965020 14.794529 -1.234379
v 2.975862 15.161728 -1.217924
v 2.956718 14.766169 -0.534744
v 2.965020 14.770405 -0.534744
v 2.975862 15.161695 -0.524568
v 2.971627 15.161684 -0.515397
v 2.965031 15.161684 -0.508112
v 2.965031 15.161684 -0.508112
v 2.929635 14.766169 -0.524568
v 2.929635 14.764712 -0.534744
v 2.929635 14.770405 -0.515397
v 2.929635 14.777000 -0.508112
v 2.929635 14.785314 -0.503437
v 2.770216 14.766169 -1.217924
v 2.770216 14.770405 -1.227095
v 2.770216 14.777000 -1.234379
v 2.770216 14.785314 -1.239044
v 2.770216 14.794529 -1.240659
v 2.688220 14.764712 -0.534744
v 2.688220 14.766169 -0.524568
v 2.688220 14.770405 -0.515397
v 2.688220 14.777000 -0.508112
v 2.688220 14.785314 -0.503437
v 2.770216 14.764712 -0.534744
v 2.770216 14.766169 -0.524568
v 2.770216 14.770405 -0.515397
v 2.770216 14.777000 -0.508112
v 2.770216 14.785314 -0.503437
v 2.849920 14.764712 -0.534744
v 2.849920 14.766169 -0.524568
v 2.849920 14.770405 -0.515397
v 2.849920 14.777000 -0.508112
v 2.849920 14.785314 -0.503437
v 2.929635 14.766169 -1.217924
v 2.929635 14.770405 -1.227095
v 2.929635 14.777000 -1.234379
v 2.929635 14.785314 -1.239044
v 2.929635 14.794529 -1.240659
v 2.849920 14.766169 -1.217924
v 2.849920 14.770405 -1.227095
v 2.849920 14.777000 -1.234379
v 2.849920 14.785314 -1.239044
v 2.849920 14.794529 -1.240659
v 2.770216 15.167669 -0.506656
v 2.688220 15.167669 -0.506656
v 2.770216 15.166766 -0.504713
v 2.688220 15.166766 -0.504713
v 2.770216 15.165377 -0.503166
v 2.688220 15.165377 -0.503166
v 2.770216 15.163614 -0.502172
v 2.688220 15.163614 -0.502172
v 2.770216 15.161661 -0.501833
v 2.688220 15.161661 -0.501833
v 2.770216 15.163716 -0.529357
v 2.687903 15.163739 -0.560552
v 2.770216 15.165444 -0.527866
v 2.687011 15.165444 -0.559400
v 2.770216 15.166800 -0.525901
v 2.685611 15.166800 -0.557954
v 2.770216 15.167681 -0.523653
v 2.683849 15.167681 -0.556362
v 2.770216 15.167974 -0.521338
v 2.681895 15.167974 -0.554792
v 2.770216 15.167681 -1.203998
v 2.683849 15.167681 -1.171030
v 2.770216 15.166811 -1.201604
v 2.685611 15.166811 -1.169313
v 2.770216 15.165467 -1.199424
v 2.687011 15.165456 -1.167653
v 2.770216 15.163761 -1.197662
v 2.687903 15.163751 -1.166219
v 2.683849 15.167681 -0.556362
v 2.685611 15.166800 -0.557954
v 2.687011 15.165456 -1.167653
v 2.685611 15.166811 -1.169313
v 2.685611 15.166800 -0.557954
v 2.687011 15.165444 -0.559400
v 2.687903 15.163751 -1.166219
v 2.687903 15.163739 -0.560552
v 2.688220 15.167669 -1.235837
v 2.688220 15.167974 -1.233679
v 2.770216 15.167974 -1.233679
v 2.770216 15.167669 -1.235837
v 2.688220 15.166766 -1.237779
v 2.770216 15.166777 -1.237779
v 2.688220 15.165377 -1.239326
v 2.770216 15.165377 -1.239326
v 2.688220 15.163614 -1.240320
v 2.770216 15.163614 -1.240320
v 2.849920 15.167466 -1.233702
v 2.849920 15.167308 -1.235848
v 2.849920 15.166563 -1.237790
v 2.849920 15.165276 -1.239326
v 2.849920 15.163593 -1.240320
v 2.929635 15.167974 -1.233679
v 2.929635 15.167669 -1.235837
v 2.929635 15.166777 -1.237779
v 2.929635 15.165377 -1.239326
v 2.929635 15.163614 -1.240320
v 2.929635 15.167669 -0.506656
v 2.849920 15.167093 -0.506610
v 2.929635 15.166777 -0.504713
v 2.849920 15.166427 -0.504679
v 2.929635 15.165377 -0.503166
v 2.849920 15.165219 -0.503154
v 2.929635 15.163614 -0.502172
v 2.849920 15.163570 -0.502172
v 2.929635 15.161661 -0.501833
v 2.849920 15.161661 -0.501833
v 2.977003 15.163660 -0.561184
v 2.929635 15.163693 -0.539081
v 2.976111 15.165400 -0.559309
v 2.929635 15.165422 -0.537602
v 2.974710 15.166789 -0.556712
v 2.929635 15.166789 -0.535637
v 2.972948 15.167669 -0.553651
v 2.929635 15.167669 -0.533389
v 2.970994 15.167974 -0.550409
v 2.929635 15.167974 -0.531062
v 2.849920 15.160916 -0.526240
v 2.849920 15.162757 -0.524749
v 2.849920 15.164304 -0.522795
v 2.849920 15.165422 -0.520547
v 2.849920 15.165998 -0.518255
v 2.972948 15.167669 -1.173774
v 2.929635 15.167681 -1.194183
v 2.974710 15.166800 -1.170578
v 2.929635 15.166811 -1.191800
v 2.976111 15.165422 -1.167777
v 2.929635 15.165456 -1.189632
v 2.977003 15.163693 -1.165643
v 2.929635 15.163739 -1.187881
v 2.977319 15.161774 -1.164389
v 2.849920 15.165207 -1.207149
v 2.849920 15.164190 -1.204755
v 2.849920 15.162734 -1.202564
v 2.849920 15.160961 -1.200790
v 2.642049 15.167669 -0.506656
v 2.633860 15.167669 -0.508090
v 2.641902 15.166766 -0.504713
v 2.633307 15.166766 -0.506215
v 2.641800 15.165366 -0.503166
v 2.632866 15.165366 -0.504724
v 2.641721 15.163614 -0.502172
v 2.632584 15.163604 -0.503764
v 2.641699 15.161661 -0.501833
v 2.632483 15.161661 -0.503437
v 2.626779 15.167669 -0.512065
v 2.625728 15.166766 -0.510473
v 2.624893 15.165366 -0.509208
v 2.624362 15.163604 -0.508395
v 2.624181 15.161650 -0.508112
v 2.621166 15.167669 -0.518266
v 2.619720 15.166766 -0.517103
v 2.618568 15.165366 -0.516188
v 2.617834 15.163604 -0.515601
v 2.624362 15.163604 -0.508395
v 2.617834 15.163604 -0.515601
v 2.617551 15.167669 -0.526082
v 2.615857 15.166766 -0.525472
v 2.614513 15.165366 -0.524986
v 2.618568 15.165366 -0.516188
v 2.614513 15.165366 -0.524986
v 2.613644 15.163604 -0.524681
v 2.616253 15.167669 -0.535117
v 2.614491 15.166766 -0.534970
v 2.615857 15.166766 -0.525472
v 2.614491 15.166766 -0.534970
v 2.613090 15.165366 -0.534846
v 2.612198 15.163604 -0.534767
v 2.633860 15.167669 -1.234402
v 2.634470 15.167974 -1.232324
v 2.642195 15.167974 -1.233679
v 2.642049 15.167669 -1.235837
v 2.633307 15.166766 -1.236277
v 2.641902 15.166766 -1.237779
v 2.632866 15.165366 -1.237768
v 2.641800 15.165377 -1.239326
v 2.632584 15.163614 -1.238717
v 2.641721 15.163614 -1.240320
v 2.626779 15.167669 -1.230427
v 2.627942 15.167974 -1.228653
v 2.625728 15.166766 -1.232019
v 2.624893 15.165366 -1.233284
v 2.624362 15.163604 -1.234097
v 2.621166 15.167669 -1.224226
v 2.622758 15.167974 -1.222938
v 2.619720 15.166766 -1.225378
v 2.618568 15.165366 -1.226304
v 2.617834 15.163604 -1.226892
v 2.617834 15.163604 -1.226892
v 2.624362 15.163604 -1.234097
v 2.617551 15.167669 -1.216410
v 2.619437 15.167974 -1.215733
v 2.615857 15.166766 -1.217020
v 2.614513 15.165366 -1.217506
v 2.613644 15.163604 -1.217811
v 2.614513 15.165366 -1.217506
v 2.618568 15.165366 -1.226304
v 2.616253 15.167669 -1.207375
v 2.617551 15.167669 -1.216410
v 2.614491 15.166766 -1.207522
v 2.616253 15.167669 -1.207375
v 2.613090 15.165366 -1.207646
v 2.614491 15.166766 -1.207522
v 2.615857 15.166766 -1.217020
v 2.612198 15.163604 -1.207725
v 2.971649 15.167669 -1.216410
v 2.972948 15.167669 -1.207375
v 2.973344 15.166789 -1.217020
v 2.971649 15.167669 -1.216410
v 2.972948 15.167669 -1.207375
v 2.974710 15.166789 -1.207522
v 2.974699 15.165400 -1.217506
v 2.973344 15.166789 -1.217020
v 2.974710 15.166789 -1.207522
v 2.976111 15.165410 -1.207646
v 2.975557 15.163660 -1.217811
v 2.977003 15.163671 -1.207725
v 2.968046 15.167669 -1.224226
v 2.966443 15.167974 -1.222938
v 2.969764 15.167974 -1.215733
v 2.969481 15.166777 -1.225378
v 2.970633 15.165387 -1.226304
v 2.974699 15.165400 -1.217506
v 2.971367 15.163650 -1.226892
v 2.970633 15.165387 -1.226304
v 2.962422 15.167669 -1.230427
v 2.961259 15.167974 -1.228653
v 2.963473 15.166777 -1.232019
v 2.964308 15.165387 -1.233284
v 2.964839 15.163637 -1.234097
v 2.971367 15.163650 -1.226892
v 2.964839 15.163637 -1.234097
v 2.955352 15.167669 -1.234402
v 2.954731 15.167974 -1.232324
v 2.955894 15.166777 -1.236277
v 2.956334 15.165387 -1.237768
v 2.956617 15.163627 -1.238717
v 2.947152 15.167669 -1.235837
v 2.947005 15.167974 -1.233679
v 2.947299 15.166777 -1.237779
v 2.947401 15.165377 -1.239326
v 2.947480 15.163627 -1.240320
v 2.955352 15.167669 -0.508090
v 2.947152 15.167669 -0.506656
v 2.955894 15.166777 -0.506215
v 2.947299 15.166777 -0.504713
v 2.956334 15.165377 -0.504724
v 2.947401 15.165377 -0.503166
v 2.956617 15.163614 -0.503764
v 2.947480 15.163614 -0.502172
v 2.956718 15.161673 -0.503437
v 2.947502 15.161673 -0.501833
v 2.962422 15.167669 -0.512065
v 2.963473 15.166777 -0.510473
v 2.964308 15.165377 -0.509208
v 2.964839 15.163627 -0.508395
v 2.965031 15.161684 -0.508112
v 2.968046 15.167669 -0.518266
v 2.969481 15.166777 -0.517103
v 2.970633 15.165387 -0.516188
v 2.971367 15.163637 -0.515601
v 2.971367 15.163637 -0.515601
v 2.964839 15.163627 -0.508395
v 2.971649 15.167669 -0.526082
v 2.973344 15.166777 -0.525472
v 2.974699 15.165387 -0.524986
v 2.975557 15.163637 -0.524681
v 2.974699 15.165387 -0.524986
v 2.970633 15.165387 -0.516188
v 2.972948 15.167669 -0.535117
v 2.974710 15.166777 -0.534970
v 2.976111 15.165400 -0.534846
v 2.974710 15.166777 -0.534970
v 2.973344 15.166777 -0.525472
v 2.977003 15.163650 -0.534767
v 2.614491 15.166766 -1.207522
v 2.974710 15.166789 -1.207522
v 2.974710 15.166800 -1.170578
v 2.974710 15.166800 -1.170578
v 2.976111 15.165422 -1.167777
v 2.977003 15.163693 -1.165643
v 2.972948 15.167669 -0.553651
v 2.974710 15.166789 -0.556712
v 2.976111 15.165400 -0.559309
v 2.974710 15.166789 -0.556712
v 2.977003 15.163660 -0.561184
v 2.733860 13.504610 -0.989429
v 2.735023 13.511579 -0.986413
v 2.732403 13.495100 -0.929953
v 2.731160 13.487691 -0.931489
v 2.686831 13.622252 -1.131093
v 2.687520 13.626464 -1.124474
v 2.695008 13.677164 -1.152620
v 2.694522 13.674284 -1.159984
v 2.738242 13.532066 -1.042817
v 2.739292 13.538346 -1.038446
v 2.779850 14.072905 -0.990841
v 2.777975 14.065619 -0.987791
v 2.782098 14.082641 -0.930665
v 2.784097 14.090377 -0.932212
v 2.761678 14.005975 -0.650251
v 2.760413 14.000418 -0.655886
v 2.748508 13.954913 -0.618017
v 2.749378 13.959272 -0.611387
v 2.744149 13.569033 -1.089620
v 2.745030 13.574364 -1.084052
v 2.674554 13.539216 -0.697619
v 2.675570 13.545529 -0.702046
v 2.671561 13.518422 -0.754700
v 2.670443 13.511398 -0.751650
v 2.751332 13.614062 -1.128032
v 2.752021 13.618265 -1.121482
v 2.703139 13.732190 -1.169945
v 2.702868 13.730755 -1.177761
v 2.759532 13.665451 -1.156561
v 2.760006 13.668331 -1.149288
v 2.735927 13.903197 -0.589871
v 2.736424 13.906200 -0.582507
v 2.768432 13.721200 -1.174147
v 2.768691 13.722679 -1.166421
v 2.783453 14.088377 -0.871246
v 2.785486 14.096260 -0.871246
v 2.669098 13.501740 -0.811826
v 2.667901 13.494276 -0.810268
v 2.778777 13.779400 -1.180076
v 2.778845 13.779410 -1.172204
v 2.712559 13.789598 -1.175796
v 2.712468 13.789656 -1.183769
v 2.790885 13.837927 -1.174147
v 2.790693 13.836458 -1.166421
v 2.723684 13.847357 -0.572535
v 2.723842 13.848905 -0.564730
v 2.804167 13.894511 -1.156561
v 2.803625 13.891597 -1.149288
v 2.668263 13.496106 -0.871246
v 2.667054 13.488494 -0.871246
v 2.817731 13.946905 -1.128032
v 2.816794 13.942636 -1.121482
v 2.854053 14.076325 -0.810991
v 2.851953 14.068691 -0.812527
v 2.853432 14.074372 -0.871246
v 2.855556 14.082154 -0.871246
v 2.723684 13.847357 -1.169945
v 2.723842 13.848905 -1.177761
v 2.830573 13.993009 -1.089620
v 2.829251 13.987542 -1.084052
v 2.849513 14.059069 -0.753062
v 2.847559 14.051874 -0.756067
v 2.712559 13.789598 -0.566684
v 2.712468 13.789656 -0.558722
v 2.841528 14.030923 -1.042817
v 2.839834 14.024474 -1.038446
v 2.841528 14.030923 -0.699663
v 2.839834 14.024463 -0.704045
v 2.669098 13.501740 -0.930665
v 2.667901 13.494276 -0.932212
v 2.849513 14.059069 -0.989429
v 2.847559 14.051874 -0.986413
v 2.830573 13.993009 -0.652871
v 2.829251 13.987542 -0.658439
v 2.735927 13.903197 -1.152620
v 2.736424 13.906200 -1.159972
v 2.854053 14.076325 -0.931489
v 2.851953 14.068691 -0.929953
v 2.685532 13.581129 -1.086594
v 2.680957 13.582009 -1.086594
v 2.675570 13.545529 -1.040445
v 2.680144 13.544649 -1.040445
v 2.937563 14.001423 -1.033149
v 2.839834 14.024474 -1.038446
v 2.847559 14.051874 -0.986413
v 2.946169 14.027783 -0.982765
v 2.817731 13.946905 -0.614459
v 2.816794 13.942636 -0.621010
v 2.703139 13.732190 -0.572535
v 2.702868 13.730755 -0.564730
v 2.804167 13.894511 -0.585918
v 2.803625 13.891597 -0.593192
v 2.671561 13.518422 -0.987791
v 2.670443 13.511398 -0.990841
v 2.790885 13.837927 -0.568344
v 2.790693 13.836458 -0.576070
v 2.748508 13.954913 -1.124474
v 2.749378 13.959272 -1.131093
v 2.782098 14.082641 -0.811827
v 2.784097 14.090377 -0.810268
v 2.778777 13.779400 -0.562415
v 2.778845 13.779410 -0.570287
v 2.695008 13.677164 -0.589871
v 2.694522 13.674284 -0.582507
v 2.768432 13.721200 -0.568344
v 2.768691 13.722679 -0.576070
v 2.675570 13.545529 -1.040445
v 2.674554 13.539216 -1.044872
v 2.759532 13.665451 -0.585918
v 2.760006 13.668331 -0.593192
v 2.760413 14.000418 -1.086594
v 2.761678 14.005975 -1.092229
v 2.777975 14.065619 -0.754700
v 2.779850 14.072905 -0.751651
v 2.751332 13.614062 -0.614459
v 2.752021 13.618265 -0.621010
v 2.687520 13.626452 -0.618017
v 2.686831 13.622252 -0.611387
v 2.744149 13.569033 -0.652871
v 2.745030 13.574364 -0.658439
v 2.680957 13.582009 -1.086594
v 2.680088 13.576646 -1.092229
v 2.738242 13.532066 -0.699663
v 2.739292 13.538346 -0.704045
v 2.770555 14.037835 -1.040445
v 2.772181 14.044386 -1.044873
v 2.770555 14.037835 -0.702046
v 2.772181 14.044386 -0.697619
v 2.733860 13.504610 -0.753062
v 2.735023 13.511579 -0.756067
v 2.680957 13.582009 -0.655886
v 2.680088 13.576646 -0.650250
v 2.731160 13.487691 -0.810991
v 2.732403 13.495100 -0.812527
v 2.730257 13.481988 -0.871246
v 2.731511 13.489532 -0.871246
v 3.011755 13.814751 -1.090332
v 2.928392 13.860651 -1.127332
v 2.943481 13.907274 -1.101717
v 3.026461 13.854123 -1.068410
v 2.946169 14.027783 -0.759715
v 2.847559 14.051874 -0.756067
v 2.839834 14.024463 -0.704045
v 2.937563 14.001423 -0.709331
v 2.809735 13.489927 -0.814390
v 2.732403 13.495100 -0.812527
v 2.731511 13.489532 -0.871246
v 2.808628 13.484541 -0.871246
v 2.925829 13.965913 -1.077310
v 2.829251 13.987542 -1.084052
v 2.951263 14.044002 -0.814390
v 2.851953 14.068691 -0.812527
v 2.813044 13.505886 -0.759714
v 2.735023 13.511579 -0.756067
v 2.911914 13.922713 -1.113553
v 2.816794 13.942636 -1.121482
v 2.953003 14.049491 -0.871246
v 2.853432 14.074372 -0.871246
v 2.818420 13.531817 -0.709331
v 2.739292 13.538346 -0.704045
v 2.896927 13.873549 -1.140490
v 2.803625 13.891597 -1.149288
v 2.825660 13.566707 -0.665170
v 2.745030 13.574364 -0.658439
v 2.881950 13.820364 -1.157070
v 2.790693 13.836458 -1.166421
v 2.834469 13.609217 -0.628927
v 2.752021 13.618265 -0.621010
v 2.867900 13.765259 -1.162672
v 2.778845 13.779410 -1.172204
v 2.844532 13.657726 -0.602001
v 2.760006 13.668331 -0.593192
v 2.855476 13.710369 -1.157070
v 2.768691 13.722679 -1.166421
v 2.778845 13.779410 -1.172204
v 2.867900 13.765259 -1.162672
v 2.855476 13.710358 -0.585410
v 2.768691 13.722679 -0.576070
v 2.844532 13.657726 -1.140490
v 2.760006 13.668331 -1.149288
v 2.867900 13.765259 -0.579819
v 2.778845 13.779410 -0.570287
v 2.834469 13.609217 -1.113553
v 2.752021 13.618265 -1.121482
v 2.881950 13.820364 -0.585410
v 2.790693 13.836458 -0.576070
v 2.825660 13.566707 -1.077309
v 2.745030 13.574364 -1.084052
v 2.896927 13.873549 -0.602001
v 2.803625 13.891597 -0.593192
v 2.790693 13.836458 -0.576070
v 2.881950 13.820364 -0.585410
v 2.818420 13.531817 -1.033149
v 2.739292 13.538346 -1.038446
v 2.911914 13.922713 -0.628927
v 2.816794 13.942636 -0.621010
v 2.813044 13.505886 -0.982765
v 2.735023 13.511579 -0.986413
v 2.951263 14.044002 -0.928101
v 2.851953 14.068691 -0.929953
v 2.853432 14.074372 -0.871246
v 2.953003 14.049491 -0.871246
v 2.925829 13.965913 -0.665170
v 2.829251 13.987542 -0.658439
v 2.809735 13.489927 -0.928101
v 2.732403 13.495100 -0.929953
v 2.808628 13.484541 -0.871246
v 2.731511 13.489532 -0.871246
v 3.061710 13.658122 -1.041654
v 2.968600 13.682936 -1.103817
v 2.982085 13.727355 -1.108380
v 3.072677 13.689645 -1.044985
v 2.934559 13.566943 -0.703559
v 2.854358 13.568943 -0.675233
v 2.846769 13.535737 -0.717248
v 2.926326 13.538877 -0.739498
v 2.996666 13.771912 -1.103817
v 2.913157 13.810177 -1.143110
v 2.944622 13.601211 -0.674070
v 2.863631 13.609399 -0.640763
v 2.898700 13.757839 -1.148441
v 2.913157 13.810177 -1.143110
v 2.996666 13.771912 -1.103817
v 2.956120 13.640390 -0.652159
v 2.874214 13.655559 -0.615148
v 2.885723 13.705647 -1.143110
v 2.968600 13.682936 -0.638663
v 2.885723 13.705647 -0.599381
v 2.956120 13.640390 -1.090332
v 2.874214 13.655559 -1.127332
v 2.982085 13.727355 -0.634111
v 2.898700 13.757839 -0.594050
v 2.944622 13.601221 -1.068410
v 2.863631 13.609399 -1.101717
v 2.996666 13.771912 -0.638663
v 2.913157 13.810177 -0.599381
v 2.934559 13.566943 -1.038920
v 2.854358 13.568943 -1.067246
v 3.011755 13.814751 -0.652159
v 2.928392 13.860651 -0.615148
v 2.913157 13.810177 -0.599381
v 2.996666 13.771912 -0.638663
v 2.926326 13.538877 -1.002993
v 2.846769 13.535737 -1.025243
v 3.026461 13.854123 -0.674070
v 2.943481 13.907274 -0.640763
v 2.920283 13.517869 -0.961995
v 2.841122 13.511070 -0.977321
v 3.123625 13.753389 -0.988774
v 3.106876 13.778710 -1.015711
v 3.116928 13.802858 -0.994093
v 3.131497 13.773030 -0.971200
v 3.039810 13.888626 -0.703560
v 2.957385 13.948215 -0.675233
v 2.916567 13.504881 -0.917507
v 2.837654 13.495880 -0.925323
v 3.195999 13.978733 -0.826950
v 3.150754 13.809895 -0.836459
v 3.151714 13.812300 -0.871246
v 3.196948 13.978304 -0.871246
v 3.050890 13.916907 -0.739498
v 2.969029 13.981850 -0.717248
v 2.915314 13.500500 -0.871246
v 2.836480 13.490741 -0.871246
v 2.969029 13.981850 -1.025243
v 2.963280 14.016704 -0.979829
v 2.974032 13.996476 -0.997482
v 3.211111 14.119210 -0.958121
v 3.176652 13.988320 -0.958121
v 3.166397 13.993483 -0.958121
v 3.200867 14.120770 -0.958121
v 2.916567 13.504881 -0.824984
v 2.837654 13.495880 -0.817169
v 2.836480 13.490741 -0.871246
v 2.915314 13.500500 -0.871246
v 3.039810 13.888626 -1.038920
v 2.957385 13.948215 -1.067246
v 3.050890 13.916907 -1.002993
v 3.016872 14.058447 -0.871246
v 2.984514 14.027411 -0.871246
v 2.982786 14.022226 -0.800577
v 3.015257 14.058877 -0.800577
v 2.920283 13.517869 -0.780496
v 2.841122 13.511070 -0.765170
v 2.982786 14.022226 -0.941903
v 2.979872 14.013485 -0.980089
v 3.087472 13.656021 -0.732620
v 3.061710 13.658122 -0.700837
v 3.051218 13.627718 -0.710720
v 3.078810 13.631580 -0.740672
v 3.051218 13.627718 -1.031760
v 3.072677 13.689645 -0.697494
v 3.041595 13.599651 -1.015711
v 3.084140 13.721031 -0.700838
v 3.033203 13.574973 -0.994093
v 3.095751 13.751096 -0.710720
v 3.011755 13.814751 -0.652159
v 3.026325 13.554678 -0.967766
v 3.106876 13.778710 -0.726781
v 3.026461 13.854123 -0.674070
v 3.011755 13.814751 -0.652159
v 3.095751 13.751096 -0.710720
v 3.021197 13.539657 -0.937735
v 3.144135 13.789882 -0.910154
v 3.144655 13.791203 -0.903976
v 3.145514 13.793462 -0.871246
v 3.144655 13.791203 -0.838515
v 3.144135 13.789882 -0.832325
v 3.132706 13.761612 -0.785420
v 3.132085 13.760053 -0.783354
v 3.125285 13.742784 -0.767892
v 3.117684 13.723075 -0.756417
v 3.109677 13.701694 -0.749335
v 3.101624 13.679457 -0.746952
v 3.093707 13.657218 -0.749335
v 3.086094 13.635794 -0.756417
v 3.079081 13.616006 -0.767892
v 3.072925 13.598647 -0.783353
v 3.067877 13.584370 -0.802192
v 3.064127 13.573743 -0.823674
v 3.061823 13.567204 -0.846997
v 3.061055 13.564978 -0.871246
v 3.061823 13.567204 -0.895494
v 3.064127 13.573743 -0.918806
v 3.067877 13.584370 -0.940299
v 3.072925 13.598647 -0.959138
v 3.079081 13.616006 -0.974588
v 3.086094 13.635794 -0.986074
v 3.093707 13.657218 -0.993145
v 3.101624 13.679457 -0.995539
v 3.109677 13.701694 -0.993145
v 3.117684 13.723075 -0.986074
v 3.125285 13.742784 -0.974588
v 3.132085 13.760053 -0.959138
v 3.132706 13.761612 -0.957060
v 3.116928 13.802858 -0.748386
v 3.039810 13.888626 -0.703560
v 3.018069 13.530373 -0.905140
v 3.166397 13.993483 -0.958121
v 3.131610 13.837419 -0.958121
v 3.059158 13.937745 -0.989824
v 3.091075 14.030099 -0.989824
v 3.125308 13.822680 -0.774713
v 3.050890 13.916907 -0.739498
v 3.017030 13.527187 -0.871246
v 3.125308 13.822680 -0.967766
v 3.059158 13.937745 -0.989824
v 3.131610 13.837419 -0.958121
v 3.131610 13.837419 -0.784370
v 3.059158 13.937745 -0.752667
v 3.125308 13.822680 -0.774713
v 3.018069 13.530373 -0.837351
v 3.017030 13.527187 -0.871246
v 3.116928 13.802858 -0.994093
v 3.039810 13.888626 -1.038920
v 3.050890 13.916907 -1.002993
v 3.125308 13.822680 -0.967766
v 3.015257 14.058877 -0.941903
v 2.982786 14.022226 -0.941903
v 3.021197 13.539657 -0.804756
v 3.106876 13.778710 -1.015711
v 3.116928 13.802858 -0.994093
v 2.991437 13.996589 -1.006608
v 3.026325 13.554678 -0.774713
v 3.095751 13.751096 -1.031760
v 3.033203 13.574973 -0.748386
v 3.084140 13.721031 -1.041654
v 3.041595 13.599651 -0.726780
v 3.084140 13.721031 -1.041654
v 3.137032 13.818263 -0.967766
v 3.125308 13.822680 -0.967766
v 3.131610 13.837419 -0.958121
v 3.143300 13.832992 -0.958121
v 3.078810 13.631580 -1.001819
v 3.087472 13.656021 -1.009860
v 3.096474 13.681366 -0.729898
v 3.070847 13.609026 -0.988751
v 3.105656 13.706654 -0.732608
v 3.084140 13.721031 -0.700838
v 3.072677 13.689645 -0.697494
v 3.096474 13.681366 -0.729898
v 3.063867 13.589215 -0.971166
v 3.114861 13.730981 -0.740650
v 3.058175 13.572896 -0.949752
v 3.123625 13.753389 -0.753706
v 3.053951 13.560777 -0.925323
v 3.131497 13.773030 -0.771291
v 3.051353 13.553311 -0.898815
v 3.150754 13.809895 -0.906032
v 3.195999 13.978733 -0.915531
v 3.137032 13.818263 -0.774713
v 3.125308 13.822680 -0.774713
v 3.116928 13.802858 -0.748386
v 3.131497 13.773030 -0.771291
v 3.138669 13.777931 -0.775515
v 3.147795 13.804575 -0.763645
v 3.144328 13.812943 -0.771754
v 3.050483 13.550758 -0.871246
v 3.027895 14.054630 -0.736889
v 2.991437 13.996589 -0.735884
v 3.059158 13.937745 -0.752667
v 3.091075 14.030099 -0.752667
v 3.143300 13.832992 -0.784370
v 3.131610 13.837419 -0.784370
v 3.051353 13.553311 -0.843676
v 3.050483 13.550758 -0.871246
v 3.114861 13.730981 -1.001841
v 3.095751 13.751096 -1.031760
v 3.166397 13.993483 -0.784370
v 3.131610 13.837419 -0.784370
v 3.143300 13.832992 -0.784370
v 3.176652 13.988320 -0.784370
v 3.053951 13.560777 -0.817169
v 3.195310 13.979128 -0.815305
v 3.149613 13.806913 -0.823234
v 3.058175 13.572896 -0.792739
v 3.131497 13.773030 -0.971200
v 3.116928 13.802858 -0.994093
v 3.144328 13.812943 -0.970737
v 3.147795 13.804575 -0.978835
v 3.138681 13.777931 -0.966965
v 2.963280 14.016704 -0.762651
v 2.974032 13.996476 -0.744998
v 3.063867 13.589215 -0.771314
v 3.105656 13.706654 -1.009883
v 3.084140 13.721031 -1.041654
v 3.070847 13.609026 -0.753740
v 3.096474 13.681366 -1.012593
v 3.072677 13.689645 -1.044985
v 3.087472 13.656021 -1.009860
v 3.061710 13.658122 -1.041654
v 2.984514 14.027411 -0.871246
v 2.982786 14.022226 -0.800577
v 2.991437 13.996589 -0.735884
v 2.979872 14.013485 -0.762403
v 3.012659 14.059486 -0.762278
v 3.012659 14.059486 -0.980213
v 2.979872 14.013485 -0.980089
v 2.991437 13.996589 -1.006608
v 3.027895 14.054630 -1.005591
v 2.984514 14.027411 -0.871246
v 2.881950 13.820364 -1.157070
v 3.036061 14.139078 -0.941903
v 3.016872 14.058447 -0.871246
v 3.037495 14.139246 -0.871246
v 3.231316 14.116805 -0.815124
v 3.232163 14.116737 -0.826950
v 3.051557 14.138105 -0.737137
v 3.118870 14.132945 -0.752667
v 3.233168 14.116692 -0.871246
v 3.232163 14.116737 -0.915531
v 3.118870 14.132945 -0.989824
v 3.051557 14.138105 -1.005343
v 3.272619 14.300902 -0.915531
v 3.231316 14.116805 -0.927367
v 3.271648 14.300959 -0.927548
v 3.195310 13.979128 -0.927175
v 3.036061 14.139078 -0.800577
v 3.200867 14.120770 -0.784370
v 3.200867 14.120770 -0.958121
v 3.033621 14.138942 -0.762301
v 3.192125 13.980687 -0.942648
v 3.149613 13.806913 -0.919258
v 3.159101 13.830969 -0.942433
v 2.979872 14.013485 -0.762403
v 3.072293 14.317945 -0.736641
v 3.151274 14.309790 -0.752667
v 3.273771 14.300823 -0.871246
v 3.151274 14.309790 -0.989824
v 3.072293 14.317945 -1.005839
v 3.260738 14.429678 -0.958121
v 3.251499 14.302223 -0.958121
v 3.238330 14.303047 -0.958121
v 3.246157 14.429678 -0.958121
v 3.271648 14.300959 -0.814944
v 3.272619 14.300902 -0.826950
v 3.057610 14.319842 -0.871246
v 3.056582 14.319571 -0.800577
v 3.238330 14.303047 -0.784370
v 3.238330 14.303047 -0.958121
v 3.053782 14.319549 -0.762245
v 3.053782 14.319549 -0.980236
v 3.033621 14.138942 -0.980179
v 3.056582 14.319571 -0.941903
v 3.211111 14.119210 -0.784370
v 3.251499 14.302223 -0.784370
v 3.067639 14.430210 -0.941903
v 3.069176 14.430458 -0.871246
v 3.281113 14.429678 -0.814887
v 3.282129 14.429678 -0.826950
v 3.080549 14.429735 -0.736471
v 3.156300 14.429678 -0.752667
v 3.283349 14.429678 -0.871246
v 3.282129 14.429678 -0.915531
v 3.156300 14.429678 -0.989824
v 3.151274 14.309790 -0.989824
v 3.072293 14.317945 -1.005839
v 3.080549 14.429735 -1.006020
v 3.281113 14.429678 -0.927604
v 3.067639 14.430210 -0.800577
v 3.246157 14.429678 -0.784370
v 3.246157 14.429678 -0.958121
v 3.156300 14.429678 -0.989824
v 3.064466 14.430164 -0.762222
v 3.260738 14.429678 -0.784370
v 3.064466 14.430164 -0.980269
v 2.963280 14.016704 -0.979829
v 2.979872 14.013485 -0.980089
v 2.980594 14.008821 -0.994534
v 2.984852 14.002699 -1.004236
v 2.991437 13.996589 -1.006608
v 2.974032 13.996476 -0.997482
v 2.974032 13.996476 -0.744998
v 2.991437 13.996589 -0.735884
v 2.984852 14.002699 -0.738244
v 2.980594 14.008821 -0.747957
v 2.979872 14.013485 -0.762403
v 2.963280 14.016704 -0.762651
v 3.185303 13.984030 -0.788515
v 3.151985 13.830801 -0.788571
v 3.192125 13.980687 -0.799832
v 3.185303 13.984030 -0.788515
v 3.151985 13.830801 -0.788571
v 3.159101 13.830969 -0.800058
v 3.138681 13.777931 -0.966965
v 3.147795 13.804575 -0.978835
v 3.185303 13.984030 -0.953976
v 3.159101 13.830969 -0.942433
v 3.151985 13.830801 -0.953920
v 3.176652 13.988320 -0.958121
v 3.185303 13.984030 -0.953976
v 3.151985 13.830801 -0.953920
v 3.143300 13.832992 -0.958121
v 3.151985 13.830801 -0.953920
v 3.159101 13.830969 -0.942433
v 3.159101 13.830969 -0.800058
v 3.147795 13.804575 -0.763645
v 3.138669 13.777931 -0.775515
v 3.151985 13.830801 -0.788571
v 3.159101 13.830969 -0.800058
v 2.984852 14.002699 -0.738244
v 2.991437 13.996589 -0.735884
v 3.027895 14.054630 -0.736889
v 3.019492 14.057364 -0.738741
v 2.980594 14.008821 -0.747957
v 2.984852 14.002699 -0.738244
v 3.019492 14.057364 -0.738741
v 3.013890 14.059103 -0.748025
v 3.019492 14.057364 -1.003750
v 3.027895 14.054630 -1.005591
v 2.991437 13.996589 -1.006608
v 2.984852 14.002699 -1.004236
v 3.013890 14.059103 -0.994455
v 3.019492 14.057364 -1.003750
v 2.984852 14.002699 -1.004236
v 2.980594 14.008821 -0.994534
v 3.042001 14.138422 -1.003626
v 3.051557 14.138105 -1.005343
v 3.035530 14.138615 -0.994410
v 3.042001 14.138422 -1.003626
v 3.227905 14.117144 -0.799742
v 3.220553 14.117968 -0.788481
v 3.220553 14.117968 -0.788481
v 3.227905 14.117144 -0.942750
v 3.220553 14.117968 -0.953999
v 3.211111 14.119210 -0.958121
v 3.220553 14.117968 -0.953999
v 3.035530 14.138615 -0.748070
v 3.042001 14.138422 -0.738866
v 3.042001 14.138422 -0.738866
v 3.019492 14.057364 -0.738741
v 3.268045 14.301184 -0.942829
v 3.260670 14.301647 -0.954021
v 3.251499 14.302223 -0.958121
v 3.260670 14.301647 -0.954021
v 3.055634 14.319301 -0.747980
v 3.062455 14.318712 -0.738606
v 3.062455 14.318712 -0.738606
v 3.055634 14.319301 -0.994511
v 3.062455 14.318712 -1.003886
v 3.062455 14.318712 -1.003886
v 3.260670 14.301647 -0.788459
v 3.268045 14.301184 -0.799651
v 3.260670 14.301647 -0.788459
v 3.071717 14.429871 -1.003976
v 3.065799 14.430040 -0.994545
v 3.071717 14.429871 -1.003976
v 3.277442 14.429678 -0.799629
v 3.269976 14.429678 -0.788459
v 3.269976 14.429678 -0.788459
v 3.277442 14.429678 -0.942863
v 3.269976 14.429678 -0.954033
v 3.260738 14.429678 -0.958121
v 3.269976 14.429678 -0.954033
v 3.065799 14.430040 -0.747946
v 3.071717 14.429871 -0.738515
v 3.071717 14.429871 -0.738515
v 3.143300 13.832992 -0.958121
v 2.784097 14.090377 -0.932212
v 2.785486 14.096260 -0.871246
v 2.807860 14.089993 -0.871246
v 2.806459 14.084142 -0.931738
v 2.779850 14.072905 -0.990841
v 2.802179 14.066806 -0.989915
v 2.772181 14.044386 -1.044873
v 2.794510 14.038502 -1.043529
v 2.761678 14.005975 -1.092229
v 2.784006 14.000383 -1.090524
v 2.749378 13.959272 -1.131093
v 2.771696 13.954033 -1.129083
v 2.736424 13.906200 -1.159972
v 2.758707 13.901355 -1.157747
v 2.723842 13.848905 -1.177761
v 2.746103 13.844489 -1.175389
v 2.712468 13.789656 -1.183769
v 2.734662 13.785690 -1.181352
v 2.702868 13.730755 -1.177761
v 2.712468 13.789656 -1.183769
v 2.734662 13.785690 -1.181352
v 2.724994 13.727232 -1.175389
v 2.694522 13.674284 -1.159984
v 2.716659 13.671211 -1.157747
v 2.686831 13.622252 -1.131093
v 2.708978 13.619586 -1.129083
v 2.680088 13.576646 -1.092229
v 2.702247 13.574341 -1.090524
v 2.674554 13.539216 -1.044872
v 2.696724 13.537206 -1.043528
v 2.670443 13.511398 -0.990841
v 2.692613 13.509613 -0.989914
v 2.667901 13.494276 -0.932212
v 2.690083 13.492615 -0.931738
v 2.667054 13.488494 -0.871246
v 2.689236 13.486878 -0.871246
v 2.667901 13.494276 -0.810268
v 2.667054 13.488494 -0.871246
v 2.689236 13.486878 -0.871246
v 2.690083 13.492615 -0.810742
v 2.670443 13.511398 -0.751650
v 2.692613 13.509613 -0.752577
v 2.674554 13.539216 -0.697619
v 2.696724 13.537206 -0.698963
v 2.680088 13.576646 -0.650250
v 2.702247 13.574341 -0.651967
v 2.686831 13.622252 -0.611387
v 2.708978 13.619586 -0.613397
v 2.694522 13.674284 -0.582507
v 2.716659 13.671211 -0.584744
v 2.702868 13.730755 -0.564730
v 2.724994 13.727232 -0.567102
v 2.712468 13.789656 -0.558722
v 2.734662 13.785690 -0.561139
v 2.723842 13.848905 -0.564730
v 2.746103 13.844489 -0.567102
v 2.736424 13.906200 -0.582507
v 2.723842 13.848905 -0.564730
v 2.746103 13.844489 -0.567102
v 2.758707 13.901355 -0.584744
v 2.749378 13.959272 -0.611387
v 2.771696 13.954033 -0.613397
v 2.761678 14.005975 -0.650251
v 2.784006 14.000383 -0.651967
v 2.772181 14.044386 -0.697619
v 2.794510 14.038502 -0.698963
v 2.779850 14.072905 -0.751651
v 2.802179 14.066806 -0.752577
v 2.778777 13.779400 -0.562415
v 2.768432 13.721200 -0.568344
v 2.784097 14.090377 -0.810268
v 2.806459 14.084142 -0.810742
v 2.785486 14.096260 -0.871246
v 2.807860 14.089993 -0.871246
v 2.849513 14.059069 -0.989429
v 2.854053 14.076325 -0.931489
v 2.751332 13.614062 -1.128032
v 2.759532 13.665451 -1.156561
v 2.744149 13.569033 -0.652871
v 2.738242 13.532066 -0.699663
v 2.841528 14.030923 -0.699663
v 2.830573 13.993009 -0.652871
v 2.790885 13.837927 -1.174147
v 2.804167 13.894511 -1.156561
v 2.730257 13.481988 -0.871246
v 2.731160 13.487691 -0.931489
v 2.790885 13.837927 -0.568344
v 2.734662 13.785690 -0.561139
v 2.778777 13.779400 -0.562415
v 2.841528 14.030923 -1.042817
v 2.744149 13.569033 -1.089620
v 2.751332 13.614062 -0.614459
v 2.849513 14.059069 -0.753062
v 2.778777 13.779400 -1.180076
v 2.731160 13.487691 -0.810991
v 2.730257 13.481988 -0.871246
v 2.804167 13.894511 -0.585918
v 2.830573 13.993009 -1.089620
v 2.738242 13.532066 -1.042817
v 2.759532 13.665451 -0.585918
v 2.854053 14.076325 -0.810991
v 2.768432 13.721200 -1.174147
v 2.778777 13.779400 -1.180076
v 2.733860 13.504610 -0.753062
v 2.817731 13.946905 -0.614459
v 2.817731 13.946905 -1.128032
v 2.733860 13.504610 -0.989429
v 2.855556 14.082154 -0.871246
v 2.855556 14.082154 -0.871246
v 2.786773 14.081781 -0.811827
v 2.788129 14.087530 -0.871246
v 2.786773 14.081781 -0.930665
v 2.782640 14.064761 -0.987791
v 2.775208 14.036978 -1.040445
v 2.765055 13.999559 -1.086594
v 2.753128 13.954043 -1.124474
v 2.740535 13.902328 -1.152620
v 2.728269 13.846487 -1.169945
v 2.717144 13.788729 -1.175796
v 2.707702 13.731308 -1.169945
v 2.699570 13.676283 -1.152620
v 2.692094 13.625571 -1.124474
v 2.685532 13.581129 -1.086594
v 2.680144 13.544649 -1.040445
v 2.676146 13.517542 -0.987791
v 2.673684 13.500850 -0.930665
v 2.672848 13.495214 -0.871246
v 2.673684 13.500850 -0.811826
v 2.676146 13.517542 -0.754700
v 2.680144 13.544649 -0.702046
v 2.685532 13.581129 -0.655886
v 2.692094 13.625571 -0.618017
v 2.699570 13.676283 -0.589871
v 2.707702 13.731308 -0.572535
v 2.717144 13.788729 -0.566684
v 2.728269 13.846477 -0.572535
v 2.740535 13.902328 -0.589871
v 2.753128 13.954043 -0.618017
v 2.765055 13.999559 -0.655886
v 2.775208 14.036978 -0.702046
v 2.782640 14.064761 -0.754700
v 2.680144 13.544649 -0.702046
v 2.675570 13.545529 -0.702046
v 2.680957 13.582009 -0.655886
v 2.685532 13.581129 -0.655886
v 2.765055 13.999559 -0.655886
v 2.760413 14.000418 -0.655886
v 2.770555 14.037835 -0.702046
v 2.775208 14.036978 -0.702046
v 2.671561 13.518422 -0.987791
v 2.676146 13.517542 -0.987791
v 2.788129 14.087530 -0.871246
v 2.783453 14.088377 -0.871246
v 2.782098 14.082641 -0.930665
v 2.786773 14.081781 -0.930665
v 2.669098 13.501740 -0.930665
v 2.673684 13.500850 -0.930665
v 2.717144 13.788729 -0.566684
v 2.712559 13.789598 -0.566684
v 2.723684 13.847357 -0.572535
v 2.728269 13.846477 -0.572535
v 2.777975 14.065619 -0.987791
v 2.782640 14.064761 -0.987791
v 2.668263 13.496106 -0.871246
v 2.672848 13.495214 -0.871246
v 2.770555 14.037835 -1.040445
v 2.775208 14.036978 -1.040445
v 2.687520 13.626452 -0.618017
v 2.692094 13.625571 -0.618017
v 2.777975 14.065619 -0.754700
v 2.782640 14.064761 -0.754700
v 2.760413 14.000418 -1.086594
v 2.765055 13.999559 -1.086594
v 2.672848 13.495214 -0.871246
v 2.668263 13.496106 -0.871246
v 2.669098 13.501740 -0.811826
v 2.673684 13.500850 -0.811826
v 2.735927 13.903197 -0.589871
v 2.740535 13.902328 -0.589871
v 2.748508 13.954913 -1.124474
v 2.753128 13.954043 -1.124474
v 2.735927 13.903197 -1.152620
v 2.740535 13.902328 -1.152620
v 2.695008 13.677164 -0.589871
v 2.699570 13.676283 -0.589871
v 2.782098 14.082641 -0.811827
v 2.786773 14.081781 -0.811827
v 2.723684 13.847357 -1.169945
v 2.728269 13.846487 -1.169945
v 2.671561 13.518422 -0.754700
v 2.676146 13.517542 -0.754700
v 2.748508 13.954913 -0.618017
v 2.753128 13.954043 -0.618017
v 2.712559 13.789598 -1.175796
v 2.717144 13.788729 -1.175796
v 2.717144 13.788729 -1.175796
v 2.712559 13.789598 -1.175796
v 2.703139 13.732190 -1.169945
v 2.707702 13.731308 -1.169945
v 2.703139 13.732190 -0.572535
v 2.707702 13.731308 -0.572535
v 2.783453 14.088377 -0.871246
v 2.788129 14.087530 -0.871246
v 2.695008 13.677164 -1.152620
v 2.699570 13.676283 -1.152620
v 2.687520 13.626464 -1.124474
v 2.692094 13.625571 -1.124474
v 2.712559 13.789598 -0.566684
v 2.717144 13.788729 -0.566684
v 3.078810 13.631580 -1.001819
v 3.070847 13.609026 -0.988751
v 3.063867 13.589215 -0.971166
v 3.058175 13.572896 -0.949752
v 3.053951 13.560777 -0.925323
v 3.051353 13.553311 -0.898815
v 3.050483 13.550758 -0.871246
v 3.051353 13.553311 -0.843676
v 3.053951 13.560777 -0.817169
v 3.058175 13.572896 -0.792739
v 3.063867 13.589215 -0.771314
v 3.070847 13.609026 -0.753740
v 3.078810 13.631580 -0.740672
v 3.087472 13.656021 -0.732620
v 2.715687 15.443927 -0.753063
v 2.716704 15.436936 -0.756067
v 2.714422 15.453472 -0.812527
v 2.713350 15.460902 -0.810991
v 2.664886 15.326941 -0.611387
v 2.665462 15.322718 -0.618017
v 2.672498 15.271690 -0.589872
v 2.671978 15.274604 -0.582508
v 2.719494 15.416380 -0.699663
v 2.720397 15.410089 -0.704046
v 2.757149 14.872121 -0.751651
v 2.755500 14.879417 -0.754700
v 2.758978 14.862363 -0.811827
v 2.760706 14.854627 -0.810268
v 2.740648 14.939425 -1.092230
v 2.739530 14.944991 -1.086594
v 2.728201 14.990857 -1.124475
v 2.728969 14.986498 -1.131093
v 2.724621 15.379302 -0.652871
v 2.725378 15.373960 -0.658439
v 2.654518 15.410236 -1.044873
v 2.655376 15.403900 -1.040446
v 2.651999 15.431086 -0.987792
v 2.651050 15.438145 -0.990841
v 2.730890 15.334113 -0.614459
v 2.731533 15.329901 -0.621010
v 2.681341 15.216043 -0.572535
v 2.680946 15.217546 -0.564719
v 2.738886 15.282386 -0.585919
v 2.739439 15.279449 -0.593192
v 2.715891 15.043059 -1.152620
v 2.716309 15.040067 -1.159984
v 2.748847 15.225971 -0.568345
v 2.749243 15.224445 -0.576070
v 2.760096 14.856613 -0.871246
v 2.761847 14.848730 -0.871246
v 2.649921 15.447824 -0.930665
v 2.648916 15.455323 -0.932213
v 2.760548 15.167037 -0.562415
v 2.760729 15.166992 -0.570287
v 2.691800 15.157911 -0.566685
v 2.691619 15.157901 -0.558722
v 2.773582 15.107810 -0.568345
v 2.773480 15.109266 -0.576070
v 2.703501 15.099486 -1.169946
v 2.703603 15.097960 -1.177761
v 2.787316 15.050628 -0.585919
v 2.786864 15.053530 -0.593192
v 2.649220 15.453483 -0.871246
v 2.648193 15.461128 -0.871246
v 2.800903 14.997713 -0.614459
v 2.800067 15.001993 -0.621010
v 2.835124 14.867468 -0.931490
v 2.833227 14.875102 -0.929954
v 2.834514 14.869411 -0.871246
v 2.836423 14.861629 -0.871246
v 2.703501 15.099486 -0.572535
v 2.703603 15.097960 -0.564719
v 2.813406 14.951238 -0.652871
v 2.812208 14.956704 -0.658439
v 2.831149 14.884770 -0.989429
v 2.829364 14.891966 -0.986414
v 2.691800 15.157911 -1.175796
v 2.691619 15.157901 -1.183770
v 2.823819 14.913052 -0.699663
v 2.822271 14.919511 -0.704046
v 2.823819 14.913052 -1.042817
v 2.822271 14.919511 -1.038446
v 2.649921 15.447824 -0.811827
v 2.648916 15.455323 -0.810268
v 2.831149 14.884770 -0.753063
v 2.829364 14.891966 -0.756067
v 2.813406 14.951238 -1.089621
v 2.812208 14.956704 -1.084053
v 2.715891 15.043059 -0.589872
v 2.716309 15.040067 -0.582508
v 2.835124 14.867468 -0.810991
v 2.833227 14.875102 -0.812527
v 2.664502 15.368074 -0.655887
v 2.659916 15.367308 -0.655887
v 2.655376 15.403900 -0.702047
v 2.659961 15.404668 -0.702047
v 2.932052 14.943895 -0.709331
v 2.822271 14.919511 -0.704046
v 2.829364 14.891966 -0.756067
v 2.940534 14.917388 -0.759715
v 2.800903 14.997725 -1.128033
v 2.800067 15.001993 -1.121482
v 2.681341 15.216043 -1.169946
v 2.680946 15.217546 -1.177761
v 2.787316 15.050628 -1.156562
v 2.786864 15.053530 -1.149288
v 2.651999 15.431086 -0.754700
v 2.651050 15.438145 -0.751651
v 2.773582 15.107810 -1.174136
v 2.773480 15.109266 -1.166422
v 2.728201 14.990857 -0.618017
v 2.728969 14.986498 -0.611387
v 2.758978 14.862363 -0.930665
v 2.760706 14.854627 -0.932212
v 2.760548 15.167037 -1.180077
v 2.760729 15.166992 -1.172204
v 2.672498 15.271690 -1.152620
v 2.671978 15.274604 -1.159973
v 2.748847 15.225971 -1.174136
v 2.749243 15.224445 -1.166422
v 2.655376 15.403900 -0.702047
v 2.654518 15.410236 -0.697619
v 2.738886 15.282386 -1.156562
v 2.739439 15.279449 -1.149289
v 2.739530 14.944991 -0.655887
v 2.740648 14.939425 -0.650251
v 2.755500 14.879417 -0.987792
v 2.757149 14.872121 -0.990841
v 2.730890 15.334125 -1.128033
v 2.731533 15.329901 -1.121482
v 2.665462 15.322718 -1.124475
v 2.664886 15.326941 -1.131093
v 2.724621 15.379302 -1.089621
v 2.725378 15.373960 -1.084053
v 2.659916 15.367308 -0.655887
v 2.659194 15.372694 -0.650251
v 2.719494 15.416380 -1.042817
v 2.720397 15.410089 -1.038446
v 2.748893 14.907325 -0.702046
v 2.750327 14.900763 -0.697619
v 2.748893 14.907325 -1.040445
v 2.750327 14.900763 -1.044873
v 2.715687 15.443927 -0.989429
v 2.716704 15.436936 -0.986414
v 2.659916 15.367308 -1.086594
v 2.659194 15.372694 -1.092230
v 2.713350 15.460902 -0.931490
v 2.714422 15.453472 -0.929954
v 2.712559 15.466629 -0.871246
v 2.713655 15.459051 -0.871246
v 3.018013 15.138067 -0.652160
v 2.925411 15.086882 -0.615148
v 2.941742 15.039908 -0.640764
v 3.034401 15.098660 -0.674071
v 2.940534 14.917388 -0.982766
v 2.829364 14.891966 -0.986414
v 2.822271 14.919511 -1.038446
v 2.932052 14.943895 -1.033149
v 2.795628 15.459129 -0.928102
v 2.714422 15.453472 -0.929954
v 2.713655 15.459051 -0.871246
v 2.794566 15.464528 -0.871246
v 2.920193 14.979631 -0.665171
v 2.812208 14.956704 -0.658439
v 2.945458 14.901125 -0.928101
v 2.833227 14.875102 -0.929954
v 2.798791 15.443126 -0.982766
v 2.716704 15.436936 -0.986414
v 2.905770 15.023160 -0.628927
v 2.800067 15.001993 -0.621010
v 2.947163 14.895624 -0.871246
v 2.834514 14.869411 -0.871246
v 2.803918 15.417126 -1.033149
v 2.720397 15.410089 -1.038446
v 2.889856 15.072742 -0.602002
v 2.786864 15.053530 -0.593192
v 2.810819 15.382149 -1.077310
v 2.725378 15.373960 -1.084053
v 2.873491 15.126411 -0.585410
v 2.773480 15.109266 -0.576070
v 2.819391 15.339490 -1.113553
v 2.731533 15.329901 -1.121482
v 2.857611 15.182058 -0.579820
v 2.760729 15.166992 -0.570287
v 2.830121 15.290665 -1.140490
v 2.739439 15.279449 -1.149289
v 2.842974 15.237514 -0.585410
v 2.749243 15.224445 -0.576070
v 2.760729 15.166992 -0.570287
v 2.857611 15.182058 -0.579820
v 2.842974 15.237514 -1.157070
v 2.749243 15.224445 -1.166422
v 2.830121 15.290665 -0.602002
v 2.739439 15.279449 -0.593192
v 2.857611 15.182058 -1.162672
v 2.760729 15.166992 -1.172204
v 2.819391 15.339490 -0.628927
v 2.731533 15.329901 -0.621010
v 2.873491 15.126411 -1.157070
v 2.773480 15.109266 -1.166422
v 2.760729 15.166992 -1.172204
v 2.857611 15.182058 -1.162672
v 2.810819 15.382149 -0.665171
v 2.725378 15.373960 -0.658439
v 2.889856 15.072742 -1.140490
v 2.786864 15.053530 -1.149288
v 2.803918 15.417126 -0.709331
v 2.720397 15.410089 -0.704046
v 2.905770 15.023160 -1.113553
v 2.800067 15.001993 -1.121482
v 2.798791 15.443126 -0.759715
v 2.716704 15.436936 -0.756067
v 2.945458 14.901125 -0.814391
v 2.833227 14.875102 -0.812527
v 2.834514 14.869411 -0.871246
v 2.947163 14.895624 -0.871246
v 2.920193 14.979631 -1.077310
v 2.812208 14.956704 -1.084053
v 2.795628 15.459129 -0.814391
v 2.714422 15.453472 -0.812527
v 2.794566 15.464528 -0.871246
v 2.713655 15.459051 -0.871246
v 3.064240 15.299045 -0.700838
v 2.966940 15.269814 -0.638663
v 2.983418 15.225338 -0.634111
v 3.077194 15.267737 -0.697495
v 2.928155 15.386066 -1.038921
v 2.841641 15.380646 -1.067247
v 2.834153 15.413919 -1.025243
v 2.919617 15.414077 -1.002982
v 3.000721 15.180849 -0.638663
v 2.908480 15.137739 -0.599382
v 2.938907 15.351811 -1.068410
v 2.851015 15.340054 -1.101717
v 2.983418 15.225338 -0.634111
v 2.891878 15.190507 -0.594051
v 2.951930 15.312542 -1.090321
v 2.862648 15.293645 -1.127332
v 2.876405 15.243149 -0.599382
v 2.891878 15.190507 -0.594051
v 2.966940 15.269814 -1.103818
v 2.876405 15.243149 -1.143111
v 2.951930 15.312542 -0.652160
v 2.862648 15.293645 -0.615148
v 2.983418 15.225338 -1.108381
v 2.891878 15.190507 -1.148441
v 2.938907 15.351811 -0.674071
v 2.851015 15.340054 -0.640764
v 3.000721 15.180849 -1.103818
v 2.908480 15.137739 -1.143110
v 2.928155 15.386066 -0.703560
v 2.841641 15.380646 -0.675234
v 3.018013 15.138067 -1.090332
v 2.925411 15.086882 -1.127332
v 2.908480 15.137739 -1.143110
v 3.000721 15.180849 -1.103818
v 2.919617 15.414077 -0.739498
v 2.834153 15.413919 -0.717249
v 3.034401 15.098660 -1.068410
v 2.941742 15.039908 -1.101717
v 2.913292 15.434937 -0.780497
v 2.828596 15.438642 -0.765170
v 3.132040 15.204500 -0.753707
v 3.116340 15.179178 -0.726781
v 3.127431 15.155031 -0.748387
v 3.141030 15.184848 -0.771292
v 3.048948 15.064123 -1.038921
v 2.956436 14.998696 -1.067247
v 2.909407 15.447926 -0.824985
v 2.825174 15.453866 -0.817169
v 3.211156 14.979348 -0.915531
v 3.162014 15.147985 -0.906032
v 3.163155 15.145589 -0.871246
v 3.212139 14.979778 -0.871246
v 3.060784 15.035843 -1.002994
v 2.968442 14.964869 -1.025243
v 2.908085 15.452309 -0.871246
v 2.824011 15.459005 -0.871246
v 2.968442 14.964869 -0.717248
v 2.960434 14.929179 -0.762652
v 2.973615 14.950188 -0.744999
v 3.224449 14.838825 -0.784370
v 3.191662 14.969738 -0.784370
v 3.181396 14.964327 -0.784370
v 3.214183 14.837222 -0.784370
v 2.909407 15.447926 -0.917507
v 2.825174 15.453866 -0.925323
v 2.824011 15.459005 -0.871246
v 2.908085 15.452309 -0.871246
v 3.048948 15.064123 -0.703560
v 2.956436 14.998696 -0.675234
v 3.060784 15.035843 -0.739498
v 3.018860 14.889210 -0.871246
v 2.984017 14.919140 -0.871246
v 2.982311 14.924356 -0.941903
v 3.017075 14.888769 -0.941903
v 2.913292 15.434937 -0.961996
v 2.828596 15.438642 -0.977322
v 2.982311 14.924356 -0.800578
v 2.979285 14.933099 -0.762403
v 3.090115 15.301811 -1.009861
v 3.064240 15.299045 -1.041654
v 3.052223 15.329325 -1.031760
v 3.080323 15.326128 -1.001819
v 3.052223 15.329325 -0.710721
v 3.077194 15.267737 -1.044986
v 3.041572 15.357301 -0.726781
v 3.090578 15.236609 -1.041654
v 3.032571 15.381809 -0.748387
v 3.103837 15.206725 -1.031760
v 3.090578 15.236609 -1.041654
v 3.025455 15.402038 -0.774714
v 3.116340 15.179178 -1.015711
v 3.020215 15.417013 -0.804757
v 3.154493 15.167997 -0.832326
v 3.155091 15.166687 -0.838515
v 3.156142 15.164417 -0.871246
v 3.155091 15.166687 -0.903977
v 3.154493 15.167997 -0.910155
v 3.141752 15.196267 -0.957060
v 3.141041 15.197824 -0.959138
v 3.133236 15.215105 -0.974589
v 3.124450 15.234814 -0.986075
v 3.115109 15.256194 -0.993145
v 3.105667 15.278433 -0.995540
v 3.096440 15.300671 -0.993145
v 3.087788 15.322051 -0.986075
v 3.080007 15.341760 -0.974589
v 3.073354 15.359039 -0.959127
v 3.068023 15.373260 -0.940299
v 3.064150 15.383842 -0.918806
v 3.061812 15.390359 -0.895495
v 3.061032 15.392572 -0.871246
v 3.061812 15.390359 -0.846997
v 3.064150 15.383842 -0.823675
v 3.068023 15.373260 -0.802193
v 3.073354 15.359039 -0.783354
v 3.080007 15.341760 -0.767892
v 3.087788 15.322051 -0.756417
v 3.096440 15.300671 -0.749336
v 3.105667 15.278433 -0.746953
v 3.115109 15.256194 -0.749336
v 3.124450 15.234814 -0.756417
v 3.133248 15.215105 -0.767892
v 3.141041 15.197824 -0.783354
v 3.141752 15.196267 -0.785421
v 3.127431 15.155031 -0.994094
v 3.016985 15.426229 -0.837352
v 3.181396 14.964327 -0.784370
v 3.143673 15.120471 -0.784370
v 3.069548 15.015028 -0.752667
v 3.102076 14.922629 -0.752667
v 3.136738 15.135210 -0.967767
v 3.060784 15.035843 -1.002994
v 3.048948 15.064123 -1.038921
v 3.127431 15.155031 -0.994094
v 3.015889 15.429392 -0.871246
v 3.136738 15.135210 -0.774714
v 3.069548 15.015028 -0.752667
v 3.143673 15.120471 -0.784370
v 3.143673 15.120471 -0.958122
v 3.069548 15.015028 -0.989824
v 3.136738 15.135210 -0.967767
v 3.016985 15.426229 -0.905140
v 3.015889 15.429392 -0.871246
v 3.127431 15.155031 -0.748387
v 3.048948 15.064123 -0.703560
v 3.060784 15.035843 -0.739498
v 3.136738 15.135210 -0.774714
v 3.017075 14.888769 -0.800578
v 2.982311 14.924356 -0.800578
v 3.020215 15.417013 -0.937735
v 3.116340 15.179178 -0.726781
v 3.127431 15.155031 -0.748387
v 2.973615 14.950188 -0.744999
v 2.993154 14.950989 -0.735884
v 3.025455 15.402038 -0.967767
v 3.103837 15.206725 -0.710720
v 3.032571 15.381809 -0.994094
v 3.090578 15.236609 -0.700838
v 3.041572 15.357301 -1.015711
v 3.000721 15.180849 -0.638663
v 3.090578 15.236609 -0.700838
v 3.148506 15.139626 -0.774714
v 3.136738 15.135210 -0.774714
v 3.143673 15.120471 -0.784370
v 3.155418 15.124887 -0.784370
v 3.080323 15.326128 -0.740673
v 3.090115 15.301811 -0.732620
v 3.100608 15.276524 -1.012583
v 3.071559 15.348570 -0.753740
v 3.111371 15.251225 -1.009883
v 3.090578 15.236609 -1.041654
v 3.077194 15.267737 -1.044986
v 3.100608 15.276524 -1.012583
v 3.064105 15.368313 -0.771314
v 3.121965 15.226908 -1.001842
v 3.103837 15.206725 -1.031760
v 3.058164 15.384542 -0.792740
v 3.132040 15.204500 -0.988774
v 3.116340 15.179178 -1.015711
v 3.053860 15.396627 -0.817169
v 3.141030 15.184848 -0.971200
v 3.127431 15.155031 -0.994094
v 3.051240 15.404047 -0.843677
v 3.162014 15.147985 -0.836460
v 3.211156 14.979348 -0.826950
v 3.148506 15.139626 -0.967767
v 3.136738 15.135210 -0.967767
v 3.127431 15.155031 -0.994094
v 3.141030 15.184848 -0.971200
v 3.148529 15.179946 -0.966965
v 3.158852 15.153304 -0.978835
v 3.155690 15.144945 -0.970737
v 3.050348 15.406577 -0.871246
v 3.031656 14.893953 -1.005591
v 2.993154 14.950989 -1.006608
v 3.069548 15.015028 -0.989824
v 3.102076 14.922629 -0.989824
v 3.155418 15.124887 -0.958122
v 3.143673 15.120471 -0.958122
v 3.051240 15.404047 -0.898815
v 3.050348 15.406577 -0.871246
v 3.121965 15.226908 -0.740650
v 3.103837 15.206725 -0.710720
v 3.181396 14.964327 -0.958121
v 3.143673 15.120471 -0.958122
v 3.155418 15.124887 -0.958122
v 3.191662 14.969738 -0.958121
v 3.053860 15.396627 -0.925323
v 3.210354 14.978954 -0.927175
v 3.160716 15.150965 -0.919258
v 3.058164 15.384542 -0.949753
v 3.141030 15.184848 -0.771292
v 3.127431 15.155031 -0.748387
v 3.155690 15.144945 -0.771755
v 3.158852 15.153304 -0.763645
v 3.148529 15.179946 -0.775516
v 2.960434 14.929179 -0.979829
v 2.973615 14.950188 -0.997482
v 3.064105 15.368313 -0.971167
v 3.111371 15.251225 -0.732609
v 3.090578 15.236609 -0.700838
v 3.071559 15.348570 -0.988752
v 3.100608 15.276524 -0.729898
v 3.077194 15.267737 -0.697495
v 3.090115 15.301811 -0.732620
v 3.064240 15.299045 -0.700838
v 2.984017 14.919140 -0.871246
v 2.982311 14.924356 -0.941903
v 2.993154 14.950989 -1.006608
v 2.973615 14.950188 -0.997482
v 2.979285 14.933099 -0.980089
v 3.014319 14.888237 -0.980213
v 3.014319 14.888237 -0.762279
v 2.979285 14.933099 -0.762403
v 3.102076 14.922629 -0.752667
v 2.993154 14.950989 -0.735884
v 3.031656 14.893953 -0.736889
v 2.984017 14.919140 -0.871246
v 2.873491 15.126411 -1.157070
v 3.037935 14.809947 -0.800578
v 3.018860 14.889210 -0.871246
v 3.039302 14.809674 -0.871246
v 3.244824 14.841141 -0.927367
v 3.245682 14.841208 -0.915531
v 3.055995 14.812306 -1.005343
v 3.129431 14.821286 -0.989824
v 3.246699 14.841265 -0.871246
v 3.245682 14.841208 -0.826950
v 3.129431 14.821286 -0.752667
v 3.055995 14.812306 -0.737138
v 3.277295 14.656988 -0.826950
v 3.244824 14.841141 -0.815125
v 3.276324 14.656932 -0.814944
v 3.210354 14.978954 -0.815305
v 3.037935 14.809947 -0.941903
v 3.214183 14.837222 -0.958121
v 3.214183 14.837222 -0.784370
v 3.129431 14.821286 -0.752667
v 3.035699 14.810274 -0.980179
v 3.207124 14.977418 -0.799832
v 3.160716 15.150965 -0.823234
v 3.171185 15.126908 -0.800058
v 2.979285 14.933099 -0.980089
v 3.073241 14.637471 -1.005840
v 3.154763 14.647433 -0.989824
v 3.278458 14.657056 -0.871246
v 3.154763 14.647433 -0.752667
v 3.073241 14.637471 -0.736641
v 3.260738 14.528198 -0.784370
v 3.256096 14.655666 -0.784370
v 3.242870 14.654842 -0.784370
v 3.246157 14.528198 -0.784370
v 3.276324 14.656932 -0.927536
v 3.277295 14.656988 -0.915531
v 3.056797 14.634614 -0.871246
v 3.056074 14.635111 -0.941903
v 3.242870 14.654842 -0.958121
v 3.053363 14.635224 -0.980236
v 3.053363 14.635224 -0.762245
v 3.035699 14.810274 -0.762301
v 3.056074 14.635111 -0.800578
v 3.224449 14.838825 -0.958121
v 3.256096 14.655666 -0.958121
v 3.066939 14.527250 -0.800578
v 3.068328 14.526912 -0.871246
v 3.281113 14.528198 -0.927604
v 3.282129 14.528198 -0.915531
v 3.080278 14.527974 -1.006020
v 3.156300 14.528198 -0.989824
v 3.283349 14.528198 -0.871246
v 3.282129 14.528198 -0.826950
v 3.156300 14.528198 -0.752667
v 3.080278 14.527974 -0.736471
v 3.281113 14.528198 -0.814887
v 3.066939 14.527250 -0.941903
v 3.246157 14.528198 -0.958121
v 3.063800 14.527318 -0.980269
v 3.260738 14.528198 -0.958121
v 3.063800 14.527318 -0.762222
v 2.960434 14.929179 -0.762652
v 2.979285 14.933099 -0.762403
v 2.980324 14.937865 -0.747958
v 2.985462 14.944382 -0.738245
v 2.993154 14.950989 -0.735884
v 2.973615 14.950188 -0.744999
v 2.973615 14.950188 -0.997482
v 2.993154 14.950989 -1.006608
v 2.985462 14.944382 -1.004236
v 2.980324 14.937865 -0.994534
v 2.979285 14.933099 -0.980089
v 2.960434 14.929179 -0.979829
v 3.200313 14.974109 -0.953976
v 3.164058 15.127090 -0.953920
v 3.207124 14.977418 -0.942648
v 3.200313 14.974109 -0.953976
v 3.164058 15.127090 -0.953920
v 3.171185 15.126908 -0.942434
v 3.148529 15.179946 -0.775516
v 3.158852 15.153304 -0.763645
v 3.200313 14.974109 -0.788515
v 3.171185 15.126908 -0.800058
v 3.164058 15.127090 -0.788572
v 3.191662 14.969738 -0.784370
v 3.200313 14.974109 -0.788515
v 3.164058 15.127090 -0.788572
v 3.155418 15.124887 -0.784370
v 3.164058 15.127090 -0.788572
v 3.171185 15.126908 -0.800058
v 3.171185 15.126908 -0.942434
v 3.158852 15.153304 -0.978835
v 3.148529 15.179946 -0.966965
v 3.164058 15.127090 -0.953920
v 3.171185 15.126908 -0.942434
v 2.985462 14.944382 -1.004236
v 2.993154 14.950989 -1.006608
v 3.031656 14.893953 -1.005591
v 3.022135 14.890757 -1.003750
v 3.022135 14.890757 -1.003750
v 3.015720 14.888678 -0.994455
v 2.980324 14.937865 -0.994534
v 3.015720 14.888678 -0.994455
v 3.022135 14.890757 -0.738742
v 2.985462 14.944382 -0.738245
v 3.015720 14.888678 -0.748025
v 3.022135 14.890757 -0.738742
v 3.015720 14.888678 -0.748025
v 2.980324 14.937865 -0.747958
v 3.045378 14.811481 -0.738866
v 3.038139 14.810974 -0.748071
v 3.045378 14.811481 -0.738866
v 3.022135 14.890757 -0.738742
v 3.038139 14.810974 -0.748071
v 3.241323 14.840824 -0.942750
v 3.233914 14.840045 -0.953999
v 3.233914 14.840045 -0.953999
v 3.241323 14.840824 -0.799742
v 3.233914 14.840045 -0.788481
v 3.224449 14.838825 -0.784370
v 3.233914 14.840045 -0.788481
v 3.038139 14.810974 -0.994410
v 3.045378 14.811481 -1.003626
v 3.038139 14.810974 -0.994410
v 3.022135 14.890757 -1.003750
v 3.055995 14.812306 -1.005343
v 3.045378 14.811481 -1.003626
v 3.272710 14.656706 -0.799651
v 3.265301 14.656242 -0.788459
v 3.265301 14.656242 -0.788459
v 3.233914 14.840045 -0.788481
v 3.055521 14.635631 -0.994512
v 3.062862 14.636455 -1.003874
v 3.055521 14.635631 -0.994512
v 3.062862 14.636455 -1.003874
v 3.045378 14.811481 -1.003626
v 3.055521 14.635631 -0.747980
v 3.055521 14.635631 -0.747980
v 3.062862 14.636455 -0.738606
v 3.062862 14.636455 -0.738606
v 3.265301 14.656242 -0.954022
v 3.272710 14.656706 -0.942829
v 3.265301 14.656242 -0.954022
v 3.071299 14.527747 -0.738515
v 3.065223 14.527488 -0.747946
v 3.071299 14.527747 -0.738515
v 3.277442 14.528198 -0.942863
v 3.269976 14.528198 -0.954033
v 3.269976 14.528198 -0.954033
v 3.277442 14.528198 -0.799629
v 3.269976 14.528198 -0.788459
v 3.269976 14.528198 -0.788459
v 3.065223 14.527488 -0.994545
v 3.071299 14.527747 -1.003976
v 3.071299 14.527747 -1.003976
v 3.155418 15.124887 -0.784370
v 2.760706 14.854627 -0.810268
v 2.761847 14.848730 -0.871246
v 2.785136 14.854411 -0.871246
v 2.783973 14.860262 -0.810742
v 2.757149 14.872121 -0.751651
v 2.780347 14.877645 -0.752577
v 2.750327 14.900763 -0.697619
v 2.773480 14.906072 -0.698963
v 2.740648 14.939425 -0.650251
v 2.763733 14.944448 -0.651968
v 2.728969 14.986498 -0.611387
v 2.751976 14.991186 -0.613398
v 2.716309 15.040067 -0.582508
v 2.739236 15.044348 -0.584744
v 2.703603 15.097960 -0.564719
v 2.726428 15.101824 -0.567102
v 2.691619 15.157901 -0.558722
v 2.714321 15.161322 -0.561139
v 2.680946 15.217546 -0.564719
v 2.691619 15.157901 -0.558722
v 2.714321 15.161322 -0.561139
v 2.703523 15.220528 -0.567102
v 2.671978 15.274604 -0.582508
v 2.694432 15.277179 -0.584744
v 2.664886 15.326941 -0.611387
v 2.687203 15.329132 -0.613398
v 2.659194 15.372694 -0.650251
v 2.681500 15.374524 -0.651968
v 2.654518 15.410236 -0.697619
v 2.676824 15.411773 -0.698963
v 2.651050 15.438145 -0.751651
v 2.673356 15.439454 -0.752577
v 2.648916 15.455323 -0.810268
v 2.671222 15.456510 -0.810743
v 2.648193 15.461128 -0.871246
v 2.670499 15.462258 -0.871246
v 2.648916 15.455323 -0.932213
v 2.648193 15.461128 -0.871246
v 2.670499 15.462258 -0.871246
v 2.671222 15.456510 -0.931738
v 2.651050 15.438145 -0.990841
v 2.673356 15.439454 -0.989915
v 2.654518 15.410236 -1.044873
v 2.676824 15.411773 -1.043529
v 2.659194 15.372694 -1.092230
v 2.681500 15.374524 -1.090524
v 2.664886 15.326941 -1.131093
v 2.687203 15.329132 -1.129083
v 2.671978 15.274604 -1.159973
v 2.694432 15.277179 -1.157748
v 2.680946 15.217546 -1.177761
v 2.703523 15.220528 -1.175390
v 2.691619 15.157901 -1.183770
v 2.714321 15.161322 -1.181353
v 2.703603 15.097960 -1.177761
v 2.691619 15.157901 -1.183770
v 2.714321 15.161322 -1.181353
v 2.726428 15.101824 -1.175389
v 2.716309 15.040067 -1.159984
v 2.739236 15.044348 -1.157748
v 2.728969 14.986498 -1.131093
v 2.751976 14.991186 -1.129083
v 2.740648 14.939425 -1.092230
v 2.763733 14.944448 -1.090524
v 2.750327 14.900763 -1.044873
v 2.773480 14.906072 -1.043529
v 2.757149 14.872121 -0.990841
v 2.780347 14.877645 -0.989915
v 2.760548 15.167037 -1.180077
v 2.748847 15.225971 -1.174136
v 2.760706 14.854627 -0.932212
v 2.783973 14.860262 -0.931738
v 2.761847 14.848730 -0.871246
v 2.785136 14.854411 -0.871246
v 2.831149 14.884770 -0.753063
v 2.835124 14.867468 -0.810991
v 2.730890 15.334113 -0.614459
v 2.738886 15.282386 -0.585919
v 2.724621 15.379302 -1.089621
v 2.719494 15.416380 -1.042817
v 2.823819 14.913052 -1.042817
v 2.813406 14.951238 -1.089621
v 2.773582 15.107810 -0.568345
v 2.787316 15.050628 -0.585919
v 2.712559 15.466629 -0.871246
v 2.713350 15.460902 -0.810991
v 2.773582 15.107810 -1.174136
v 2.760548 15.167037 -1.180077
v 2.823819 14.913052 -0.699663
v 2.724621 15.379302 -0.652871
v 2.730890 15.334125 -1.128033
v 2.831149 14.884770 -0.989429
v 2.760548 15.167037 -0.562415
v 2.713350 15.460902 -0.931490
v 2.712559 15.466629 -0.871246
v 2.787316 15.050628 -1.156562
v 2.813406 14.951238 -0.652871
v 2.719494 15.416380 -0.699663
v 2.738886 15.282386 -1.156562
v 2.835124 14.867468 -0.931490
v 2.748847 15.225971 -0.568345
v 2.760548 15.167037 -0.562415
v 2.715687 15.443927 -0.989429
v 2.800903 14.997725 -1.128033
v 2.800903 14.997713 -0.614459
v 2.715687 15.443927 -0.753063
v 2.836423 14.861629 -0.871246
v 2.836423 14.861629 -0.871246
v 2.763756 14.863075 -0.930665
v 2.764885 14.857337 -0.871246
v 2.763756 14.863075 -0.811827
v 2.760277 14.880140 -0.754700
v 2.753659 14.908048 -0.702046
v 2.744262 14.945715 -0.655887
v 2.732922 14.991591 -0.618017
v 2.720589 15.043805 -0.589872
v 2.708177 15.100232 -0.572535
v 2.696442 15.158668 -0.566685
v 2.685961 15.216811 -0.572535
v 2.677106 15.272447 -0.589872
v 2.670047 15.323485 -0.618017
v 2.664502 15.368074 -0.655887
v 2.659961 15.404668 -0.702047
v 2.656584 15.431854 -0.754700
v 2.654506 15.448604 -0.811827
v 2.653806 15.454250 -0.871246
v 2.654506 15.448604 -0.930665
v 2.656584 15.431854 -0.987792
v 2.659961 15.404668 -1.040446
v 2.664502 15.368074 -1.086594
v 2.670047 15.323485 -1.124475
v 2.677106 15.272447 -1.152620
v 2.685961 15.216811 -1.169946
v 2.696442 15.158668 -1.175796
v 2.708177 15.100232 -1.169946
v 2.720589 15.043805 -1.152620
v 2.732922 14.991591 -1.124475
v 2.744262 14.945715 -1.086594
v 2.753659 14.908048 -1.040445
v 2.760277 14.880140 -0.987792
v 2.659961 15.404668 -1.040446
v 2.655376 15.403900 -1.040446
v 2.659916 15.367308 -1.086594
v 2.664502 15.368074 -1.086594
v 2.744262 14.945715 -1.086594
v 2.739530 14.944991 -1.086594
v 2.748893 14.907325 -1.040445
v 2.753659 14.908048 -1.040445
v 2.651999 15.431086 -0.754700
v 2.656584 15.431854 -0.754700
v 2.764885 14.857337 -0.871246
v 2.760096 14.856613 -0.871246
v 2.758978 14.862363 -0.811827
v 2.763756 14.863075 -0.811827
v 2.649921 15.447824 -0.811827
v 2.654506 15.448604 -0.811827
v 2.696442 15.158668 -1.175796
v 2.691800 15.157911 -1.175796
v 2.703501 15.099486 -1.169946
v 2.708177 15.100232 -1.169946
v 2.755500 14.879417 -0.754700
v 2.760277 14.880140 -0.754700
v 2.649220 15.453483 -0.871246
v 2.653806 15.454250 -0.871246
v 2.748893 14.907325 -0.702046
v 2.753659 14.908048 -0.702046
v 2.665462 15.322718 -1.124475
v 2.670047 15.323485 -1.124475
v 2.755500 14.879417 -0.987792
v 2.760277 14.880140 -0.987792
v 2.739530 14.944991 -0.655887
v 2.744262 14.945715 -0.655887
v 2.653806 15.454250 -0.871246
v 2.649220 15.453483 -0.871246
v 2.649921 15.447824 -0.930665
v 2.654506 15.448604 -0.930665
v 2.715891 15.043059 -1.152620
v 2.720589 15.043805 -1.152620
v 2.728201 14.990857 -0.618017
v 2.732922 14.991591 -0.618017
v 2.715891 15.043059 -0.589872
v 2.720589 15.043805 -0.589872
v 2.672498 15.271690 -1.152620
v 2.677106 15.272447 -1.152620
v 2.758978 14.862363 -0.930665
v 2.763756 14.863075 -0.930665
v 2.703501 15.099486 -0.572535
v 2.708177 15.100232 -0.572535
v 2.651999 15.431086 -0.987792
v 2.656584 15.431854 -0.987792
v 2.728201 14.990857 -1.124475
v 2.732922 14.991591 -1.124475
v 2.691800 15.157911 -0.566685
v 2.696442 15.158668 -0.566685
v 2.696442 15.158668 -0.566685
v 2.691800 15.157911 -0.566685
v 2.681341 15.216043 -0.572535
v 2.685961 15.216811 -0.572535
v 2.681341 15.216043 -1.169946
v 2.685961 15.216811 -1.169946
v 2.760096 14.856613 -0.871246
v 2.764885 14.857337 -0.871246
v 2.672498 15.271690 -0.589872
v 2.677106 15.272447 -0.589872
v 2.665462 15.322718 -0.618017
v 2.670047 15.323485 -0.618017
v 2.691800 15.157911 -1.175796
v 2.696442 15.158668 -1.175796
v 3.080323 15.326128 -0.740673
v 3.071559 15.348570 -0.753740
v 3.064105 15.368313 -0.771314
v 3.058164 15.384542 -0.792740
v 3.053860 15.396627 -0.817169
v 3.051240 15.404047 -0.843677
v 3.050348 15.406577 -0.871246
v 3.051240 15.404047 -0.898815
v 3.053860 15.396627 -0.925323
v 3.058164 15.384542 -0.949753
v 3.064105 15.368313 -0.971167
v 3.071559 15.348570 -0.988752
v 3.080323 15.326128 -1.001819
v 3.090115 15.301811 -1.009861
v 3.269976 14.429678 -0.954033
v 2.871932 13.615633 -0.907071
v 2.890771 13.615633 -0.899267
v 2.886310 13.494230 -0.892456
v 2.867482 13.494683 -0.900283
v 2.890771 13.615633 -0.899267
v 2.898576 13.615633 -0.880428
v 2.894159 13.495824 -0.873708
v 2.886310 13.494230 -0.892456
v 2.898576 13.615633 -0.880428
v 2.890771 13.615633 -0.861600
v 2.886457 13.498523 -0.855027
v 2.894159 13.495824 -0.873708
v 2.890771 13.615633 -0.861600
v 2.871932 13.615633 -0.853796
v 2.867697 13.500747 -0.847347
v 2.886457 13.498523 -0.855027
v 2.871932 13.615633 -0.853796
v 2.853093 13.615633 -0.861600
v 2.848881 13.501200 -0.855174
v 2.867697 13.500747 -0.847347
v 2.853093 13.615633 -0.861600
v 2.845300 13.615633 -0.880428
v 2.841020 13.499607 -0.873922
v 2.848881 13.501200 -0.855174
v 2.845300 13.615633 -0.880428
v 2.853093 13.615633 -0.899267
v 2.848723 13.496907 -0.892603
v 2.841020 13.499607 -0.873922
v 2.853093 13.615633 -0.899267
v 2.871932 13.615633 -0.907071
v 2.867482 13.494683 -0.900283
v 2.848723 13.496907 -0.892603
v 2.875885 13.396626 -0.875402
v 2.857080 13.397281 -0.883263
v 2.883893 13.399743 -0.856913
v 2.875885 13.396626 -0.875402
v 2.876428 13.404825 -0.838628
v 2.883893 13.399743 -0.856913
v 2.886457 13.498523 -0.855027
v 2.867697 13.500747 -0.847347
v 2.857848 13.408879 -0.831264
v 2.876428 13.404825 -0.838628
v 2.839055 13.409546 -0.839136
v 2.857848 13.408879 -0.831264
v 2.831036 13.406418 -0.857613
v 2.839055 13.409546 -0.839136
v 2.838501 13.401336 -0.875899
v 2.831036 13.406418 -0.857613
v 2.857080 13.397281 -0.883263
v 2.838501 13.401336 -0.875899
v 2.863394 13.314291 -0.852655
v 2.844566 13.314798 -0.860482
v 2.871571 13.318560 -0.834471
v 2.863394 13.314291 -0.852655
v 2.864309 13.325110 -0.816592
v 2.871571 13.318560 -0.834471
v 2.845865 13.330113 -0.809466
v 2.864309 13.325110 -0.816592
v 2.827049 13.330623 -0.817293
v 2.845865 13.330113 -0.809466
v 2.818872 13.326353 -0.835477
v 2.827049 13.330623 -0.817293
v 2.826134 13.319791 -0.853367
v 2.818872 13.326353 -0.835477
v 2.844566 13.314798 -0.860482
v 2.826134 13.319791 -0.853367
v 2.851749 13.239263 -0.827740
v 2.832865 13.239319 -0.835420
v 2.860006 13.244108 -0.809737
v 2.851749 13.239263 -0.827740
v 2.852800 13.251008 -0.791960
v 2.860006 13.244108 -0.809737
v 2.834345 13.255921 -0.784810
v 2.852800 13.251008 -0.791960
v 2.815450 13.255967 -0.792490
v 2.834345 13.255921 -0.784810
v 2.807194 13.251122 -0.810493
v 2.815450 13.255967 -0.792490
v 2.814411 13.244231 -0.828271
v 2.807194 13.251122 -0.810493
v 2.832865 13.239319 -0.835420
v 2.814411 13.244231 -0.828271
v 2.842714 13.164065 -0.802757
v 2.823751 13.163512 -0.810245
v 2.850970 13.168921 -0.784754
v 2.842714 13.164065 -0.802757
v 2.843685 13.175235 -0.766796
v 2.850970 13.168921 -0.784754
v 2.825140 13.179312 -0.759376
v 2.843685 13.175235 -0.766796
v 2.806177 13.178759 -0.766864
v 2.825140 13.179312 -0.759376
v 2.797921 13.173903 -0.784855
v 2.806177 13.178759 -0.766864
v 2.805194 13.167589 -0.802825
v 2.797921 13.173903 -0.784855
v 2.823751 13.163512 -0.810245
v 2.805194 13.167589 -0.802825
v 2.837044 13.081944 -0.778565
v 2.818047 13.080837 -0.785895
v 2.845278 13.086463 -0.760471
v 2.837044 13.081944 -0.778565
v 2.837925 13.091748 -0.742208
v 2.845278 13.086463 -0.760471
v 2.819301 13.094707 -0.734460
v 2.837925 13.091748 -0.742208
v 2.800304 13.093599 -0.741790
v 2.819301 13.094707 -0.734460
v 2.792070 13.089070 -0.759884
v 2.800304 13.093599 -0.741790
v 2.799412 13.083786 -0.778147
v 2.792070 13.089070 -0.759884
v 2.818047 13.080837 -0.785895
v 2.799412 13.083786 -0.778147
v 2.834831 12.987739 -0.755253
v 2.815822 12.986237 -0.762470
v 2.843064 12.991828 -0.737047
v 2.834831 12.987739 -0.755253
v 2.835678 12.996108 -0.718524
v 2.843064 12.991828 -0.737047
v 2.817031 12.998073 -0.710539
v 2.835678 12.996108 -0.718524
v 2.798023 12.996572 -0.717767
v 2.817031 12.998073 -0.710539
v 2.789800 12.992482 -0.735963
v 2.798023 12.996572 -0.717767
v 2.797176 12.988202 -0.754485
v 2.789800 12.992482 -0.735963
v 2.815822 12.986237 -0.762470
v 2.797176 12.988202 -0.754485
v 2.835711 12.878896 -0.732540
v 2.816703 12.877168 -0.739712
v 2.843934 12.882623 -0.714255
v 2.835711 12.878896 -0.732540
v 2.836559 12.886169 -0.695585
v 2.843934 12.882623 -0.714255
v 2.817912 12.887468 -0.687454
v 2.836559 12.886169 -0.695585
v 2.798903 12.885740 -0.694625
v 2.817912 12.887468 -0.687454
v 2.790681 12.882013 -0.712911
v 2.798903 12.885740 -0.694625
v 2.798056 12.878467 -0.731580
v 2.790681 12.882013 -0.712911
v 2.816703 12.877168 -0.739712
v 2.798056 12.878467 -0.731580
v 2.838784 12.755472 -0.709782
v 2.819787 12.753675 -0.716943
v 2.847017 12.758995 -0.691463
v 2.838784 12.755472 -0.709782
v 2.839653 12.762181 -0.672715
v 2.847017 12.758995 -0.691463
v 2.821006 12.763164 -0.664526
v 2.839653 12.762181 -0.672715
v 2.801998 12.761368 -0.671687
v 2.821006 12.763164 -0.664526
v 2.793776 12.757833 -0.690006
v 2.801998 12.761368 -0.671687
v 2.801140 12.754648 -0.708755
v 2.793776 12.757833 -0.690006
v 2.819787 12.753675 -0.716943
v 2.801140 12.754648 -0.708755
v 2.842658 12.619998 -0.685861
v 2.823649 12.618247 -0.693033
v 2.850880 12.623521 -0.667542
v 2.842658 12.619998 -0.685861
v 2.843516 12.626751 -0.648804
v 2.850880 12.623521 -0.667542
v 2.824869 12.627790 -0.640627
v 2.843516 12.626751 -0.648804
v 2.805861 12.626040 -0.647799
v 2.824869 12.627790 -0.640627
v 2.797639 12.622516 -0.666119
v 2.805861 12.626040 -0.647799
v 2.805002 12.619286 -0.684856
v 2.797639 12.622516 -0.666119
v 2.823649 12.618247 -0.693033
v 2.805002 12.619286 -0.684856
v 2.845357 12.477385 -0.659195
v 2.826349 12.475781 -0.666390
v 2.853590 12.481157 -0.640921
v 2.845357 12.477385 -0.659195
v 2.846215 12.484884 -0.622285
v 2.853590 12.481157 -0.640921
v 2.827557 12.486386 -0.614187
v 2.846215 12.484884 -0.622285
v 2.808549 12.484781 -0.621393
v 2.827557 12.486386 -0.614187
v 2.800327 12.481021 -0.639667
v 2.808549 12.484781 -0.621393
v 2.807702 12.477295 -0.658303
v 2.800327 12.481021 -0.639667
v 2.826349 12.475781 -0.666390
v 2.807702 12.477295 -0.658303
v 2.844736 12.334139 -0.627820
v 2.825727 12.332762 -0.635071
v 2.852969 12.338442 -0.609670
v 2.844736 12.334139 -0.627820
v 2.845594 12.343152 -0.591249
v 2.852969 12.338442 -0.609670
v 2.826947 12.345512 -0.583354
v 2.845594 12.343152 -0.591249
v 2.807939 12.344146 -0.590605
v 2.826947 12.345512 -0.583354
v 2.799717 12.339842 -0.608755
v 2.807939 12.344146 -0.590605
v 2.807081 12.335133 -0.627176
v 2.799717 12.339842 -0.608755
v 2.825727 12.332762 -0.635071
v 2.807081 12.335133 -0.627176
v 2.839179 12.196146 -0.589769
v 2.820182 12.195028 -0.597088
v 2.847446 12.201342 -0.571868
v 2.839179 12.196146 -0.589769
v 2.840139 12.207554 -0.553876
v 2.847446 12.201342 -0.571868
v 2.821549 12.211144 -0.546320
v 2.840139 12.207554 -0.553876
v 2.802552 12.210014 -0.553650
v 2.821549 12.211144 -0.546320
v 2.794284 12.204831 -0.571552
v 2.802552 12.210014 -0.553650
v 2.801580 12.198619 -0.589543
v 2.794284 12.204831 -0.571552
v 2.820182 12.195028 -0.597088
v 2.801580 12.198619 -0.589543
v 2.827918 12.068091 -0.543112
v 2.808933 12.067142 -0.550499
v 2.836299 12.074586 -0.525697
v 2.827918 12.068091 -0.543112
v 2.829184 12.082819 -0.508450
v 2.836299 12.074586 -0.525697
v 2.810729 12.087969 -0.501482
v 2.829184 12.082819 -0.508450
v 2.791743 12.087009 -0.508868
v 2.810729 12.087969 -0.501482
v 2.783363 12.080516 -0.526284
v 2.791743 12.087009 -0.508868
v 2.790478 12.072281 -0.543530
v 2.783363 12.080516 -0.526284
v 2.808933 12.067142 -0.550499
v 2.790478 12.072281 -0.543530
v 2.811011 11.953432 -0.485986
v 2.792037 11.952482 -0.493372
v 2.819662 11.961688 -0.469462
v 2.811011 11.953432 -0.485986
v 2.812908 11.972406 -0.453492
v 2.819662 11.961688 -0.469462
v 2.794713 11.979319 -0.447416
v 2.812908 11.972406 -0.453492
v 2.775728 11.978359 -0.454803
v 2.794713 11.979319 -0.447416
v 2.767088 11.970114 -0.471326
v 2.775728 11.978359 -0.454803
v 2.773842 11.959395 -0.487296
v 2.767088 11.970114 -0.471326
v 2.792037 11.952482 -0.493372
v 2.773842 11.959395 -0.487296
v 2.789428 11.854608 -0.416729
v 2.770386 11.853398 -0.423935
v 2.798531 11.864953 -0.401697
v 2.789428 11.854608 -0.416729
v 2.792353 11.878382 -0.387658
v 2.798531 11.864953 -0.401697
v 2.774542 11.887033 -0.382813
v 2.792353 11.878382 -0.387658
v 2.755500 11.885824 -0.390019
v 2.774542 11.887033 -0.382813
v 2.746408 11.875479 -0.405051
v 2.755500 11.885824 -0.390019
v 2.752574 11.862038 -0.419090
v 2.746408 11.875479 -0.405051
v 2.770386 11.853398 -0.423935
v 2.752574 11.862038 -0.419090
v 2.764964 11.773063 -0.334180
v 2.745787 11.771379 -0.340900
v 2.774689 11.785542 -0.321327
v 2.764964 11.773063 -0.334180
v 2.769279 11.801513 -0.309874
v 2.774689 11.785542 -0.321327
v 2.751885 11.811622 -0.306520
v 2.769279 11.801513 -0.309874
v 2.732708 11.809938 -0.313240
v 2.751885 11.811622 -0.306520
v 2.722972 11.797446 -0.326093
v 2.732708 11.809938 -0.313240
v 2.728394 11.781476 -0.337545
v 2.722972 11.797446 -0.326093
v 2.745787 11.771379 -0.340900
v 2.728394 11.781476 -0.337545
v 2.739812 11.709949 -0.238788
v 2.720408 11.707713 -0.244672
v 2.750248 11.724248 -0.228680
v 2.739812 11.709949 -0.238788
v 2.745617 11.742240 -0.220277
v 2.750248 11.724248 -0.228680
v 2.728642 11.753377 -0.218481
v 2.745617 11.742240 -0.220277
v 2.709238 11.751128 -0.224365
v 2.728642 11.753377 -0.218481
v 2.698802 11.736830 -0.234474
v 2.709238 11.751128 -0.224365
v 2.703433 11.718850 -0.242888
v 2.698802 11.736830 -0.234474
v 2.720408 11.707713 -0.244672
v 2.703433 11.718850 -0.242888
v 2.716241 11.666343 -0.132848
v 2.696589 11.663620 -0.137569
v 2.727377 11.681940 -0.125891
v 2.716241 11.666343 -0.132848
v 2.723469 11.701286 -0.120774
v 2.727377 11.681940 -0.125891
v 2.706810 11.713045 -0.120492
v 2.723469 11.701286 -0.120774
v 2.687169 11.710335 -0.125213
v 2.706810 11.713045 -0.120492
v 2.676033 11.694724 -0.132159
v 2.687169 11.710335 -0.125213
v 2.679941 11.675378 -0.137275
v 2.676033 11.694724 -0.132159
v 2.696589 11.663620 -0.137569
v 2.679941 11.675378 -0.137275
v 2.696589 11.643393 -0.020346
v 2.676677 11.640366 -0.023564
v 2.708323 11.659701 -0.016923
v 2.696589 11.643393 -0.020346
v 2.705014 11.679761 -0.015308
v 2.708323 11.659701 -0.016923
v 2.688604 11.691800 -0.016438
v 2.705014 11.679761 -0.015308
v 2.668703 11.688785 -0.019657
v 2.688604 11.691800 -0.016438
v 2.656957 11.672464 -0.023079
v 2.668703 11.688785 -0.019657
v 2.660266 11.652417 -0.024694
v 2.656957 11.672464 -0.023079
v 2.676677 11.640366 -0.023564
v 2.660266 11.652417 -0.024694
v 2.683250 11.642511 0.093060
v 2.663135 11.639485 0.091750
v 2.695459 11.658832 0.092371
v 2.683250 11.642511 0.093060
v 2.692591 11.678891 0.090090
v 2.695459 11.658832 0.092371
v 2.676338 11.690930 0.087560
v 2.692591 11.678891 0.090090
v 2.656223 11.687915 0.086250
v 2.676338 11.690930 0.087560
v 2.644014 11.671595 0.086939
v 2.656223 11.687915 0.086250
v 2.646883 11.651535 0.089220
v 2.644014 11.671595 0.086939
v 2.663135 11.639485 0.091750
v 2.646883 11.651535 0.089220
v 2.663135 11.639485 0.091750
v 2.683250 11.642511 0.093060
v 2.678732 11.665519 0.200153
v 2.658527 11.663033 0.201214
v 2.691122 11.680742 0.194607
v 2.678732 11.665519 0.200153
v 2.688423 11.699774 0.187831
v 2.691122 11.680742 0.194607
v 2.692591 11.678891 0.090090
v 2.676338 11.690930 0.087560
v 2.672227 11.711486 0.183776
v 2.688423 11.699774 0.187831
v 2.676338 11.690930 0.087560
v 2.656223 11.687915 0.086250
v 2.652010 11.708989 0.184838
v 2.672227 11.711486 0.183776
v 2.639632 11.693776 0.190383
v 2.652010 11.708989 0.184838
v 2.642331 11.674735 0.197160
v 2.639632 11.693776 0.190383
v 2.646883 11.651535 0.089220
v 2.663135 11.639485 0.091750
v 2.658527 11.663033 0.201214
v 2.642331 11.674735 0.197160
v 2.684752 11.713824 0.293861
v 2.664705 11.712638 0.297396
v 2.696792 11.726360 0.283211
v 2.684752 11.713824 0.293861
v 2.693788 11.742907 0.271691
v 2.696792 11.726360 0.283211
v 2.677479 11.753772 0.266043
v 2.693788 11.742907 0.271691
v 2.657432 11.752585 0.269578
v 2.677479 11.753772 0.266043
v 2.645392 11.740049 0.280229
v 2.657432 11.752585 0.269578
v 2.648407 11.723503 0.291749
v 2.645392 11.740049 0.280229
v 2.642331 11.674735 0.197160
v 2.658527 11.663033 0.201214
v 2.664705 11.712638 0.297396
v 2.648407 11.723503 0.291749
v 2.701344 11.787225 0.368844
v 2.681714 11.787891 0.374299
v 2.712514 11.795764 0.354082
v 2.701344 11.787225 0.368844
v 2.708662 11.808516 0.338643
v 2.712514 11.795764 0.354082
v 2.692060 11.818014 0.331584
v 2.708662 11.808516 0.338643
v 2.672419 11.818679 0.337039
v 2.692060 11.818014 0.331584
v 2.661260 11.810142 0.351801
v 2.672419 11.818679 0.337039
v 2.665100 11.797379 0.367240
v 2.661260 11.810142 0.351801
v 2.681714 11.787891 0.374299
v 2.665100 11.797379 0.367240
v 2.726643 11.883576 0.422593
v 2.707443 11.885948 0.429020
v 2.736763 11.888038 0.405460
v 2.726643 11.883576 0.422593
v 2.731872 11.896724 0.387671
v 2.736763 11.888038 0.405460
v 2.714840 11.904539 0.379641
v 2.731872 11.896724 0.387671
v 2.695640 11.906910 0.386079
v 2.714840 11.904539 0.379641
v 2.685520 11.902450 0.403201
v 2.695640 11.906910 0.386079
v 2.690411 11.893764 0.420990
v 2.685520 11.902450 0.403201
v 2.707443 11.885948 0.429020
v 2.690411 11.893764 0.420990
v 2.757115 11.999660 0.455968
v 2.738163 12.002980 0.462699
v 2.766455 12.001048 0.437897
v 2.757115 11.999660 0.455968
v 2.760706 12.006346 0.419069
v 2.766455 12.001048 0.437897
v 2.743234 12.012433 0.410508
v 2.760706 12.006346 0.419069
v 2.724271 12.015753 0.417228
v 2.743234 12.012433 0.410508
v 2.714931 12.014353 0.435299
v 2.724271 12.015753 0.417228
v 2.720691 12.009068 0.454138
v 2.714931 12.014353 0.435299
v 2.738163 12.002980 0.462699
v 2.720691 12.009068 0.454138
v 2.787937 12.131735 0.472695
v 2.768996 12.135122 0.479437
v 2.796871 12.131339 0.454375
v 2.787937 12.131735 0.472695
v 2.790568 12.134185 0.435198
v 2.796871 12.131339 0.454375
v 2.772712 12.138601 0.426399
v 2.790568 12.134185 0.435198
v 2.753772 12.142001 0.433131
v 2.772712 12.138601 0.426399
v 2.744838 12.142397 0.451461
v 2.753772 12.142001 0.433131
v 2.751140 12.139538 0.470639
v 2.744838 12.142397 0.451461
v 2.768996 12.135122 0.479437
v 2.751140 12.139538 0.470639
v 2.814286 12.276041 0.477721
v 2.795244 12.278865 0.484429
v 2.823085 12.274900 0.459356
v 2.814286 12.276041 0.477721
v 2.816478 12.276109 0.440111
v 2.823085 12.274900 0.459356
v 2.790568 12.134185 0.435198
v 2.772712 12.138601 0.426399
v 2.798350 12.278955 0.431233
v 2.816478 12.276109 0.440111
v 2.779297 12.281779 0.437953
v 2.798350 12.278955 0.431233
v 2.770498 12.282920 0.456307
v 2.779297 12.281779 0.437953
v 2.777106 12.281711 0.475563
v 2.770498 12.282920 0.456307
v 2.795244 12.278865 0.484429
v 2.777106 12.281711 0.475563
v 2.832944 12.429406 0.475744
v 2.813789 12.431282 0.482464
v 2.841743 12.428232 0.457391
v 2.832944 12.429406 0.475744
v 2.835011 12.428447 0.438145
v 2.841743 12.428232 0.457391
v 2.816715 12.429926 0.429279
v 2.835011 12.428447 0.438145
v 2.797548 12.431800 0.435999
v 2.816715 12.429926 0.429279
v 2.788761 12.432976 0.454353
v 2.797548 12.431800 0.435999
v 2.795481 12.432760 0.473598
v 2.788761 12.432976 0.454353
v 2.777106 12.281711 0.475563
v 2.795244 12.278865 0.484429
v 2.813789 12.431282 0.482464
v 2.795481 12.432760 0.473598
v 2.842499 12.589288 0.471215
v 2.823277 12.590068 0.477946
v 2.851320 12.588577 0.452850
v 2.842499 12.589288 0.471215
v 2.844578 12.588351 0.433605
v 2.851320 12.588577 0.452850
v 2.826202 12.588747 0.424773
v 2.844578 12.588351 0.433605
v 2.806979 12.589525 0.431504
v 2.826202 12.588747 0.424773
v 2.798158 12.590237 0.449880
v 2.806979 12.589525 0.431504
v 2.804901 12.590464 0.469114
v 2.798158 12.590237 0.449880
v 2.795481 12.432760 0.473598
v 2.813789 12.431282 0.482464
v 2.823277 12.590068 0.477946
v 2.804901 12.590464 0.469114
v 2.843335 12.753766 0.468278
v 2.824101 12.753495 0.475032
v 2.852167 12.753880 0.449903
v 2.843335 12.753766 0.468278
v 2.845413 12.753756 0.430668
v 2.852167 12.753880 0.449903
v 2.827038 12.753472 0.421836
v 2.845413 12.753756 0.430668
v 2.807803 12.753201 0.428590
v 2.827038 12.753472 0.421836
v 2.798971 12.753101 0.446966
v 2.807803 12.753201 0.428590
v 2.805725 12.753224 0.466200
v 2.798971 12.753101 0.446966
v 2.824101 12.753495 0.475032
v 2.805725 12.753224 0.466200
v 2.837575 12.921679 0.470842
v 2.818364 12.920549 0.477585
v 2.846373 12.922809 0.452489
v 2.837575 12.921679 0.470842
v 2.839608 12.923293 0.433266
v 2.846373 12.922809 0.452489
v 2.845413 12.753756 0.430668
v 2.827038 12.753472 0.421836
v 2.821244 12.922842 0.424434
v 2.839608 12.923293 0.433266
v 2.802032 12.921723 0.431165
v 2.821244 12.922842 0.424434
v 2.793234 12.920583 0.449519
v 2.802032 12.921723 0.431165
v 2.799999 12.920109 0.468753
v 2.793234 12.920583 0.449519
v 2.818364 12.920549 0.477585
v 2.799999 12.920109 0.468753
v 2.828370 13.092549 0.482114
v 2.809181 13.090844 0.488811
v 2.837112 13.094775 0.463828
v 2.828370 13.092549 0.482114
v 2.830290 13.096209 0.444673
v 2.837112 13.094775 0.463828
v 2.811915 13.096017 0.435852
v 2.830290 13.096209 0.444673
v 2.792726 13.094312 0.442550
v 2.811915 13.096017 0.435852
v 2.783984 13.092087 0.460835
v 2.792726 13.094312 0.442550
v 2.790794 13.090652 0.479990
v 2.783984 13.092087 0.460835
v 2.809181 13.090844 0.488811
v 2.790794 13.090652 0.479990
v 2.818330 13.266267 0.503686
v 2.799163 13.264223 0.510338
v 2.827015 13.269497 0.485525
v 2.818330 13.266267 0.503686
v 2.820148 13.272016 0.466494
v 2.827015 13.269497 0.485525
v 2.801727 13.272343 0.457741
v 2.820148 13.272016 0.466494
v 2.782572 13.270288 0.464393
v 2.801727 13.272343 0.457741
v 2.773875 13.267058 0.482554
v 2.782572 13.270288 0.464393
v 2.780754 13.264539 0.501585
v 2.773875 13.267058 0.482554
v 2.799163 13.264223 0.510338
v 2.780754 13.264539 0.501585
v 2.809317 13.442853 0.535389
v 2.790162 13.440662 0.542018
v 2.817968 13.446862 0.517374
v 2.809317 13.442853 0.535389
v 2.811045 13.450329 0.498513
v 2.817968 13.446862 0.517374
v 2.792601 13.451244 0.489862
v 2.811045 13.450329 0.498513
v 2.773446 13.449054 0.496491
v 2.792601 13.451244 0.489862
v 2.764795 13.445045 0.514517
v 2.773446 13.449054 0.496491
v 2.771718 13.441566 0.533367
v 2.764795 13.445045 0.514517
v 2.790162 13.440662 0.542018
v 2.771718 13.441566 0.533367
v 2.802382 13.622375 0.575280
v 2.783227 13.620218 0.581910
v 2.811011 13.626814 0.557345
v 2.802382 13.622375 0.575280
v 2.804065 13.630937 0.538630
v 2.811011 13.626814 0.557345
v 2.785610 13.632338 0.530080
v 2.804065 13.630937 0.538630
v 2.766455 13.630191 0.536721
v 2.785610 13.632338 0.530080
v 2.757815 13.625752 0.554657
v 2.766455 13.630191 0.536721
v 2.764761 13.621618 0.573371
v 2.757815 13.625752 0.554657
v 2.783227 13.620218 0.581910
v 2.764761 13.621618 0.573371
v 2.797831 13.804994 0.619565
v 2.778664 13.803017 0.626251
v 2.806459 13.809443 0.601641
v 2.797831 13.804994 0.619565
v 2.799502 13.813769 0.582971
v 2.806459 13.809443 0.601641
v 2.781036 13.815429 0.574489
v 2.799502 13.813769 0.582971
v 2.761881 13.813463 0.581164
v 2.781036 13.815429 0.574489
v 2.753241 13.809013 0.599088
v 2.761881 13.813463 0.581164
v 2.760198 13.804688 0.617769
v 2.753241 13.809013 0.599088
v 2.778664 13.803017 0.626251
v 2.760198 13.804688 0.617769
v 2.795210 13.990399 0.663206
v 2.776044 13.988683 0.669937
v 2.803850 13.994499 0.645192
v 2.795210 13.990399 0.663206
v 2.796893 13.998566 0.626466
v 2.803850 13.994499 0.645192
v 2.778427 14.000225 0.617984
v 2.796893 13.998566 0.626466
v 2.759261 13.998508 0.624715
v 2.778427 14.000225 0.617984
v 2.750621 13.994420 0.642729
v 2.759261 13.998508 0.624715
v 2.757578 13.990354 0.661455
v 2.750621 13.994420 0.642729
v 2.776044 13.988683 0.669937
v 2.757578 13.990354 0.661455
v 2.793505 14.176506 0.701889
v 2.774327 14.175015 0.708665
v 2.802145 14.180031 0.683761
v 2.793505 14.176506 0.701889
v 2.795199 14.183509 0.664911
v 2.802145 14.180031 0.683761
v 2.776744 14.184921 0.656373
v 2.795199 14.183509 0.664911
v 2.757566 14.183431 0.663161
v 2.776744 14.184921 0.656373
v 2.748926 14.179906 0.681288
v 2.757566 14.183431 0.663161
v 2.755872 14.176428 0.700138
v 2.748926 14.179906 0.681288
v 2.774327 14.175015 0.708665
v 2.755872 14.176428 0.700138
v 2.791133 14.359034 0.732903
v 2.771967 14.357611 0.739702
v 2.799796 14.361947 0.714674
v 2.791133 14.359034 0.732903
v 2.792861 14.364635 0.695688
v 2.799796 14.361947 0.714674
v 2.774406 14.365527 0.687071
v 2.792861 14.364635 0.695688
v 2.755240 14.364104 0.693870
v 2.774406 14.365527 0.687071
v 2.746577 14.361191 0.712099
v 2.755240 14.364104 0.693870
v 2.753512 14.358501 0.731084
v 2.746577 14.361191 0.712099
v 2.771967 14.357611 0.739702
v 2.753512 14.358501 0.731084
v 2.786005 14.531565 0.755175
v 2.766839 14.529881 0.761940
v 2.794680 14.534004 0.736890
v 2.786005 14.531565 0.755175
v 2.787779 14.535777 0.717780
v 2.794680 14.534004 0.736890
v 2.769346 14.535823 0.709060
v 2.787779 14.535777 0.717780
v 2.750191 14.534141 0.715814
v 2.769346 14.535823 0.709060
v 2.741517 14.531700 0.734111
v 2.750191 14.534141 0.715814
v 2.748418 14.529938 0.753210
v 2.741517 14.531700 0.734111
v 2.766839 14.529881 0.761940
v 2.748418 14.529938 0.753210
v 2.775423 14.685640 0.769248
v 2.756335 14.683033 0.775923
v 2.784097 14.688002 0.750951
v 2.775423 14.685640 0.769248
v 2.777286 14.688725 0.731751
v 2.784097 14.688002 0.750951
v 2.758967 14.687392 0.722885
v 2.777286 14.688725 0.731751
v 2.739880 14.684783 0.729559
v 2.758967 14.687392 0.722885
v 2.731206 14.682423 0.747868
v 2.739880 14.684783 0.729559
v 2.738016 14.681700 0.767068
v 2.731206 14.682423 0.747868
v 2.756335 14.683033 0.775923
v 2.738016 14.681700 0.767068
v 2.785339 14.811720 0.777086
v 2.766636 14.806931 0.783625
v 2.793911 14.814701 0.758823
v 2.785339 14.811720 0.777086
v 2.787327 14.814137 0.739544
v 2.793911 14.814701 0.758823
v 2.769437 14.810352 0.730520
v 2.787327 14.814137 0.739544
v 2.750722 14.805564 0.737059
v 2.769437 14.810352 0.730520
v 2.742150 14.802582 0.755322
v 2.750722 14.805564 0.737059
v 2.748746 14.803135 0.774601
v 2.742150 14.802582 0.755322
v 2.766636 14.806931 0.783625
v 2.748746 14.803135 0.774601
v 2.754743 14.903869 0.780914
v 2.737632 14.894777 0.787262
v 2.762660 14.908612 0.762731
v 2.754743 14.903869 0.780914
v 2.756753 14.906208 0.743361
v 2.762660 14.908612 0.762731
v 2.740478 14.898075 0.734156
v 2.756753 14.906208 0.743361
v 2.769437 14.810352 0.730520
v 2.750722 14.805564 0.737059
v 2.723367 14.888972 0.740504
v 2.740478 14.898075 0.734156
v 2.715450 14.884240 0.758687
v 2.723367 14.888972 0.740504
v 2.721357 14.886634 0.778046
v 2.715450 14.884240 0.758687
v 2.737632 14.894777 0.787262
v 2.721357 14.886634 0.778046
v 2.737632 14.894777 0.787262
v 2.754743 14.903869 0.780914
v 2.711542 14.961233 0.782428
v 2.699356 14.946088 0.788595
v 2.754743 14.903869 0.780914
v 2.762660 14.908612 0.762731
v 2.717257 14.968665 0.764323
v 2.711542 14.961233 0.782428
v 2.713157 14.964046 0.744897
v 2.717257 14.968665 0.764323
v 2.701637 14.950074 0.735523
v 2.713157 14.964046 0.744897
v 2.689462 14.934939 0.741690
v 2.701637 14.950074 0.735523
v 2.683747 14.927497 0.759794
v 2.689462 14.934939 0.741690
v 2.687847 14.932117 0.779220
v 2.683747 14.927497 0.759794
v 2.699356 14.946088 0.788595
v 2.687847 14.932117 0.779220
v 2.667822 14.986013 0.773223
v 2.667822 14.967162 0.779322
v 2.667822 14.995183 0.755152
v 2.667822 14.986013 0.773223
v 2.717257 14.968665 0.764323
v 2.713157 14.964046 0.744897
v 2.667822 14.989287 0.735704
v 2.667822 14.995183 0.755152
v 2.667822 14.971792 0.726250
v 2.667822 14.989287 0.735704
v 2.667822 14.952954 0.732349
v 2.667822 14.971792 0.726250
v 2.689462 14.934939 0.741690
v 2.683747 14.927497 0.759794
v 2.667822 14.943784 0.750420
v 2.667822 14.952954 0.732349
v 2.667822 14.949668 0.769869
v 2.667822 14.943784 0.750420
v 2.667822 14.967162 0.779322
v 2.667822 14.949668 0.769869
v 2.576237 15.008669 0.755977
v 2.576237 14.999373 0.764775
v 2.576237 14.989921 0.782835
v 2.576237 14.996099 0.779988
v 2.667822 14.946945 0.725606
v 2.667822 14.952954 0.732349
v 2.667822 14.943784 0.750420
v 2.667822 14.934759 0.749629
v 2.667822 14.990914 0.779955
v 2.667822 14.986013 0.773223
v 2.667822 14.995183 0.755152
v 2.667822 15.003100 0.755932
v 2.576237 14.950684 0.725629
v 2.576237 14.955767 0.741949
v 2.576237 14.975225 0.735862
v 2.576237 14.976559 0.717531
v 2.667822 14.972008 0.717508
v 2.667822 14.971792 0.726250
v 2.576237 14.996099 0.779988
v 2.576237 14.989921 0.782835
v 2.576237 14.970460 0.788922
v 2.576237 14.970235 0.788086
v 2.576237 14.976559 0.717531
v 2.576237 14.975225 0.735862
v 2.576237 14.993286 0.745315
v 2.576237 15.000583 0.730102
v 2.576237 14.952400 0.779469
v 2.576237 14.946212 0.775516
v 2.667822 14.965853 0.788064
v 2.667822 14.990914 0.779955
v 2.576237 14.996099 0.779988
v 2.576237 14.970235 0.788086
v 2.667822 14.990914 0.779955
v 2.667822 15.003100 0.755932
v 2.576237 15.008669 0.755977
v 2.576237 14.996099 0.779988
v 2.667822 15.003100 0.755932
v 2.667822 14.995263 0.730068
v 2.576237 15.000583 0.730102
v 2.576237 15.008669 0.755977
v 2.667822 14.995263 0.730068
v 2.667822 14.972008 0.717508
v 2.576237 14.976559 0.717531
v 2.576237 15.000583 0.730102
v 2.667822 14.972008 0.717508
v 2.667822 14.946945 0.725606
v 2.576237 14.950684 0.725629
v 2.576237 14.976559 0.717531
v 2.667822 14.946945 0.725606
v 2.667822 14.934759 0.749629
v 2.576237 14.938113 0.749652
v 2.576237 14.950684 0.725629
v 2.667822 14.934759 0.749629
v 2.667822 14.942586 0.775505
v 2.576237 14.946212 0.775516
v 2.576237 14.938113 0.749652
v 2.667822 14.942586 0.775505
v 2.667822 14.965853 0.788064
v 2.576237 14.970235 0.788086
v 2.576237 14.946212 0.775516
v 2.576237 14.938113 0.749652
v 2.576237 14.946314 0.760009
v 2.576237 14.955767 0.741949
v 2.576237 14.950684 0.725629
v 2.667822 14.989287 0.735704
v 2.667822 14.995263 0.730068
v 2.667822 14.949668 0.769869
v 2.667822 14.942586 0.775505
v 2.667822 14.967162 0.779322
v 2.667822 14.965853 0.788064
v 2.576237 14.946212 0.775516
v 2.576237 14.952400 0.779469
vn -0.0000 -1.0000 -0.0000
vn -1.0000 -0.0000 -0.0000
vn -0.0000 -0.0000 1.0000
vn -0.0000 1.0000 -0.0000
vn 1.0000 -0.0000 -0.0000
vn 0.1635 0.1635 -0.9729
vn 0.1543 0.4562 -0.8764
vn 0.1542 0.4561 -0.8765
vn 0.1449 0.6995 -0.6998
vn 0.1450 0.6996 -0.6997
vn 0.4555 0.1554 -0.8765
vn 0.4557 0.1555 -0.8765
vn 0.4560 0.1559 -0.8762
vn 0.4557 0.1556 -0.8765
vn 0.4311 0.4313 -0.7926
vn 0.4314 0.4314 -0.7924
vn 0.4091 0.6450 -0.6455
vn 0.4090 0.6449 -0.6455
vn 0.4090 0.6450 -0.6455
vn 0.1634 0.9729 -0.1634
vn 0.1635 0.9729 -0.1635
vn 0.4562 0.8764 -0.1543
vn 0.4561 0.8764 -0.1543
vn 0.4560 0.8766 -0.1541
vn 0.6996 0.6996 -0.1449
vn 0.6997 0.6995 -0.1451
vn 0.1555 0.8766 -0.4555
vn 0.1556 0.8765 -0.4557
vn 0.1555 0.8765 -0.4556
vn 0.1556 0.8764 -0.4557
vn 0.4312 0.7925 -0.4313
vn 0.4314 0.7924 -0.4313
vn 0.4313 0.7925 -0.4313
vn 0.4314 0.7924 -0.4314
vn 0.6448 0.6458 -0.4089
vn 0.6450 0.6453 -0.4093
vn 0.9729 0.1634 -0.1634
vn 0.9729 0.1635 -0.1635
vn 0.8764 0.1544 -0.4562
vn 0.8764 0.1543 -0.4561
vn 0.8765 0.1542 -0.4560
vn 0.8764 0.1543 -0.4562
vn 0.6995 0.1449 -0.6998
vn 0.6995 0.1449 -0.6997
vn 0.8765 0.4556 -0.1555
vn 0.8764 0.4557 -0.1556
vn 0.7924 0.4314 -0.4314
vn 0.7924 0.4313 -0.4314
vn 0.7926 0.4312 -0.4312
vn 0.6456 0.4090 -0.6449
vn 0.6455 0.4091 -0.6450
vn 0.5772 0.5776 -0.5772
vn 0.9729 0.1634 0.1634
vn 0.9729 0.1635 0.1635
vn 0.9729 0.1636 0.1636
vn 0.8765 0.4561 0.1542
vn 0.8764 0.4561 0.1543
vn 0.8764 0.4562 0.1543
vn 0.6996 0.6996 0.1449
vn 0.6995 0.6997 0.1451
vn 0.8765 0.1556 0.4556
vn 0.8764 0.1556 0.4557
vn 0.7926 0.4312 0.4312
vn 0.7924 0.4314 0.4313
vn 0.7924 0.4313 0.4313
vn 0.6454 0.6451 0.4091
vn 0.6457 0.6449 0.4089
vn 0.6455 0.6450 0.4090
vn 0.6456 0.6449 0.4090
vn 0.1636 0.9729 0.1636
vn 0.1635 0.9729 0.1635
vn 0.1543 0.8764 0.4562
vn 0.1543 0.8764 0.4561
vn 0.1541 0.8765 0.4560
vn 0.1449 0.6995 0.6998
vn 0.1449 0.6995 0.6997
vn 0.4555 0.8765 0.1554
vn 0.4557 0.8765 0.1555
vn 0.4558 0.8763 0.1557
vn 0.4557 0.8764 0.1556
vn 0.4313 0.7924 0.4313
vn 0.4313 0.7924 0.4314
vn 0.4314 0.7924 0.4313
vn 0.4089 0.6458 0.6448
vn 0.4093 0.6453 0.6450
vn 0.1636 0.1636 0.9729
vn 0.1635 0.1635 0.9729
vn 0.1634 0.1634 0.9729
vn 0.4562 0.1543 0.8764
vn 0.4562 0.1541 0.8764
vn 0.6995 0.1449 0.6998
vn 0.6996 0.1450 0.6997
vn 0.1556 0.4557 0.8764
vn 0.4313 0.4312 0.7925
vn 0.4313 0.4313 0.7924
vn 0.4314 0.4312 0.7925
vn 0.4314 0.4314 0.7924
vn 0.6449 0.4090 0.6456
vn 0.6449 0.4089 0.6457
vn 0.5772 0.5776 0.5772
vn -0.1635 0.1635 -0.9729
vn -0.4562 0.1543 -0.8764
vn -0.4561 0.1542 -0.8765
vn -0.4561 0.1543 -0.8764
vn -0.6995 0.1449 -0.6998
vn -0.6996 0.1450 -0.6997
vn -0.1554 0.4555 -0.8765
vn -0.1556 0.4557 -0.8764
vn -0.1556 0.4557 -0.8765
vn -0.4313 0.4311 -0.7926
vn -0.4314 0.4314 -0.7924
vn -0.6449 0.4090 -0.6456
vn -0.6450 0.4091 -0.6455
vn -0.9729 0.1634 -0.1634
vn -0.9729 0.1635 -0.1635
vn -0.8765 0.4561 -0.1542
vn -0.8764 0.4561 -0.1543
vn -0.8764 0.4562 -0.1543
vn -0.6996 0.6996 -0.1449
vn -0.6995 0.6997 -0.1451
vn -0.8765 0.1556 -0.4556
vn -0.8764 0.1556 -0.4557
vn -0.7926 0.4312 -0.4312
vn -0.7924 0.4314 -0.4313
vn -0.7924 0.4313 -0.4313
vn -0.6454 0.6451 -0.4091
vn -0.6457 0.6449 -0.4089
vn -0.6455 0.6450 -0.4090
vn -0.6454 0.6450 -0.4091
vn -0.1634 0.9729 -0.1634
vn -0.1635 0.9729 -0.1635
vn -0.1543 0.8764 -0.4561
vn -0.1541 0.8766 -0.4559
vn -0.1543 0.8764 -0.4562
vn -0.1449 0.6995 -0.6998
vn -0.1449 0.6995 -0.6997
vn -0.4555 0.8766 -0.1554
vn -0.4557 0.8765 -0.1556
vn -0.4557 0.8764 -0.1556
vn -0.4313 0.7925 -0.4312
vn -0.4313 0.7924 -0.4314
vn -0.4313 0.7925 -0.4313
vn -0.4313 0.7924 -0.4313
vn -0.4089 0.6458 -0.6448
vn -0.4093 0.6453 -0.6450
vn -0.5772 0.5776 -0.5772
vn -0.9729 0.1634 0.1634
vn -0.9729 0.1635 0.1635
vn -0.9729 0.1636 0.1636
vn -0.8764 0.1543 0.4562
vn -0.8764 0.1543 0.4561
vn -0.8765 0.1542 0.4560
vn -0.6995 0.1449 0.6998
vn -0.6995 0.1449 0.6997
vn -0.8765 0.4556 0.1555
vn -0.8764 0.4557 0.1556
vn -0.7926 0.4312 0.4312
vn -0.7924 0.4313 0.4314
vn -0.7924 0.4314 0.4314
vn -0.7924 0.4313 0.4313
vn -0.6455 0.4090 0.6450
vn -0.6455 0.4091 0.6449
vn -0.6456 0.4090 0.6450
vn -0.6455 0.4091 0.6450
vn -0.1635 0.1635 0.9729
vn -0.1543 0.4562 0.8764
vn -0.1542 0.4561 0.8765
vn -0.1449 0.6995 0.6998
vn -0.1450 0.6996 0.6997
vn -0.4555 0.1554 0.8765
vn -0.4557 0.1556 0.8764
vn -0.4557 0.1556 0.8765
vn -0.4311 0.4313 0.7926
vn -0.4314 0.4314 0.7924
vn -0.4091 0.6450 0.6455
vn -0.4090 0.6449 0.6455
vn -0.4090 0.6450 0.6455
vn -0.4090 0.6449 0.6456
vn -0.1634 0.9729 0.1634
vn -0.1635 0.9729 0.1635
vn -0.4562 0.8764 0.1543
vn -0.4561 0.8764 0.1543
vn -0.4560 0.8766 0.1541
vn -0.6996 0.6996 0.1449
vn -0.6997 0.6995 0.1451
vn -0.1555 0.8766 0.4555
vn -0.1556 0.8765 0.4557
vn -0.1556 0.8764 0.4557
vn -0.4312 0.7925 0.4313
vn -0.4314 0.7924 0.4314
vn -0.4313 0.7925 0.4313
vn -0.4313 0.7924 0.4313
vn -0.6448 0.6458 0.4089
vn -0.6450 0.6453 0.4093
vn -0.5772 0.5776 0.5772
vn 0.9877 -0.0000 -0.1567
vn 0.9877 -0.0000 -0.1563
vn 0.8910 -0.0000 -0.4540
vn 0.7071 -0.0000 -0.7071
vn 0.4539 -0.0000 -0.8910
vn 0.4540 -0.0000 -0.8910
vn 0.1565 -0.0000 -0.9877
vn -0.1565 -0.0000 0.9877
vn -0.4539 -0.0000 0.8910
vn -0.4540 -0.0000 0.8910
vn -0.7071 -0.0000 0.7071
vn -0.7070 -0.0000 0.7072
vn -0.8910 -0.0000 0.4540
vn -0.9877 -0.0000 0.1563
vn 0.1565 -0.0000 0.9877
vn 0.4539 -0.0000 0.8910
vn 0.4540 -0.0000 0.8910
vn 0.7071 -0.0000 0.7071
vn 0.8910 -0.0000 0.4540
vn 0.9877 -0.0000 0.1563
vn 0.9877 -0.0000 0.1567
vn -0.1565 -0.0000 -0.9877
vn -0.4539 -0.0000 -0.8910
vn -0.4540 -0.0000 -0.8910
vn -0.7071 -0.0000 -0.7071
vn -0.8910 -0.0000 -0.4540
vn -0.9877 -0.0000 -0.1563
vn -0.9877 -0.0000 -0.1567
vn -0.0000 0.9877 0.1565
vn -0.0000 0.8909 0.4543
vn -0.0000 0.8909 0.4541
vn -0.0000 0.7070 0.7072
vn -0.0000 0.4540 0.8910
vn -0.0000 0.1565 0.9877
vn 0.1565 0.9877 -0.0000
vn 0.4538 0.8911 -0.0000
vn 0.4541 0.8909 -0.0000
vn 0.7071 0.7071 -0.0000
vn 0.8910 0.4540 -0.0000
vn 0.9877 0.1566 -0.0000
vn -0.1565 0.9877 -0.0000
vn -0.4538 0.8911 -0.0000
vn -0.4541 0.8909 -0.0000
vn -0.7071 0.7071 -0.0000
vn -0.8910 0.4540 -0.0000
vn -0.9877 0.1566 -0.0000
vn -0.0000 0.9877 -0.1565
vn -0.0000 0.8909 -0.4543
vn -0.0000 0.8911 -0.4538
vn -0.0000 0.7070 -0.7072
vn -0.0000 0.4540 -0.8910
vn -0.0000 0.1565 -0.9877
vn -0.0000 -0.0000 -1.0000
vn -0.7070 -0.0000 -0.7072
vn 0.9877 -0.0000 0.1566
vn 0.7070 -0.0000 0.7072
vn 0.7070 -0.0000 -0.7072
vn 0.9877 -0.0000 -0.1566
vn -0.9877 -0.0000 -0.1564
vn -0.8911 -0.0001 -0.4538
vn -0.7071 -0.0001 -0.7071
vn -0.4541 -0.0000 -0.8909
vn -0.4539 0.0002 -0.8911
vn -0.1564 -0.0000 -0.9877
vn 0.9877 -0.0000 0.1564
vn 0.8911 -0.0001 0.4538
vn 0.7071 -0.0001 0.7071
vn 0.4538 -0.0000 0.8911
vn 0.4540 -0.0001 0.8910
vn 0.1564 -0.0000 0.9877
vn -0.9877 -0.0000 0.1564
vn -0.8910 -0.0001 0.4540
vn -0.8911 -0.0000 0.4538
vn -0.7071 -0.0001 0.7071
vn -0.4538 -0.0001 0.8911
vn -0.1564 -0.0000 0.9877
vn 0.1564 -0.0000 -0.9877
vn 0.4538 -0.0001 -0.8911
vn 0.7071 -0.0001 -0.7071
vn 0.8911 -0.0000 -0.4538
vn 0.8910 -0.0001 -0.4540
vn 0.9877 -0.0000 -0.1564
vn -0.0000 -0.0561 0.9984
vn -0.0000 0.9984 0.0561
vn -0.0000 0.9984 -0.0561
vn -0.0000 -0.9749 -0.2225
vn -0.0000 -0.9972 -0.0748
vn -0.0000 -0.9984 -0.0561
vn -0.0000 -0.9010 -0.4339
vn -0.0000 -0.7818 -0.6235
vn -0.0000 -0.6235 -0.7818
vn -0.0000 -0.4339 -0.9010
vn -0.0000 -0.2225 -0.9749
vn -0.0000 -0.0561 -0.9984
vn -0.0000 0.9749 0.2225
vn -0.0000 0.9010 0.4339
vn -0.0000 0.7818 0.6235
vn -0.0000 0.6235 0.7818
vn -0.0000 0.4339 0.9010
vn -0.0000 0.2225 0.9749
vn -0.0000 0.0561 0.9984
vn -0.0000 -0.9749 0.2225
vn -0.0000 -0.9972 0.0748
vn -0.0000 -0.9937 0.1120
vn -0.0000 -0.9010 0.4339
vn -0.0000 -0.7818 0.6235
vn -0.0000 -0.6235 0.7818
vn -0.0000 -0.4339 0.9010
vn -0.0000 -0.2225 0.9749
vn -0.0000 0.9749 -0.2225
vn -0.0000 0.9010 -0.4339
vn -0.0000 0.7818 -0.6235
vn -0.0000 0.6235 -0.7818
vn -0.0000 0.4339 -0.9010
vn -0.0000 0.2225 -0.9749
vn -0.0000 0.0561 -0.9984
vn -0.0000 -0.9984 0.0561
vn -0.0000 0.9937 -0.1120
vn -0.0000 0.9972 -0.0748
vn -0.0000 -0.7819 0.6235
vn 0.0981 -0.9952 -0.0000
vn -0.0000 0.9972 -0.0747
vn -0.0000 0.9972 0.0748
vn 0.0981 0.9952 -0.0000
vn -0.0001 -0.0000 1.0000
vn 0.3829 -0.9238 -0.0000
vn 0.7071 -0.7072 -0.0000
vn 0.7071 -0.7071 -0.0000
vn 0.9239 -0.3827 -0.0000
vn 0.9952 -0.0981 -0.0000
vn 0.9239 -0.3826 -0.0000
vn 0.9239 0.3827 -0.0000
vn 0.9952 0.0982 -0.0000
vn 0.7072 0.7070 -0.0000
vn 0.3829 0.9238 -0.0000
vn 0.9952 -0.0980 -0.0000
vn -0.0000 -0.9937 -0.1120
vn -0.0000 -0.9972 0.0747
vn -0.0000 0.9937 0.1120
vn -0.0000 -0.2978 -0.9546
vn -0.0000 -0.2978 0.9546
vn 0.0654 -0.0000 -0.9979
vn -0.0654 -0.0000 -0.9979
vn -0.0669 0.0669 -0.9955
vn 0.0669 0.0669 -0.9955
vn -0.9979 -0.0000 -0.0654
vn -0.9979 -0.0000 0.0654
vn -0.9955 0.0668 0.0668
vn -0.9955 0.0669 -0.0669
vn -0.0654 -0.0000 0.9979
vn 0.0654 -0.0000 0.9979
vn 0.0669 0.0668 0.9955
vn -0.0669 0.0668 0.9955
vn 0.0669 0.9955 0.0669
vn 0.0669 0.9955 -0.0668
vn -0.0669 0.9955 -0.0669
vn -0.0669 0.9955 0.0669
vn 0.9634 0.2594 -0.0681
vn 0.9955 0.0668 -0.0669
vn 0.9634 0.0677 -0.2592
vn 0.9283 0.2623 -0.2635
vn 0.8643 0.0647 -0.4988
vn 0.8320 0.2502 -0.4951
vn 0.7057 0.0628 -0.7058
vn 0.6865 0.2410 -0.6861
vn 0.8643 0.4987 -0.0654
vn 0.8318 0.4950 -0.2511
vn 0.7551 0.4635 -0.4637
vn 0.6354 0.4392 -0.6351
vn 0.7058 0.7056 -0.0628
vn 0.6861 0.6864 -0.2410
vn 0.6352 0.6353 -0.4392
vn 0.6351 0.6354 -0.4392
vn 0.6354 0.4392 -0.6352
vn 0.5773 0.5773 -0.5775
vn 0.2594 0.0681 -0.9634
vn 0.0678 0.2592 -0.9634
vn 0.2623 0.2635 -0.9283
vn 0.0648 0.4989 -0.8642
vn 0.2502 0.4951 -0.8320
vn 0.0628 0.7058 -0.7056
vn 0.2410 0.6861 -0.6865
vn 0.4987 0.0653 -0.8643
vn 0.4950 0.2511 -0.8318
vn 0.4635 0.4637 -0.7551
vn 0.4391 0.6352 -0.6354
vn 0.7056 0.0628 -0.7058
vn 0.6864 0.2410 -0.6861
vn 0.0681 0.9634 -0.2594
vn 0.0669 0.9955 -0.0669
vn 0.2592 0.9634 -0.0678
vn 0.2635 0.9283 -0.2624
vn 0.4989 0.8642 -0.0649
vn 0.4951 0.8320 -0.2502
vn 0.7058 0.7057 -0.0628
vn 0.6861 0.6865 -0.2410
vn 0.0653 0.8643 -0.4987
vn 0.2511 0.8318 -0.4950
vn 0.4637 0.7551 -0.4635
vn 0.0681 0.2594 0.9634
vn 0.0669 0.0669 0.9955
vn 0.2592 0.0678 0.9634
vn 0.2635 0.2623 0.9283
vn 0.4989 0.0648 0.8642
vn 0.4951 0.2502 0.8320
vn 0.7058 0.0628 0.7057
vn 0.6860 0.2410 0.6865
vn 0.0653 0.4987 0.8643
vn 0.2511 0.4950 0.8318
vn 0.4637 0.4635 0.7551
vn 0.6351 0.4392 0.6354
vn 0.0628 0.7057 0.7058
vn 0.2411 0.6864 0.6861
vn 0.4391 0.6354 0.6352
vn 0.5775 0.5773 0.5773
vn 0.9634 0.0681 0.2594
vn 0.9955 0.0669 0.0669
vn 0.9635 0.2592 0.0677
vn 0.9283 0.2635 0.2623
vn 0.8642 0.4989 0.0648
vn 0.8320 0.4951 0.2502
vn 0.7057 0.7058 0.0628
vn 0.6865 0.6860 0.2410
vn 0.8643 0.0653 0.4987
vn 0.8318 0.2511 0.4950
vn 0.7551 0.4637 0.4635
vn 0.6354 0.6351 0.4392
vn 0.7058 0.0628 0.7056
vn 0.6861 0.2410 0.6864
vn 0.6352 0.4392 0.6354
vn 0.6353 0.6352 0.4392
vn 0.2594 0.9634 0.0681
vn 0.0678 0.9634 0.2592
vn 0.2623 0.9283 0.2634
vn 0.0647 0.8643 0.4988
vn 0.2502 0.8321 0.4951
vn 0.4986 0.8644 0.0653
vn 0.4950 0.8318 0.2511
vn 0.4635 0.7551 0.4637
vn 0.7056 0.7058 0.0628
vn 0.6864 0.6861 0.2410
vn -0.9634 0.0681 -0.2594
vn -0.9634 0.2592 -0.0677
vn -0.9283 0.2634 -0.2623
vn -0.8642 0.4989 -0.0648
vn -0.8320 0.4951 -0.2502
vn -0.7056 0.7058 -0.0628
vn -0.6865 0.6861 -0.2410
vn -0.8643 0.0654 -0.4987
vn -0.8318 0.2510 -0.4950
vn -0.7551 0.4637 -0.4635
vn -0.6354 0.6351 -0.4392
vn -0.7058 0.0628 -0.7057
vn -0.6861 0.2410 -0.6864
vn -0.6352 0.4392 -0.6354
vn -0.5774 0.5773 -0.5773
vn -0.2594 0.9633 -0.0682
vn -0.0677 0.9634 -0.2592
vn -0.2623 0.9283 -0.2635
vn -0.0648 0.8642 -0.4989
vn -0.2502 0.8320 -0.4951
vn -0.0628 0.7057 -0.7058
vn -0.2411 0.6864 -0.6861
vn -0.4987 0.8643 -0.0654
vn -0.4950 0.8318 -0.2511
vn -0.4635 0.7551 -0.4637
vn -0.4391 0.6354 -0.6352
vn -0.4988 0.8643 -0.0654
vn -0.4950 0.8318 -0.2510
vn -0.6864 0.6861 -0.2411
vn -0.0681 0.2594 -0.9634
vn -0.2592 0.0678 -0.9634
vn -0.2634 0.2623 -0.9283
vn -0.4989 0.0648 -0.8642
vn -0.4951 0.2502 -0.8320
vn -0.7057 0.0628 -0.7057
vn -0.6860 0.2410 -0.6865
vn -0.0654 0.4987 -0.8643
vn -0.2511 0.4950 -0.8318
vn -0.4637 0.4635 -0.7551
vn -0.2594 0.0682 0.9633
vn -0.0669 0.0669 0.9955
vn -0.0678 0.2592 0.9634
vn -0.2623 0.2635 0.9283
vn -0.0648 0.4989 0.8642
vn -0.2502 0.4951 0.8320
vn -0.0628 0.7058 0.7056
vn -0.2411 0.6861 0.6864
vn -0.4987 0.0654 0.8643
vn -0.4950 0.2511 0.8318
vn -0.4635 0.4637 0.7551
vn -0.4391 0.6352 0.6354
vn -0.7056 0.0628 0.7058
vn -0.4950 0.2510 0.8318
vn -0.6865 0.2410 0.6861
vn -0.6864 0.2411 0.6861
vn -0.6353 0.4392 0.6352
vn -0.5773 0.5773 0.5775
vn -0.0682 0.9633 0.2595
vn -0.2592 0.9634 0.0678
vn -0.2635 0.9283 0.2623
vn -0.4989 0.8642 0.0648
vn -0.4951 0.8320 0.2502
vn -0.7058 0.7057 0.0628
vn -0.6861 0.6865 0.2410
vn -0.0654 0.8643 0.4987
vn -0.2511 0.8318 0.4950
vn -0.4637 0.7551 0.4635
vn -0.6351 0.6354 0.4392
vn -0.9634 0.2594 0.0681
vn -0.9634 0.0678 0.2592
vn -0.9283 0.2623 0.2635
vn -0.8643 0.0648 0.4989
vn -0.8320 0.2502 0.4951
vn -0.8643 0.4987 0.0653
vn -0.8318 0.4950 0.2511
vn -0.7551 0.4635 0.4637
vn -0.6354 0.4392 0.6352
vn -0.7058 0.7056 0.0628
vn -0.6861 0.6864 0.2410
vn -0.6352 0.6354 0.4392
vn 0.2592 0.9634 -0.0677
vn 0.4989 0.8642 -0.0648
vn 0.7057 0.7057 -0.0628
vn -0.2594 0.9634 -0.0681
vn -0.4990 0.8642 0.0648
vn 0.9979 -0.0000 -0.0655
vn 0.9659 -0.0000 -0.2589
vn 0.8660 -0.0000 -0.5000
vn 0.5000 -0.0000 -0.8660
vn 0.2588 -0.0000 -0.9659
vn -0.2588 -0.0000 0.9659
vn -0.2594 0.0681 0.9634
vn -0.5000 -0.0000 0.8660
vn -0.8660 -0.0000 0.5000
vn -0.9659 -0.0000 0.2588
vn 0.2588 -0.0000 0.9659
vn 0.5000 -0.0000 0.8660
vn 0.8660 -0.0000 0.5000
vn 0.9659 -0.0000 0.2589
vn 0.9979 -0.0000 0.0655
vn -0.2588 -0.0000 -0.9659
vn -0.5000 -0.0000 -0.8660
vn -0.4990 0.0648 -0.8642
vn -0.8660 -0.0000 -0.5000
vn -0.9659 -0.0000 -0.2588
vn 0.9975 -0.0000 -0.0711
vn 0.9865 -0.0000 0.1635
vn 0.9975 -0.0000 0.0711
vn 0.1747 -0.0000 -0.9846
vn 0.1480 -0.0000 -0.9890
vn 0.2352 -0.0000 -0.9720
vn 0.1546 -0.0000 -0.9880
vn 0.4721 -0.8815 -0.0000
vn 0.2629 -0.9648 -0.0000
vn 0.2629 0.9648 -0.0000
vn 0.1747 -0.0000 0.9846
vn 0.1480 -0.0000 0.9890
vn 0.2352 -0.0000 0.9720
vn 0.1546 -0.0000 0.9880
vn 0.4572 -0.0000 -0.8894
vn 0.1481 -0.0000 -0.9890
vn 0.4721 0.8816 -0.0000
vn 0.4572 -0.0000 0.8894
vn 0.7797 0.6261 -0.0000
vn 0.7797 -0.6261 -0.0000
vn -0.9107 -0.3759 -0.1715
vn -0.9108 -0.3782 -0.1657
vn -0.9108 -0.3782 0.1658
vn -0.9107 -0.3758 0.1715
vn -0.5304 -0.8478 -0.0000
vn 0.3054 -0.0000 -0.9522
vn 0.3054 -0.0000 0.9522
vn -0.6453 -0.0000 0.7639
vn -0.3952 -0.0000 0.9186
vn -0.4916 -0.0000 0.8708
vn -0.3951 -0.0000 -0.9186
vn -0.3206 -0.0000 -0.9472
vn -0.4915 -0.0000 -0.8709
vn -0.3951 -0.0000 0.9186
vn -0.3206 -0.0000 0.9472
vn -0.4915 -0.0000 0.8709
vn -0.5304 0.8478 -0.0000
vn -0.0571 -0.0000 0.9984
vn -0.0580 -0.0000 0.9983
vn -0.0570 -0.0000 0.9984
vn -0.9107 0.3759 0.1715
vn -0.9108 0.3782 0.1657
vn -0.9108 0.3782 -0.1658
vn -0.9107 0.3758 -0.1716
vn -0.1371 -0.9906 -0.0000
vn -0.1393 -0.9902 -0.0000
vn -0.6453 -0.0000 -0.7639
vn -0.3952 -0.0000 -0.9186
vn -0.4916 -0.0000 -0.8708
vn -0.1347 0.9909 -0.0000
vn -0.1371 0.9906 -0.0000
vn -0.1393 0.9902 -0.0000
vn -0.1347 -0.9909 -0.0000
vn -0.0571 -0.0000 -0.9984
vn -0.0580 -0.0000 -0.9983
vn -0.0570 -0.0000 -0.9984
vn -0.0560 -0.0000 -0.9984
vn -0.0560 -0.0000 0.9984
vn 0.7730 -0.4213 -0.4742
vn 0.7730 -0.4213 -0.4743
vn 0.7728 -0.4214 -0.4745
vn 0.7731 0.4212 -0.4742
vn 0.7730 0.4214 -0.4742
vn 0.7730 0.4215 -0.4742
vn 0.7731 0.4213 -0.4742
vn 0.7731 -0.4212 0.4742
vn 0.7730 -0.4214 0.4742
vn 0.7729 -0.4216 0.4742
vn 0.7731 -0.4213 0.4742
vn 0.7731 0.4213 0.4741
vn 0.7730 0.4213 0.4742
vn 0.7729 0.4214 0.4744
vn 0.7731 0.4213 0.4742
vn 0.0005 -0.6670 -0.7451
vn 0.0006 -0.6671 -0.7450
vn 0.0006 -0.6672 -0.7449
vn 0.0005 0.6671 -0.7450
vn 0.0006 0.6671 -0.7450
vn 0.0006 0.6670 -0.7450
vn 0.0006 0.6671 0.7450
vn 0.0006 0.6670 0.7450
vn 0.0005 0.6670 0.7450
vn 0.0005 -0.6672 0.7449
vn 0.0006 -0.6671 0.7450
vn 0.0006 -0.6669 0.7451
vn 0.0006 -0.6670 0.7451
vn 0.5117 0.5739 0.6394
vn 0.5113 0.5739 0.6397
vn 0.5116 -0.5738 0.6395
vn 0.5115 -0.5738 0.6395
vn 0.5113 0.5740 -0.6396
vn 0.5116 0.5738 -0.6395
vn 0.5113 -0.5739 -0.6397
vn -0.5567 0.5545 -0.6185
vn -0.5568 0.5545 -0.6185
vn -0.5567 0.5545 -0.6186
vn -0.5564 0.5548 0.6186
vn -0.5569 0.5544 0.6185
vn -0.5571 0.5542 0.6185
vn -0.5566 0.5546 0.6186
vn -0.5567 -0.5545 0.6185
vn -0.5568 -0.5545 0.6185
vn -0.5567 -0.5545 -0.6185
vn -0.8931 -0.3019 -0.3336
vn -0.8931 0.3019 -0.3335
vn -0.8930 0.3019 -0.3336
vn -0.8931 0.3019 0.3336
vn -0.8931 -0.3019 0.3335
vn -0.8931 -0.3019 0.3336
vn -0.1296 -0.6706 -0.7304
vn -0.1305 -0.6715 -0.7294
vn -0.1305 -0.6716 -0.7293
vn -0.1305 0.6715 -0.7294
vn -0.1296 0.6706 -0.7304
vn -0.1296 0.6706 0.7304
vn -0.1305 0.6715 0.7294
vn -0.1306 0.6716 0.7294
vn -0.1306 -0.6716 0.7293
vn -0.1305 -0.6715 0.7294
vn -0.1297 -0.6706 0.7304
vn -0.1296 -0.6706 0.7304
vn -0.1314 0.6725 0.7283
vn -0.1314 0.6724 0.7284
vn -0.1315 -0.6725 0.7283
vn -0.1314 -0.6725 0.7284
vn -0.1315 0.6725 -0.7283
vn -0.1314 0.6724 -0.7284
vn -0.1314 -0.6725 -0.7283
vn -0.1314 -0.6724 -0.7284
vn 0.9964 0.0575 -0.0630
vn 0.9964 0.0575 0.0629
vn -0.4915 0.0001 0.8709
vn 0.1472 -0.0000 0.9891
vn -0.6255 -0.0000 0.7802
vn -0.4736 -0.0000 0.8808
vn -0.4735 -0.0000 0.8808
vn -0.4735 0.0001 0.8808
vn -0.3058 -0.0000 0.9521
vn 0.5943 -0.0000 -0.8042
vn 0.5943 -0.0000 0.8042
vn 0.2911 -0.0000 0.9567
vn 0.2911 -0.0000 -0.9567
vn 0.1472 -0.0000 -0.9891
vn -0.4735 -0.0000 -0.8808
vn -0.3058 -0.0000 -0.9521
vn -0.6255 -0.0000 -0.7802
vn -0.4736 -0.0000 -0.8808
vn 0.9973 -0.0000 -0.0738
vn 0.9993 0.0371 -0.0000
vn 0.9969 0.0783 -0.0000
vn 0.9993 -0.0376 -0.0000
vn 0.9639 -0.0000 0.2663
vn 0.9975 -0.0000 0.0712
vn 0.9865 -0.0000 0.1636
vn 0.9639 -0.0000 -0.2663
vn 0.9975 -0.0000 -0.0712
vn 0.9973 -0.0000 -0.0739
vn 0.8775 -0.4795 -0.0000
vn 0.8775 0.4795 -0.0000
vn 0.9969 -0.0783 -0.0000
vn 0.9954 -0.0960 -0.0000
vn 0.9969 -0.0784 -0.0000
vn 0.9993 -0.0377 -0.0000
vn 0.9954 0.0960 -0.0000
vn 0.9969 0.0784 -0.0000
vn 0.8782 -0.0000 0.4783
vn 0.8781 -0.0000 -0.4784
vn 0.6719 0.2835 -0.6842
vn 0.6716 0.2835 -0.6845
vn 0.8072 0.4174 -0.4174
vn 0.8072 -0.0000 -0.5903
vn 0.6719 -0.6842 0.2836
vn 0.6719 -0.6843 0.2834
vn 0.8072 -0.5902 -0.0000
vn 0.8072 -0.4174 0.4174
vn 0.6716 -0.2834 0.6845
vn 0.6714 -0.2836 0.6846
vn 0.8072 -0.4173 0.4174
vn 0.8072 -0.0000 0.5903
vn 0.6718 0.2835 0.6844
vn 0.6717 0.2835 0.6845
vn 0.8072 0.4173 0.4175
vn 0.6718 0.6843 0.2834
vn 0.6718 0.6843 0.2835
vn 0.8072 0.4174 0.4174
vn 0.8072 0.5903 -0.0000
vn 0.6719 0.6844 -0.2833
vn 0.6717 0.6845 -0.2833
vn 0.8072 0.5903 -0.0001
vn 0.6718 -0.2835 -0.6843
vn 0.6717 -0.2835 -0.6844
vn 0.8072 -0.4173 -0.4174
vn 0.6718 -0.6843 -0.2835
vn 0.8072 -0.4174 -0.4174
vn 0.9711 -0.1686 -0.1686
vn 0.8072 -0.0000 -0.5902
vn 0.9711 -0.0000 -0.2385
vn 0.9712 -0.2384 -0.0000
vn 0.8073 -0.5902 -0.0000
vn 0.9712 -0.1686 0.1686
vn 0.9712 -0.0000 0.2385
vn 0.8072 -0.0000 0.5902
vn 0.9711 0.1687 0.1686
vn 0.9711 0.2385 -0.0000
vn 0.8072 0.5902 -0.0000
vn 0.9711 0.1686 -0.1686
vn 0.7951 -0.0000 -0.6064
vn 0.7595 -0.0001 -0.6505
vn 0.7592 -0.0001 -0.6509
vn 0.5344 -0.8452 -0.0000
vn 0.6706 -0.7418 -0.0000
vn 0.4163 -0.9092 -0.0000
vn 0.5648 -0.8252 -0.0000
vn 0.4163 0.9092 -0.0000
vn 0.4074 0.9132 -0.0000
vn 0.4077 0.9131 -0.0000
vn 0.9993 -0.0308 0.0215
vn 0.9993 -0.0308 -0.0216
vn 0.9909 -0.1070 -0.0820
vn 0.9909 0.1070 -0.0820
vn 0.9909 0.1070 0.0820
vn 0.9909 -0.1070 0.0820
vn 0.9351 -0.0546 0.3503
vn 0.9351 0.0546 0.3503
vn 0.7951 -0.0000 0.6064
vn 0.6717 0.7408 -0.0000
vn 0.4164 0.9092 -0.0000
vn 0.6718 0.7408 -0.0000
vn 0.9909 0.1070 -0.0821
vn 0.9351 0.0546 -0.3503
vn 0.9351 -0.0546 -0.3503
vn 0.4164 -0.9092 -0.0000
vn 0.6717 -0.7408 -0.0000
vn 0.7938 -0.0004 0.6082
vn 0.7595 -0.0001 0.6505
vn 0.7592 -0.0001 0.6509
vn 0.7906 -0.0004 0.6124
vn 0.9541 -0.1196 0.2745
vn 0.8665 -0.0008 0.4992
vn 0.8428 0.5382 -0.0000
vn 0.8429 0.5381 -0.0000
vn 0.5797 0.8148 -0.0000
vn 0.5797 0.8149 -0.0000
vn 0.5796 0.8149 -0.0000
vn 0.7906 -0.0004 -0.6124
vn 0.7938 -0.0004 -0.6082
vn 0.8665 -0.0008 -0.4992
vn 0.9541 -0.1196 -0.2745
vn 0.8394 -0.5436 -0.0000
vn 0.5649 -0.8252 -0.0000
vn 0.9974 -0.0561 -0.0451
vn 0.9974 0.0561 -0.0451
vn 0.9974 0.0561 0.0451
vn 0.9974 -0.0561 0.0451
vn 1.0000 -0.0001 -0.0000
vn 0.9997 -0.0165 -0.0173
vn 0.9997 0.0163 -0.0171
vn 0.5344 0.8453 -0.0000
vn 0.6747 0.7381 -0.0000
vn 0.5343 0.8453 -0.0000
vn 0.8829 -0.0000 -0.4695
vn 0.8927 -0.0000 -0.4506
vn 0.8830 -0.0000 -0.4695
vn 0.9997 0.0163 0.0171
vn 0.9997 -0.0164 0.0173
vn 0.9444 -0.0000 0.3289
vn 0.8927 -0.0000 0.4506
vn 0.9444 -0.0000 0.3287
vn 0.9910 -0.0989 0.0899
vn 0.9912 0.0968 0.0897
vn 0.9912 0.0968 -0.0897
vn 0.8848 0.4659 -0.0000
vn 0.9444 -0.0000 -0.3287
vn 0.9444 -0.0000 -0.3289
vn 0.9910 -0.0989 -0.0899
vn 0.8812 -0.4727 -0.0000
vn 0.9756 -0.1858 0.1168
vn 0.9974 -0.0562 0.0451
vn 0.9974 0.0562 0.0451
vn 0.9756 0.1858 0.1168
vn 0.9283 -0.0000 0.3719
vn 0.8829 -0.0000 0.4695
vn 0.7593 0.6508 -0.0000
vn 0.5344 0.8452 -0.0000
vn 0.7593 0.6507 -0.0000
vn 0.9756 0.1858 -0.1168
vn 0.9974 0.0562 -0.0451
vn 0.9974 -0.0562 -0.0451
vn 0.9756 -0.1858 -0.1168
vn 0.9281 -0.0000 -0.3724
vn 0.7591 -0.6510 -0.0000
vn 0.7592 -0.6509 -0.0000
vn 0.5345 -0.8452 -0.0000
vn 0.1156 0.9933 -0.0000
vn 0.3336 -0.8663 -0.3719
vn 0.3667 -0.6515 -0.6642
vn 0.3652 -0.6655 -0.6510
vn 0.3309 -0.8770 -0.3485
vn 0.2924 -0.9562 -0.0136
vn 0.2891 -0.9572 0.0150
vn 0.2492 -0.8996 0.3586
vn 0.2924 -0.9562 -0.0135
vn 0.2891 -0.9572 0.0151
vn 0.2462 -0.8899 0.3840
vn 0.2109 -0.6983 0.6840
vn 0.2091 -0.6837 0.6992
vn 0.1846 -0.3813 0.9059
vn 0.1840 -0.3707 0.9104
vn 0.1752 -0.0000 0.9845
vn 0.1751 -0.0000 0.9845
vn 0.1845 0.3812 0.9059
vn 0.1751 0.0001 0.9845
vn 0.1840 0.3706 0.9104
vn 0.2109 0.6983 0.6840
vn 0.2091 0.6836 0.6992
vn 0.2492 0.8996 0.3586
vn 0.2462 0.8899 0.3840
vn 0.2924 0.9562 -0.0135
vn 0.2891 0.9572 0.0151
vn 0.3335 0.8663 -0.3719
vn 0.2925 0.9562 -0.0136
vn 0.2891 0.9572 0.0150
vn 0.3308 0.8770 -0.3485
vn 0.3667 0.6515 -0.6642
vn 0.3651 0.6655 -0.6510
vn 0.3739 0.5152 -0.7712
vn 0.3738 0.5153 -0.7712
vn 0.3739 -0.5153 -0.7712
vn 0.3739 -0.5154 -0.7711
vn 0.8285 -0.2143 -0.5174
vn 0.8287 -0.0000 -0.5597
vn 0.8286 -0.3959 -0.3958
vn 0.8286 -0.3959 -0.3959
vn 0.8285 -0.5173 -0.2143
vn 0.8285 -0.5599 -0.0000
vn 0.8286 -0.5173 0.2142
vn 0.8286 -0.5173 0.2143
vn 0.8285 -0.3960 0.3961
vn 0.8286 -0.2143 0.5173
vn 0.8286 -0.2143 0.5172
vn 0.8285 -0.0000 0.5599
vn 0.8285 0.2143 0.5173
vn 0.8286 0.3959 0.3959
vn 0.8286 0.5172 0.2142
vn 0.8284 0.5175 0.2143
vn 0.8285 0.5600 -0.0000
vn 0.8287 0.5597 -0.0000
vn 0.8286 0.5172 -0.2143
vn 0.8286 0.5173 -0.2143
vn 0.8287 0.3958 -0.3958
vn 0.8284 0.3961 -0.3961
vn 0.8284 0.2143 -0.5175
vn 0.3952 -0.0000 -0.9186
vn 0.3887 0.1799 -0.9036
vn 0.3887 0.1798 -0.9036
vn 0.3952 0.0001 -0.9186
vn 0.3887 -0.1798 -0.9036
vn 0.3887 -0.1797 -0.9037
vn 0.1156 -0.9933 -0.0000
vn 1.0000 0.0001 -0.0000
vn 0.4000 -0.0000 0.9165
vn 0.2512 0.9679 -0.0000
vn 0.4000 -0.0000 -0.9165
vn 0.5261 -0.8211 0.2215
vn 0.5263 -0.8209 0.2215
vn 0.5264 -0.8208 0.2218
vn 0.5264 -0.8209 0.2216
vn 0.8013 -0.5755 0.1635
vn 0.8011 -0.5758 0.1634
vn 0.9528 -0.2386 0.1875
vn 0.9529 -0.2385 0.1874
vn 0.9529 -0.2385 0.1875
vn 0.8324 -0.2062 0.5143
vn 0.8327 -0.2059 0.5140
vn 0.5938 -0.2538 0.7635
vn 0.5938 -0.2537 0.7635
vn 0.5638 -0.6035 0.5638
vn 0.5637 -0.6036 0.5639
vn 0.7663 -0.4772 0.4302
vn 0.5267 0.8207 0.2213
vn 0.5265 0.8208 0.2214
vn 0.5264 0.8210 0.2211
vn 0.5636 0.6035 0.5641
vn 0.5639 0.6032 0.5641
vn 0.5637 0.6034 0.5641
vn 0.5638 0.6035 0.5639
vn 0.5939 0.2537 0.7635
vn 0.5939 0.2538 0.7635
vn 0.5940 0.2536 0.7634
vn 0.8325 0.2062 0.5142
vn 0.8326 0.2062 0.5141
vn 0.8326 0.2061 0.5141
vn 0.9529 0.2385 0.1875
vn 0.8013 0.5754 0.1637
vn 0.8012 0.5757 0.1634
vn 0.7663 0.4771 0.4302
vn 0.5264 -0.8208 -0.2218
vn 0.5263 -0.8209 -0.2215
vn 0.5261 -0.8211 -0.2215
vn 0.5264 -0.8209 -0.2216
vn 0.5635 -0.6038 -0.5638
vn 0.5638 -0.6035 -0.5639
vn 0.5938 -0.2538 -0.7635
vn 0.5936 -0.2538 -0.7637
vn 0.8325 -0.2063 -0.5142
vn 0.8326 -0.2063 -0.5140
vn 0.8327 -0.2059 -0.5140
vn 0.8325 -0.2060 -0.5143
vn 0.9528 -0.2386 -0.1875
vn 0.9529 -0.2385 -0.1874
vn 0.9528 -0.2386 -0.1876
vn 0.9529 -0.2385 -0.1875
vn 0.8013 -0.5755 -0.1637
vn 0.8011 -0.5758 -0.1634
vn 0.7662 -0.4773 -0.4303
vn 0.5264 0.8210 -0.2211
vn 0.5265 0.8209 -0.2214
vn 0.5267 0.8207 -0.2213
vn 0.5264 0.8209 -0.2214
vn 0.8011 0.5758 -0.1634
vn 0.8011 0.5757 -0.1635
vn 0.9528 0.2386 -0.1878
vn 0.9529 0.2385 -0.1875
vn 0.9528 0.2386 -0.1877
vn 0.8324 0.2063 -0.5143
vn 0.8326 0.2061 -0.5141
vn 0.5941 0.2536 -0.7634
vn 0.5938 0.2538 -0.7635
vn 0.5939 0.2538 -0.7635
vn 0.5638 0.6035 -0.5639
vn 0.5639 0.6036 -0.5636
vn 0.7663 0.4771 -0.4303
vn 0.3407 -0.9095 -0.2383
vn 0.4407 -0.6520 -0.6170
vn 0.4408 -0.6518 -0.6171
vn 0.4429 -0.2572 -0.8589
vn 0.4428 -0.2572 -0.8589
vn 0.3407 0.9095 -0.2382
vn 0.4408 0.6518 -0.6172
vn 0.4408 0.6518 -0.6171
vn 0.4407 0.6518 -0.6172
vn 0.4407 0.6519 -0.6171
vn 0.4429 0.2572 -0.8589
vn 0.4429 0.2573 -0.8589
vn 0.9805 -0.0000 -0.1966
vn 0.9805 -0.0000 -0.1963
vn 0.8367 -0.0000 -0.5476
vn 0.8368 -0.0000 -0.5475
vn 0.5673 -0.0000 -0.8235
vn 0.4687 -0.8833 -0.0000
vn 0.7911 -0.6117 -0.0000
vn 0.9685 -0.2489 -0.0000
vn 0.9686 -0.2485 -0.0000
vn 0.4688 0.8833 -0.0000
vn 0.7909 0.6119 -0.0000
vn 0.7911 0.6117 -0.0000
vn 0.9686 0.2487 -0.0000
vn 0.9686 0.2486 -0.0000
vn 0.5673 -0.0000 0.8235
vn 0.8368 -0.0000 0.5475
vn 0.8365 -0.0000 0.5479
vn 0.9805 -0.0000 0.1965
vn 0.9804 -0.0000 0.1968
vn 0.3407 -0.9095 0.2383
vn 0.4407 -0.6520 0.6170
vn 0.4408 -0.6519 0.6170
vn 0.4429 -0.2572 0.8589
vn 0.3407 0.9095 0.2382
vn 0.3407 0.9095 0.2383
vn 0.4408 0.6516 0.6174
vn 0.4407 0.6517 0.6174
vn 0.4429 0.2572 0.8589
vn 0.4429 0.2573 0.8589
vn 0.2512 -0.9679 -0.0000
vn 0.2143 -0.0000 -0.9768
vn 0.2143 -0.0000 0.9768
vn 0.2143 -0.9768 -0.0000
vn 0.2141 0.9768 -0.0000
vn 0.6784 0.6788 0.2811
vn 0.7692 0.4518 0.4519
vn 0.7693 0.6389 0.0001
vn 0.6783 0.6788 0.2812
vn 0.6787 0.6786 -0.2811
vn 0.7693 0.6389 -0.0000
vn 0.7721 0.4352 -0.4631
vn 0.6784 0.6788 -0.2811
vn 0.6777 0.2406 -0.6948
vn 0.7721 0.4352 -0.4632
vn 0.7636 -0.0000 -0.6457
vn 0.6983 0.0001 -0.7158
vn 0.6983 -0.0000 -0.7158
vn 0.7397 -0.2189 -0.6363
vn 0.6779 -0.2406 -0.6947
vn 0.6755 -0.7158 -0.1773
vn 0.7366 -0.6568 -0.1611
vn 0.7595 -0.6505 0.0043
vn 0.6872 -0.7265 0.0041
vn 0.6872 -0.7265 0.0042
vn 0.7595 -0.6505 0.0044
vn 0.7735 -0.4898 0.4023
vn 0.6759 -0.7130 0.1866
vn 0.6786 0.2811 0.6786
vn 0.7713 -0.0153 0.6363
vn 0.6787 0.2811 0.6786
vn 0.6783 -0.3115 0.6655
vn 0.7713 -0.0154 0.6363
vn 0.9111 -0.0105 0.4120
vn 0.9907 -0.0035 0.1363
vn 0.9908 0.0957 0.0958
vn 0.9106 0.2921 0.2924
vn 0.7713 -0.0153 0.6362
vn 0.7692 0.4518 0.4518
vn 0.9908 0.1354 -0.0000
vn 0.9106 0.4132 -0.0000
vn 0.7693 0.6388 -0.0000
vn 0.9907 0.0915 -0.1007
vn 0.9114 0.2800 -0.3015
vn 0.9910 0.0001 -0.1336
vn 0.9094 -0.0000 -0.4159
vn 0.9909 -0.0981 -0.0926
vn 0.9145 -0.2995 -0.2722
vn 0.7398 -0.2189 -0.6363
vn 0.9919 -0.1269 0.0008
vn 0.9118 -0.4107 0.0027
vn 0.7367 -0.6568 -0.1611
vn 0.9910 -0.1039 0.0848
vn 0.9128 -0.3171 0.2575
vn 0.6783 0.6789 0.2812
vn 0.7692 0.4519 0.4518
vn 0.6786 0.6785 0.2811
vn 0.6787 0.6785 -0.2811
vn 0.6785 0.6787 -0.2812
vn 0.7636 -0.0001 -0.6457
vn 0.6755 -0.7157 -0.1773
vn 0.6872 -0.7264 0.0041
vn 0.6872 -0.7264 0.0042
vn 0.7595 -0.6504 0.0044
vn 0.6760 -0.7129 0.1866
vn 0.6786 0.2810 0.6787
vn 0.6785 0.2811 0.6787
vn 0.6782 -0.3115 0.6656
vn 0.9908 -0.0034 0.1357
vn 0.9908 0.0958 0.0959
vn 0.9107 0.2920 0.2922
vn 0.9907 0.0915 -0.1008
vn 0.9910 0.0001 -0.1335
vn 0.9094 -0.0000 -0.4160
vn 0.9145 -0.2995 -0.2721
vn 0.9919 -0.1270 0.0008
vn 0.7367 -0.6567 -0.1611
vn 0.9910 -0.1037 0.0848
vn 0.9128 -0.3170 0.2575
vn 0.6781 0.6790 0.2812
vn 0.6786 0.6786 0.2811
vn 0.6788 0.6784 -0.2810
vn 0.6778 0.2406 -0.6948
vn 0.7397 -0.2189 -0.6364
vn 0.6778 -0.2406 -0.6947
vn 0.6754 -0.7159 -0.1773
vn 0.7735 -0.4898 0.4022
vn 0.6787 0.2810 0.6786
vn 0.7735 -0.4897 0.4023
vn 0.9111 -0.0106 0.4121
vn 0.9907 -0.0035 0.1360
vn 0.9909 -0.0982 -0.0926
vn 0.2145 0.9767 -0.0000
vn 0.6787 0.6785 0.2811
vn 0.7693 0.4518 0.4518
vn 0.7694 0.6388 0.0001
vn 0.6786 0.6786 -0.2811
vn 0.7694 0.6388 -0.0000
vn 0.7722 0.4351 -0.4631
vn 0.6788 0.6785 -0.2810
vn 0.6779 0.2406 -0.6947
vn 0.7721 0.4351 -0.4631
vn 0.7636 0.0001 -0.6457
vn 0.6984 0.0001 -0.7157
vn 0.6984 -0.0001 -0.7157
vn 0.6756 -0.7156 -0.1773
vn 0.6873 -0.7264 0.0041
vn 0.6873 -0.7264 0.0042
vn 0.7734 -0.4899 0.4023
vn 0.6759 -0.7130 0.1867
vn 0.7693 0.4517 0.4519
vn 0.6787 0.2811 0.6785
vn 0.7734 -0.4898 0.4023
vn 0.9112 -0.0106 0.4119
vn 0.9907 -0.0034 0.1360
vn 0.9106 0.2921 0.2923
vn 0.7693 0.4517 0.4518
vn 0.9908 0.1350 0.0002
vn 0.7694 0.6387 -0.0000
vn 0.9907 0.0914 -0.1007
vn 0.9910 -0.0000 -0.1336
vn 0.7636 -0.0000 -0.6456
vn 0.9144 -0.2995 -0.2722
vn 0.9117 -0.4108 0.0027
vn 0.7368 -0.6567 -0.1611
vn 0.9910 -0.1038 0.0848
vn 0.6785 0.6786 0.2811
vn 0.6778 0.2406 -0.6947
vn 0.6984 -0.0000 -0.7157
vn 0.6779 -0.2405 -0.6947
vn 0.6757 -0.7156 -0.1773
vn 0.7596 -0.6504 0.0043
vn 0.6873 -0.7263 0.0042
vn 0.6785 0.2810 0.6787
vn 0.7692 0.4517 0.4519
vn 0.6784 0.2811 0.6787
vn 0.6781 -0.3115 0.6657
vn 0.7735 -0.4898 0.4024
vn 0.9111 -0.0106 0.4120
vn 0.9908 0.1355 -0.0000
vn 0.7637 -0.0000 -0.6456
vn 0.6785 0.6787 0.2811
vn 0.7596 -0.6504 0.0044
vn 0.6760 -0.7129 0.1867
vn 0.9112 -0.0105 0.4119
vn 0.9907 -0.0034 0.1357
vn 0.2143 0.9768 -0.0000
vn 0.6787 0.6786 -0.2810
vn 0.6754 -0.7158 -0.1773
vn 0.9907 -0.0035 0.1358
vn 0.9108 0.4129 0.0001
vn 0.6784 0.6787 -0.2811
vn 0.7595 -0.6504 0.0043
vn 0.7735 -0.4897 0.4024
vn 0.9145 -0.2994 -0.2721
vn 0.9118 -0.4107 0.0028
vn 0.6783 0.6789 0.2811
vn 0.7721 0.4351 -0.4632
vn 0.6984 -0.0000 -0.7158
vn 0.6778 -0.2406 -0.6948
vn 0.6786 0.2810 0.6786
vn 0.9907 0.0914 -0.1008
vn 0.7693 0.6388 0.0001
vn 0.6756 -0.7157 -0.1773
vn 0.6782 -0.3115 0.6655
vn 0.9907 -0.0034 0.1358
vn 0.6784 0.6787 0.2811
vn 0.6761 -0.7128 0.1866
vn 0.9105 0.2922 0.2925
vn 0.7368 -0.6566 -0.1611
vn 0.9127 -0.3171 0.2575
vn 0.6787 0.6785 -0.2810
vn 0.9908 -0.0034 0.1356
vn 0.9941 -0.0803 -0.0728
vn 0.9943 0.0797 -0.0711
vn 0.9985 0.0542 -0.0000
vn 0.9982 0.0605 -0.0000
vn 0.9943 0.0794 0.0711
vn 0.9941 -0.0803 0.0728
vn -0.0000 -0.0864 0.9963
vn -0.0000 -0.0860 0.9963
vn -0.0000 0.0870 0.9962
vn -0.0000 0.0868 0.9962
vn -0.0000 -0.0864 -0.9963
vn -0.0882 -0.0882 -0.9922
vn -0.0861 0.0864 -0.9925
vn -0.0000 0.0864 -0.9963
vn -0.2841 0.3193 -0.9041
vn -0.4019 0.2864 -0.8698
vn -0.3910 0.2868 -0.8745
vn -0.2738 0.3022 -0.9131
vn 0.0069 0.9990 0.0436
vn 0.0225 0.9961 -0.0852
vn 0.0311 0.9993 -0.0224
vn -0.0000 0.9975 0.0711
vn -0.0000 0.0864 0.9963
vn 0.3365 0.3192 -0.8860
vn 0.1949 0.3369 -0.9211
vn 0.1945 0.3207 -0.9270
vn 0.3431 0.3108 -0.8864
vn -0.0000 0.0869 -0.9962
vn -0.3345 -0.0873 0.9383
vn -0.0882 -0.0882 0.9922
vn -0.0861 0.0862 0.9926
vn -0.3343 0.0859 0.9386
vn -0.0000 -0.9975 0.0713
vn -0.0000 -0.9975 -0.0711
vn -0.0000 -0.9975 -0.0710
vn 0.0804 -0.9941 -0.0728
vn 0.0803 -0.9941 0.0728
vn 0.3702 0.8233 -0.4302
vn 0.1823 0.8710 -0.4562
vn 0.1743 0.9610 -0.2148
vn 0.3677 0.9087 -0.1977
vn 0.3440 0.3579 0.8681
vn 0.1930 0.3723 0.9078
vn 0.1943 0.3546 0.9146
vn 0.3370 0.3355 0.8797
vn 0.1692 0.9853 -0.0246
vn 0.3597 0.9328 -0.0218
vn -0.0000 0.0867 -0.9962
vn 0.1692 0.9853 -0.0245
vn 0.1690 0.9841 0.0551
vn 0.3581 0.9322 0.0518
vn 0.9946 0.1040 -0.0000
vn 0.9953 0.0971 -0.0000
vn 0.1716 0.9691 0.1770
vn 0.3615 0.9178 0.1643
vn 0.1920 0.4153 -0.8892
vn 0.3431 0.3979 -0.8508
vn 0.1788 0.9068 0.3819
vn 0.3655 0.8592 0.3581
vn 0.1904 0.5152 -0.8356
vn 0.3512 0.4900 -0.7979
vn 0.1883 0.7106 0.6780
vn 0.3692 0.6705 0.6435
vn 0.1878 0.7047 -0.6842
vn 0.3651 0.6656 -0.6509
vn 0.1915 0.4779 0.8573
vn 0.3502 0.4548 0.8189
vn 0.1878 0.4611 0.8672
vn 0.3210 0.4372 0.8401
vn -0.2232 0.4569 0.8611
vn -0.3228 0.4380 0.8390
vn -0.3704 0.3352 0.8663
vn -0.2589 0.3519 0.8995
vn -0.0443 0.4823 0.8749
vn -0.0515 0.3767 0.9249
vn -0.1534 0.6887 -0.7087
vn -0.2228 0.6891 -0.6896
vn -0.1204 0.8728 -0.4731
vn -0.0783 0.8717 -0.4837
vn -0.0306 0.7092 -0.7043
vn -0.0165 0.8821 -0.4708
vn -0.2098 0.5021 0.8390
vn -0.2995 0.4790 0.8252
vn -0.0312 0.7131 0.7004
vn -0.2137 0.4937 -0.8430
vn -0.3094 0.4783 -0.8219
vn -0.0423 0.5193 -0.8535
vn -0.0632 0.9114 0.4066
vn -0.0980 0.9134 0.3952
vn -0.1502 0.8414 0.5191
vn -0.0862 0.8562 0.5094
vn -0.0136 0.9191 0.3938
vn -0.2492 0.3943 -0.8846
vn -0.3572 0.3734 -0.8562
vn -0.0493 0.4200 -0.9062
vn -0.0109 0.9817 0.1899
vn -0.0306 0.9826 0.1833
vn -0.0043 0.9833 0.1822
vn -0.0546 0.3259 -0.9438
vn 0.0101 0.9982 0.0588
vn -0.0041 0.9982 0.0594
vn -0.0006 0.9984 0.0563
vn 0.0807 0.9967 0.0058
vn 0.0395 0.9978 -0.0529
vn -0.0310 0.9961 -0.0828
vn -0.0074 0.9989 0.0473
vn 0.0065 0.9972 0.0742
vn 0.0268 0.9969 0.0735
vn 0.0506 0.9968 0.0620
vn 0.0688 0.9966 0.0445
vn 0.0802 0.9965 0.0232
vn -0.0565 0.3370 -0.9398
vn -0.0552 0.3581 0.9320
vn -0.2783 0.3345 0.9004
vn -0.2738 0.4393 0.8556
vn -0.0536 0.4643 0.8840
vn 0.0098 0.9996 -0.0263
vn -0.0046 0.9997 -0.0244
vn -0.0006 0.9997 -0.0250
vn 0.0397 0.9979 0.0520
vn 0.0796 0.9968 -0.0057
vn 0.0792 0.9966 -0.0230
vn 0.0686 0.9967 -0.0444
vn 0.0507 0.9968 -0.0620
vn 0.0269 0.9969 -0.0736
vn 0.0065 0.9972 -0.0743
vn -0.0064 0.9985 -0.0546
vn -0.0305 0.9968 0.0733
vn -0.9941 -0.0802 0.0727
vn -0.9557 -0.0811 0.2830
vn -0.9558 0.0796 0.2831
vn -0.9944 0.0786 0.0711
vn -0.0195 0.9727 -0.2312
vn -0.0413 0.9752 -0.2175
vn -0.0046 0.9997 -0.0245
vn -0.0058 0.9750 -0.2220
vn -0.0006 0.9997 -0.0251
vn -0.3943 0.3063 0.8664
vn 0.0230 0.9970 0.0735
vn 0.0060 0.9986 -0.0534
vn -0.0000 0.9975 -0.0712
vn 0.0304 0.9993 0.0220
vn 0.0882 -0.0882 -0.9922
vn 0.0861 0.0863 -0.9925
vn -0.0066 0.9972 -0.0746
vn -0.0270 0.9969 -0.0739
vn -0.0508 0.9968 -0.0623
vn -0.0691 0.9966 -0.0447
vn -0.0803 0.9965 -0.0233
vn -0.0812 0.9967 -0.0058
vn -0.0812 0.9967 0.0058
vn -0.0802 0.9965 0.0233
vn -0.0689 0.9966 0.0447
vn -0.0508 0.9968 0.0623
vn -0.0270 0.9969 0.0739
vn -0.0066 0.9972 0.0745
vn -0.0004 0.9993 -0.0370
vn -0.0046 0.9958 0.0919
vn 0.0882 -0.0882 0.9922
vn 0.0860 0.0864 0.9925
vn -0.0005 0.9998 0.0199
vn -0.0054 0.9938 -0.1109
vn -0.3090 -0.9483 0.0731
vn -0.0803 -0.9941 0.0728
vn -0.0809 -0.9557 0.2829
vn -0.3093 -0.9079 0.2829
vn -0.0780 -0.8317 0.5498
vn -0.2937 -0.7928 0.5341
vn -0.0808 -0.6206 0.7800
vn -0.3017 -0.6007 0.7404
vn -0.5858 -0.8075 0.0688
vn -0.5738 -0.7760 0.2619
vn -0.5281 -0.7011 0.4791
vn -0.5382 -0.5382 0.6486
vn -0.0876 -0.3347 0.9382
vn -0.3311 -0.3301 0.8839
vn -0.6206 -0.0802 0.7800
vn -0.6006 -0.3013 0.7406
vn -0.6006 -0.3012 0.7406
vn -0.8318 -0.0782 0.5495
vn -0.7925 -0.2942 0.5343
vn -0.7924 -0.2942 0.5343
vn -0.7011 -0.5281 0.4792
vn -0.9483 -0.3088 0.0728
vn -0.9079 -0.3102 0.2820
vn -0.8075 -0.5859 0.0683
vn -0.7762 -0.5736 0.2615
vn -0.5859 -0.8075 0.0688
vn -0.7011 -0.5281 0.4791
vn -0.7762 -0.5737 0.2615
vn -0.0812 -0.9557 -0.2831
vn -0.0803 -0.9941 -0.0728
vn -0.3089 -0.9483 -0.0728
vn -0.3102 -0.9079 -0.2820
vn -0.5860 -0.8074 -0.0685
vn -0.5736 -0.7763 -0.2615
vn -0.8076 -0.5857 -0.0688
vn -0.7760 -0.5738 -0.2619
vn -0.0783 -0.8317 -0.5496
vn -0.2942 -0.7925 -0.5342
vn -0.5281 -0.7011 -0.4791
vn -0.7760 -0.5738 -0.2620
vn -0.7010 -0.5282 -0.4791
vn -0.9483 -0.3089 -0.0730
vn -0.9941 -0.0802 -0.0728
vn -0.9557 -0.0809 -0.2829
vn -0.9079 -0.3093 -0.2829
vn -0.8317 -0.0780 -0.5497
vn -0.7928 -0.2937 -0.5340
vn -0.6204 -0.0806 -0.7801
vn -0.6008 -0.3017 -0.7403
vn -0.7011 -0.5282 -0.4791
vn -0.7928 -0.2937 -0.5341
vn -0.5382 -0.5382 -0.6486
vn -0.3347 -0.0876 -0.9382
vn -0.0873 -0.3345 -0.9383
vn -0.3301 -0.3311 -0.8840
vn -0.0804 -0.6204 -0.7802
vn -0.3013 -0.6006 -0.7406
vn -0.6203 -0.0806 -0.7802
vn 0.0812 -0.9556 0.2831
vn 0.3089 -0.9483 0.0728
vn 0.3102 -0.9079 0.2819
vn 0.5860 -0.8074 0.0685
vn 0.5737 -0.7762 0.2615
vn 0.5861 -0.8074 0.0685
vn 0.8074 -0.5859 0.0687
vn 0.7760 -0.5738 0.2619
vn 0.0783 -0.8318 0.5496
vn 0.2942 -0.7925 0.5342
vn 0.5282 -0.7011 0.4790
vn 0.7760 -0.5738 0.2620
vn 0.7011 -0.5282 0.4790
vn 0.9482 -0.3090 0.0731
vn 0.9557 -0.0808 0.2829
vn 0.9079 -0.3093 0.2829
vn 0.8315 -0.0781 0.5501
vn 0.7928 -0.2937 0.5340
vn 0.6204 -0.0806 0.7801
vn 0.6008 -0.3017 0.7403
vn 0.7928 -0.2938 0.5340
vn 0.6007 -0.3018 0.7403
vn 0.5382 -0.5381 0.6487
vn 0.3346 -0.0876 0.9383
vn 0.0873 -0.3345 0.9384
vn 0.3301 -0.3311 0.8840
vn 0.0803 -0.6208 0.7799
vn 0.3012 -0.6006 0.7406
vn 0.6203 -0.0806 0.7802
vn 0.0876 -0.3347 -0.9383
vn 0.3345 -0.0873 -0.9383
vn 0.3311 -0.3301 -0.8840
vn 0.6205 -0.0803 -0.7801
vn 0.6006 -0.3013 -0.7406
vn 0.6006 -0.3012 -0.7406
vn 0.6206 -0.0802 -0.7800
vn 0.8318 -0.0781 -0.5495
vn 0.7925 -0.2942 -0.5342
vn 0.0808 -0.6202 -0.7803
vn 0.3017 -0.6007 -0.7403
vn 0.5381 -0.5382 -0.6486
vn 0.7011 -0.5281 -0.4792
vn 0.9557 -0.0811 -0.2830
vn 0.9483 -0.3088 -0.0728
vn 0.9079 -0.3102 -0.2820
vn 0.8075 -0.5858 -0.0686
vn 0.7762 -0.5736 -0.2615
vn 0.5858 -0.8075 -0.0688
vn 0.5738 -0.7760 -0.2619
vn 0.7011 -0.5281 -0.4791
vn 0.5281 -0.7011 -0.4791
vn 0.3090 -0.9482 -0.0731
vn 0.0809 -0.9557 -0.2829
vn 0.3093 -0.9079 -0.2829
vn 0.0780 -0.8317 -0.5497
vn 0.2937 -0.7928 -0.5341
vn -0.8310 0.0813 0.5503
vn -0.3344 0.0859 -0.9385
vn -0.6209 0.0838 0.7794
vn -0.9944 0.0786 -0.0710
vn -0.9558 0.0796 -0.2831
vn -0.8310 0.0815 -0.5503
vn -0.6210 0.0838 -0.7793
vn 0.3343 0.0861 0.9385
vn -0.6210 0.0838 -0.7794
vn -0.0000 -0.9590 -0.2836
vn -0.0000 -0.8341 -0.5516
vn -0.0000 -0.6235 -0.7819
vn -0.0000 -0.3358 -0.9419
vn -0.0000 -0.0865 -0.9963
vn 0.3345 0.0861 -0.9385
vn 0.6208 0.0842 -0.7794
vn 0.8308 0.0820 -0.5505
vn 0.6208 0.0842 -0.7795
vn 0.9557 0.0805 -0.2832
vn 0.9557 0.0802 0.2831
vn 0.8309 0.0819 0.5503
vn 0.6210 0.0841 0.7793
vn 0.6209 0.0841 0.7793
vn -0.0000 -0.9590 0.2835
vn -0.0000 -0.8342 0.5515
vn -0.0000 -0.6239 0.7815
vn -0.0000 -0.3360 0.9418
vn -0.0000 -0.9590 -0.2835
vn -0.0000 -0.8341 -0.5515
vn -0.0000 -0.6237 -0.7816
vn -0.0000 -0.8341 0.5516
vn -0.0000 -0.3357 0.9420
vn -0.0000 -0.6238 0.7816
vn -0.0000 -0.3360 0.9419
vn -0.0000 -0.6237 -0.7817
vn -0.0000 -0.3357 -0.9420
vn 0.0035 0.9663 0.2574
vn -0.0000 0.9589 0.2836
vn 0.0019 0.8455 0.5340
vn -0.0000 0.8343 0.5514
vn 0.0007 0.6330 0.7741
vn -0.0000 0.6242 0.7812
vn 0.0001 0.3396 0.9406
vn -0.0000 0.3363 0.9417
vn -0.0000 0.0865 0.9963
vn 0.1793 0.5365 -0.8246
vn 0.3017 0.5251 -0.7958
vn 0.1469 0.7356 -0.6613
vn 0.2393 0.7376 -0.6315
vn 0.1075 0.8743 -0.4734
vn 0.3562 0.9056 -0.2301
vn 0.0611 0.9638 -0.2597
vn 0.1584 0.9815 -0.1077
vn 0.0603 0.9695 0.2376
vn 0.1550 0.9823 0.1048
vn 0.1024 0.8952 0.4338
vn 0.3466 0.9125 0.2171
vn 0.1380 0.7844 0.6047
vn 0.2237 0.7788 0.5861
vn 0.1691 0.6258 0.7614
vn 0.2834 0.6072 0.7423
vn 0.3563 0.9056 -0.2301
vn 0.7579 0.6524 -0.0000
vn 0.3467 0.9125 0.2170
vn 0.7637 0.6456 -0.0000
vn 0.9287 0.3707 -0.0000
vn 0.9330 0.3598 -0.0000
vn -0.0000 0.9591 -0.2832
vn 0.0022 0.9637 -0.2670
vn -0.0000 0.8346 -0.5508
vn 0.0012 0.8415 -0.5403
vn -0.0000 0.6244 -0.7811
vn 0.0004 0.6299 -0.7767
vn -0.0000 0.3362 -0.9418
vn 0.0001 0.3386 -0.9409
vn -0.0000 0.9680 -0.2510
vn -0.0000 0.8482 -0.5298
vn -0.0000 0.6353 -0.7722
vn -0.0000 0.3409 -0.9401
vn -0.0022 0.9638 -0.2668
vn -0.0012 0.8416 -0.5401
vn -0.0005 0.6302 -0.7764
vn -0.0001 0.3389 -0.9408
vn -0.0035 0.9664 0.2570
vn -0.0000 0.9728 0.2314
vn -0.0019 0.8455 0.5339
vn -0.0000 0.8559 0.5171
vn -0.0008 0.6331 0.7741
vn -0.0000 0.6414 0.7672
vn -0.0002 0.3398 0.9405
vn -0.0000 0.3430 0.9393
vn -0.0000 0.0871 0.9962
vn -0.3769 0.4518 -0.8086
vn -0.2624 0.5178 -0.8143
vn -0.3181 0.6589 -0.6817
vn -0.2155 0.7210 -0.6586
vn -0.2416 0.8210 -0.5172
vn -0.1577 0.8657 -0.4750
vn 0.1340 0.9768 -0.1672
vn -0.0890 0.9609 -0.2622
vn 0.0395 0.9978 -0.0530
vn -0.0513 0.5319 -0.8452
vn -0.0414 0.7284 -0.6839
vn -0.0302 0.8653 -0.5003
vn -0.0174 0.9563 -0.2919
vn -0.0054 0.9938 -0.1108
vn 0.1380 0.9779 0.1568
vn -0.0858 0.9670 0.2398
vn -0.2261 0.8469 0.4812
vn -0.1490 0.8875 0.4360
vn -0.2971 0.7146 0.6333
vn -0.2017 0.7704 0.6048
vn -0.3564 0.5419 0.7611
vn -0.2473 0.6059 0.7562
vn -0.3873 0.3991 0.8311
vn -0.0155 0.9659 0.2583
vn -0.0275 0.8918 0.4516
vn -0.0379 0.7828 0.6211
vn -0.0475 0.6257 0.7786
vn -0.0252 0.9569 0.2894
vn -0.1010 0.9548 0.2797
vn -0.0482 0.8310 0.5542
vn -0.1896 0.8270 0.5292
vn -0.0678 0.6207 0.7811
vn -0.2648 0.6164 0.7416
vn -0.0814 0.3341 0.9390
vn -0.3164 0.3312 0.8889
vn -0.1906 0.9528 0.2362
vn -0.3574 0.8208 0.4456
vn -0.4959 0.6073 0.6207
vn -0.5892 0.3244 0.7400
vn -0.6208 0.0838 0.7794
vn -0.2598 0.9506 0.1700
vn -0.4857 0.8135 0.3199
vn -0.6693 0.5969 0.4424
vn -0.7907 0.3166 0.5240
vn -0.7907 0.3165 0.5240
vn -0.3038 0.9486 0.0888
vn -0.5658 0.8075 0.1665
vn -0.7752 0.5887 0.2292
vn -0.6694 0.5968 0.4424
vn -0.9113 0.3107 0.2701
vn -0.3138 0.9492 0.0223
vn -0.5898 0.8064 0.0420
vn -0.5659 0.8075 0.1665
vn -0.5899 0.8064 0.0420
vn -0.8085 0.5856 0.0577
vn -0.9489 0.3082 0.0680
vn -0.1009 0.9548 -0.2796
vn -0.0270 0.9969 -0.0740
vn -0.0066 0.9972 -0.0747
vn -0.0252 0.9570 -0.2891
vn -0.1898 0.8272 -0.5289
vn -0.0484 0.8311 -0.5541
vn -0.2648 0.6168 -0.7413
vn -0.0678 0.6209 -0.7810
vn -0.3166 0.3314 -0.8888
vn -0.0818 0.3338 -0.9391
vn -0.1907 0.9528 -0.2361
vn -0.3574 0.8209 -0.4454
vn -0.4958 0.6072 -0.6209
vn -0.5892 0.3245 -0.7400
vn -0.2602 0.9505 -0.1699
vn -0.0691 0.9966 -0.0448
vn -0.4859 0.8135 -0.3195
vn -0.6694 0.5968 -0.4424
vn -0.7906 0.3166 -0.5241
vn -0.7907 0.3166 -0.5241
vn -0.3037 0.9486 -0.0888
vn -0.5657 0.8076 -0.1664
vn -0.7752 0.5887 -0.2291
vn -0.9114 0.3104 -0.2702
vn -0.7753 0.5886 -0.2291
vn -0.3136 0.9493 -0.0223
vn -0.3036 0.9486 -0.0888
vn -0.5898 0.8065 -0.0420
vn -0.3137 0.9493 -0.0223
vn -0.8085 0.5857 -0.0577
vn -0.5658 0.8076 -0.1664
vn -0.9488 0.3084 -0.0681
vn 0.3003 0.9498 -0.0881
vn 0.3091 0.9508 -0.0221
vn 0.5614 0.8108 -0.1657
vn 0.5842 0.8105 -0.0419
vn 0.7721 0.5929 -0.2287
vn 0.8042 0.5915 -0.0578
vn 0.9103 0.3135 -0.2702
vn 0.9476 0.3121 -0.0679
vn 0.2581 0.9512 -0.1689
vn 0.0792 0.9966 -0.0231
vn 0.4830 0.8157 -0.3182
vn 0.6671 0.6001 -0.4415
vn 0.7899 0.3187 -0.5240
vn 0.6671 0.6000 -0.4415
vn 0.1895 0.9534 -0.2348
vn 0.3555 0.8228 -0.4435
vn 0.4942 0.6099 -0.6196
vn 0.5885 0.3262 -0.7397
vn 0.7898 0.3188 -0.5240
vn 0.5886 0.3261 -0.7397
vn 0.1006 0.9552 -0.2784
vn 0.0269 0.9969 -0.0737
vn 0.1890 0.8284 -0.5272
vn 0.2641 0.6181 -0.7404
vn 0.3161 0.3324 -0.8886
vn 0.0251 0.9573 -0.2881
vn 0.0065 0.9972 -0.0744
vn 0.0480 0.8318 -0.5530
vn 0.0675 0.6216 -0.7804
vn 0.0814 0.3348 -0.9388
vn 0.1007 0.9551 0.2788
vn 0.0251 0.9572 0.2884
vn 0.1891 0.8281 0.5278
vn 0.0480 0.8314 0.5535
vn 0.2644 0.6174 0.7409
vn 0.0675 0.6210 0.7809
vn 0.3163 0.3318 0.8887
vn 0.0813 0.3344 0.9389
vn 0.1897 0.9533 0.2351
vn 0.3561 0.8221 0.4443
vn 0.4950 0.6084 0.6204
vn 0.5889 0.3254 0.7398
vn 0.2587 0.9510 0.1692
vn 0.4838 0.8151 0.3186
vn 0.6679 0.5988 0.4419
vn 0.7902 0.3180 0.5240
vn 0.7902 0.3179 0.5239
vn 0.3015 0.9494 0.0882
vn 0.5628 0.8098 0.1659
vn 0.7734 0.5912 0.2289
vn 0.9107 0.3125 0.2700
vn 0.6680 0.5987 0.4419
vn 0.3106 0.9503 0.0223
vn 0.5858 0.8094 0.0420
vn 0.8060 0.5891 0.0578
vn 0.5858 0.8093 0.0420
vn 0.9481 0.3107 0.0680
vn 0.6606 0.7508 -0.0002
vn 0.6606 0.7507 -0.0002
vn 0.8566 0.5160 -0.0002
vn 0.9711 0.2388 -0.0001
vn 0.1341 0.9768 -0.1671
vn 0.6608 0.7506 0.0002
vn 0.8558 0.5174 0.0002
vn 0.6608 0.7505 0.0002
vn 0.9692 0.2461 0.0001
vn 0.9866 -0.1632 -0.0023
vn 0.9865 -0.1639 -0.0012
vn 0.9865 -0.1640 -0.0013
vn -0.9885 0.1508 0.0069
vn -0.9885 0.1509 0.0069
vn -0.9888 0.1491 0.0069
vn 0.9868 -0.1618 -0.0028
vn 0.9868 -0.1619 -0.0028
vn -0.9687 0.2482 0.0011
vn -0.9687 0.2482 0.0012
vn -0.9684 0.2496 -0.0031
vn -0.9684 0.2492 -0.0030
vn -0.9705 0.2404 -0.0191
vn -0.9705 0.2403 -0.0193
vn -0.9728 0.2304 -0.0230
vn -0.9728 0.2306 -0.0228
vn 0.9871 -0.1603 -0.0029
vn 0.9870 -0.1605 -0.0028
vn -0.9879 0.1550 -0.0057
vn -0.9877 0.1561 -0.0040
vn -0.9878 0.1556 -0.0039
vn 0.9872 -0.1592 -0.0024
vn 0.9873 -0.1591 -0.0023
vn -0.9879 0.1552 0.0074
vn -0.9878 0.1553 0.0075
vn 0.9874 -0.1585 -0.0020
vn 0.9873 -0.1586 -0.0022
vn -0.9761 0.2163 -0.0221
vn -0.9761 0.2162 -0.0224
vn 0.9859 -0.1672 -0.0029
vn 0.9859 -0.1671 -0.0029
vn -0.9683 0.2497 -0.0000
vn -0.9876 0.1570 -0.0021
vn 0.9820 -0.1890 -0.0073
vn 0.9819 -0.1890 -0.0073
vn -0.9845 0.1748 0.0117
vn -0.9845 0.1748 0.0119
vn 0.9771 -0.2126 -0.0140
vn 0.9770 -0.2127 -0.0140
vn -0.9801 0.1978 -0.0179
vn 0.9727 -0.2313 -0.0193
vn -0.9876 0.1572 -0.0000
vn -0.9875 0.1573 -0.0000
vn 0.9692 -0.2452 -0.0217
vn 0.9693 -0.2451 -0.0214
vn 0.9647 -0.2634 -0.0021
vn 0.9647 -0.2633 -0.0021
vn 0.9646 -0.2638 -0.0000
vn 0.9645 -0.2641 -0.0000
vn -0.9801 0.1978 0.0179
vn -0.9801 0.1977 0.0179
vn 0.9670 -0.2542 -0.0191
vn 0.9670 -0.2539 -0.0191
vn 0.9651 -0.2620 0.0016
vn 0.9651 -0.2619 0.0018
vn -0.9845 0.1748 -0.0118
vn -0.9845 0.1749 -0.0119
vn 0.9657 -0.2595 -0.0112
vn 0.9657 -0.2595 -0.0113
vn 0.9656 -0.2596 0.0112
vn 0.9657 -0.2595 0.0114
vn -0.9876 0.1572 0.0021
vn -0.9876 0.1572 0.0022
vn 0.9650 -0.2623 -0.0012
vn 0.9651 -0.2620 -0.0017
vn 0.9670 -0.2541 0.0190
vn 0.9670 -0.2542 0.0192
vn -0.9761 0.2162 0.0222
vn -0.9760 0.2165 0.0220
vn 0.9647 -0.2633 0.0021
vn 0.9647 -0.2634 0.0022
vn 0.1364 0.7050 0.6960
vn 0.1353 0.7025 0.6987
vn 0.1583 0.8224 0.5464
vn 0.1591 0.8240 0.5438
vn 0.3824 0.7341 -0.5611
vn 0.2179 0.7927 -0.5693
vn 0.2320 0.8900 -0.3925
vn 0.3647 0.8447 -0.3918
vn 0.9693 -0.2451 0.0215
vn 0.9693 -0.2449 0.0212
vn -0.9879 0.1551 -0.0074
vn -0.9878 0.1553 -0.0074
vn 0.9727 -0.2313 0.0193
vn -0.9877 0.1561 0.0040
vn -0.9877 0.1560 0.0040
vn 0.9771 -0.2125 0.0140
vn 0.9770 -0.2126 0.0140
vn -0.9728 0.2306 0.0228
vn -0.9728 0.2305 0.0228
vn -0.9683 0.2496 0.0032
vn -0.9685 0.2491 0.0029
vn 0.9820 -0.1889 0.0072
vn 0.9819 -0.1891 0.0075
vn -0.9888 0.1491 -0.0066
vn -0.9888 0.1491 -0.0070
vn 0.9859 -0.1672 0.0029
vn 0.9859 -0.1671 0.0028
vn -0.9879 0.1550 0.0058
vn -0.9879 0.1547 0.0056
vn 0.9874 -0.1585 0.0020
vn 0.9874 -0.1584 0.0017
vn -0.9705 0.2402 0.0191
vn -0.9705 0.2404 0.0189
vn -0.9687 0.2481 -0.0012
vn -0.9687 0.2481 -0.0011
vn 0.9873 -0.1591 0.0023
vn 0.9873 -0.1589 0.0020
vn -0.9885 0.1509 -0.0070
vn -0.9885 0.1510 -0.0071
vn 0.9870 -0.1605 0.0029
vn 0.9871 -0.1603 0.0028
vn -0.9882 0.1531 0.0069
vn -0.9882 0.1530 0.0068
vn 0.9868 -0.1617 0.0027
vn 0.9868 -0.1618 0.0028
vn -0.9692 0.2460 0.0112
vn -0.9692 0.2460 0.0110
vn -0.9692 0.2460 -0.0112
vn -0.9692 0.2460 -0.0111
vn 0.9866 -0.1631 0.0023
vn -0.9882 0.1530 -0.0067
vn -0.9882 0.1531 -0.0068
vn 0.9865 -0.1639 0.0012
vn 0.9865 -0.1640 0.0012
vn 0.9865 -0.1640 -0.0001
vn 0.5556 0.1567 -0.8166
vn 0.4713 0.2177 -0.8547
vn 0.5080 0.3676 -0.7790
vn 0.6053 0.2928 -0.7401
vn 0.3647 0.8447 0.3918
vn 0.2319 0.8900 0.3927
vn 0.2179 0.7926 0.5694
vn 0.3824 0.7340 0.5612
vn 0.0787 -0.9796 0.1848
vn -0.0608 -0.9799 0.1901
vn -0.0645 -0.9979 -0.0000
vn 0.0747 -0.9972 -0.0000
vn 0.3598 0.6085 -0.7072
vn 0.1994 0.6650 -0.7198
vn 0.3798 0.9065 0.1845
vn 0.2401 0.9500 0.1999
vn 0.0904 -0.9274 0.3631
vn -0.0499 -0.9263 0.3736
vn 0.3337 0.4608 -0.8224
vn 0.1778 0.5139 -0.8392
vn 0.4056 0.9140 -0.0000
vn 0.2427 0.9701 -0.0000
vn 0.1088 -0.8420 0.5284
vn -0.0326 -0.8384 0.5440
vn 0.3064 0.2971 -0.9044
vn 0.1544 0.3455 -0.9256
vn 0.1329 -0.7263 0.6744
vn -0.0103 -0.7189 0.6951
vn 0.2785 0.1224 -0.9526
vn 0.1292 0.1643 -0.9779
vn 0.1608 -0.5839 0.7957
vn 0.0159 -0.5712 0.8206
vn 0.2500 -0.0586 -0.9665
vn 0.1024 -0.0246 -0.9944
vn 0.1910 -0.4198 0.8873
vn 0.0447 -0.4010 0.9150
vn 0.2211 -0.2416 -0.9449
vn 0.0740 -0.2156 -0.9737
vn 0.1024 -0.0247 -0.9944
vn 0.2501 -0.0587 -0.9665
vn 0.2211 -0.2416 0.9449
vn 0.0740 -0.2156 0.9737
vn 0.1915 -0.4198 -0.8872
vn 0.0448 -0.4010 -0.9150
vn 0.2499 -0.0587 0.9665
vn 0.1024 -0.0246 0.9944
vn 0.1614 -0.5840 -0.7956
vn 0.0163 -0.5710 -0.8208
vn 0.2785 0.1224 0.9526
vn 0.1292 0.1642 0.9779
vn 0.1332 -0.7264 -0.6742
vn -0.0103 -0.7187 -0.6952
vn 0.3062 0.2971 0.9044
vn 0.1543 0.3455 0.9257
vn 0.1292 0.1643 0.9779
vn 0.1092 -0.8421 -0.5282
vn -0.0330 -0.8384 -0.5441
vn 0.3331 0.4610 0.8225
vn 0.1778 0.5140 0.8392
vn 0.0905 -0.9274 -0.3629
vn -0.0503 -0.9263 -0.3735
vn 0.3798 0.9065 -0.1845
vn 0.2404 0.9500 -0.1995
vn 0.3598 0.6085 0.7073
vn 0.1993 0.6649 0.7198
vn 0.0787 -0.9796 -0.1847
vn -0.0610 -0.9799 -0.1899
vn 0.5894 -0.3538 -0.7262
vn 0.4060 -0.2997 -0.8633
vn 0.4556 -0.1417 -0.8788
vn 0.6335 -0.2212 -0.7415
vn 0.2689 -0.7336 0.6242
vn 0.2459 -0.7247 0.6437
vn 0.2156 -0.8352 0.5059
vn 0.2347 -0.8389 0.4911
vn 0.5054 0.0109 -0.8628
vn 0.4345 0.0593 -0.8987
vn 0.3105 -0.6046 0.7335
vn 0.2814 -0.5896 0.7570
vn 0.3975 -0.1040 -0.9117
vn 0.3571 -0.4574 0.8144
vn 0.3202 -0.4353 0.8414
vn 0.3595 -0.2702 -0.8932
vn 0.4061 -0.2997 0.8633
vn 0.3595 -0.2702 0.8931
vn 0.3569 -0.4573 -0.8145
vn 0.3202 -0.4353 -0.8414
vn 0.4556 -0.1417 0.8788
vn 0.3975 -0.1040 0.9117
vn 0.3105 -0.6046 -0.7335
vn 0.2815 -0.5896 -0.7570
vn 0.5054 0.0109 0.8628
vn 0.4345 0.0592 0.8987
vn 0.2687 -0.7335 -0.6244
vn 0.2460 -0.7247 -0.6436
vn 0.5555 0.1567 0.8166
vn 0.4713 0.2177 0.8547
vn 0.4345 0.0593 0.8987
vn 0.2345 -0.8390 -0.4910
vn 0.2156 -0.8352 -0.5059
vn 0.6053 0.2928 0.7402
vn 0.5079 0.3676 0.7790
vn 0.2086 -0.9173 -0.3392
vn 0.1919 -0.9172 -0.3490
vn 0.9157 -0.0772 -0.3944
vn 0.7743 0.1335 -0.6186
vn 0.7836 0.2568 -0.5656
vn 0.8921 -0.1996 -0.4052
vn 0.6525 0.4151 0.6340
vn 0.5434 0.5042 0.6712
vn 0.1922 -0.9659 -0.1735
vn 0.1763 -0.9681 -0.1780
vn 0.9657 -0.2567 0.0382
vn 0.9584 -0.2848 0.0202
vn 0.9584 -0.2854 0.0001
vn 0.9663 -0.2575 0.0004
vn 0.6140 0.3854 0.6888
vn 0.5310 0.5656 0.6310
vn 0.1866 -0.9824 -0.0000
vn 0.1712 -0.9852 -0.0000
vn 0.5308 0.5657 -0.6310
vn 0.4845 0.7883 -0.3793
vn 0.5184 0.6092 -0.6001
vn 0.2023 -0.0491 -0.9781
vn 0.1991 -0.0483 -0.9788
vn 0.1719 -0.0463 -0.9840
vn 0.1722 -0.0397 -0.9843
vn 0.1922 -0.9658 0.1738
vn 0.1767 -0.9680 0.1781
vn 0.1711 -0.9852 -0.0000
vn 0.6525 0.4151 -0.6340
vn 0.5433 0.5041 -0.6713
vn 0.6140 0.3854 -0.6888
vn -0.7222 0.6917 -0.0000
vn -0.7571 0.6532 0.0079
vn -0.8848 0.4656 -0.0183
vn 0.2086 -0.9173 0.3393
vn 0.1921 -0.9172 0.3491
vn 0.4811 0.8477 -0.2237
vn 0.4289 0.8500 -0.3059
vn 0.7993 -0.3816 0.4642
vn 0.5894 -0.3539 0.7262
vn 0.5471 -0.4852 0.6821
vn 0.7718 -0.4649 0.4338
vn 0.5471 -0.4853 -0.6821
vn 0.6335 -0.2212 0.7414
vn 0.5089 -0.6059 -0.6115
vn 0.6795 -0.0948 0.7276
vn 0.4761 -0.7105 -0.5182
vn 0.7270 0.0240 0.6862
vn 0.5556 0.1567 0.8166
vn 0.4493 -0.7958 -0.4059
vn 0.7742 0.1335 0.6187
vn 0.6054 0.2928 0.7401
vn 0.5556 0.1567 0.8165
vn 0.4298 -0.8587 -0.2792
vn 0.9429 -0.3329 -0.0089
vn 0.9447 -0.3279 -0.0043
vn 0.9447 -0.3279 -0.0000
vn 0.9447 -0.3279 0.0043
vn 0.9429 -0.3329 0.0088
vn 0.9119 -0.3885 0.1319
vn 0.9202 -0.3438 0.1871
vn 0.9546 -0.2655 0.1353
vn 0.9459 -0.2872 0.1511
vn 0.9368 -0.3107 0.1611
vn 0.9270 -0.3370 0.1647
vn 0.9164 -0.3663 0.1613
vn 0.9060 -0.3953 0.1511
vn 0.8967 -0.4215 0.1352
vn 0.8889 -0.4436 0.1141
vn 0.8829 -0.4610 0.0889
vn 0.8786 -0.4737 0.0606
vn 0.8761 -0.4812 0.0308
vn 0.8750 -0.4841 -0.0000
vn 0.8760 -0.4812 -0.0309
vn 0.8786 -0.4737 -0.0606
vn 0.8829 -0.4610 -0.0889
vn 0.8889 -0.4436 -0.1141
vn 0.8967 -0.4215 -0.1351
vn 0.9060 -0.3953 -0.1511
vn 0.9164 -0.3663 -0.1613
vn 0.9270 -0.3370 -0.1647
vn 0.9368 -0.3107 -0.1611
vn 0.9459 -0.2872 -0.1511
vn 0.9546 -0.2655 -0.1352
vn 0.9202 -0.3438 -0.1871
vn 0.9119 -0.3885 -0.1320
vn 0.7836 0.2568 0.5656
vn 0.6525 0.4151 0.6339
vn 0.4182 -0.8970 -0.1428
vn 0.1720 -0.0463 -0.9840
vn 0.3479 0.0798 -0.9341
vn 0.4024 0.1104 -0.9088
vn 0.2729 -0.0810 -0.9586
vn 0.7032 0.3183 0.6358
vn 0.4144 -0.9101 -0.0000
vn 0.7032 0.3182 -0.6358
vn 0.4025 0.1105 -0.9087
vn 0.3479 0.0798 0.9341
vn 0.4025 0.1105 0.9087
vn 0.4183 -0.8970 0.1429
vn 0.7836 0.2569 -0.5656
vn 0.6525 0.4151 -0.6339
vn 0.7032 0.3183 -0.6358
vn -0.8848 0.4656 0.0183
vn -0.7571 0.6532 -0.0079
vn 0.4298 -0.8586 0.2793
vn 0.7742 0.1336 -0.6187
vn 0.7836 0.2568 -0.5657
vn 0.4278 0.3910 -0.8150
vn 0.4493 -0.7958 0.4059
vn 0.7270 0.0240 -0.6862
vn 0.4761 -0.7105 0.5182
vn 0.6795 -0.0949 -0.7275
vn 0.5089 -0.6059 0.6115
vn 0.6795 -0.0949 -0.7276
vn 0.3544 0.3449 -0.8692
vn 0.3377 0.3066 -0.8899
vn 0.1822 0.4830 -0.8564
vn 0.2514 0.5037 -0.8265
vn 0.7718 -0.4649 -0.4339
vn 0.7993 -0.3816 -0.4642
vn 0.8282 -0.2968 0.4754
vn 0.7475 -0.5399 -0.3869
vn 0.8574 -0.2176 0.4664
vn 0.6795 -0.0949 0.7275
vn 0.6336 -0.2212 0.7414
vn 0.8282 -0.2968 0.4753
vn 0.7276 -0.6035 -0.3262
vn 0.8868 -0.1446 0.4390
vn 0.7118 -0.6548 -0.2540
vn 0.9157 -0.0772 0.3945
vn 0.7003 -0.6924 -0.1736
vn 0.8922 -0.1996 0.4052
vn 0.6936 -0.7149 -0.0886
vn 0.9584 -0.2848 -0.0202
vn 0.9657 -0.2567 -0.0382
vn 0.3544 0.3450 0.8691
vn 0.3377 0.3066 0.8899
vn 0.4692 0.1210 0.8748
vn 0.4692 0.1209 0.8748
vn 0.4691 0.1209 0.8748
vn 0.5081 0.2155 0.8339
vn 0.5027 0.3637 0.7842
vn 0.6914 -0.7225 -0.0000
vn 0.0263 0.0036 0.9996
vn 0.0206 0.0159 0.9997
vn 0.4024 0.1104 0.9088
vn 0.2729 -0.0810 0.9586
vn 0.2515 0.5037 0.8265
vn 0.1821 0.4830 0.8565
vn 0.6936 -0.7149 0.0886
vn 0.8868 -0.1445 -0.4389
vn 0.7271 0.0240 -0.6861
vn 0.1720 -0.0463 0.9840
vn 0.2199 -0.0476 0.9744
vn 0.1991 -0.0483 0.9788
vn 0.7003 -0.6924 0.1736
vn 0.9649 -0.2499 0.0807
vn 0.9514 -0.3071 0.0201
vn 0.7118 -0.6548 0.2539
vn 0.4692 0.1209 -0.8748
vn 0.4691 0.1210 -0.8748
vn 0.5028 0.3636 -0.7842
vn 0.5081 0.2155 -0.8339
vn 0.4846 0.7882 0.3793
vn 0.5184 0.6092 0.6001
vn 0.7276 -0.6035 0.3262
vn 0.8574 -0.2174 -0.4665
vn 0.7475 -0.5399 0.3869
vn 0.8282 -0.2968 -0.4753
vn 0.6336 -0.2212 -0.7414
vn 0.7994 -0.3816 -0.4642
vn 0.5894 -0.3539 -0.7262
vn 0.5585 0.8295 -0.0000
vn 0.4811 0.8477 0.2237
vn 0.4278 0.3910 0.8150
vn -0.8044 0.5869 0.0921
vn -0.8998 0.4328 0.0542
vn -0.8998 0.4328 -0.0542
vn -0.8044 0.5869 -0.0921
vn 0.0206 0.0159 -0.9997
vn 0.0263 0.0036 -0.9996
vn -0.9824 0.1816 0.0429
vn -0.9684 0.2492 -0.0000
vn -0.9835 0.1807 -0.0000
vn 0.9619 -0.2311 0.1460
vn 0.9711 -0.2337 0.0476
vn 0.0250 -0.0082 0.9997
vn 0.2818 -0.0634 0.9574
vn 0.9722 -0.2342 0.0001
vn 0.9711 -0.2337 -0.0477
vn 0.2818 -0.0634 -0.9574
vn 0.0250 -0.0082 -0.9997
vn 0.9882 -0.1442 -0.0523
vn 0.9619 -0.2311 -0.1460
vn 0.9779 -0.1421 -0.1531
vn 0.9649 -0.2499 -0.0807
vn -0.9824 0.1816 -0.0428
vn 0.1722 -0.0397 0.9843
vn -0.9824 0.1846 0.0284
vn 0.9145 -0.2258 -0.3357
vn 0.9514 -0.3071 -0.0201
vn 0.9585 -0.2849 -0.0054
vn 0.4290 0.8500 0.3059
vn 0.0067 -0.0029 1.0000
vn 0.2765 -0.0330 0.9604
vn 0.9895 -0.1447 0.0002
vn 0.2765 -0.0330 -0.9604
vn 0.0068 -0.0029 -1.0000
vn 0.2115 -0.0078 -0.9774
vn 0.2135 -0.0317 -0.9764
vn 0.1652 -0.0201 -0.9861
vn 0.1665 -0.0043 -0.9860
vn 0.9779 -0.1421 0.1531
vn 0.9882 -0.1442 0.0523
vn -0.9943 0.1070 0.0003
vn -0.9934 0.1057 -0.0449
vn 0.1651 -0.0201 0.9861
vn 0.1653 -0.0201 -0.9860
vn -0.9943 0.1035 0.0251
vn -0.9943 0.1035 -0.0251
vn -0.9824 0.1846 -0.0285
vn -0.9934 0.1057 0.0449
vn 0.2023 -0.0491 0.9781
vn 0.2135 -0.0317 0.9764
vn -0.9977 0.0461 0.0495
vn -0.9989 0.0468 0.0001
vn 0.9867 -0.0362 0.1582
vn 0.9978 -0.0369 0.0556
vn -0.0005 0.0003 1.0000
vn 0.2718 -0.0075 0.9623
vn 0.9993 -0.0370 0.0001
vn 0.9978 -0.0367 -0.0556
vn 0.2718 -0.0075 -0.9623
vn 0.0067 -0.0029 -1.0000
vn -0.0005 0.0003 -1.0000
vn 0.9867 -0.0362 -0.1585
vn -0.9977 0.0461 -0.0495
vn 0.1665 -0.0044 0.9860
vn 0.1666 -0.0043 -0.9860
vn -0.9989 0.0446 0.0123
vn 0.2113 -0.0078 0.9774
vn -0.9989 0.0446 -0.0123
vn -0.3609 0.5923 -0.7204
vn -0.3610 0.5923 -0.7204
vn -0.5954 0.5697 -0.5666
vn -0.4883 0.5546 -0.6738
vn -0.3609 0.5922 -0.7204
vn -0.3609 0.5923 0.7204
vn -0.3608 0.5923 0.7204
vn -0.4883 0.5547 0.6737
vn -0.5954 0.5697 0.5665
vn 0.3975 -0.0940 0.9128
vn 0.4053 -0.0877 0.9100
vn 0.9145 -0.2258 0.3358
vn 0.8181 -0.1986 0.5397
vn 0.8278 -0.1818 0.5307
vn 0.9108 -0.3888 -0.1390
vn 0.9354 -0.3533 -0.0147
vn 0.8181 -0.1986 -0.5397
vn 0.8278 -0.1818 -0.5307
vn 0.1992 -0.0483 -0.9788
vn 0.3975 -0.0940 -0.9128
vn 0.4053 -0.0877 -0.9100
vn 0.2200 -0.0476 -0.9743
vn 0.5029 0.5150 -0.6941
vn 0.5911 0.5041 -0.6297
vn 0.9585 -0.2850 0.0054
vn 0.9354 -0.3533 0.0147
vn 0.9108 -0.3889 0.1390
vn 0.5029 0.5150 0.6941
vn 0.5911 0.5041 0.6297
vn -0.1933 0.1349 0.9718
vn 0.0205 0.0159 0.9997
vn 0.0262 0.0036 0.9996
vn -0.1898 0.0970 0.9770
vn -0.5954 0.5697 0.5666
vn -0.4884 0.5546 0.6737
vn -0.7608 0.3371 0.5546
vn -0.8478 0.3884 0.3610
vn -0.1898 0.0971 -0.9770
vn 0.0262 0.0036 -0.9996
vn 0.0205 0.0159 -0.9997
vn -0.1933 0.1349 -0.9718
vn -0.8478 0.3884 -0.3610
vn -0.7608 0.3371 -0.5546
vn -0.4884 0.5546 -0.6737
vn -0.5954 0.5697 -0.5665
vn -0.1856 0.0384 -0.9819
vn -0.9168 0.1769 -0.3581
vn -0.8092 0.1526 -0.5674
vn 0.8959 -0.2152 0.3886
vn 0.8137 -0.1966 0.5471
vn 0.3917 -0.0940 0.9153
vn 0.8959 -0.2152 -0.3886
vn 0.8140 -0.1966 -0.5466
vn 0.2024 -0.0491 -0.9781
vn 0.3917 -0.0940 -0.9153
vn -0.9168 0.1769 0.3581
vn -0.8092 0.1526 0.5674
vn -0.1855 0.0384 0.9819
vn 0.9102 -0.1317 -0.3927
vn 0.8259 -0.1215 -0.5505
vn 0.2136 -0.0318 -0.9764
vn 0.4008 -0.0568 -0.9144
vn -0.9290 0.0940 0.3580
vn -0.8166 0.0810 0.5715
vn -0.1973 0.0172 0.9802
vn -0.9290 0.0940 -0.3580
vn -0.8166 0.0810 -0.5715
vn -0.1974 0.0173 -0.9802
vn 0.4007 -0.0568 0.9144
vn 0.9103 -0.1318 0.3924
vn 0.8259 -0.1215 0.5506
vn -0.2166 0.0074 -0.9762
vn -0.9400 0.0399 -0.3388
vn -0.8348 0.0337 -0.5495
vn 0.9167 -0.0334 0.3982
vn 0.8319 -0.0307 0.5541
vn 0.4047 -0.0143 0.9144
vn 0.9166 -0.0334 -0.3984
vn 0.8318 -0.0307 -0.5542
vn 0.2115 -0.0079 -0.9773
vn 0.4049 -0.0144 -0.9142
vn -0.9400 0.0399 0.3387
vn -0.8348 0.0337 0.5495
vn -0.2167 0.0074 0.9762
vn 0.2199 -0.0476 -0.9744
vn 0.2674 0.9431 -0.1978
vn 0.2702 0.9628 -0.0001
vn 0.2166 0.9763 -0.0000
vn 0.2139 0.9567 -0.1973
vn 0.2579 0.8839 -0.3902
vn 0.2053 0.8981 -0.3888
vn 0.2415 0.7875 -0.5670
vn 0.1911 0.8027 -0.5649
vn 0.2203 0.6615 -0.7168
vn 0.1723 0.6771 -0.7154
vn 0.1956 0.5130 -0.8358
vn 0.1500 0.5279 -0.8359
vn 0.1676 0.3475 -0.9226
vn 0.1247 0.3602 -0.9245
vn 0.1373 0.1687 -0.9761
vn 0.0968 0.1781 -0.9792
vn 0.1048 -0.0192 -0.9943
vn 0.0668 -0.0137 -0.9977
vn 0.0709 -0.2107 -0.9750
vn 0.1049 -0.0192 -0.9943
vn 0.0355 -0.2085 -0.9774
vn 0.0374 -0.3976 -0.9168
vn 0.0049 -0.3965 -0.9180
vn 0.0061 -0.5691 -0.8223
vn -0.0236 -0.5681 -0.8226
vn -0.0210 -0.7174 -0.6964
vn -0.0483 -0.7163 -0.6961
vn -0.0429 -0.8375 -0.5447
vn -0.0684 -0.8362 -0.5442
vn -0.0590 -0.9257 -0.3737
vn -0.0832 -0.9240 -0.3733
vn -0.0692 -0.9793 -0.1901
vn -0.0925 -0.9775 -0.1898
vn -0.0725 -0.9974 -0.0000
vn -0.0954 -0.9954 -0.0000
vn -0.0693 -0.9793 0.1901
vn -0.0924 -0.9775 0.1898
vn -0.0590 -0.9256 0.3739
vn -0.0831 -0.9240 0.3733
vn -0.0429 -0.8375 0.5447
vn -0.0684 -0.8362 0.5442
vn -0.0207 -0.7174 0.6963
vn -0.0481 -0.7164 0.6960
vn 0.0062 -0.5690 0.8223
vn -0.0235 -0.5681 0.8226
vn 0.0375 -0.3975 0.9169
vn 0.0048 -0.3965 0.9180
vn 0.0710 -0.2107 0.9750
vn 0.0354 -0.2084 0.9774
vn 0.1049 -0.0192 0.9943
vn 0.0668 -0.0137 0.9977
vn 0.1374 0.1686 0.9761
vn 0.0967 0.1781 0.9792
vn 0.1682 0.3473 0.9226
vn 0.1246 0.3602 0.9245
vn 0.1959 0.5129 0.8358
vn 0.1499 0.5280 0.8359
vn 0.2208 0.6613 0.7168
vn 0.1723 0.6772 0.7154
vn 0.2418 0.7874 0.5670
vn 0.1909 0.8028 0.5649
vn 0.2577 0.8839 0.3902
vn 0.2054 0.8981 0.3889
vn 0.0284 -0.0027 0.9996
vn 0.0002 -0.2008 0.9796
vn 0.2672 0.9431 0.1977
vn 0.2137 0.9568 0.1973
vn 0.2702 0.9628 -0.0000
vn 0.1526 0.9104 -0.3846
vn 0.1598 0.9676 -0.1955
vn -0.0529 -0.5632 -0.8246
vn -0.0271 -0.3906 -0.9202
vn -0.0753 -0.7123 0.6978
vn -0.0939 -0.8327 0.5457
vn 0.1402 0.8173 0.5589
vn 0.1237 0.6937 0.7096
vn 0.0553 0.1924 -0.9798
vn 0.0806 0.3769 -0.9227
vn -0.1184 -0.9930 -0.0000
vn -0.1157 -0.9749 -0.1903
vn 0.0555 0.1923 0.9798
vn 0.1401 0.8173 -0.5589
vn -0.0752 -0.7123 -0.6979
vn -0.0528 -0.5632 0.8246
vn 0.1528 0.9103 0.3847
vn 0.0284 -0.0027 -0.9996
vn -0.1157 -0.9749 0.1904
vn 0.0807 0.3768 0.9228
vn 0.1235 0.6938 -0.7095
vn -0.0936 -0.8328 -0.5456
vn -0.0273 -0.3907 0.9201
vn 0.1601 0.9676 0.1955
vn 0.0001 -0.2009 -0.9796
vn -0.1070 -0.9211 0.3742
vn 0.1037 0.5453 0.8318
vn 0.1033 0.5454 -0.8318
vn -0.1073 -0.9211 -0.3743
vn 0.1624 0.9867 -0.0000
vn -0.9820 0.1890 -0.0000
vn -0.9820 0.1891 -0.0000
vn 0.1586 0.8240 -0.5439
vn 0.1583 0.8225 -0.5463
vn 0.1357 0.7024 -0.6988
vn 0.1362 0.7050 -0.6960
vn -0.1279 -0.6915 -0.7110
vn -0.1271 -0.6867 -0.7158
vn -0.1495 -0.8113 -0.5652
vn -0.1501 -0.8145 -0.5604
vn 0.1755 0.9103 0.3748
vn 0.1755 0.9111 0.3729
vn -0.1790 -0.9839 -0.0000
vn -0.1787 -0.9839 -0.0000
vn -0.1759 -0.9644 0.1973
vn -0.1759 -0.9647 0.1959
vn 0.1859 0.9639 0.1905
vn 0.1858 0.9641 0.1895
vn 0.0003 0.0013 -1.0000
vn 0.0002 -0.0003 -1.0000
vn -0.0364 -0.1913 -0.9809
vn -0.0367 -0.1930 -0.9805
vn -0.1662 -0.9061 0.3890
vn -0.1665 -0.9075 0.3858
vn 0.1895 0.9819 -0.0000
vn 0.1907 0.9817 -0.0000
vn -0.1495 -0.8113 0.5652
vn -0.1496 -0.8146 0.5604
vn 0.1071 0.5539 -0.8257
vn 0.1079 0.5576 -0.8230
vn -0.1661 -0.9061 -0.3890
vn -0.1663 -0.9075 -0.3857
vn -0.1271 -0.6867 0.7158
vn -0.1280 -0.6914 0.7110
vn 0.1862 0.9639 -0.1905
vn 0.1861 0.9641 -0.1895
vn -0.0698 -0.3722 -0.9255
vn -0.0710 -0.3764 -0.9237
vn -0.1004 -0.5386 0.8365
vn -0.1014 -0.5438 0.8330
vn -0.0702 -0.3721 0.9255
vn -0.0710 -0.3763 0.9238
vn 0.0738 0.3823 -0.9211
vn 0.0747 0.3869 -0.9191
vn -0.1758 -0.9644 -0.1973
vn -0.1759 -0.9647 -0.1959
vn -0.0362 -0.1912 0.9809
vn -0.0366 -0.1930 0.9805
vn 0.1756 0.9103 -0.3748
vn 0.1755 0.9111 -0.3729
vn -0.1006 -0.5386 -0.8365
vn -0.1015 -0.5438 -0.8330
vn -0.0000 -0.0003 1.0000
vn 0.0005 0.0013 1.0000
vn 0.0003 0.0013 1.0000
vn -0.0000 -0.0002 1.0000
vn 0.0375 0.1940 0.9803
vn 0.0383 0.1984 0.9794
vn 0.0375 0.1942 -0.9803
vn 0.0384 0.1985 -0.9793
vn 0.0738 0.3823 0.9211
vn 0.0747 0.3869 0.9191
vn 0.1074 0.5539 0.8257
vn 0.1082 0.5576 0.8230
vn -0.0000 -0.0002 -1.0000
vn 0.7718 -0.4649 -0.4338
vn 0.7476 -0.5399 -0.3869
vn 0.7276 -0.6035 -0.3261
vn 0.7119 -0.6548 -0.2539
vn 0.7003 -0.6924 -0.1735
vn 0.6914 -0.7224 -0.0000
vn 0.7003 -0.6924 0.1735
vn 0.7119 -0.6548 0.2539
vn 0.7276 -0.6035 0.3261
vn 0.7994 -0.3816 0.4641
vn 0.9899 0.1415 0.0019
vn 0.9898 0.1427 0.0012
vn -0.9910 -0.1335 -0.0059
vn -0.9911 -0.1333 -0.0058
vn -0.9888 -0.1493 -0.0094
vn -0.9887 -0.1495 -0.0094
vn 0.9901 0.1406 0.0025
vn 0.9901 0.1404 0.0024
vn -0.9757 -0.2190 -0.0001
vn -0.9757 -0.2191 -0.0002
vn -0.9760 -0.2177 0.0042
vn -0.9752 -0.2202 0.0224
vn -0.9752 -0.2201 0.0225
vn -0.9758 -0.2168 0.0284
vn 0.9901 0.1403 0.0030
vn 0.9901 0.1402 0.0030
vn -0.9916 -0.1296 0.0041
vn -0.9916 -0.1297 0.0041
vn -0.9914 -0.1309 0.0031
vn -0.9914 -0.1310 0.0031
vn 0.9889 0.1486 0.0040
vn 0.9889 0.1484 0.0040
vn -0.9855 -0.1691 -0.0155
vn -0.9855 -0.1691 -0.0154
vn 0.9859 0.1671 0.0070
vn 0.9860 0.1668 0.0070
vn -0.9772 -0.2102 0.0291
vn -0.9772 -0.2102 0.0292
vn 0.9822 0.1873 0.0131
vn 0.9822 0.1874 0.0132
vn -0.9760 -0.2179 -0.0000
vn -0.9913 -0.1318 0.0016
vn -0.9913 -0.1318 0.0017
vn 0.9786 0.2049 0.0203
vn 0.9785 0.2050 0.0205
vn -0.9823 -0.1862 -0.0212
vn -0.9823 -0.1861 -0.0211
vn 0.9754 0.2188 0.0268
vn 0.9754 0.2189 0.0268
vn -0.9794 -0.2000 0.0260
vn -0.9794 -0.2000 0.0262
vn 0.9730 0.2288 0.0302
vn 0.9730 0.2288 0.0301
vn -0.9912 -0.1322 -0.0000
vn 0.9716 0.2348 0.0297
vn 0.9716 0.2350 0.0293
vn 0.9710 0.2392 0.0035
vn 0.9709 0.2393 0.0035
vn 0.9709 0.2393 -0.0000
vn 0.9709 0.2394 -0.0000
vn -0.9795 -0.2000 -0.0262
vn -0.9795 -0.1999 -0.0263
vn 0.9708 0.2387 0.0238
vn 0.9709 0.2395 -0.0004
vn 0.9709 0.2394 -0.0005
vn -0.9823 -0.1862 0.0211
vn -0.9823 -0.1861 0.0212
vn 0.9707 0.2398 0.0125
vn 0.9707 0.2399 0.0126
vn 0.9707 0.2398 -0.0125
vn 0.9708 0.2397 -0.0128
vn -0.9913 -0.1319 -0.0017
vn -0.9913 -0.1318 -0.0017
vn 0.9709 0.2395 0.0004
vn 0.9709 0.2395 0.0005
vn 0.9708 0.2387 -0.0237
vn 0.9708 0.2387 -0.0238
vn -0.9772 -0.2101 -0.0292
vn -0.9772 -0.2102 -0.0291
vn 0.9710 0.2393 -0.0035
vn 0.9709 0.2393 -0.0035
vn 0.1191 -0.7080 -0.6961
vn 0.1188 -0.7054 -0.6988
vn 0.1392 -0.8259 -0.5463
vn 0.1394 -0.8275 -0.5439
vn 0.3575 -0.7437 0.5649
vn 0.2043 -0.7958 0.5700
vn 0.2173 -0.8939 0.3921
vn 0.3425 -0.8533 0.3931
vn 0.9715 0.2352 -0.0294
vn -0.9855 -0.1690 0.0154
vn -0.9855 -0.1691 0.0154
vn 0.9730 0.2287 -0.0303
vn 0.9730 0.2288 -0.0302
vn -0.9914 -0.1309 -0.0031
vn -0.9914 -0.1311 -0.0031
vn 0.9754 0.2188 -0.0268
vn 0.9754 0.2189 -0.0268
vn -0.9758 -0.2168 -0.0283
vn -0.9760 -0.2178 -0.0042
vn 0.9786 0.2049 -0.0204
vn 0.9786 0.2050 -0.0204
vn -0.9887 -0.1494 0.0095
vn -0.9887 -0.1495 0.0095
vn 0.9822 0.1873 -0.0132
vn 0.9822 0.1872 -0.0132
vn -0.9916 -0.1296 -0.0041
vn -0.9915 -0.1297 -0.0042
vn 0.9859 0.1670 -0.0071
vn 0.9860 0.1668 -0.0071
vn -0.9752 -0.2202 -0.0225
vn -0.9752 -0.2201 -0.0224
vn -0.9757 -0.2190 0.0002
vn -0.9757 -0.2190 0.0001
vn 0.9889 0.1486 -0.0040
vn 0.9889 0.1484 -0.0039
vn -0.9911 -0.1333 0.0058
vn -0.9910 -0.1335 0.0059
vn 0.9901 0.1402 -0.0029
vn 0.9901 0.1403 -0.0030
vn -0.9917 -0.1283 -0.0047
vn -0.9917 -0.1282 -0.0047
vn 0.9901 0.1403 -0.0024
vn -0.9753 -0.2208 -0.0118
vn -0.9753 -0.2207 -0.0119
vn -0.9753 -0.2206 0.0121
vn -0.9753 -0.2206 0.0120
vn 0.9899 0.1415 -0.0020
vn 0.9901 0.1404 -0.0023
vn 0.9901 0.1403 -0.0023
vn -0.9917 -0.1281 0.0047
vn -0.9917 -0.1282 0.0048
vn 0.9898 0.1427 -0.0012
vn 0.9898 0.1426 -0.0000
vn 0.9898 0.1427 -0.0000
vn 0.5343 -0.1477 0.8323
vn 0.4381 -0.2205 0.8714
vn 0.4773 -0.3752 0.7947
vn 0.5895 -0.2872 0.7550
vn 0.3425 -0.8533 -0.3931
vn 0.2173 -0.8939 -0.3920
vn 0.2043 -0.7959 -0.5700
vn 0.3575 -0.7436 -0.5650
vn 0.0608 0.9806 -0.1863
vn -0.0637 0.9796 -0.1906
vn -0.0674 0.9977 -0.0000
vn 0.0568 0.9984 -0.0000
vn 0.3358 -0.6152 0.7133
vn 0.1868 -0.6665 0.7218
vn 0.3557 -0.9159 -0.1860
vn 0.2247 -0.9539 -0.1991
vn 0.0724 0.9278 -0.3661
vn -0.0530 0.9255 -0.3749
vn 0.3099 -0.4648 0.8294
vn 0.1662 -0.5138 0.8417
vn 0.3797 -0.9251 -0.0000
vn 0.2271 -0.9739 -0.0000
vn 0.0912 0.8417 -0.5322
vn -0.0361 0.8371 -0.5458
vn 0.2828 -0.2984 0.9116
vn 0.1436 -0.3439 0.9280
vn 0.1146 0.7247 -0.6794
vn -0.0137 0.7171 -0.6969
vn 0.2550 -0.1217 0.9592
vn 0.1194 -0.1622 0.9795
vn 0.1416 0.5818 -0.8009
vn 0.0118 0.5685 -0.8226
vn 0.2269 0.0604 0.9720
vn 0.0937 0.0262 0.9953
vn 0.1693 0.4187 -0.8922
vn 0.0392 0.3988 -0.9162
vn 0.1984 0.2426 0.9496
vn 0.0669 0.2155 0.9742
vn 0.0937 0.0263 0.9953
vn 0.1984 0.2426 -0.9496
vn 0.0668 0.2155 -0.9742
vn 0.1698 0.4187 0.8921
vn 0.0393 0.3988 0.9162
vn 0.2269 0.0604 -0.9720
vn 0.0937 0.0263 -0.9953
vn 0.1416 0.5818 0.8009
vn 0.0121 0.5684 0.8227
vn 0.2550 -0.1218 -0.9592
vn 0.1194 -0.1622 -0.9795
vn 0.0937 0.0262 -0.9953
vn 0.2269 0.0604 -0.9721
vn 0.1150 0.7249 0.6792
vn -0.0140 0.7169 0.6970
vn 0.2826 -0.2985 -0.9116
vn 0.1436 -0.3439 -0.9280
vn 0.0912 0.8417 0.5322
vn -0.0363 0.8373 0.5456
vn 0.3098 -0.4649 -0.8294
vn 0.1662 -0.5138 -0.8417
vn 0.0727 0.9278 0.3659
vn -0.0533 0.9256 0.3746
vn 0.3557 -0.9159 0.1860
vn 0.2248 -0.9539 0.1990
vn 0.3357 -0.6156 -0.7130
vn 0.1867 -0.6665 -0.7218
vn 0.0612 0.9806 0.1864
vn -0.0639 0.9796 0.1905
vn 0.5642 0.3801 0.7330
vn 0.3700 0.3119 0.8751
vn 0.4233 0.1561 0.8925
vn 0.6134 0.2533 0.7480
vn 0.2285 0.7377 -0.6353
vn 0.2092 0.7262 -0.6549
vn 0.1782 0.8386 -0.5148
vn 0.1925 0.8445 -0.4998
vn 0.4783 0.0014 0.8782
vn 0.3988 -0.0576 0.9152
vn 0.2713 0.6087 -0.7456
vn 0.2449 0.5905 -0.7690
vn 0.4233 0.1560 0.8925
vn 0.3599 0.1095 0.9266
vn 0.3191 0.4645 -0.8260
vn 0.2827 0.4385 -0.8531
vn 0.3211 0.2764 0.9058
vn 0.3700 0.3119 -0.8751
vn 0.3211 0.2764 -0.9058
vn 0.3191 0.4645 0.8261
vn 0.2827 0.4385 0.8531
vn 0.4233 0.1561 -0.8924
vn 0.3598 0.1095 -0.9266
vn 0.2710 0.6086 0.7458
vn 0.2449 0.5905 0.7690
vn 0.4783 0.0014 -0.8782
vn 0.3988 -0.0575 -0.9152
vn 0.2286 0.7376 0.6353
vn 0.2093 0.7262 0.6549
vn 0.5343 -0.1477 -0.8323
vn 0.4381 -0.2205 -0.8714
vn 0.3988 -0.0576 -0.9152
vn 0.1924 0.8445 0.4998
vn 0.1782 0.8386 0.5148
vn 0.5895 -0.2872 -0.7550
vn 0.4772 -0.3751 -0.7947
vn 0.1650 0.9239 0.3451
vn 0.1541 0.9221 0.3550
vn 0.9093 0.1214 0.3981
vn 0.7711 -0.1050 0.6280
vn 0.7833 -0.2346 0.5756
vn 0.8810 0.2403 0.4075
vn 0.6413 -0.4129 -0.6467
vn 0.5150 -0.5164 -0.6842
vn 0.1479 0.9731 0.1768
vn 0.1384 0.9736 0.1814
vn 0.9642 0.2619 -0.0420
vn 0.9493 0.3135 -0.0241
vn 0.9494 0.3140 -0.0002
vn 0.9650 0.2624 -0.0003
vn 0.6020 -0.3828 -0.7007
vn 0.5028 -0.5792 -0.6416
vn 0.1420 0.9899 -0.0000
vn 0.1329 0.9911 -0.0000
vn 0.5029 -0.5792 0.6416
vn 0.4565 -0.8030 0.3831
vn 0.5096 -0.7201 0.4709
vn 0.2048 0.0436 0.9778
vn 0.2007 0.0490 0.9784
vn 0.1622 0.0444 0.9858
vn 0.1650 0.0340 0.9857
vn 0.1479 0.9730 -0.1771
vn 0.1386 0.9736 -0.1813
vn 0.6413 -0.4129 0.6467
vn 0.5150 -0.5164 0.6842
vn 0.6020 -0.3828 0.7007
vn -0.6854 -0.7282 -0.0000
vn -0.7242 -0.6895 -0.0107
vn -0.8720 -0.4892 0.0168
vn 0.1652 0.9237 -0.3455
vn 0.1543 0.9219 -0.3554
vn 0.4559 -0.8621 0.2211
vn 0.4073 -0.8604 0.3064
vn 0.7819 0.4186 -0.4619
vn 0.5642 0.3801 -0.7329
vn 0.5196 0.5037 -0.6902
vn 0.7543 0.4927 -0.4338
vn 0.5195 0.5037 0.6902
vn 0.6134 0.2533 -0.7480
vn 0.4798 0.6197 0.6211
vn 0.6660 0.1276 -0.7350
vn 0.4456 0.7226 0.5285
vn 0.7193 0.0071 -0.6946
vn 0.4177 0.8082 0.4152
vn 0.7711 -0.1051 -0.6280
vn 0.3965 0.8724 0.2858
vn 0.9283 0.3718 0.0092
vn 0.9304 0.3666 0.0055
vn 0.9305 0.3664 -0.0000
vn 0.9304 0.3665 -0.0055
vn 0.9283 0.3717 -0.0092
vn 0.8949 0.4264 -0.1320
vn 0.9045 0.3833 -0.1868
vn 0.9408 0.3101 -0.1370
vn 0.9309 0.3324 -0.1516
vn 0.9206 0.3563 -0.1595
vn 0.9101 0.3814 -0.1621
vn 0.8996 0.4066 -0.1592
vn 0.8899 0.4309 -0.1500
vn 0.8814 0.4527 -0.1347
vn 0.8746 0.4713 -0.1141
vn 0.8693 0.4860 -0.0894
vn 0.8654 0.4972 -0.0615
vn 0.8629 0.5044 -0.0314
vn 0.8620 0.5069 -0.0000
vn 0.8629 0.5044 0.0314
vn 0.8654 0.4972 0.0614
vn 0.8693 0.4861 0.0894
vn 0.8746 0.4713 0.1141
vn 0.8814 0.4527 0.1347
vn 0.8899 0.4309 0.1500
vn 0.8996 0.4067 0.1592
vn 0.9101 0.3814 0.1621
vn 0.9207 0.3563 0.1595
vn 0.9309 0.3324 0.1516
vn 0.9408 0.3101 0.1370
vn 0.9045 0.3833 0.1868
vn 0.8949 0.4264 0.1319
vn 0.7833 -0.2347 -0.5757
vn 0.3837 0.9118 0.1462
vn 0.1623 0.0445 0.9857
vn 0.3411 -0.0750 0.9370
vn 0.3845 -0.1085 0.9167
vn 0.2549 0.0767 0.9639
vn 0.6995 -0.3059 -0.6458
vn 0.6414 -0.4129 -0.6467
vn 0.7833 -0.2347 -0.5756
vn 0.3793 0.9253 -0.0000
vn 0.6995 -0.3059 0.6459
vn 0.3412 -0.0751 0.9370
vn 0.3411 -0.0751 -0.9370
vn 0.3845 -0.1085 -0.9167
vn 0.6995 -0.3059 -0.6459
vn 0.3837 0.9118 -0.1462
vn 0.7833 -0.2347 0.5756
vn 0.6414 -0.4129 0.6467
vn 0.6021 -0.3828 0.7007
vn 0.6995 -0.3059 0.6458
vn -0.8720 -0.4892 -0.0169
vn -0.7242 -0.6895 0.0107
vn 0.3966 0.8724 -0.2859
vn 0.7711 -0.1051 0.6280
vn 0.7833 -0.2347 0.5757
vn 0.4079 -0.3939 0.8237
vn 0.4177 0.8082 -0.4152
vn 0.7193 0.0071 0.6946
vn 0.4456 0.7226 -0.5284
vn 0.6660 0.1276 0.7350
vn 0.4798 0.6197 -0.6211
vn 0.3509 -0.3338 0.8749
vn 0.3370 -0.2916 0.8952
vn 0.1798 -0.4786 0.8594
vn 0.2512 -0.4975 0.8303
vn 0.7543 0.4927 0.4338
vn 0.7820 0.4186 0.4619
vn 0.8129 0.3416 -0.4718
vn 0.7308 0.5608 0.3891
vn 0.8455 0.2645 -0.4639
vn 0.6660 0.1277 -0.7349
vn 0.6135 0.2533 -0.7480
vn 0.8129 0.3416 -0.4717
vn 0.7118 0.6200 0.3300
vn 0.8778 0.1906 -0.4395
vn 0.7194 0.0072 -0.6946
vn 0.6970 0.6687 0.2588
vn 0.9094 0.1216 -0.3978
vn 0.7711 -0.1050 -0.6280
vn 0.6859 0.7057 0.1775
vn 0.8810 0.2403 -0.4075
vn 0.7833 -0.2346 -0.5756
vn 0.6787 0.7288 0.0906
vn 0.9493 0.3135 0.0240
vn 0.9642 0.2619 0.0420
vn 0.3509 -0.3338 -0.8749
vn 0.3370 -0.2917 -0.8952
vn 0.4643 -0.1030 -0.8797
vn 0.4643 -0.1029 -0.8797
vn 0.4642 -0.1029 -0.8797
vn 0.5057 -0.1971 -0.8399
vn 0.5030 -0.3489 -0.7907
vn 0.6762 0.7367 -0.0000
vn 0.0265 -0.0033 -0.9996
vn 0.0139 -0.0195 -0.9997
vn 0.3845 -0.1084 -0.9167
vn 0.2549 0.0767 -0.9639
vn 0.2512 -0.4975 -0.8303
vn 0.1796 -0.4784 -0.8596
vn 0.6787 0.7288 -0.0906
vn 0.8778 0.1907 0.4395
vn 0.7194 0.0071 0.6946
vn 0.1622 0.0444 -0.9858
vn 0.2164 0.0510 -0.9750
vn 0.2007 0.0490 -0.9784
vn 0.6859 0.7058 -0.1775
vn 0.9635 0.2550 -0.0821
vn 0.9407 0.3387 -0.0207
vn 0.6971 0.6687 -0.2587
vn 0.4643 -0.1029 0.8797
vn 0.4642 -0.1030 0.8797
vn 0.5030 -0.3489 0.7908
vn 0.5057 -0.1971 0.8399
vn 0.4565 -0.8030 -0.3831
vn 0.5096 -0.7201 -0.4709
vn 0.7118 0.6200 -0.3300
vn 0.8455 0.2645 0.4639
vn 0.6660 0.1276 0.7349
vn 0.7308 0.5608 -0.3891
vn 0.8128 0.3417 0.4719
vn 0.6135 0.2533 0.7480
vn 0.7820 0.4186 0.4618
vn 0.5643 0.3801 0.7329
vn 0.5241 -0.8516 -0.0000
vn 0.4559 -0.8621 -0.2211
vn 0.4079 -0.3939 -0.8237
vn -0.7769 -0.6208 -0.1051
vn -0.8868 -0.4571 -0.0681
vn -0.8868 -0.4571 0.0681
vn -0.7769 -0.6208 0.1052
vn 0.0139 -0.0195 0.9997
vn 0.0265 -0.0033 0.9996
vn 0.2550 -0.1217 -0.9592
vn -0.9830 -0.1790 -0.0409
vn -0.9676 -0.2524 0.0001
vn -0.9842 -0.1770 -0.0000
vn 0.9676 0.2034 -0.1493
vn 0.9774 0.2056 -0.0492
vn 0.0261 0.0069 -0.9996
vn 0.2695 0.0551 -0.9614
vn 0.9786 0.2060 -0.0001
vn 0.9774 0.2057 0.0493
vn 0.2695 0.0551 0.9614
vn 0.0261 0.0069 0.9996
vn 0.9932 0.1034 0.0526
vn 0.9676 0.2034 0.1493
vn 0.9827 0.1018 0.1547
vn 0.9635 0.2550 0.0821
vn -0.9830 -0.1790 0.0409
vn 0.1650 0.0341 -0.9857
vn 0.1651 0.0341 0.9857
vn -0.9820 -0.1836 -0.0443
vn 0.9142 0.2302 0.3336
vn 0.9407 0.3387 0.0207
vn 0.9507 0.3102 -0.0011
vn 0.4072 -0.8604 -0.3064
vn 0.0080 0.0015 -1.0000
vn 0.2709 0.0233 -0.9623
vn 0.9946 0.1038 -0.0002
vn 0.2709 0.0232 0.9623
vn 0.0080 0.0015 1.0000
vn 0.2091 0.0039 0.9779
vn 0.2132 0.0224 0.9768
vn 0.1640 0.0141 0.9864
vn 0.1680 0.0015 0.9858
vn 0.9827 0.1018 -0.1548
vn 0.9932 0.1034 -0.0527
vn -0.9948 -0.1023 -0.0000
vn -0.9940 -0.1011 0.0418
vn 0.1639 0.0141 -0.9864
vn -0.9945 -0.0980 -0.0374
vn -0.9945 -0.0980 0.0374
vn -0.9820 -0.1836 0.0444
vn -0.9940 -0.1010 -0.0418
vn 0.2049 0.0436 -0.9778
vn 0.2131 0.0224 -0.9768
vn -0.9974 -0.0542 -0.0481
vn -0.9985 -0.0556 -0.0000
vn 0.9871 0.0183 -0.1587
vn 0.9983 0.0187 -0.0551
vn -0.0005 -0.0012 -1.0000
vn 0.2701 0.0038 -0.9628
vn 0.9998 0.0189 -0.0001
vn 0.9983 0.0188 0.0550
vn 0.2698 0.0036 0.9629
vn -0.0004 -0.0012 1.0000
vn 0.9871 0.0184 0.1587
vn -0.9974 -0.0541 0.0481
vn 0.1680 0.0017 -0.9858
vn -0.9986 -0.0511 -0.0163
vn 0.2091 0.0038 -0.9779
vn -0.9986 -0.0511 0.0162
vn -0.3127 -0.5863 0.7473
vn -0.3128 -0.5863 0.7473
vn -0.5529 -0.5778 0.6004
vn -0.4406 -0.5510 0.7087
vn -0.3126 -0.5863 0.7473
vn -0.3128 -0.5863 -0.7473
vn -0.3127 -0.5863 -0.7473
vn -0.4406 -0.5510 -0.7087
vn -0.5530 -0.5778 -0.6003
vn -0.3127 -0.5864 -0.7473
vn 0.3967 0.0961 -0.9129
vn 0.4033 0.0951 -0.9101
vn 0.9142 0.2302 -0.3336
vn 0.8176 0.2006 -0.5397
vn 0.8244 0.1972 -0.5305
vn 0.8960 0.4230 0.1350
vn 0.9218 0.3875 0.0136
vn 0.8176 0.2007 0.5397
vn 0.8244 0.1972 0.5305
vn 0.2008 0.0490 0.9784
vn 0.3967 0.0961 0.9129
vn 0.4033 0.0951 0.9101
vn 0.2164 0.0510 0.9750
vn 0.5086 -0.5009 0.7003
vn 0.5971 -0.4871 0.6373
vn 0.9507 0.3102 0.0011
vn 0.9218 0.3875 -0.0136
vn 0.8960 0.4230 -0.1350
vn 0.5087 -0.5008 -0.7003
vn 0.5973 -0.4870 -0.6372
vn -0.1670 -0.1267 -0.9778
vn 0.0264 -0.0033 -0.9996
vn -0.1658 -0.0914 -0.9819
vn -0.7191 -0.3393 -0.6064
vn -0.8210 -0.4034 -0.4041
vn -0.5529 -0.5778 -0.6004
vn -0.8210 -0.4034 -0.4040
vn -0.1658 -0.0914 0.9819
vn -0.1670 -0.1267 0.9778
vn -0.8210 -0.4034 0.4041
vn -0.7191 -0.3393 0.6064
vn -0.8210 -0.4033 0.4040
vn -0.5529 -0.5778 0.6003
vn -0.1676 -0.0341 0.9853
vn -0.7771 -0.1545 0.6101
vn -0.7777 -0.1475 0.6111
vn -0.7191 -0.3392 0.6064
vn -0.8210 -0.4033 0.4041
vn -0.9711 -0.1848 0.1511
vn 0.9007 0.1893 -0.3909
vn 0.8174 0.1733 -0.5493
vn 0.3925 0.0821 -0.9161
vn 0.9007 0.1893 0.3911
vn 0.8176 0.1733 0.5491
vn 0.2049 0.0436 0.9778
vn 0.3925 0.0821 0.9161
vn -0.9711 -0.1848 -0.1511
vn -0.7777 -0.1475 -0.6111
vn -0.7771 -0.1545 -0.6101
vn -0.8210 -0.4033 -0.4041
vn -0.1677 -0.0341 -0.9853
vn 0.9139 0.0943 0.3948
vn 0.8288 0.0864 0.5528
vn 0.4009 0.0408 0.9152
vn -0.9850 -0.0951 -0.1441
vn -0.7961 -0.0723 -0.6008
vn -0.7964 -0.0723 -0.6005
vn -0.1868 -0.0140 -0.9823
vn -0.1676 -0.0341 -0.9853
vn -0.9850 -0.0951 0.1441
vn -0.7964 -0.0723 0.6005
vn -0.7961 -0.0724 0.6008
vn -0.1868 -0.0140 0.9823
vn 0.4010 0.0408 -0.9152
vn 0.9139 0.0944 -0.3949
vn 0.8286 0.0864 -0.5531
vn -0.2129 -0.0070 0.9770
vn -0.9366 -0.0439 0.3475
vn -0.8279 -0.0359 0.5598
vn 0.9166 0.0169 -0.3995
vn 0.8320 0.0154 -0.5545
vn 0.4047 0.0073 -0.9144
vn 0.9166 0.0169 0.3994
vn 0.8320 0.0154 0.5546
vn 0.4047 0.0073 0.9144
vn -0.9366 -0.0439 -0.3475
vn -0.8279 -0.0359 -0.5598
vn -0.2129 -0.0070 -0.9770
vn 0.3411 -0.0751 0.9370
vn 0.2349 -0.9520 0.1963
vn 0.2373 -0.9714 -0.0000
vn 0.1887 -0.9820 -0.0000
vn 0.1865 -0.9627 0.1961
vn 0.2278 -0.8927 0.3888
vn 0.1797 -0.9042 0.3875
vn 0.2153 -0.7950 0.5671
vn 0.1686 -0.8080 0.5646
vn 0.1983 -0.6667 0.7185
vn 0.1535 -0.6808 0.7162
vn 0.1780 -0.5152 0.8384
vn 0.1350 -0.5296 0.8375
vn 0.1548 -0.3468 0.9251
vn 0.1138 -0.3602 0.9259
vn 0.1299 -0.1659 0.9776
vn 0.0906 -0.1773 0.9800
vn 0.1025 0.0223 0.9945
vn 0.0652 0.0138 0.9978
vn 0.0742 0.2124 0.9744
vn 0.0651 0.0138 0.9978
vn 0.0391 0.2071 0.9775
vn 0.0458 0.3973 0.9166
vn 0.0124 0.3946 0.9188
vn 0.0183 0.5684 0.8225
vn -0.0130 0.5675 0.8232
vn -0.0053 0.7177 0.6964
vn -0.0350 0.7169 0.6963
vn -0.0249 0.8382 0.5448
vn -0.0530 0.8372 0.5443
vn -0.0389 0.9267 0.3739
vn -0.0661 0.9253 0.3735
vn -0.0481 0.9806 0.1902
vn -0.0744 0.9790 0.1899
vn -0.0508 0.9987 -0.0000
vn -0.0769 0.9970 -0.0000
vn -0.0480 0.9806 -0.1901
vn -0.0743 0.9790 -0.1898
vn -0.0389 0.9266 -0.3739
vn -0.0660 0.9253 -0.3735
vn -0.0244 0.8382 -0.5448
vn -0.0529 0.8372 -0.5444
vn -0.0056 0.7176 -0.6964
vn -0.0351 0.7169 -0.6963
vn 0.0183 0.5685 -0.8225
vn -0.0130 0.5675 -0.8232
vn 0.0453 0.3973 -0.9166
vn 0.0123 0.3947 -0.9187
vn 0.0743 0.2124 -0.9744
vn 0.0390 0.2071 -0.9776
vn 0.1025 0.0223 -0.9945
vn 0.0652 0.0138 -0.9978
vn 0.1298 -0.1660 -0.9775
vn 0.0902 -0.1774 -0.9800
vn 0.1552 -0.3467 -0.9250
vn 0.1135 -0.3603 -0.9259
vn 0.1784 -0.5152 -0.8383
vn 0.1346 -0.5298 -0.8374
vn 0.1984 -0.6666 -0.7185
vn 0.1530 -0.6808 -0.7163
vn 0.2154 -0.7950 -0.5670
vn 0.1683 -0.8081 -0.5646
vn 0.2277 -0.8927 -0.3889
vn 0.1797 -0.9042 -0.3875
vn 0.0273 0.0006 -0.9996
vn 0.0032 0.1968 -0.9804
vn 0.2348 -0.9520 -0.1964
vn 0.1866 -0.9627 -0.1962
vn 0.1320 -0.9140 0.3836
vn 0.1376 -0.9712 0.1948
vn -0.0440 0.5628 0.8254
vn -0.0210 0.3874 0.9217
vn -0.0645 0.7134 -0.6978
vn -0.0810 0.8341 -0.5456
vn 0.1219 -0.8203 -0.5589
vn 0.1081 -0.6955 -0.7103
vn 0.0501 -0.1928 0.9800
vn 0.0715 -0.3769 0.9235
vn -0.1032 0.9947 -0.0000
vn -0.1007 0.9765 0.1903
vn 0.0507 -0.1927 -0.9799
vn 0.1214 -0.8203 0.5589
vn -0.0643 0.7133 0.6979
vn -0.0445 0.5626 -0.8255
vn 0.1320 -0.9139 -0.3838
vn 0.0273 0.0006 0.9996
vn -0.1008 0.9765 -0.1903
vn 0.0717 -0.3770 -0.9234
vn 0.1077 -0.6957 0.7102
vn -0.0810 0.8341 0.5456
vn -0.0210 0.3875 -0.9216
vn 0.1379 -0.9711 -0.1947
vn 0.0032 0.1968 0.9804
vn -0.0932 0.9226 -0.3743
vn 0.0911 -0.5460 -0.8328
vn 0.0908 -0.5462 0.8327
vn -0.0931 0.9226 0.3743
vn 0.1397 -0.9902 -0.0000
vn -0.9828 -0.1846 -0.0000
vn -0.9828 -0.1845 -0.0004
vn 0.1394 -0.8275 0.5439
vn 0.1391 -0.8259 0.5463
vn 0.1188 -0.7054 0.6988
vn 0.1192 -0.7080 0.6961
vn -0.1062 0.6951 0.7110
vn -0.1058 0.6892 0.7168
vn -0.1238 0.8158 0.5650
vn -0.1243 0.8193 0.5598
vn 0.1542 -0.9142 -0.3747
vn 0.1542 -0.9150 -0.3729
vn -0.1469 0.9892 -0.0000
vn -0.1446 0.9699 -0.1960
vn -0.1447 0.9701 -0.1948
vn 0.1631 -0.9680 -0.1905
vn 0.1632 -0.9682 -0.1895
vn -0.0001 0.0013 1.0000
vn 0.0005 -0.0020 1.0000
vn -0.0301 0.1884 0.9816
vn -0.0310 0.1941 0.9805
vn -0.1370 0.9116 -0.3877
vn -0.1372 0.9129 -0.3844
vn 0.1659 -0.9861 -0.0000
vn 0.1647 -0.9863 -0.0000
vn -0.1237 0.8159 -0.5649
vn -0.1243 0.8194 -0.5596
vn 0.0930 -0.5558 0.8261
vn 0.0935 -0.5588 0.8240
vn -0.1369 0.9116 0.3877
vn -0.1372 0.9129 0.3844
vn -0.1053 0.6893 -0.7168
vn -0.1062 0.6950 -0.7111
vn 0.1629 -0.9681 0.1905
vn 0.1630 -0.9682 0.1895
vn -0.0588 0.3703 0.9270
vn -0.0598 0.3772 0.9242
vn -0.0837 0.5389 -0.8382
vn -0.0849 0.5459 -0.8336
vn -0.0588 0.3703 -0.9270
vn -0.0599 0.3772 -0.9242
vn 0.0639 -0.3825 0.9217
vn 0.0641 -0.3844 0.9209
vn -0.1446 0.9698 0.1962
vn -0.1447 0.9701 0.1950
vn -0.0301 0.1885 -0.9816
vn -0.0310 0.1942 -0.9805
vn 0.1539 -0.9143 0.3748
vn 0.1542 -0.9150 0.3729
vn -0.0838 0.5389 0.8382
vn -0.0848 0.5459 0.8335
vn 0.0005 -0.0020 -1.0000
vn -0.0001 0.0013 -1.0000
vn 0.0005 -0.0021 -1.0000
vn 0.0324 -0.1948 -0.9803
vn 0.0323 -0.1944 -0.9804
vn 0.0324 -0.1948 0.9803
vn 0.0320 -0.1944 0.9804
vn 0.0639 -0.3825 -0.9217
vn 0.0641 -0.3844 -0.9209
vn 0.0935 -0.5557 -0.8261
vn 0.0935 -0.5587 -0.8241
vn -0.0001 0.0012 1.0000
vn 0.7544 0.4927 0.4338
vn 0.7309 0.5608 0.3890
vn 0.7119 0.6200 0.3300
vn 0.6971 0.6687 0.2587
vn 0.6788 0.7287 0.0906
vn 0.6763 0.7367 -0.0000
vn 0.6788 0.7287 -0.0906
vn 0.6859 0.7057 -0.1775
vn 0.7309 0.5608 -0.3890
vn 0.7544 0.4927 -0.4338
vn 0.7820 0.4186 -0.4618
vn 0.3819 -0.0658 -0.9219
vn 0.3819 -0.0657 -0.9219
vn 0.3778 -0.1323 -0.9164
vn 0.9225 -0.0554 -0.3821
vn 0.9224 -0.0554 -0.3821
vn 0.9200 -0.1090 -0.3763
vn 0.9202 -0.1090 -0.3760
vn 0.9237 -0.0125 0.3829
vn 0.9231 -0.0220 0.3838
vn 0.9230 -0.0218 0.3843
vn 0.3825 0.0377 0.9232
vn 0.3855 0.0781 0.9194
vn -0.3819 0.0658 0.9219
vn -0.3780 0.1325 0.9163
vn -0.9225 0.0554 0.3819
vn -0.9226 0.0554 0.3819
vn -0.9200 0.1092 0.3764
vn -0.9238 0.0125 -0.3827
vn -0.9232 0.0220 -0.3838
vn -0.9231 0.0220 -0.3838
vn -0.3825 -0.0377 -0.9232
vn -0.3821 -0.0378 -0.9233
vn -0.3856 -0.0781 -0.9193
vn -0.3856 -0.0781 -0.9194
vn 0.3662 -0.2488 -0.8967
vn 0.9111 -0.1987 -0.3611
vn 0.9220 -0.0323 0.3858
vn 0.9221 -0.0323 0.3855
vn 0.3929 0.1534 0.9067
vn -0.3666 0.2493 0.8964
vn -0.3666 0.2493 0.8963
vn -0.9108 0.1991 0.3616
vn -0.9110 0.1991 0.3612
vn -0.9220 0.0323 -0.3859
vn -0.9219 0.0323 -0.3860
vn -0.3928 -0.1532 -0.9068
vn -0.3929 -0.1532 -0.9068
vn 0.3561 -0.3213 -0.8775
vn 0.9044 -0.2450 -0.3492
vn 0.9045 -0.2450 -0.3491
vn 0.9230 -0.0249 0.3840
vn 0.4013 0.2096 0.8916
vn 0.4009 0.2097 0.8918
vn -0.3562 0.3217 0.8773
vn -0.9044 0.2452 0.3492
vn -0.9044 0.2452 0.3491
vn -0.9231 0.0250 -0.3838
vn -0.9230 0.0250 -0.3839
vn -0.4010 -0.2096 -0.8918
vn 0.3536 -0.3383 -0.8721
vn 0.3537 -0.3383 -0.8720
vn 0.9051 -0.2410 -0.3503
vn 0.9051 -0.2409 -0.3502
vn 0.9264 -0.0026 0.3765
vn 0.9264 -0.0025 0.3765
vn 0.4052 0.2375 0.8828
vn 0.4049 0.2376 0.8830
vn -0.3536 0.3383 0.8721
vn -0.3537 0.3383 0.8720
vn -0.9051 0.2409 0.3503
vn -0.9050 0.2409 0.3506
vn -0.9265 0.0024 -0.3764
vn -0.9262 0.0024 -0.3769
vn -0.4052 -0.2374 -0.8829
vn 0.3570 -0.3097 -0.8813
vn 0.3571 -0.3097 -0.8812
vn 0.9098 -0.1998 -0.3637
vn 0.9100 -0.1997 -0.3634
vn 0.9298 0.0272 0.3672
vn 0.9296 0.0274 0.3675
vn 0.4052 0.2381 0.8827
vn 0.4050 0.2382 0.8827
vn -0.3570 0.3096 0.8813
vn -0.3571 0.3096 0.8813
vn -0.9099 0.1997 0.3636
vn -0.9299 -0.0271 -0.3669
vn -0.9298 -0.0272 -0.3672
vn -0.4053 -0.2381 -0.8826
vn 0.3608 -0.2593 -0.8959
vn 0.3607 -0.2593 -0.8959
vn 0.9137 -0.1449 -0.3796
vn 0.9317 0.0543 0.3590
vn 0.9316 0.0544 0.3593
vn 0.4044 0.2217 0.8873
vn 0.4039 0.2218 0.8875
vn -0.3608 0.2593 0.8959
vn -0.3603 0.2593 0.8961
vn -0.9138 0.1449 0.3796
vn -0.9138 0.1449 0.3795
vn -0.9318 -0.0543 -0.3589
vn -0.4041 -0.2218 -0.8874
vn -0.4040 -0.2218 -0.8875
vn 0.3615 -0.2099 -0.9084
vn 0.3618 -0.2099 -0.9083
vn 0.9149 -0.0964 -0.3920
vn 0.9323 0.0736 0.3542
vn 0.9321 0.0738 0.3547
vn 0.4035 0.2005 0.8928
vn 0.4034 0.2005 0.8928
vn -0.3620 0.2100 0.9082
vn -0.3619 0.2099 0.9082
vn -0.9150 0.0964 0.3918
vn -0.9323 -0.0736 -0.3542
vn -0.9323 -0.0737 -0.3542
vn -0.4034 -0.2005 -0.8928
vn -0.4035 -0.2005 -0.8928
vn 0.3617 -0.1740 -0.9159
vn 0.3614 -0.1740 -0.9160
vn 0.9149 -0.0632 -0.3986
vn 0.9150 -0.0632 -0.3986
vn 0.9321 0.0846 0.3522
vn 0.9321 0.0846 0.3521
vn 0.4037 0.1828 0.8965
vn -0.3615 0.1741 0.9160
vn -0.3614 0.1741 0.9160
vn -0.9148 0.0633 0.3990
vn -0.9150 0.0633 0.3985
vn -0.9321 -0.0845 -0.3521
vn -0.4034 -0.1829 -0.8966
vn -0.4037 -0.1828 -0.8965
vn 0.3613 -0.1562 -0.9193
vn 0.9145 -0.0481 -0.4017
vn 0.9322 0.0883 0.3511
vn 0.4036 0.1730 0.8984
vn -0.3611 0.1563 0.9193
vn -0.9147 0.0480 0.4013
vn -0.9322 -0.0883 -0.3511
vn -0.9320 -0.0883 -0.3514
vn -0.4036 -0.1729 -0.8985
vn 0.3613 -0.1584 -0.9189
vn 0.9146 -0.0512 -0.4011
vn 0.9147 -0.0511 -0.4008
vn 0.9322 0.0861 0.3515
vn 0.4036 0.1729 0.8984
vn -0.3613 0.1584 0.9189
vn -0.9148 0.0511 0.4007
vn -0.9148 0.0511 0.4008
vn -0.9322 -0.0861 -0.3515
vn -0.4036 -0.1729 -0.8984
vn 0.3615 -0.1829 -0.9143
vn 0.9149 -0.0738 -0.3969
vn 0.9149 -0.0739 -0.3970
vn 0.9322 0.0785 0.3532
vn 0.9322 0.0786 0.3532
vn 0.4038 0.1847 0.8960
vn 0.4037 0.1847 0.8960
vn -0.3619 0.1828 0.9141
vn -0.9149 0.0738 0.3968
vn -0.9151 0.0737 0.3965
vn -0.9322 -0.0785 -0.3532
vn -0.4036 -0.1848 -0.8961
vn 0.3613 -0.2313 -0.9033
vn 0.9146 -0.1160 -0.3874
vn 0.9147 -0.1160 -0.3871
vn 0.9321 0.0673 0.3560
vn 0.4037 0.2110 0.8902
vn 0.4036 0.2110 0.8902
vn -0.3612 0.2311 0.9034
vn -0.3613 0.2311 0.9034
vn -0.9148 0.1159 0.3869
vn -0.9147 0.1159 0.3873
vn -0.9323 -0.0672 -0.3555
vn -0.4037 -0.2111 -0.8902
vn 0.3580 -0.3048 -0.8826
vn 0.3583 -0.3047 -0.8825
vn 0.9121 -0.1763 -0.3701
vn 0.9121 -0.1764 -0.3701
vn 0.9316 0.0554 0.3593
vn 0.9316 0.0554 0.3592
vn 0.4055 0.2544 0.8780
vn 0.4059 0.2543 0.8778
vn -0.3586 0.3045 0.8824
vn -0.9121 0.1762 0.3702
vn -0.9318 -0.0552 -0.3588
vn -0.4053 -0.2546 -0.8780
vn 0.3491 -0.4040 -0.8455
vn 0.3492 -0.4039 -0.8455
vn 0.9053 -0.2524 -0.3415
vn 0.9053 -0.2525 -0.3415
vn 0.9310 0.0465 0.3619
vn 0.4114 0.3184 0.8540
vn 0.4113 0.3185 0.8541
vn -0.3494 0.4036 0.8456
vn -0.9053 0.2524 0.3416
vn -0.9311 -0.0466 -0.3619
vn -0.9309 -0.0468 -0.3623
vn -0.4112 -0.3187 -0.8540
vn 0.3313 -0.5259 -0.7834
vn 0.8924 -0.3389 -0.2979
vn 0.9309 0.0466 0.3624
vn 0.9308 0.0467 0.3624
vn 0.4242 0.4044 0.8102
vn 0.4239 0.4046 0.8103
vn -0.3314 0.5256 0.7836
vn -0.3314 0.5255 0.7836
vn -0.8926 0.3387 0.2977
vn -0.9309 -0.0466 -0.3623
vn -0.9309 -0.0467 -0.3624
vn -0.4243 -0.4048 -0.8100
vn 0.3025 -0.6589 -0.6887
vn 0.3025 -0.6589 -0.6888
vn 0.8739 -0.4241 -0.2373
vn 0.8740 -0.4241 -0.2373
vn 0.9336 0.0592 0.3534
vn 0.9336 0.0591 0.3534
vn 0.4463 0.5075 0.7371
vn 0.4465 0.5074 0.7370
vn -0.3025 0.6587 0.6889
vn -0.3025 0.6586 0.6890
vn -0.8742 0.4239 0.2370
vn -0.9336 -0.0592 -0.3534
vn -0.9336 -0.0592 -0.3535
vn -0.4467 -0.5076 -0.7368
vn -0.4462 -0.5078 -0.7369
vn 0.2657 -0.7833 -0.5620
vn 0.8530 -0.4954 -0.1644
vn 0.8530 -0.4953 -0.1644
vn 0.9406 0.0824 0.3294
vn 0.9406 0.0825 0.3294
vn 0.4771 0.6123 0.6305
vn 0.4774 0.6122 0.6304
vn -0.2657 0.7833 0.5620
vn -0.8529 0.4955 0.1644
vn -0.9405 -0.0828 -0.3296
vn -0.9406 -0.0826 -0.3293
vn -0.4771 -0.6124 -0.6303
vn 0.2268 -0.8822 -0.4126
vn 0.2268 -0.8822 -0.4127
vn 0.8331 -0.5461 -0.0878
vn 0.8332 -0.5460 -0.0878
vn 0.9512 0.1097 0.2884
vn 0.9512 0.1096 0.2884
vn 0.5125 0.7012 0.4957
vn 0.5124 0.7012 0.4958
vn -0.2268 0.8822 0.4126
vn -0.2269 0.8822 0.4125
vn -0.8331 0.5461 0.0877
vn -0.8331 0.5461 0.0876
vn -0.9512 -0.1100 -0.2885
vn -0.9511 -0.1100 -0.2885
vn -0.5123 -0.7014 -0.4957
vn -0.5123 -0.7013 -0.4957
vn 0.1917 -0.9488 -0.2510
vn 0.8167 -0.5769 -0.0140
vn 0.8167 -0.5768 -0.0140
vn 0.9637 0.1334 0.2314
vn 0.9637 0.1335 0.2314
vn 0.5459 0.7652 0.3412
vn 0.5459 0.7653 0.3412
vn -0.1913 0.9489 0.2511
vn -0.8169 0.5767 0.0138
vn -0.8169 0.5766 0.0138
vn -0.9637 -0.1335 -0.2313
vn -0.5463 -0.7650 -0.3410
vn -0.5459 -0.7653 -0.3410
vn 0.1623 -0.9836 -0.0791
vn 0.8049 -0.5908 0.0556
vn 0.8049 -0.5908 0.0555
vn 0.9762 0.1483 0.1580
vn 0.9762 0.1484 0.1580
vn 0.5756 0.8003 0.1680
vn 0.5755 0.8003 0.1680
vn -0.1619 0.9836 0.0794
vn -0.1619 0.9836 0.0795
vn -0.8048 0.5909 -0.0556
vn -0.9763 -0.1484 -0.1578
vn -0.9762 -0.1485 -0.1579
vn -0.5756 -0.8004 -0.1675
vn -0.5760 -0.8001 -0.1675
vn 0.1403 -0.9837 0.1123
vn 0.7970 -0.5910 0.1245
vn 0.9868 0.1484 0.0643
vn 0.9868 0.1485 0.0643
vn 0.5984 0.8005 -0.0332
vn -0.1404 0.9838 -0.1115
vn -0.1404 0.9838 -0.1114
vn -0.7970 0.5910 -0.1245
vn -0.7972 0.5908 -0.1245
vn -0.9869 -0.1483 -0.0639
vn -0.9868 -0.1485 -0.0639
vn -0.5985 -0.8004 0.0343
vn 0.1403 -0.9837 0.1124
vn 0.1324 -0.9335 0.3332
vn 0.1323 -0.9335 0.3332
vn 0.7943 -0.5741 0.1987
vn 0.9912 0.1221 -0.0517
vn 0.9912 0.1222 -0.0518
vn 0.5984 0.8005 -0.0333
vn 0.6077 0.7465 -0.2711
vn 0.6076 0.7465 -0.2712
vn -0.1324 0.9339 -0.3322
vn -0.1326 0.9339 -0.3321
vn -0.7944 0.5740 -0.1986
vn -0.7944 0.5741 -0.1986
vn -0.9912 -0.1216 0.0519
vn -0.9912 -0.1221 0.0520
vn -0.5985 -0.8004 0.0344
vn -0.6073 -0.7463 0.2724
vn 0.1478 -0.8115 0.5653
vn 0.1478 -0.8116 0.5653
vn 0.7997 -0.5327 0.2769
vn 0.7996 -0.5328 0.2770
vn 0.9832 0.0576 -0.1731
vn 0.9832 0.0577 -0.1734
vn 0.5907 0.6150 -0.5223
vn 0.5907 0.6150 -0.5224
vn -0.1482 0.8117 -0.5650
vn -0.1477 0.8118 -0.5649
vn -0.7997 0.5328 -0.2768
vn -0.7997 0.5329 -0.2768
vn -0.9832 -0.0578 0.1732
vn -0.6074 -0.7462 0.2725
vn -0.6074 -0.7463 0.2724
vn -0.5909 -0.6149 0.5222
vn 0.1890 -0.6259 0.7566
vn 0.1891 -0.6259 0.7566
vn 0.8145 -0.4656 0.3462
vn 0.9631 -0.0332 -0.2672
vn 0.9631 -0.0332 -0.2670
vn 0.5474 0.4183 -0.7248
vn 0.5476 0.4183 -0.7247
vn -0.1891 0.6252 -0.7572
vn -0.1892 0.6251 -0.7573
vn -0.8144 0.4656 -0.3463
vn -0.8144 0.4657 -0.3463
vn -0.9631 0.0329 0.2670
vn -0.9632 0.0331 0.2668
vn -0.5478 -0.4195 0.7238
vn -0.5477 -0.4195 0.7239
vn 0.2393 -0.4263 0.8724
vn 0.2394 -0.4263 0.8723
vn 0.8355 -0.3834 0.3937
vn 0.8355 -0.3833 0.3937
vn 0.9416 -0.1164 -0.3159
vn 0.9417 -0.1164 -0.3156
vn 0.4962 0.2181 -0.8404
vn 0.4964 0.2181 -0.8403
vn -0.2395 0.4252 -0.8728
vn -0.2398 0.4251 -0.8728
vn -0.8354 0.3833 -0.3939
vn -0.9417 0.1160 0.3157
vn -0.9418 0.1162 0.3155
vn -0.4965 -0.2195 0.8398
vn -0.4967 -0.2194 0.8397
vn 0.2819 -0.2598 0.9236
vn 0.2824 -0.2599 0.9234
vn 0.8570 -0.2986 0.4200
vn 0.8571 -0.2986 0.4197
vn 0.9299 -0.1629 -0.3299
vn 0.9299 -0.1629 -0.3297
vn 0.4579 0.0679 -0.8864
vn 0.4580 0.0679 -0.8864
vn -0.2820 0.2590 -0.9238
vn -0.2820 0.2589 -0.9238
vn -0.8571 0.2986 -0.4199
vn -0.8571 0.2985 -0.4199
vn -0.9298 0.1627 0.3301
vn -0.9299 0.1628 0.3299
vn -0.4581 -0.0688 0.8862
vn -0.4582 -0.0687 0.8862
vn 0.3095 -0.1398 0.9406
vn 0.3097 -0.1399 0.9405
vn 0.8756 -0.2166 0.4317
vn 0.9290 -0.1666 -0.3304
vn 0.9290 -0.1666 -0.3305
vn 0.4380 -0.0192 -0.8988
vn -0.3093 0.1394 -0.9407
vn -0.8757 0.2165 -0.4315
vn -0.9291 0.1667 0.3302
vn -0.9290 0.1666 0.3306
vn -0.4381 0.0189 0.8987
vn -0.4379 0.0188 0.8988
vn 0.3239 -0.0594 0.9442
vn 0.8895 -0.1399 0.4349
vn 0.9340 -0.1384 -0.3293
vn 0.4315 -0.0560 -0.9004
vn 0.4316 -0.0560 -0.9003
vn -0.3237 0.0592 -0.9443
vn -0.8895 0.1398 -0.4351
vn -0.9341 0.1385 0.3292
vn -0.4314 0.0559 0.9004
vn 0.3298 -0.0104 0.9440
vn 0.3301 -0.0104 0.9439
vn 0.8976 -0.0724 0.4349
vn 0.8978 -0.0724 0.4345
vn 0.9396 -0.0920 -0.3297
vn 0.9396 -0.0920 -0.3296
vn 0.4316 -0.0577 -0.9002
vn 0.4315 -0.0577 -0.9002
vn -0.3300 0.0103 -0.9439
vn -0.3299 0.0103 -0.9440
vn -0.8978 0.0723 -0.4345
vn -0.9398 0.0920 0.3292
vn -0.4312 0.0577 0.9004
vn 0.3309 0.0111 0.9436
vn 0.9010 -0.0192 0.4335
vn 0.9009 -0.0192 0.4335
vn 0.9430 -0.0382 -0.3305
vn 0.9432 -0.0381 -0.3300
vn 0.4328 -0.0348 -0.9008
vn -0.3309 -0.0111 -0.9436
vn -0.9009 0.0191 -0.4336
vn -0.9010 0.0191 -0.4333
vn -0.9431 0.0382 0.3302
vn -0.4323 0.0348 0.9010
vn -0.4326 0.0349 0.9009
vn 0.3312 0.0061 0.9435
vn 0.9012 0.0137 0.4332
vn 0.9434 0.0133 -0.3313
vn 0.9434 0.0133 -0.3314
vn 0.4330 0.0052 -0.9014
vn -0.3309 -0.0060 -0.9436
vn -0.3312 -0.0060 -0.9435
vn -0.9012 -0.0137 -0.4332
vn -0.9434 -0.0134 0.3313
vn -0.4331 -0.0051 0.9013
vn -0.4328 -0.0052 0.9015
vn 0.3323 -0.0236 0.9429
vn 0.9010 0.0221 0.4333
vn 0.9423 0.0549 -0.3303
vn 0.4316 0.0556 -0.9003
vn 0.4317 0.0556 -0.9003
vn -0.3318 0.0237 -0.9430
vn -0.9010 -0.0221 -0.4333
vn -0.9423 -0.0549 0.3301
vn -0.4314 -0.0556 0.9005
vn -0.4314 -0.0555 0.9005
vn 0.3343 -0.0706 0.9398
vn 0.9017 0.0093 0.4322
vn 0.9408 0.0837 -0.3284
vn 0.9407 0.0837 -0.3287
vn 0.4292 0.1091 -0.8966
vn -0.3343 0.0706 -0.9398
vn -0.9017 -0.0093 -0.4322
vn -0.9409 -0.0837 0.3283
vn -0.4290 -0.1091 0.8967
vn 0.3371 -0.1233 0.9334
vn 0.9031 -0.0160 0.4291
vn 0.9400 0.1006 -0.3259
vn 0.9399 0.1006 -0.3262
vn 0.4261 0.1583 -0.8907
vn -0.3373 0.1233 -0.9333
vn -0.9031 0.0160 -0.4292
vn -0.9031 0.0160 -0.4291
vn -0.9399 -0.1007 0.3264
vn -0.4262 -0.1584 0.8907
vn -0.4262 -0.1583 0.8907
vn 0.3396 -0.1705 0.9250
vn 0.9044 -0.0446 0.4244
vn 0.9396 0.1074 -0.3251
vn 0.9395 0.1074 -0.3251
vn 0.4244 0.1965 -0.8839
vn -0.3396 0.1705 -0.9250
vn -0.9045 0.0446 -0.4242
vn -0.9396 -0.1074 0.3249
vn -0.9397 -0.1073 0.3248
vn -0.4243 -0.1965 0.8840
vn 0.3410 -0.2024 0.9180
vn 0.3406 -0.2025 0.9182
vn 0.9055 -0.0685 0.4187
vn 0.9396 0.1055 -0.3255
vn 0.4238 0.2177 -0.8792
vn 0.4235 0.2177 -0.8793
vn -0.3406 0.2025 -0.9181
vn -0.3409 0.2024 -0.9180
vn -0.9053 0.0686 -0.4192
vn -0.9397 -0.1055 0.3255
vn -0.4235 -0.2177 0.8793
vn -0.4232 -0.2178 0.8795
vn 0.3413 -0.2122 0.9157
vn 0.9058 -0.0817 0.4158
vn 0.9398 0.0967 -0.3278
vn 0.4235 0.2183 -0.8792
vn -0.3409 0.2122 -0.9158
vn -0.9056 0.0818 -0.4162
vn -0.9056 0.0817 -0.4162
vn -0.9398 -0.0966 0.3276
vn -0.9398 -0.0966 0.3277
vn -0.4236 -0.2183 0.8792
vn 0.3406 -0.1996 0.9188
vn 0.9056 -0.0817 0.4161
vn 0.9058 -0.0816 0.4159
vn 0.9399 0.0842 -0.3309
vn 0.4237 0.2006 -0.8833
vn 0.4238 0.2006 -0.8833
vn -0.3406 0.1996 -0.9188
vn -0.9057 0.0816 -0.4159
vn -0.9399 -0.0843 0.3309
vn -0.9401 -0.0842 0.3305
vn -0.4238 -0.2006 0.8832
vn 0.3405 -0.1708 0.9246
vn 0.3401 -0.1708 0.9248
vn 0.9057 -0.0690 0.4183
vn 0.9401 0.0733 -0.3329
vn 0.4240 0.1726 -0.8891
vn 0.4244 0.1726 -0.8889
vn -0.3405 0.1709 -0.9246
vn -0.9057 0.0690 -0.4183
vn -0.9401 -0.0733 0.3329
vn -0.4240 -0.1726 0.8891
vn 0.3401 -0.1319 0.9311
vn 0.9052 -0.0438 0.4228
vn 0.9050 -0.0439 0.4231
vn 0.9402 0.0699 -0.3335
vn 0.4244 0.1427 -0.8941
vn 0.4244 0.1427 -0.8942
vn -0.3398 0.1320 -0.9312
vn -0.3401 0.1319 -0.9311
vn -0.9050 0.0440 -0.4230
vn -0.9403 -0.0699 0.3332
vn -0.9403 -0.0699 0.3330
vn -0.4244 -0.1427 0.8941
vn 0.3384 -0.0866 0.9370
vn 0.9036 -0.0027 0.4283
vn 0.9398 0.0828 -0.3317
vn 0.9398 0.0828 -0.3316
vn 0.4254 0.1197 -0.8971
vn 0.4253 0.1197 -0.8971
vn -0.3381 0.0866 -0.9371
vn -0.9037 0.0028 -0.4281
vn -0.9398 -0.0827 0.3316
vn -0.4255 -0.1197 0.8970
vn -0.4252 -0.1198 0.8971
vn 0.3406 -0.0750 0.9372
vn 0.3401 -0.0734 0.9375
vn 0.9055 -0.0387 0.4225
vn 0.9055 -0.0351 0.4230
vn 0.9436 0.0223 -0.3302
vn 0.9437 0.0187 -0.3302
vn 0.4331 0.0686 -0.8987
vn 0.4340 0.0624 -0.8987
vn -0.3402 0.0744 -0.9374
vn -0.3407 0.0762 -0.9371
vn -0.9055 0.0404 -0.4224
vn -0.9055 0.0447 -0.4219
vn -0.9438 -0.0132 0.3303
vn -0.9437 -0.0172 0.3303
vn -0.4342 -0.0616 0.8987
vn -0.4332 -0.0680 0.8987
vn 0.3293 -0.0047 0.9442
vn 0.3313 -0.0151 0.9434
vn 0.8952 0.0920 0.4361
vn 0.8966 0.0810 0.4353
vn 0.9365 0.1268 -0.3270
vn 0.9354 0.1355 -0.3267
vn 0.4300 0.0926 -0.8981
vn 0.4283 0.1030 -0.8978
vn -0.3316 0.0167 -0.9433
vn -0.3296 0.0058 -0.9441
vn -0.8977 -0.0730 -0.4345
vn -0.8961 -0.0852 -0.4356
vn -0.9363 -0.1285 0.3268
vn -0.9374 -0.1192 0.3272
vn -0.4285 -0.1020 0.8978
vn -0.4302 -0.0914 0.8981
vn 0.2897 0.1187 0.9497
vn 0.2897 0.1189 0.9497
vn 0.7965 0.4027 0.4510
vn 0.7963 0.4031 0.4510
vn 0.8368 0.4508 -0.3107
vn 0.8370 0.4504 -0.3107
vn 0.3882 0.2343 -0.8913
vn 0.3883 0.2336 -0.8914
vn -0.3295 0.0057 -0.9441
vn -0.2901 -0.1180 -0.9497
vn -0.2903 -0.1178 -0.9497
vn -0.8000 -0.3963 -0.4505
vn -0.7998 -0.3966 -0.4505
vn -0.8408 -0.4434 0.3106
vn -0.8409 -0.4433 0.3106
vn -0.3891 -0.2327 0.8913
vn -0.3894 -0.2325 0.8913
vn 0.2896 0.1189 0.9497
vn 0.1166 0.2667 0.9567
vn 0.1328 0.2568 0.9573
vn 0.7965 0.4028 0.4510
vn 0.5477 0.7031 0.4535
vn 0.5693 0.6852 0.4543
vn 0.6336 0.7167 -0.2914
vn 0.6461 0.7050 -0.2926
vn 0.3834 0.3241 -0.8649
vn 0.3833 0.3240 -0.8649
vn -0.1226 -0.2587 -0.9582
vn -0.0937 -0.2754 -0.9568
vn -0.6362 -0.6297 -0.4457
vn -0.5998 -0.6680 -0.4405
vn -0.7495 -0.6012 0.2772
vn -0.7466 -0.6066 0.2731
vn -0.4391 -0.2940 0.8490
vn -0.4362 -0.2939 0.8505
vn -0.0198 0.3456 0.9382
vn 0.3669 0.8221 0.4354
vn 0.6460 0.7050 -0.2926
vn 0.5013 0.8206 -0.2745
vn 0.4068 0.3548 -0.8418
vn 0.0571 -0.3569 -0.9324
vn -0.5989 -0.6674 -0.4426
vn -0.6361 -0.6298 -0.4457
vn -0.4845 -0.7635 -0.4270
vn -0.7295 -0.6370 0.2490
vn -0.5124 -0.2950 0.8065
vn -1.0000 -0.0001 -0.0000
vn -1.0000 0.0001 -0.0000
vn 1.0000 0.0002 -0.0000
vn 0.0162 0.3031 0.9528
vn 0.0524 0.8877 0.4575
vn 0.0566 0.9542 -0.2937
vn 0.0566 0.9542 -0.2938
vn 0.0249 0.4693 -0.8827
vn 0.0249 0.4692 -0.8827
vn -0.0140 -0.3031 -0.9529
vn -0.0345 -0.8884 -0.4578
vn -0.0363 -0.9551 0.2939
vn -0.0203 -0.4692 0.8828
vn -0.0203 -0.4693 0.8828
vt 0.036769 0.368060
vt 0.175534 0.379662
vt 0.176912 0.379471
vt 0.178154 0.378687
vt 0.179140 0.377387
vt 0.179774 0.375697
vt 0.179992 0.373783
vt 0.179992 0.178689
vt 0.179774 0.176739
vt 0.179140 0.174943
vt 0.178154 0.173477
vt 0.176912 0.172485
vt 0.175534 0.172064
vt 0.036769 0.160462
vt 0.035392 0.160653
vt 0.034149 0.161437
vt 0.033163 0.162738
vt 0.032530 0.164427
vt 0.032312 0.166341
vt 0.032312 0.361436
vt 0.032530 0.363386
vt 0.033163 0.365181
vt 0.034149 0.366647
vt 0.035392 0.367639
vt 0.864652 0.685247
vt 0.864652 0.515451
vt 0.857753 0.515449
vt 0.857753 0.685245
vt 0.404330 0.261234
vt 0.404330 0.072970
vt 0.398438 0.072554
vt 0.398438 0.260818
vt 0.764030 0.193240
vt 0.769958 0.051248
vt 0.580608 0.051248
vt 0.574679 0.193240
vt 0.551270 0.256345
vt 0.551270 0.086160
vt 0.544353 0.086160
vt 0.544353 0.256345
vt 0.432744 0.067793
vt 0.432551 0.069603
vt 0.434059 0.069649
vt 0.434329 0.067792
vt 0.435803 0.069672
vt 0.435943 0.067872
vt 0.437617 0.069668
vt 0.437453 0.067864
vt 0.433303 0.066143
vt 0.434812 0.066264
vt 0.436128 0.066551
vt 0.437228 0.066549
vt 0.439319 0.069640
vt 0.440745 0.069589
vt 0.440537 0.067779
vt 0.439040 0.067773
vt 0.439933 0.066131
vt 0.438511 0.066261
vt 0.540218 0.084489
vt 0.539946 0.086167
vt 0.541154 0.086163
vt 0.541224 0.084482
vt 0.437723 0.065154
vt 0.436657 0.065743
vt 0.542671 0.086160
vt 0.544352 0.084471
vt 0.542626 0.084417
vt 0.544349 0.082950
vt 0.542679 0.083025
vt 0.544344 0.081744
vt 0.542671 0.082022
vt 0.541469 0.083273
vt 0.435534 0.065154
vt 0.544352 0.258035
vt 0.542671 0.256346
vt 0.542616 0.258081
vt 0.541154 0.256348
vt 0.541226 0.258027
vt 0.539946 0.256352
vt 0.540221 0.258035
vt 0.544349 0.259561
vt 0.542675 0.259491
vt 0.541469 0.259244
vt 0.768057 0.197518
vt 0.768670 0.196326
vt 0.767511 0.195601
vt 0.767213 0.196986
vt 0.765916 0.193434
vt 0.763981 0.194844
vt 0.765917 0.195119
vt 0.763959 0.196677
vt 0.765835 0.196813
vt 0.763966 0.198563
vt 0.765846 0.198383
vt 0.767637 0.193996
vt 0.767217 0.198130
vt 0.764000 0.200314
vt 0.764058 0.201761
vt 0.765943 0.201538
vt 0.765945 0.200017
vt 0.767661 0.200890
vt 0.767521 0.199447
vt 0.542675 0.260502
vt 0.544344 0.260776
vt 0.768673 0.198603
vt 0.434059 0.251425
vt 0.432551 0.251379
vt 0.432744 0.253170
vt 0.434322 0.253274
vt 0.433303 0.254765
vt 0.434806 0.254732
vt 0.856021 0.689403
vt 0.857687 0.689675
vt 0.857723 0.688459
vt 0.856046 0.688389
vt 0.435803 0.251448
vt 0.435948 0.253228
vt 0.436128 0.254491
vt 0.435536 0.255769
vt 0.436657 0.255247
vt 0.857745 0.686933
vt 0.856070 0.685247
vt 0.856006 0.686980
vt 0.854536 0.685252
vt 0.854602 0.686929
vt 0.853301 0.685261
vt 0.853574 0.686940
vt 0.854831 0.688145
vt 0.437724 0.255769
vt 0.438504 0.254728
vt 0.437228 0.254489
vt 0.440537 0.253156
vt 0.440745 0.251365
vt 0.439319 0.251416
vt 0.439033 0.253256
vt 0.437617 0.251445
vt 0.437458 0.253221
vt 0.439933 0.254754
vt 0.856069 0.515451
vt 0.857745 0.513765
vt 0.856016 0.513713
vt 0.857722 0.512252
vt 0.856050 0.512327
vt 0.857687 0.511053
vt 0.856017 0.511330
vt 0.854536 0.515456
vt 0.854599 0.513780
vt 0.854831 0.512576
vt 0.570656 0.197518
vt 0.570116 0.198603
vt 0.571199 0.199440
vt 0.571445 0.198130
vt 0.572842 0.201538
vt 0.574708 0.201761
vt 0.574649 0.200314
vt 0.572733 0.200010
vt 0.574615 0.198563
vt 0.572765 0.198389
vt 0.574609 0.196677
vt 0.572755 0.196818
vt 0.571178 0.200890
vt 0.571441 0.196986
vt 0.574631 0.194844
vt 0.572814 0.193434
vt 0.572706 0.195111
vt 0.571155 0.193996
vt 0.571190 0.195594
vt 0.853570 0.513792
vt 0.853301 0.515465
vt 0.570112 0.196328
vt 0.172375 0.090664
vt 0.170733 0.090665
vt 0.170733 0.097390
vt 0.172375 0.097389
vt 0.173854 0.090661
vt 0.173854 0.097386
vt 0.175026 0.090657
vt 0.175026 0.097382
vt 0.002311 0.370298
vt 0.001717 0.372051
vt 0.007464 0.372295
vt 0.008058 0.370541
vt 0.002516 0.368377
vt 0.008263 0.368620
vt 0.404518 0.263079
vt 0.398626 0.262663
vt 0.405064 0.264705
vt 0.399172 0.264288
vt 0.864621 0.512253
vt 0.864586 0.511055
vt 0.864644 0.513767
vt 0.019165 0.178116
vt 0.018977 0.180000
vt 0.024869 0.180416
vt 0.025057 0.178533
vt 0.019711 0.176379
vt 0.025603 0.176795
vt 0.002157 0.090661
vt 0.000977 0.090657
vt 0.000977 0.097382
vt 0.002156 0.097386
vt 0.003641 0.090664
vt 0.003641 0.097389
vt 0.005284 0.090665
vt 0.005284 0.097390
vt 0.002311 0.173470
vt 0.002516 0.175371
vt 0.008263 0.175615
vt 0.008058 0.173714
vt 0.001717 0.171776
vt 0.007464 0.172019
vt 0.002164 0.150271
vt 0.000978 0.150237
vt 0.000977 0.156960
vt 0.002162 0.156995
vt 0.003651 0.150293
vt 0.003650 0.157017
vt 0.005296 0.150301
vt 0.005294 0.157025
vt 0.771844 0.051442
vt 0.773566 0.052004
vt 0.578743 0.051442
vt 0.577084 0.052004
vt 0.427138 0.069374
vt 0.427138 0.251150
vt 0.565047 0.069636
vt 0.566015 0.068436
vt 0.565365 0.066712
vt 0.564406 0.067934
vt 0.864644 0.686934
vt 0.420093 0.059430
vt 0.419181 0.058098
vt 0.417767 0.058337
vt 0.418696 0.059666
vt 0.864621 0.688460
vt 0.564406 0.262571
vt 0.565364 0.263872
vt 0.566015 0.262202
vt 0.565047 0.260922
vt 0.864586 0.689677
vt 0.783143 0.206974
vt 0.784516 0.206040
vt 0.782827 0.205407
vt 0.781475 0.206349
vt 0.427331 0.252941
vt 0.427891 0.254536
vt 0.415574 0.252823
vt 0.414604 0.253998
vt 0.414828 0.255889
vt 0.415795 0.254690
vt 0.585061 0.206349
vt 0.583867 0.205407
vt 0.582072 0.206040
vt 0.583289 0.206974
vt 0.551269 0.258035
vt 0.564352 0.065323
vt 0.563406 0.066562
vt 0.551266 0.259562
vt 0.773936 0.347524
vt 0.775190 0.348412
vt 0.786792 0.209646
vt 0.785390 0.210534
vt 0.551262 0.260776
vt 0.572908 0.351709
vt 0.571556 0.352651
vt 0.573470 0.352870
vt 0.574797 0.351925
vt 0.399172 0.068933
vt 0.398626 0.070670
vt 0.404518 0.071087
vt 0.405064 0.069350
vt 0.566239 0.260330
vt 0.565268 0.259074
vt 0.784428 0.207948
vt 0.785818 0.207027
vt 0.170777 0.157025
vt 0.172417 0.157017
vt 0.172419 0.150293
vt 0.170778 0.150301
vt 0.560750 0.065303
vt 0.561662 0.064048
vt 0.173893 0.156995
vt 0.173895 0.150271
vt 0.415478 0.257613
vt 0.416437 0.256392
vt 0.175060 0.156960
vt 0.175062 0.150237
vt 0.586987 0.206134
vt 0.585818 0.205189
vt 0.025603 0.372151
vt 0.025057 0.370525
vt 0.019165 0.370108
vt 0.019711 0.371734
vt 0.563076 0.064405
vt 0.562146 0.065656
vt 0.024869 0.368680
vt 0.018977 0.368263
vt 0.768566 0.352870
vt 0.767396 0.351925
vt 0.427331 0.067564
vt 0.571240 0.351085
vt 0.569867 0.352018
vt 0.427890 0.065913
vt 0.770516 0.352651
vt 0.769322 0.351709
vt 0.551266 0.082950
vt 0.551262 0.081744
vt 0.785201 0.209174
vt 0.786601 0.208269
vt 0.551269 0.084471
vt 0.415574 0.065252
vt 0.414604 0.063996
vt 0.416491 0.259003
vt 0.417437 0.257764
vt 0.415795 0.063404
vt 0.414828 0.062124
vt 0.580447 0.210534
vt 0.579193 0.209646
vt 0.567591 0.348412
vt 0.568994 0.347524
vt 0.015549 0.368648
vt 0.015549 0.178115
vt 0.012736 0.177996
vt 0.012736 0.368529
vt 0.380293 0.549675
vt 0.380301 0.548051
vt 0.377009 0.548050
vt 0.377002 0.549674
vt 0.380322 0.546583
vt 0.377031 0.546582
vt 0.380356 0.545413
vt 0.377065 0.545412
vt 0.011947 0.174447
vt 0.012534 0.176119
vt 0.015347 0.176238
vt 0.014760 0.174565
vt 0.551156 0.831454
vt 0.551157 0.829831
vt 0.547865 0.829831
vt 0.547864 0.831454
vt 0.551160 0.828367
vt 0.547868 0.828366
vt 0.551164 0.827201
vt 0.547872 0.827201
vt 0.534404 0.618437
vt 0.533865 0.620151
vt 0.536749 0.620355
vt 0.537289 0.618640
vt 0.533679 0.622011
vt 0.536563 0.622215
vt 0.377002 0.713039
vt 0.377009 0.714659
vt 0.380301 0.714660
vt 0.380293 0.713040
vt 0.377031 0.716116
vt 0.380322 0.716117
vt 0.377065 0.717269
vt 0.380356 0.717270
vt 0.537289 0.811495
vt 0.536749 0.809891
vt 0.533865 0.809687
vt 0.534404 0.811291
vt 0.536563 0.808069
vt 0.533679 0.807865
vt 0.012534 0.370426
vt 0.015347 0.370545
vt 0.011947 0.372157
vt 0.014760 0.372276
vt 0.551164 0.999023
vt 0.551160 0.997866
vt 0.547868 0.997866
vt 0.547872 0.999023
vt 0.551157 0.996406
vt 0.547865 0.996406
vt 0.551156 0.994786
vt 0.547864 0.994786
vt 0.580606 0.207027
vt 0.581842 0.207948
vt 0.773520 0.348884
vt 0.774769 0.349790
vt 0.780913 0.205189
vt 0.779586 0.206134
vt 0.563406 0.263859
vt 0.564352 0.265177
vt 0.416491 0.059149
vt 0.417437 0.060467
vt 0.565268 0.071502
vt 0.566239 0.070327
vt 0.579615 0.208269
vt 0.580863 0.209174
vt 0.772541 0.350110
vt 0.773777 0.351032
vt 0.567782 0.349790
vt 0.569182 0.348884
vt 0.562146 0.264660
vt 0.563076 0.265988
vt 0.415478 0.060454
vt 0.416437 0.061755
vt 0.418696 0.258670
vt 0.417767 0.259921
vt 0.419181 0.260278
vt 0.420093 0.259023
vt 0.771094 0.351085
vt 0.772311 0.352018
vt 0.568566 0.351032
vt 0.569956 0.350110
vt 0.560750 0.264896
vt 0.561662 0.266227
vt 0.189671 0.302958
vt 0.189697 0.419162
vt 0.190572 0.426872
vt 0.193149 0.434196
vt 0.197301 0.440765
vt 0.202817 0.446252
vt 0.209422 0.450379
vt 0.216784 0.452942
vt 0.224535 0.453811
vt 0.505232 0.453811
vt 0.505190 0.268309
vt 0.224493 0.268309
vt 0.216743 0.269178
vt 0.209382 0.271741
vt 0.202779 0.275869
vt 0.197265 0.281355
vt 0.193116 0.287925
vt 0.190542 0.295248
vt 0.383269 0.761308
vt 0.494922 0.754933
vt 0.498190 0.510792
vt 0.386536 0.517168
vt 0.908964 0.065294
vt 0.810274 0.063720
vt 0.813085 0.174774
vt 0.911776 0.176349
vt 0.552896 0.802353
vt 0.555330 0.806598
vt 0.556199 0.798846
vt 0.553742 0.794807
vt 0.884078 0.450505
vt 0.883614 0.457458
vt 0.995719 0.457557
vt 0.996183 0.450604
vt 0.884401 0.442518
vt 0.996506 0.442617
vt 0.884567 0.433897
vt 0.996672 0.433996
vt 0.884567 0.425076
vt 0.996672 0.425175
vt 0.884401 0.416497
vt 0.996506 0.416596
vt 0.884078 0.408589
vt 0.996183 0.408688
vt 0.883614 0.401749
vt 0.995719 0.401848
vt 0.916151 0.065348
vt 0.918963 0.176402
vt 0.924256 0.065296
vt 0.927067 0.176350
vt 0.932872 0.065141
vt 0.935683 0.176196
vt 0.941567 0.064892
vt 0.944378 0.175946
vt 0.949905 0.064560
vt 0.952716 0.175615
vt 0.957468 0.064163
vt 0.960280 0.175217
vt 0.963877 0.063720
vt 0.966689 0.174774
vt 0.497601 0.803853
vt 0.498470 0.810160
vt 0.530218 0.808348
vt 0.529349 0.802040
vt 0.496795 0.796342
vt 0.528543 0.794530
vt 0.496094 0.788006
vt 0.527842 0.786193
vt 0.495532 0.779261
vt 0.527280 0.777448
vt 0.495138 0.770546
vt 0.526886 0.768734
vt 0.494931 0.762299
vt 0.526679 0.760487
vt 0.526670 0.753120
vt 0.681628 0.664254
vt 0.682122 0.671026
vt 0.714558 0.669911
vt 0.714063 0.663139
vt 0.681170 0.656348
vt 0.713605 0.655233
vt 0.680771 0.647706
vt 0.713206 0.646590
vt 0.680451 0.638759
vt 0.712886 0.637644
vt 0.680227 0.629958
vt 0.712662 0.628843
vt 0.680109 0.621744
vt 0.712544 0.620629
vt 0.680104 0.614528
vt 0.712539 0.613412
vt 0.714558 0.356358
vt 0.682122 0.357473
vt 0.680264 0.594191
vt 0.712699 0.593076
vt 0.570694 0.951072
vt 0.559732 0.951847
vt 0.560044 0.959963
vt 0.571006 0.959188
vt 0.399411 0.827873
vt 0.397668 0.832812
vt 0.405377 0.833685
vt 0.406916 0.828723
vt 0.546384 0.476867
vt 0.548641 0.472252
vt 0.543156 0.466736
vt 0.541044 0.471497
vt 0.534650 0.825363
vt 0.536587 0.830233
vt 0.543156 0.826083
vt 0.541044 0.821322
vt 0.374037 0.802356
vt 0.371603 0.806600
vt 0.374165 0.813963
vt 0.376532 0.809524
vt 0.376532 0.483300
vt 0.374165 0.478860
vt 0.371603 0.486223
vt 0.374037 0.490468
vt 0.392283 0.825365
vt 0.390346 0.830235
vt 0.399411 0.464950
vt 0.397668 0.460011
vt 0.390346 0.462588
vt 0.392283 0.467458
vt 0.550402 0.483297
vt 0.552768 0.478858
vt 0.548641 0.820567
vt 0.546384 0.815952
vt 0.373192 0.794809
vt 0.370735 0.798848
vt 0.370735 0.493976
vt 0.373192 0.498015
vt 0.527522 0.464948
vt 0.529265 0.460009
vt 0.521557 0.459136
vt 0.520018 0.464098
vt 0.385889 0.821324
vt 0.383778 0.826085
vt 0.383778 0.466738
vt 0.385889 0.471499
vt 0.552896 0.490466
vt 0.555330 0.486221
vt 0.552768 0.813961
vt 0.550402 0.809522
vt 0.370735 0.774728
vt 0.373192 0.774728
vt 0.520018 0.828722
vt 0.521557 0.833684
vt 0.529265 0.832810
vt 0.527522 0.827871
vt 0.534650 0.467457
vt 0.536587 0.462586
vt 0.380549 0.815954
vt 0.378293 0.820569
vt 0.378293 0.472255
vt 0.380549 0.476869
vt 0.553742 0.498012
vt 0.556199 0.493973
vt 0.556199 0.774726
vt 0.553742 0.774726
vt 0.406916 0.464100
vt 0.405377 0.459138
vt 0.846640 0.649145
vt 0.749775 0.652430
vt 0.750082 0.661131
vt 0.846947 0.657845
vt 0.904001 0.391006
vt 0.893049 0.391578
vt 0.893855 0.398248
vt 0.904808 0.397676
vt 0.999023 0.601400
vt 0.998973 0.593557
vt 0.967581 0.594358
vt 0.967632 0.602202
vt 0.570588 0.943821
vt 0.559626 0.944596
vt 0.718060 0.670636
vt 0.718502 0.678325
vt 0.750908 0.677226
vt 0.750466 0.669537
vt 0.998824 0.585219
vt 0.967432 0.586020
vt 0.718980 0.396866
vt 0.717043 0.629961
vt 0.749448 0.628862
vt 0.751386 0.395766
vt 0.717676 0.662230
vt 0.998582 0.576804
vt 0.967191 0.577605
vt 0.717369 0.653529
vt 0.998261 0.568735
vt 0.966870 0.569536
vt 0.904808 0.250352
vt 0.893855 0.250924
vt 0.890990 0.343720
vt 0.901942 0.343148
vt 0.717155 0.644969
vt 0.749561 0.643870
vt 0.997877 0.561415
vt 0.966485 0.562217
vt 0.730194 0.379575
vt 0.719121 0.379950
vt 0.730054 0.396490
vt 0.717044 0.636979
vt 0.749450 0.635880
vt 0.997448 0.555213
vt 0.966056 0.556014
vt 0.718980 0.684912
vt 0.751386 0.683813
vt 0.559626 0.926934
vt 0.591706 0.924667
vt 0.591706 0.681291
vt 0.559626 0.683559
vt 0.890893 0.350551
vt 0.901845 0.349979
vt 0.573869 0.991943
vt 0.562908 0.992718
vt 0.563847 0.998916
vt 0.574809 0.998141
vt 0.890988 0.358386
vt 0.901940 0.357813
vt 0.572977 0.984561
vt 0.562015 0.985335
vt 0.891269 0.366832
vt 0.902221 0.366259
vt 0.572177 0.976363
vt 0.561215 0.977138
vt 0.891723 0.375466
vt 0.902675 0.374893
vt 0.571509 0.967762
vt 0.560547 0.968537
vt 0.892326 0.383855
vt 0.903278 0.383282
vt 0.570588 0.934008
vt 0.570588 0.926159
vt 0.529305 0.268309
vt 0.529347 0.453811
vt 0.537097 0.452942
vt 0.544458 0.450379
vt 0.551062 0.446252
vt 0.556575 0.440765
vt 0.560724 0.434196
vt 0.563298 0.426872
vt 0.564169 0.419162
vt 0.564143 0.302958
vt 0.563268 0.295248
vt 0.560691 0.287925
vt 0.556539 0.281355
vt 0.551023 0.275869
vt 0.544418 0.271741
vt 0.537056 0.269178
vt 0.371065 0.875055
vt 0.371274 0.877548
vt 0.525599 0.877548
vt 0.525390 0.875055
vt 0.498470 0.489818
vt 0.529938 0.508980
vt 0.530218 0.488006
vt 0.566193 0.598113
vt 0.566033 0.618449
vt 0.837852 0.688393
vt 0.724750 0.688394
vt 0.717246 0.689245
vt 0.710118 0.691753
vt 0.703723 0.695794
vt 0.698384 0.701164
vt 0.694366 0.707594
vt 0.691872 0.714763
vt 0.691026 0.722309
vt 0.691026 0.999023
vt 0.871576 0.999021
vt 0.871576 0.722307
vt 0.870730 0.714760
vt 0.868236 0.707592
vt 0.864218 0.701162
vt 0.858878 0.695792
vt 0.852484 0.691751
vt 0.845356 0.689243
vt 0.873597 0.588416
vt 0.873356 0.580001
vt 0.846426 0.640585
vt 0.873035 0.571932
vt 0.846316 0.632595
vt 0.872650 0.564612
vt 0.846314 0.625576
vt 0.687598 0.674513
vt 0.687598 0.917888
vt 0.872221 0.558410
vt 0.847774 0.673941
vt 0.848252 0.680528
vt 0.872221 0.707064
vt 0.966056 0.704669
vt 0.967580 0.609157
vt 0.873745 0.611553
vt 0.873797 0.604598
vt 0.847331 0.666251
vt 0.535755 0.999023
vt 0.527432 0.899472
vt 0.373107 0.899472
vt 0.381430 0.999023
vt 0.873746 0.596754
vt 0.848252 0.392482
vt 0.000977 0.134541
vt 0.000977 0.145636
vt 0.182548 0.145636
vt 0.182548 0.134541
vt 0.181697 0.127037
vt 0.179189 0.119909
vt 0.175149 0.113515
vt 0.169779 0.108175
vt 0.163348 0.104157
vt 0.156180 0.101663
vt 0.148633 0.100818
vt 0.034892 0.100818
vt 0.027345 0.101663
vt 0.020177 0.104157
vt 0.013746 0.108175
vt 0.008376 0.113515
vt 0.004336 0.119909
vt 0.001827 0.127037
vt 0.540547 0.999020
vt 0.543012 0.998917
vt 0.543012 0.838882
vt 0.540547 0.838985
vt 0.171961 0.168324
vt 0.174429 0.168219
vt 0.174429 0.160565
vt 0.171961 0.160670
vt 0.171282 0.160798
vt 0.170707 0.161107
vt 0.170323 0.161549
vt 0.170188 0.162056
vt 0.170188 0.167087
vt 0.170323 0.167583
vt 0.170707 0.167992
vt 0.171282 0.168252
vt 0.255713 0.040770
vt 0.258117 0.040600
vt 0.258117 0.032741
vt 0.255713 0.032911
vt 0.255052 0.033060
vt 0.254492 0.033392
vt 0.254118 0.033855
vt 0.253986 0.034380
vt 0.253986 0.039545
vt 0.254118 0.040051
vt 0.254492 0.040462
vt 0.255052 0.040714
vt 0.371104 0.874354
vt 0.525428 0.874354
vt 0.371327 0.873727
vt 0.525652 0.873727
vt 0.484041 0.074090
vt 0.483542 0.074088
vt 0.483542 0.258175
vt 0.484041 0.258176
vt 0.484631 0.074090
vt 0.484631 0.258177
vt 0.491134 0.074090
vt 0.490544 0.074090
vt 0.490544 0.258177
vt 0.491134 0.258176
vt 0.491635 0.074089
vt 0.491635 0.258175
vt 0.539862 0.838925
vt 0.539263 0.838696
vt 0.539263 0.998731
vt 0.539862 0.998960
vt 0.394470 0.034203
vt 0.389536 0.032655
vt 0.389536 0.149493
vt 0.394470 0.147945
vt 0.386817 0.496193
vt 0.568052 0.361395
vt 0.566038 0.625666
vt 0.566156 0.633880
vt 0.566380 0.642681
vt 0.566700 0.651627
vt 0.567099 0.660270
vt 0.567557 0.668175
vt 0.568052 0.674948
vt 0.383278 0.768674
vt 0.383485 0.776922
vt 0.383879 0.785636
vt 0.384441 0.794381
vt 0.385142 0.802717
vt 0.385947 0.810228
vt 0.386817 0.816535
vt 0.963078 0.032142
vt 0.956669 0.032585
vt 0.949106 0.032983
vt 0.940767 0.033314
vt 0.932072 0.033564
vt 0.923457 0.033718
vt 0.915352 0.033770
vt 0.908165 0.033717
vt 0.851737 0.401721
vt 0.852202 0.408561
vt 0.852525 0.416468
vt 0.852691 0.425048
vt 0.852691 0.433869
vt 0.852525 0.442489
vt 0.852202 0.450477
vt 0.851737 0.457430
vt 0.809475 0.032142
vt 0.987831 0.551946
vt 0.875726 0.551847
vt 0.998972 0.608356
vt 0.151103 0.056889
vt 0.151103 0.087151
vt 0.155962 0.086928
vt 0.155962 0.056666
vt 0.164368 0.064585
vt 0.164369 0.035048
vt 0.159390 0.034874
vt 0.159390 0.064410
vt 0.358235 0.460981
vt 0.283919 0.464445
vt 0.286148 0.984074
vt 0.360464 0.980609
vt 0.008941 0.999023
vt 0.085920 0.999006
vt 0.085920 0.383849
vt 0.008941 0.383867
vt 0.269818 0.459188
vt 0.197273 0.464316
vt 0.197273 0.999023
vt 0.269818 0.993895
vt 0.197884 0.245195
vt 0.262976 0.247913
vt 0.262976 0.175067
vt 0.197884 0.172349
vt 0.103644 0.994927
vt 0.103643 0.992568
vt 0.101299 0.992569
vt 0.101207 0.995003
vt 0.099115 0.992572
vt 0.099102 0.994967
vt 0.097243 0.992578
vt 0.097462 0.994923
vt 0.103648 0.997131
vt 0.101256 0.997149
vt 0.099332 0.996919
vt 0.097949 0.996732
vt 0.103652 0.999023
vt 0.101322 0.998810
vt 0.099527 0.998319
vt 0.367471 0.989102
vt 0.368601 0.987705
vt 0.367347 0.986499
vt 0.366838 0.987847
vt 0.363206 0.980727
vt 0.360496 0.982865
vt 0.363328 0.983106
vt 0.360572 0.985459
vt 0.363359 0.985641
vt 0.360687 0.988208
vt 0.363405 0.988063
vt 0.365810 0.981325
vt 0.365867 0.983681
vt 0.365663 0.985954
vt 0.365523 0.987937
vt 0.368094 0.982363
vt 0.367872 0.984547
vt 0.361002 0.993436
vt 0.361180 0.995557
vt 0.363897 0.995165
vt 0.363822 0.992931
vt 0.366430 0.994270
vt 0.366265 0.992062
vt 0.368600 0.992933
vt 0.368170 0.990918
vt 0.360834 0.990928
vt 0.363606 0.990457
vt 0.365854 0.989877
vt 0.185422 0.245158
vt 0.183419 0.245244
vt 0.183683 0.247920
vt 0.185791 0.247940
vt 0.184457 0.250438
vt 0.186544 0.250369
vt 0.185687 0.252622
vt 0.187597 0.252285
vt 0.187819 0.245101
vt 0.188159 0.247833
vt 0.188643 0.250059
vt 0.189349 0.251678
vt 0.190441 0.245075
vt 0.190469 0.247740
vt 0.190520 0.249820
vt 0.190573 0.251112
vt 0.182189 0.992568
vt 0.179842 0.992567
vt 0.179844 0.994926
vt 0.182264 0.995022
vt 0.179847 0.997130
vt 0.182227 0.997145
vt 0.179851 0.999022
vt 0.182183 0.998804
vt 0.184379 0.992571
vt 0.184397 0.994979
vt 0.184168 0.996920
vt 0.183981 0.998318
vt 0.186261 0.992577
vt 0.186049 0.994922
vt 0.185560 0.996730
vt 0.190678 0.252846
vt 0.191868 0.251670
vt 0.197656 0.247872
vt 0.195652 0.245124
vt 0.195300 0.247884
vt 0.193111 0.245083
vt 0.192819 0.247802
vt 0.196984 0.250395
vt 0.194655 0.250344
vt 0.192439 0.250044
vt 0.195916 0.252587
vt 0.193762 0.252271
vt 0.006570 0.383858
vt 0.008939 0.381476
vt 0.006492 0.381370
vt 0.008932 0.379227
vt 0.006525 0.379202
vt 0.008921 0.377278
vt 0.006564 0.377494
vt 0.004353 0.383831
vt 0.004333 0.381389
vt 0.004561 0.379410
vt 0.004745 0.377973
vt 0.002446 0.383789
vt 0.002659 0.381415
vt 0.003150 0.379576
vt 0.279801 0.990580
vt 0.278757 0.991897
vt 0.279925 0.993183
vt 0.280389 0.991877
vt 0.284144 0.998883
vt 0.286863 0.999021
vt 0.286686 0.996901
vt 0.283873 0.996642
vt 0.286518 0.994393
vt 0.283757 0.994186
vt 0.286371 0.991673
vt 0.283685 0.991789
vt 0.281604 0.998224
vt 0.281404 0.996003
vt 0.281524 0.993807
vt 0.281636 0.991849
vt 0.008906 0.375760
vt 0.006489 0.376151
vt 0.279494 0.995047
vt 0.286180 0.986330
vt 0.283452 0.984445
vt 0.283380 0.986816
vt 0.280984 0.985280
vt 0.281005 0.987621
vt 0.278917 0.986521
vt 0.279195 0.988677
vt 0.286256 0.988923
vt 0.283510 0.989370
vt 0.281334 0.989884
vt 0.183683 0.169744
vt 0.183419 0.172398
vt 0.185422 0.172313
vt 0.185806 0.169573
vt 0.187819 0.172255
vt 0.188152 0.169564
vt 0.190441 0.172229
vt 0.190460 0.169597
vt 0.184457 0.167291
vt 0.186560 0.167187
vt 0.188645 0.167399
vt 0.190519 0.167593
vt 0.092374 0.383769
vt 0.093815 0.383712
vt 0.093427 0.381282
vt 0.092152 0.381395
vt 0.187602 0.165363
vt 0.189349 0.165864
vt 0.190573 0.166373
vt 0.195652 0.172278
vt 0.197656 0.169697
vt 0.195317 0.169519
vt 0.196984 0.167248
vt 0.194671 0.167163
vt 0.195916 0.165175
vt 0.193767 0.165349
vt 0.193111 0.172237
vt 0.192813 0.169533
vt 0.192441 0.167383
vt 0.191868 0.165856
vt 0.085918 0.381458
vt 0.088287 0.383839
vt 0.088379 0.381372
vt 0.090490 0.383812
vt 0.090501 0.381384
vt 0.085911 0.379210
vt 0.088325 0.379181
vt 0.090266 0.379393
vt 0.091658 0.379556
vt 0.085899 0.377261
vt 0.088252 0.377470
vt 0.090064 0.377953
vt 0.190674 0.164779
vt 0.262747 0.250590
vt 0.262075 0.253113
vt 0.261007 0.255305
vt 0.262747 0.172415
vt 0.262075 0.169966
vt 0.085885 0.375742
vt 0.103643 0.383398
vt 0.101298 0.383399
vt 0.099115 0.383403
vt 0.097243 0.383408
vt 0.365865 0.462735
vt 0.363581 0.461697
vt 0.360978 0.461098
vt 0.272434 0.458776
vt 0.272433 0.993483
vt 0.274795 0.457945
vt 0.274796 0.992652
vt 0.092375 0.998925
vt 0.093816 0.998869
vt 0.090489 0.998969
vt 0.088288 0.998996
vt 0.194581 0.998987
vt 0.194580 0.464279
vt 0.191992 0.998505
vt 0.191993 0.463798
vt 0.189688 0.997611
vt 0.189688 0.462904
vt 0.186261 0.383407
vt 0.184379 0.383401
vt 0.182189 0.383398
vt 0.179842 0.383397
vt 0.281223 0.464817
vt 0.278757 0.465651
vt 0.000977 0.383733
vt 0.000977 0.998890
vt 0.002446 0.998946
vt 0.004354 0.998988
vt 0.006569 0.999015
vt 0.946096 0.908652
vt 0.946096 0.985298
vt 0.952524 0.951028
vt 0.952524 0.911894
vt 0.987508 0.911895
vt 0.994889 0.898482
vt 0.957538 0.898482
vt 0.331352 0.117076
vt 0.329544 0.075532
vt 0.182733 0.075532
vt 0.184491 0.117076
vt 0.089948 0.082211
vt 0.090291 0.077596
vt 0.022325 0.076380
vt 0.019966 0.080958
vt 0.953969 0.874198
vt 0.994697 0.872872
vt 0.995339 0.802877
vt 0.954611 0.804196
vt 0.594301 0.948370
vt 0.593570 0.988347
vt 0.631518 0.991765
vt 0.632297 0.951793
vt 0.667291 0.999021
vt 0.676375 0.991468
vt 0.638069 0.991315
vt 0.635795 0.998895
vt 0.949563 0.873869
vt 0.950224 0.801792
vt 0.597895 0.996098
vt 0.629098 0.998909
vt 0.586538 0.334624
vt 0.587944 0.259590
vt 0.580113 0.256227
vt 0.578587 0.337734
vt 0.938174 0.905323
vt 0.938174 0.988583
vt 0.353019 0.128755
vt 0.367016 0.134683
vt 0.367016 0.045710
vt 0.353019 0.051524
vt 0.091352 0.087227
vt 0.024013 0.086022
vt 0.332300 0.121513
vt 0.183723 0.121513
vt 0.593529 0.943959
vt 0.633237 0.947536
vt 0.341139 0.040592
vt 0.354858 0.034751
vt 0.306847 0.034740
vt 0.307051 0.040584
vt 0.331265 0.126803
vt 0.185200 0.126803
vt 0.595010 0.939079
vt 0.632214 0.942430
vt 0.944469 0.874863
vt 0.945105 0.805508
vt 0.465876 0.240363
vt 0.473282 0.240325
vt 0.473459 0.213226
vt 0.466048 0.213981
vt 0.379792 0.247362
vt 0.395010 0.253438
vt 0.394989 0.160507
vt 0.379774 0.166695
vt 0.948700 0.353374
vt 0.956200 0.352436
vt 0.957341 0.294468
vt 0.949830 0.296006
vt 0.367222 0.155279
vt 0.382144 0.149063
vt 0.183672 0.149063
vt 0.183458 0.155279
vt 0.944267 0.781951
vt 0.964166 0.780372
vt 0.964762 0.721423
vt 0.944846 0.724703
vt 0.971558 0.779754
vt 0.972160 0.720188
vt 0.928507 0.355808
vt 0.929604 0.300094
vt 0.522793 0.242738
vt 0.530390 0.242838
vt 0.530721 0.156683
vt 0.523121 0.157279
vt 0.866645 0.179069
vt 0.800009 0.179084
vt 0.790230 0.189720
vt 0.790230 0.217457
vt 0.876424 0.217437
vt 0.876424 0.189700
vt 0.502344 0.242281
vt 0.502664 0.158854
vt 0.445940 0.240276
vt 0.446098 0.215989
vt 0.957538 0.995469
vt 0.949487 0.998746
vt 0.591500 0.246488
vt 0.599458 0.249846
vt 0.949487 0.895161
vt 0.597680 0.344793
vt 0.589601 0.347892
vt 0.104862 0.034858
vt 0.087572 0.036074
vt 0.107532 0.076387
vt 0.348597 0.116367
vt 0.346841 0.074822
vt 0.995339 0.889694
vt 0.954607 0.890973
vt 0.577861 0.948107
vt 0.577080 0.988079
vt 0.950202 0.890654
vt 0.577080 0.943695
vt 0.349555 0.120803
vt 0.107199 0.081000
vt 0.348529 0.126093
vt 0.945109 0.891655
vt 0.578552 0.938814
vt 0.108610 0.086015
vt 0.354858 0.145636
vt 0.341139 0.139682
vt 0.382170 0.264882
vt 0.367245 0.258778
vt 0.957341 0.369331
vt 0.949828 0.370155
vt 0.523429 0.259520
vt 0.531027 0.259738
vt 0.972160 0.796162
vt 0.964761 0.796674
vt 0.466988 0.256788
vt 0.474397 0.256869
vt 0.944860 0.798219
vt 0.447051 0.256662
vt 0.502979 0.259025
vt 0.929630 0.372552
vt 0.019612 0.034858
vt 0.340976 0.165750
vt 0.334825 0.165750
vt 0.334825 0.255350
vt 0.340976 0.255350
vt 0.273541 0.253100
vt 0.273541 0.255338
vt 0.314566 0.253625
vt 0.314566 0.251387
vt 0.915108 0.192352
vt 0.915108 0.190184
vt 0.907734 0.195323
vt 0.907734 0.197261
vt 0.677341 0.944681
vt 0.637259 0.944521
vt 0.636468 0.949034
vt 0.674823 0.949187
vt 0.268829 0.172673
vt 0.266404 0.170680
vt 0.266404 0.252842
vt 0.268829 0.250646
vt 0.971812 0.266033
vt 0.974297 0.267871
vt 0.974297 0.187645
vt 0.971812 0.189898
vt 0.466083 0.208566
vt 0.473494 0.207811
vt 0.876424 0.223622
vt 0.790230 0.223641
vt 0.446134 0.210573
vt 0.966987 0.187712
vt 0.966987 0.185528
vt 0.924972 0.189041
vt 0.924972 0.191225
vt 0.920572 0.273878
vt 0.920572 0.276115
vt 0.924972 0.274723
vt 0.924972 0.272538
vt 0.907734 0.269385
vt 0.907734 0.271323
vt 0.915108 0.275230
vt 0.915108 0.273061
vt 0.673349 0.939283
vt 0.635795 0.939133
vt 0.307051 0.139674
vt 0.306847 0.145625
vt 0.523425 0.078389
vt 0.523326 0.103987
vt 0.530926 0.103391
vt 0.531027 0.077097
vt 0.502960 0.081997
vt 0.502869 0.105562
vt 0.233376 0.068074
vt 0.184963 0.068074
vt 0.325008 0.068074
vt 0.320095 0.068074
vt 0.502849 0.110817
vt 0.523306 0.109242
vt 0.927853 0.998486
vt 0.927853 0.844279
vt 0.923418 0.843703
vt 0.923418 0.996127
vt 0.530906 0.108646
vt 0.324197 0.250676
vt 0.324197 0.252897
vt 0.331397 0.247964
vt 0.331397 0.245979
vt 0.759468 0.345505
vt 0.763117 0.347892
vt 0.764895 0.252946
vt 0.761159 0.255195
vt 0.932973 0.994350
vt 0.932973 0.842751
vt 0.876424 0.280162
vt 0.790230 0.280181
vt 0.882522 0.998967
vt 0.882522 0.846593
vt 0.875004 0.844754
vt 0.875004 0.895001
vt 0.875004 0.985005
vt 0.875004 0.990104
vt 0.318862 0.252204
vt 0.318862 0.254495
vt 0.920572 0.188384
vt 0.920572 0.190621
vt 0.249264 0.258778
vt 0.183481 0.258778
vt 0.183698 0.264882
vt 0.466406 0.159059
vt 0.473817 0.158303
vt 0.446457 0.161066
vt 0.320449 0.232971
vt 0.325925 0.233162
vt 0.324467 0.191858
vt 0.318991 0.191667
vt 0.314477 0.175262
vt 0.314477 0.183120
vt 0.320799 0.182883
vt 0.320799 0.175025
vt 0.321052 0.242632
vt 0.326527 0.242823
vt 0.325241 0.237603
vt 0.319766 0.237412
vt 0.315664 0.190549
vt 0.310321 0.190526
vt 0.308074 0.195607
vt 0.313417 0.195631
vt 0.326527 0.186806
vt 0.321052 0.186615
vt 0.308918 0.242525
vt 0.314261 0.242548
vt 0.315007 0.238028
vt 0.309664 0.238005
vt 0.310321 0.247934
vt 0.315664 0.247957
vt 0.000977 0.160521
vt 0.000977 0.168304
vt 0.007359 0.168536
vt 0.007359 0.160752
vt 0.314566 0.168112
vt 0.314566 0.165875
vt 0.273541 0.167588
vt 0.273541 0.169825
vt 0.408337 0.262250
vt 0.410605 0.262250
vt 0.410605 0.256064
vt 0.408337 0.256064
vt 0.410605 0.819065
vt 0.408337 0.819065
vt 0.408337 0.825251
vt 0.410605 0.825251
vt 0.966987 0.269025
vt 0.966987 0.271210
vt 0.331397 0.172114
vt 0.331397 0.170130
vt 0.324197 0.165798
vt 0.324197 0.168019
vt 0.318862 0.166937
vt 0.318862 0.164646
vt 0.994889 0.995469
vt 0.987508 0.951029
vt 0.985439 0.971655
vt 0.985439 0.978528
vt 0.956859 0.978527
vt 0.985333 0.914327
vt 0.954691 0.914326
vt 0.954690 0.948604
vt 0.985333 0.948605
vt 0.956859 0.971655
vt 0.961446 0.973168
vt 0.961446 0.977020
vt 0.980845 0.973168
vt 0.980845 0.977020
vt 0.029427 0.370678
vt 0.029415 0.371373
vt 0.029595 0.371367
vt 0.029605 0.370794
vt 0.009635 0.103550
vt 0.009659 0.104196
vt 0.009838 0.104069
vt 0.009819 0.103536
vt 0.009659 0.102853
vt 0.009838 0.102962
vt 0.107517 0.162013
vt 0.107531 0.162676
vt 0.107709 0.162548
vt 0.107698 0.162002
vt 0.107531 0.161310
vt 0.107709 0.161422
vt 0.029427 0.372047
vt 0.029605 0.371922
vt 0.108030 0.379030
vt 0.108054 0.379700
vt 0.108233 0.379580
vt 0.108213 0.379028
vt 0.108054 0.378354
vt 0.108233 0.378471
vt 0.102370 0.161960
vt 0.102512 0.162019
vt 0.102512 0.161494
vt 0.102370 0.161553
vt 0.102084 0.162248
vt 0.102142 0.162391
vt 0.101678 0.162248
vt 0.101619 0.162391
vt 0.101392 0.161960
vt 0.101250 0.162019
vt 0.101392 0.161553
vt 0.101250 0.161494
vt 0.101678 0.161265
vt 0.101619 0.161122
vt 0.102084 0.161265
vt 0.102142 0.161122
vt 0.730946 0.343454
vt 0.730841 0.343767
vt 0.758802 0.344290
vt 0.758707 0.343975
vt 0.283399 0.173814
vt 0.282931 0.173129
vt 0.282931 0.248960
vt 0.283399 0.248548
vt 0.876424 0.378354
vt 0.790230 0.378374
vt 0.800009 0.389005
vt 0.866645 0.388990
vt 0.466981 0.070985
vt 0.474397 0.069512
vt 0.447017 0.075087
vt 0.273984 0.174619
vt 0.273643 0.174296
vt 0.273643 0.249261
vt 0.273984 0.249047
vt 0.351135 0.254103
vt 0.351469 0.254447
vt 0.351469 0.176109
vt 0.351135 0.176327
vt 0.730739 0.254709
vt 0.707705 0.251875
vt 0.705927 0.346821
vt 0.729051 0.344851
vt 0.731715 0.342382
vt 0.757976 0.342874
vt 0.759569 0.257779
vt 0.733308 0.257287
vt 0.732855 0.256716
vt 0.760045 0.257226
vt 0.732581 0.256184
vt 0.760341 0.256704
vt 0.758430 0.343444
vt 0.731241 0.342934
vt 0.732148 0.255353
vt 0.732487 0.255866
vt 0.760448 0.256390
vt 0.760664 0.255876
vt 0.731508 0.254930
vt 0.760924 0.255439
vt 0.759242 0.345253
vt 0.758999 0.344809
vt 0.351984 0.255042
vt 0.351984 0.175785
vt 0.730483 0.344263
vt 0.729828 0.344660
vt 0.608433 0.338450
vt 0.634112 0.338931
vt 0.635645 0.257077
vt 0.609966 0.256596
vt 0.603484 0.344901
vt 0.605262 0.249955
vt 0.602917 0.307404
vt 0.602863 0.310279
vt 0.589423 0.310027
vt 0.605901 0.342480
vt 0.636527 0.343054
vt 0.363782 0.254346
vt 0.364232 0.255060
vt 0.364232 0.176228
vt 0.363782 0.176656
vt 0.607263 0.340148
vt 0.607047 0.340770
vt 0.635417 0.341301
vt 0.635222 0.340672
vt 0.638213 0.253039
vt 0.607587 0.252465
vt 0.608425 0.253664
vt 0.608668 0.254221
vt 0.637038 0.254752
vt 0.637306 0.254205
vt 0.608029 0.253021
vt 0.637736 0.253578
vt 0.636071 0.342498
vt 0.635665 0.341856
vt 0.606784 0.341315
vt 0.606364 0.341941
vt 0.609511 0.256045
vt 0.636121 0.256544
vt 0.609106 0.255407
vt 0.636551 0.255921
vt 0.608860 0.254852
vt 0.636819 0.255376
vt 0.634974 0.340119
vt 0.634568 0.339482
vt 0.607958 0.338983
vt 0.607529 0.339605
vt 0.435674 0.473300
vt 0.425340 0.476838
vt 0.425340 0.489874
vt 0.435674 0.486336
vt 0.267545 0.061850
vt 0.267436 0.058717
vt 0.255174 0.060474
vt 0.255234 0.062203
vt 0.267534 0.064525
vt 0.255228 0.063679
vt 0.241449 0.143763
vt 0.243696 0.144296
vt 0.243696 0.132442
vt 0.242456 0.132147
vt 0.238712 0.142986
vt 0.240945 0.131718
vt 0.235903 0.142084
vt 0.239395 0.131221
vt 0.233450 0.141194
vt 0.238041 0.130729
vt 0.255202 0.142831
vt 0.257434 0.142090
vt 0.252814 0.131621
vt 0.251582 0.132030
vt 0.252459 0.143669
vt 0.250068 0.132493
vt 0.249622 0.144476
vt 0.248503 0.132938
vt 0.247124 0.145130
vt 0.247124 0.133299
vt 0.278564 0.144213
vt 0.280929 0.143689
vt 0.277288 0.132671
vt 0.275983 0.132960
vt 0.275711 0.144779
vt 0.274409 0.133272
vt 0.272805 0.145301
vt 0.272805 0.133560
vt 0.171000 0.079851
vt 0.173448 0.067471
vt 0.170855 0.066390
vt 0.168407 0.078770
vt 0.267222 0.055602
vt 0.255055 0.058755
vt 0.176255 0.067471
vt 0.178848 0.066391
vt 0.180833 0.064394
vt 0.181907 0.061785
vt 0.181907 0.058961
vt 0.180833 0.056352
vt 0.178849 0.054355
vt 0.176256 0.053274
vt 0.173449 0.053273
vt 0.170855 0.054354
vt 0.168871 0.056351
vt 0.167796 0.058960
vt 0.167796 0.061784
vt 0.168870 0.064393
vt 0.367633 0.173358
vt 0.367500 0.173905
vt 0.369071 0.173979
vt 0.368986 0.173421
vt 0.366408 0.172779
vt 0.366075 0.173233
vt 0.365496 0.171773
vt 0.365016 0.172063
vt 0.365036 0.170492
vt 0.364481 0.170575
vt 0.365099 0.169132
vt 0.364554 0.168994
vt 0.365674 0.167899
vt 0.365223 0.167562
vt 0.366675 0.166982
vt 0.366386 0.166496
vt 0.367949 0.166520
vt 0.367866 0.165959
vt 0.369301 0.166583
vt 0.369438 0.166032
vt 0.370527 0.167162
vt 0.370862 0.166705
vt 0.371439 0.168168
vt 0.371922 0.167874
vt 0.371899 0.169449
vt 0.372456 0.169363
vt 0.371836 0.170809
vt 0.372383 0.170943
vt 0.371260 0.172042
vt 0.371714 0.172376
vt 0.370260 0.172959
vt 0.370551 0.173441
vt 0.263107 0.132254
vt 0.260520 0.132927
vt 0.261679 0.145185
vt 0.263107 0.144813
vt 0.267545 0.045386
vt 0.267260 0.042764
vt 0.255221 0.047091
vt 0.255379 0.048539
vt 0.173807 0.079851
vt 0.372456 0.186112
vt 0.370976 0.186649
vt 0.369404 0.186576
vt 0.589477 0.307152
vt 0.114664 0.160727
vt 0.113784 0.160764
vt 0.113784 0.163251
vt 0.114664 0.163215
vt 0.266773 0.132595
vt 0.266535 0.132346
vt 0.266535 0.145636
vt 0.266773 0.145387
vt 0.328948 0.046759
vt 0.329849 0.046684
vt 0.329849 0.044255
vt 0.328948 0.044330
vt 0.114302 0.034222
vt 0.113410 0.034260
vt 0.113410 0.045659
vt 0.114302 0.045621
vt 0.109113 0.045776
vt 0.109982 0.045714
vt 0.109982 0.034010
vt 0.109113 0.034071
vt 0.304916 0.187170
vt 0.311049 0.186737
vt 0.311049 0.175470
vt 0.304916 0.175904
vt 0.269139 0.145387
vt 0.269377 0.145636
vt 0.269377 0.132346
vt 0.269139 0.132595
vt 0.296259 0.145636
vt 0.296259 0.132844
vt 0.293893 0.132844
vt 0.293893 0.145636
vt 0.126318 0.060251
vt 0.126318 0.066499
vt 0.128375 0.066585
vt 0.128375 0.060337
vt 0.159657 0.167297
vt 0.159657 0.160883
vt 0.157654 0.160715
vt 0.157654 0.167130
vt 0.356486 0.160843
vt 0.350189 0.161109
vt 0.350189 0.172081
vt 0.356486 0.171814
vt 0.026202 0.162094
vt 0.020466 0.162027
vt 0.020420 0.170430
vt 0.026144 0.172712
vt 0.411962 0.472446
vt 0.411962 0.489019
vt 0.421121 0.489019
vt 0.421121 0.472446
vt 0.375938 0.142869
vt 0.376024 0.128106
vt 0.370501 0.125559
vt 0.370394 0.143944
vt 0.219790 0.042783
vt 0.219790 0.063793
vt 0.219897 0.064218
vt 0.220190 0.064529
vt 0.220590 0.064643
vt 0.232412 0.064646
vt 0.232812 0.064532
vt 0.233105 0.064221
vt 0.233212 0.063796
vt 0.233212 0.042786
vt 0.233105 0.042361
vt 0.232812 0.042050
vt 0.232412 0.041936
vt 0.220590 0.041933
vt 0.220190 0.042047
vt 0.219897 0.042358
vt 0.284643 0.142190
vt 0.290452 0.144731
vt 0.290466 0.134315
vt 0.284653 0.133948
vt 0.020448 0.161087
vt 0.020414 0.160685
vt 0.019971 0.160785
vt 0.020022 0.161172
vt 0.411283 0.471919
vt 0.411174 0.472320
vt 0.411536 0.472419
vt 0.411537 0.471989
vt 0.411947 0.471998
vt 0.411887 0.471589
vt 0.411495 0.471701
vt 0.020015 0.161948
vt 0.020467 0.161580
vt 0.020036 0.161518
vt 0.376378 0.142880
vt 0.375958 0.143312
vt 0.376380 0.143308
vt 0.375994 0.143805
vt 0.376405 0.143655
vt 0.376036 0.144214
vt 0.376463 0.144045
vt 0.421591 0.471701
vt 0.421200 0.471589
vt 0.421138 0.471998
vt 0.421548 0.471989
vt 0.421549 0.472420
vt 0.421912 0.472320
vt 0.421804 0.471919
vt 0.383168 0.121465
vt 0.382708 0.121455
vt 0.382735 0.121892
vt 0.383175 0.121888
vt 0.382789 0.122394
vt 0.383214 0.122241
vt 0.382856 0.122823
vt 0.383296 0.122650
vt 0.411495 0.489762
vt 0.411887 0.489874
vt 0.411946 0.489467
vt 0.411537 0.489475
vt 0.411536 0.489045
vt 0.411174 0.489143
vt 0.411283 0.489544
vt 0.284656 0.132989
vt 0.284641 0.132559
vt 0.284192 0.132635
vt 0.284224 0.133049
vt 0.421804 0.489544
vt 0.421912 0.489143
vt 0.421549 0.489046
vt 0.421548 0.489476
vt 0.421138 0.489467
vt 0.421200 0.489875
vt 0.421591 0.489762
vt 0.284202 0.133839
vt 0.284660 0.133499
vt 0.284227 0.133408
vt 0.377002 0.122610
vt 0.377013 0.123058
vt 0.377049 0.123562
vt 0.377101 0.123988
vt 0.290436 0.133361
vt 0.290405 0.132923
vt 0.290458 0.133871
vt 0.284192 0.141927
vt 0.383296 0.107430
vt 0.382839 0.107182
vt 0.376463 0.128363
vt 0.019971 0.170194
vt 0.026153 0.161159
vt 0.026102 0.160751
vt 0.026190 0.161651
vt 0.370399 0.144398
vt 0.370418 0.144893
vt 0.370444 0.145298
vt 0.377164 0.104835
vt 0.333132 0.059263
vt 0.333132 0.065812
vt 0.339642 0.065814
vt 0.339642 0.059264
vt 0.377002 0.463793
vt 0.379656 0.464500
vt 0.379656 0.458855
vt 0.377002 0.458999
vt 0.413509 0.468161
vt 0.414476 0.467188
vt 0.413834 0.465332
vt 0.418931 0.465332
vt 0.418166 0.467188
vt 0.419134 0.468161
vt 0.419134 0.462503
vt 0.413509 0.462503
vt 0.414476 0.463477
vt 0.416321 0.463007
vt 0.418070 0.463477
vt 0.416321 0.467956
vt 0.222843 0.032291
vt 0.220245 0.032548
vt 0.220245 0.037445
vt 0.222843 0.038056
vt 0.408337 0.237487
vt 0.408337 0.243044
vt 0.411033 0.242810
vt 0.411033 0.238090
vt 0.364468 0.033380
vt 0.364468 0.038243
vt 0.367084 0.038939
vt 0.367084 0.033214
vt 0.271513 0.161635
vt 0.271709 0.161622
vt 0.271749 0.159535
vt 0.271555 0.159410
vt 0.321680 0.050714
vt 0.321875 0.050575
vt 0.321834 0.048564
vt 0.321637 0.048571
vt 0.321875 0.046586
vt 0.321679 0.046456
vt 0.370840 0.106040
vt 0.371039 0.105903
vt 0.370941 0.103972
vt 0.370737 0.103975
vt 0.371039 0.102179
vt 0.370816 0.102033
vt 0.416321 0.463186
vt 0.417954 0.463593
vt 0.271556 0.163733
vt 0.271749 0.163592
vt 0.290005 0.159686
vt 0.289807 0.159707
vt 0.289813 0.161800
vt 0.290005 0.161911
vt 0.418464 0.465334
vt 0.418105 0.465341
vt 0.417585 0.466603
vt 0.417837 0.466856
vt 0.418771 0.465332
vt 0.418052 0.467073
vt 0.416320 0.467130
vt 0.416320 0.467488
vt 0.416321 0.467794
vt 0.415055 0.466603
vt 0.414804 0.466856
vt 0.414590 0.467073
vt 0.414652 0.465331
vt 0.414297 0.465331
vt 0.413994 0.465332
vt 0.415040 0.464094
vt 0.414800 0.463817
vt 0.414590 0.463591
vt 0.416317 0.463809
vt 0.416319 0.463472
vt 0.417514 0.464094
vt 0.417747 0.463817
vt 0.235246 0.032210
vt 0.235246 0.038760
vt 0.241756 0.038761
vt 0.241756 0.032212
vt 0.377002 0.502144
vt 0.379656 0.502850
vt 0.379656 0.497206
vt 0.377002 0.497349
vt 0.402070 0.065585
vt 0.403038 0.064612
vt 0.402395 0.062756
vt 0.407492 0.062756
vt 0.406728 0.064612
vt 0.407696 0.065585
vt 0.407696 0.059927
vt 0.402070 0.059927
vt 0.403038 0.060901
vt 0.404883 0.060431
vt 0.406632 0.060901
vt 0.404883 0.065380
vt 0.241724 0.159543
vt 0.239126 0.159800
vt 0.239126 0.164697
vt 0.241724 0.165309
vt 0.407757 0.246923
vt 0.407757 0.252481
vt 0.410453 0.252247
vt 0.410453 0.247526
vt 0.329481 0.183051
vt 0.329481 0.178187
vt 0.326865 0.177491
vt 0.326865 0.183217
vt 0.267865 0.162865
vt 0.268061 0.162852
vt 0.268101 0.160765
vt 0.267907 0.160640
vt 0.325307 0.050714
vt 0.325502 0.050575
vt 0.325461 0.048564
vt 0.325263 0.048571
vt 0.325502 0.046585
vt 0.325306 0.046456
vt 0.370840 0.113977
vt 0.371039 0.113839
vt 0.370941 0.111908
vt 0.370737 0.111912
vt 0.371039 0.110115
vt 0.370816 0.109969
vt 0.404882 0.060610
vt 0.406515 0.061017
vt 0.267908 0.164963
vt 0.268101 0.164822
vt 0.126521 0.161201
vt 0.126322 0.161222
vt 0.126328 0.163315
vt 0.126521 0.163426
vt 0.407025 0.062758
vt 0.406667 0.062765
vt 0.406147 0.064027
vt 0.406398 0.064280
vt 0.407332 0.062756
vt 0.406614 0.064497
vt 0.404881 0.064554
vt 0.404882 0.064912
vt 0.404882 0.065218
vt 0.403616 0.064027
vt 0.403365 0.064280
vt 0.403151 0.064497
vt 0.403213 0.062755
vt 0.402859 0.062755
vt 0.402556 0.062756
vt 0.403601 0.061518
vt 0.403361 0.061241
vt 0.403151 0.061015
vt 0.404879 0.061233
vt 0.404881 0.060896
vt 0.406076 0.061517
vt 0.406309 0.061241
vt 0.395803 0.478208
vt 0.395803 0.484757
vt 0.402313 0.484759
vt 0.402313 0.478209
vt 0.408337 0.847985
vt 0.410992 0.848691
vt 0.410992 0.843047
vt 0.408337 0.843190
vt 0.307987 0.136247
vt 0.308954 0.135273
vt 0.308312 0.133418
vt 0.313409 0.133418
vt 0.312644 0.135273
vt 0.313612 0.136247
vt 0.313612 0.130589
vt 0.307987 0.130589
vt 0.308954 0.131562
vt 0.310799 0.131093
vt 0.312548 0.131562
vt 0.310799 0.136042
vt 0.247782 0.032329
vt 0.245183 0.032586
vt 0.245183 0.037483
vt 0.247782 0.038095
vt 0.299687 0.130995
vt 0.299687 0.136553
vt 0.302383 0.136318
vt 0.302383 0.131598
vt 0.379236 0.788345
vt 0.379236 0.783481
vt 0.376619 0.782785
vt 0.376619 0.788511
vt 0.274056 0.037854
vt 0.274252 0.037841
vt 0.274292 0.035754
vt 0.274098 0.035629
vt 0.383128 0.462911
vt 0.383322 0.462771
vt 0.383282 0.460760
vt 0.383084 0.460767
vt 0.383322 0.458782
vt 0.383127 0.458652
vt 0.370840 0.206093
vt 0.371039 0.205956
vt 0.370941 0.204025
vt 0.370737 0.204028
vt 0.371039 0.202231
vt 0.370816 0.202086
vt 0.310799 0.131272
vt 0.312432 0.131678
vt 0.274100 0.039952
vt 0.274292 0.039811
vt 0.170390 0.102240
vt 0.170192 0.102261
vt 0.170198 0.104354
vt 0.170390 0.104465
vt 0.312942 0.133420
vt 0.312583 0.133427
vt 0.312063 0.134689
vt 0.312315 0.134942
vt 0.313249 0.133417
vt 0.312531 0.135159
vt 0.310798 0.135216
vt 0.310798 0.135573
vt 0.310799 0.135879
vt 0.309533 0.134689
vt 0.309282 0.134941
vt 0.309068 0.135158
vt 0.309130 0.133416
vt 0.308775 0.133417
vt 0.308472 0.133417
vt 0.309518 0.132179
vt 0.309278 0.131902
vt 0.309068 0.131676
vt 0.310795 0.131895
vt 0.310797 0.131558
vt 0.311992 0.132179
vt 0.312225 0.131903
vt 0.377002 0.834336
vt 0.377002 0.840885
vt 0.383512 0.840887
vt 0.383512 0.834337
vt 0.376956 0.540763
vt 0.379611 0.541469
vt 0.379611 0.535825
vt 0.376956 0.535969
vt 0.433651 0.468655
vt 0.434619 0.467682
vt 0.433976 0.465826
vt 0.439073 0.465826
vt 0.438309 0.467682
vt 0.439276 0.468655
vt 0.439276 0.462997
vt 0.433651 0.462997
vt 0.434619 0.463971
vt 0.436464 0.463501
vt 0.438212 0.463971
vt 0.436464 0.468450
vt 0.128917 0.032817
vt 0.126318 0.033074
vt 0.126318 0.037971
vt 0.128917 0.038583
vt 0.411033 0.225141
vt 0.411033 0.219584
vt 0.408337 0.219818
vt 0.408337 0.224538
vt 0.377002 0.774476
vt 0.377002 0.779339
vt 0.379618 0.780036
vt 0.379618 0.774310
vt 0.117730 0.035149
vt 0.117926 0.035136
vt 0.117966 0.033049
vt 0.117772 0.032924
vt 0.339366 0.135973
vt 0.339561 0.135833
vt 0.339520 0.133822
vt 0.339322 0.133829
vt 0.339561 0.131844
vt 0.339365 0.131714
vt 0.372227 0.998755
vt 0.372426 0.998617
vt 0.372328 0.996686
vt 0.372123 0.996689
vt 0.372426 0.994893
vt 0.372203 0.994747
vt 0.436463 0.463680
vt 0.438096 0.464087
vt 0.117774 0.037247
vt 0.117966 0.037106
vt 0.300895 0.159163
vt 0.300697 0.159185
vt 0.300703 0.161277
vt 0.300895 0.161388
vt 0.438606 0.465828
vt 0.438247 0.465835
vt 0.437728 0.467097
vt 0.437979 0.467350
vt 0.438913 0.465826
vt 0.438195 0.467567
vt 0.436462 0.467624
vt 0.436462 0.467981
vt 0.436463 0.468288
vt 0.435197 0.467097
vt 0.434946 0.467350
vt 0.434732 0.467566
vt 0.434794 0.465825
vt 0.434440 0.465825
vt 0.434137 0.465826
vt 0.435182 0.464588
vt 0.434942 0.464310
vt 0.434732 0.464085
vt 0.436460 0.464303
vt 0.436462 0.463966
vt 0.437656 0.464587
vt 0.437889 0.464311
vt 0.257927 0.159743
vt 0.257927 0.166292
vt 0.264437 0.166294
vt 0.264437 0.159745
vt 0.383269 0.043433
vt 0.385923 0.044139
vt 0.385923 0.038495
vt 0.383269 0.038639
vt 0.414033 0.825295
vt 0.415000 0.824322
vt 0.414358 0.822466
vt 0.419455 0.822466
vt 0.418690 0.824322
vt 0.419658 0.825295
vt 0.419658 0.819637
vt 0.414033 0.819638
vt 0.415000 0.820611
vt 0.416845 0.820141
vt 0.418594 0.820611
vt 0.416845 0.825090
vt 0.166519 0.161804
vt 0.163921 0.162061
vt 0.163921 0.166959
vt 0.166519 0.167570
vt 0.408337 0.184282
vt 0.408337 0.189840
vt 0.411033 0.189606
vt 0.411033 0.184885
vt 0.383269 0.140838
vt 0.383269 0.145702
vt 0.385885 0.146398
vt 0.385885 0.140672
vt 0.182055 0.161719
vt 0.182250 0.161707
vt 0.182290 0.159619
vt 0.182096 0.159495
vt 0.344448 0.169068
vt 0.344643 0.168929
vt 0.344602 0.166918
vt 0.344404 0.166925
vt 0.344643 0.164939
vt 0.344447 0.164810
vt 0.176301 0.086954
vt 0.176500 0.086816
vt 0.176402 0.084885
vt 0.176198 0.084888
vt 0.176500 0.083092
vt 0.176277 0.082946
vt 0.416845 0.820320
vt 0.418478 0.820727
vt 0.182098 0.163818
vt 0.182290 0.163677
vt 0.293635 0.159686
vt 0.293437 0.159707
vt 0.293443 0.161800
vt 0.293635 0.161911
vt 0.418988 0.822468
vt 0.418629 0.822475
vt 0.418109 0.823737
vt 0.418361 0.823990
vt 0.419295 0.822466
vt 0.418577 0.824207
vt 0.416844 0.824264
vt 0.416844 0.824621
vt 0.416845 0.824928
vt 0.415579 0.823737
vt 0.415328 0.823990
vt 0.415114 0.824206
vt 0.415176 0.822465
vt 0.414821 0.822465
vt 0.414518 0.822466
vt 0.415564 0.821228
vt 0.415324 0.820951
vt 0.415114 0.820725
vt 0.416841 0.820943
vt 0.416843 0.820606
vt 0.418038 0.821227
vt 0.418271 0.820951
vt 0.245393 0.159220
vt 0.245393 0.165769
vt 0.251903 0.165771
vt 0.251903 0.159221
vt 0.333055 0.135031
vt 0.335709 0.135738
vt 0.335709 0.130093
vt 0.333055 0.130237
vt 0.414419 0.845662
vt 0.415387 0.844689
vt 0.414744 0.842833
vt 0.419841 0.842833
vt 0.419077 0.844689
vt 0.420045 0.845662
vt 0.420045 0.840005
vt 0.414419 0.840005
vt 0.415387 0.840978
vt 0.417232 0.840508
vt 0.418981 0.840978
vt 0.417232 0.845457
vt 0.153985 0.160756
vt 0.151386 0.161013
vt 0.151386 0.165911
vt 0.153985 0.166522
vt 0.016167 0.066432
vt 0.016167 0.060874
vt 0.013471 0.061108
vt 0.013471 0.065829
vt 0.382501 0.137238
vt 0.382501 0.132374
vt 0.379885 0.131678
vt 0.379885 0.137404
vt 0.178430 0.161719
vt 0.178626 0.161706
vt 0.178666 0.159619
vt 0.178472 0.159495
vt 0.326909 0.163343
vt 0.327104 0.163203
vt 0.327063 0.161192
vt 0.326865 0.161199
vt 0.327104 0.159214
vt 0.326908 0.159084
vt 0.286126 0.163222
vt 0.286325 0.163085
vt 0.286227 0.161154
vt 0.286023 0.161157
vt 0.286325 0.159361
vt 0.286102 0.159215
vt 0.417231 0.840687
vt 0.418865 0.841094
vt 0.178473 0.163817
vt 0.178666 0.163677
vt 0.282055 0.457495
vt 0.281857 0.457517
vt 0.281863 0.459609
vt 0.282055 0.459720
vt 0.419374 0.842835
vt 0.419016 0.842842
vt 0.418496 0.844104
vt 0.418747 0.844357
vt 0.419681 0.842833
vt 0.418963 0.844574
vt 0.417231 0.844631
vt 0.417231 0.844988
vt 0.417231 0.845295
vt 0.415965 0.844104
vt 0.415715 0.844357
vt 0.415500 0.844574
vt 0.415562 0.842832
vt 0.415208 0.842832
vt 0.414905 0.842833
vt 0.415950 0.841595
vt 0.415710 0.841318
vt 0.415500 0.841092
vt 0.417228 0.841310
vt 0.417230 0.840973
vt 0.418425 0.841595
vt 0.418658 0.841318
vt 0.395803 0.858025
vt 0.395803 0.864574
vt 0.402313 0.864576
vt 0.402313 0.858026
vt 0.376619 0.511725
vt 0.379274 0.512432
vt 0.379274 0.506787
vt 0.376619 0.506931
vt 0.426864 0.038007
vt 0.425896 0.037033
vt 0.424051 0.037680
vt 0.424052 0.032554
vt 0.425896 0.033323
vt 0.426864 0.032349
vt 0.421239 0.032349
vt 0.421239 0.038007
vt 0.422207 0.037033
vt 0.421740 0.035178
vt 0.422207 0.033419
vt 0.426661 0.035178
vt 0.196258 0.268715
vt 0.193660 0.268972
vt 0.193660 0.273870
vt 0.196258 0.274481
vt 0.411033 0.208040
vt 0.411033 0.202483
vt 0.408337 0.202717
vt 0.408337 0.207437
vt 0.377002 0.791945
vt 0.377002 0.796809
vt 0.379618 0.797505
vt 0.379618 0.791779
vt 0.275138 0.161635
vt 0.275334 0.161622
vt 0.275373 0.159535
vt 0.275179 0.159410
vt 0.359958 0.163587
vt 0.360152 0.163448
vt 0.360112 0.161437
vt 0.359914 0.161444
vt 0.360152 0.159458
vt 0.359957 0.159329
vt 0.375899 0.998754
vt 0.376098 0.998617
vt 0.376000 0.996686
vt 0.375796 0.996689
vt 0.376098 0.994892
vt 0.375875 0.994747
vt 0.421917 0.035179
vt 0.422322 0.033536
vt 0.275181 0.163733
vt 0.275373 0.163592
vt 0.278425 0.457495
vt 0.278227 0.457517
vt 0.278233 0.459609
vt 0.278425 0.459720
vt 0.424053 0.033024
vt 0.424060 0.033384
vt 0.425315 0.033907
vt 0.425567 0.033654
vt 0.424051 0.032715
vt 0.425783 0.033437
vt 0.425840 0.035180
vt 0.426195 0.035179
vt 0.426499 0.035179
vt 0.425315 0.036452
vt 0.425567 0.036704
vt 0.425782 0.036920
vt 0.424050 0.036857
vt 0.424050 0.037214
vt 0.424051 0.037518
vt 0.422820 0.036467
vt 0.422544 0.036708
vt 0.422320 0.036919
vt 0.422537 0.035182
vt 0.422202 0.035180
vt 0.422820 0.033979
vt 0.422545 0.033744
vt 0.280565 0.032908
vt 0.280565 0.039457
vt 0.287074 0.039459
vt 0.287074 0.032909
vt 0.377002 0.521408
vt 0.379656 0.522115
vt 0.379656 0.516470
vt 0.377002 0.516614
vt 0.430223 0.468858
vt 0.429255 0.467885
vt 0.427410 0.468531
vt 0.427410 0.463405
vt 0.429255 0.464174
vt 0.430223 0.463200
vt 0.424598 0.463200
vt 0.424598 0.468858
vt 0.425565 0.467884
vt 0.425098 0.466029
vt 0.425565 0.464270
vt 0.430019 0.466029
vt 0.201666 0.454063
vt 0.199068 0.454320
vt 0.199068 0.459217
vt 0.201666 0.459828
vt 0.407757 0.227921
vt 0.407757 0.233478
vt 0.410453 0.233244
vt 0.410453 0.228524
vt 0.376619 0.754913
vt 0.376619 0.759777
vt 0.379236 0.760473
vt 0.379236 0.754747
vt 0.214058 0.162159
vt 0.214254 0.162147
vt 0.214294 0.160059
vt 0.214100 0.159935
vt 0.381934 0.493763
vt 0.382129 0.493623
vt 0.382088 0.491612
vt 0.381891 0.491619
vt 0.382129 0.489634
vt 0.381933 0.489504
vt 0.370840 0.214030
vt 0.371039 0.213893
vt 0.370941 0.211961
vt 0.370737 0.211965
vt 0.371039 0.210168
vt 0.370816 0.210023
vt 0.425276 0.466030
vt 0.425680 0.464387
vt 0.214101 0.164257
vt 0.214294 0.164117
vt 0.201644 0.032239
vt 0.201446 0.032261
vt 0.201452 0.034353
vt 0.201644 0.034464
vt 0.427412 0.463875
vt 0.427419 0.464235
vt 0.428674 0.464758
vt 0.428925 0.464505
vt 0.427410 0.463566
vt 0.429141 0.464288
vt 0.429198 0.466031
vt 0.429553 0.466030
vt 0.429858 0.466030
vt 0.428674 0.467303
vt 0.428925 0.467555
vt 0.429141 0.467771
vt 0.427409 0.467708
vt 0.427409 0.468065
vt 0.427410 0.468369
vt 0.426179 0.467318
vt 0.425903 0.467559
vt 0.425679 0.467770
vt 0.425896 0.466033
vt 0.425561 0.466031
vt 0.426178 0.464830
vt 0.425904 0.464595
vt 0.395763 0.838710
vt 0.395763 0.845260
vt 0.402273 0.845261
vt 0.402273 0.838712
vt 0.377002 0.531092
vt 0.379656 0.531798
vt 0.379656 0.526154
vt 0.377002 0.526297
vt 0.423086 0.825295
vt 0.424054 0.824322
vt 0.423411 0.822466
vt 0.428508 0.822466
vt 0.427744 0.824322
vt 0.428712 0.825295
vt 0.428712 0.819637
vt 0.423086 0.819638
vt 0.424054 0.820611
vt 0.425899 0.820141
vt 0.427648 0.820611
vt 0.425899 0.825090
vt 0.179053 0.104181
vt 0.176455 0.104438
vt 0.176455 0.109335
vt 0.179053 0.109947
vt 0.407757 0.193718
vt 0.407757 0.199276
vt 0.410453 0.199042
vt 0.410453 0.194321
vt 0.377002 0.764694
vt 0.377002 0.769558
vt 0.379618 0.770254
vt 0.379618 0.764528
vt 0.278767 0.161373
vt 0.278963 0.161360
vt 0.279003 0.159273
vt 0.278809 0.159149
vt 0.363584 0.163587
vt 0.363779 0.163448
vt 0.363739 0.161437
vt 0.363541 0.161444
vt 0.363779 0.159459
vt 0.363583 0.159329
vt 0.370840 0.121913
vt 0.371039 0.121775
vt 0.370941 0.119844
vt 0.370737 0.119848
vt 0.371039 0.118051
vt 0.370816 0.117906
vt 0.425898 0.820320
vt 0.427531 0.820727
vt 0.278811 0.163471
vt 0.279003 0.163330
vt 0.120254 0.160677
vt 0.120055 0.160699
vt 0.120061 0.162792
vt 0.120254 0.162902
vt 0.428041 0.822468
vt 0.427683 0.822475
vt 0.427163 0.823737
vt 0.427414 0.823990
vt 0.428348 0.822466
vt 0.427630 0.824207
vt 0.425897 0.824264
vt 0.425898 0.824621
vt 0.425898 0.824928
vt 0.424632 0.823737
vt 0.424381 0.823990
vt 0.424167 0.824206
vt 0.424229 0.822465
vt 0.423875 0.822465
vt 0.423572 0.822466
vt 0.424617 0.821228
vt 0.424377 0.820951
vt 0.424167 0.820725
vt 0.425895 0.820943
vt 0.425897 0.820606
vt 0.427091 0.821227
vt 0.427324 0.820951
vt 0.370696 0.037206
vt 0.370696 0.043755
vt 0.377206 0.043757
vt 0.377206 0.037207
vt 0.377002 0.730632
vt 0.379656 0.731338
vt 0.379656 0.725694
vt 0.377002 0.725837
vt 0.451015 0.849419
vt 0.451982 0.848446
vt 0.451340 0.846591
vt 0.456437 0.846590
vt 0.455672 0.848446
vt 0.456640 0.849419
vt 0.456640 0.843762
vt 0.451015 0.843762
vt 0.451982 0.844735
vt 0.453827 0.844265
vt 0.455576 0.844735
vt 0.453827 0.849214
vt 0.229190 0.159020
vt 0.226592 0.159277
vt 0.226592 0.164174
vt 0.229190 0.164785
vt 0.367660 0.224962
vt 0.367660 0.230520
vt 0.370355 0.230286
vt 0.370355 0.225565
vt 0.207710 0.459939
vt 0.207710 0.455076
vt 0.205094 0.454380
vt 0.205094 0.460106
vt 0.207791 0.161897
vt 0.207987 0.161885
vt 0.208026 0.159797
vt 0.207832 0.159673
vt 0.282436 0.163474
vt 0.282630 0.163334
vt 0.282590 0.161323
vt 0.282392 0.161330
vt 0.282630 0.159344
vt 0.282435 0.159215
vt 0.370840 0.221968
vt 0.371039 0.221830
vt 0.370941 0.219899
vt 0.370736 0.219903
vt 0.371039 0.218106
vt 0.370816 0.217960
vt 0.453827 0.844444
vt 0.455460 0.844851
vt 0.207834 0.163996
vt 0.208026 0.163855
vt 0.297265 0.159162
vt 0.297067 0.159184
vt 0.297073 0.161277
vt 0.297265 0.161387
vt 0.455970 0.846592
vt 0.455611 0.846599
vt 0.455091 0.847861
vt 0.455343 0.848114
vt 0.456277 0.846590
vt 0.455559 0.848331
vt 0.453826 0.848389
vt 0.453826 0.848746
vt 0.453827 0.849052
vt 0.452561 0.847861
vt 0.452310 0.848114
vt 0.452096 0.848331
vt 0.452158 0.846589
vt 0.451803 0.846589
vt 0.451500 0.846590
vt 0.452546 0.845352
vt 0.452306 0.845075
vt 0.452096 0.844849
vt 0.453823 0.845067
vt 0.453825 0.844731
vt 0.455020 0.845352
vt 0.455253 0.845075
vt 0.264118 0.032151
vt 0.264118 0.038700
vt 0.270628 0.038702
vt 0.270628 0.032152
vt 0.386965 0.845460
vt 0.389619 0.846166
vt 0.389619 0.840522
vt 0.386965 0.840666
vt 0.432139 0.825295
vt 0.433107 0.824322
vt 0.432464 0.822466
vt 0.437561 0.822466
vt 0.436797 0.824322
vt 0.437765 0.825295
vt 0.437765 0.819637
vt 0.432139 0.819637
vt 0.433107 0.820611
vt 0.434952 0.820141
vt 0.436701 0.820611
vt 0.434952 0.825090
vt 0.229150 0.032292
vt 0.226552 0.032549
vt 0.226552 0.037446
vt 0.229150 0.038058
vt 0.223020 0.164552
vt 0.223020 0.158994
vt 0.220324 0.159229
vt 0.220324 0.163949
vt 0.295530 0.173070
vt 0.295530 0.177933
vt 0.298146 0.178630
vt 0.298146 0.172904
vt 0.138853 0.163200
vt 0.139049 0.163187
vt 0.139088 0.161100
vt 0.138894 0.160976
vt 0.286870 0.180244
vt 0.287065 0.180105
vt 0.287024 0.178094
vt 0.286827 0.178101
vt 0.287065 0.176115
vt 0.286869 0.175986
vt 0.370840 0.198157
vt 0.371039 0.198019
vt 0.370941 0.196088
vt 0.370737 0.196092
vt 0.371039 0.194295
vt 0.370816 0.194149
vt 0.434951 0.820320
vt 0.436585 0.820727
vt 0.138896 0.165298
vt 0.139088 0.165158
vt 0.214260 0.032296
vt 0.214062 0.032318
vt 0.214067 0.034410
vt 0.214260 0.034521
vt 0.437094 0.822468
vt 0.436736 0.822475
vt 0.436216 0.823737
vt 0.436467 0.823990
vt 0.437401 0.822466
vt 0.436683 0.824207
vt 0.434951 0.824264
vt 0.434951 0.824621
vt 0.434951 0.824928
vt 0.433685 0.823737
vt 0.433435 0.823990
vt 0.433220 0.824207
vt 0.433282 0.822465
vt 0.432928 0.822465
vt 0.432625 0.822466
vt 0.433670 0.821228
vt 0.433430 0.820951
vt 0.433220 0.820725
vt 0.434948 0.820943
vt 0.434950 0.820606
vt 0.436145 0.821227
vt 0.436378 0.820951
vt 0.295491 0.032806
vt 0.295491 0.039356
vt 0.302001 0.039357
vt 0.302001 0.032808
vt 0.377002 0.740315
vt 0.379656 0.741021
vt 0.379656 0.735377
vt 0.377002 0.735521
vt 0.320521 0.136250
vt 0.321489 0.135276
vt 0.320846 0.133421
vt 0.325943 0.133421
vt 0.325179 0.135276
vt 0.326146 0.136249
vt 0.326146 0.130592
vt 0.320521 0.130592
vt 0.321489 0.131565
vt 0.323334 0.131096
vt 0.325082 0.131565
vt 0.323334 0.136045
vt 0.235457 0.159281
vt 0.232858 0.159538
vt 0.232858 0.164436
vt 0.235457 0.165047
vt 0.407757 0.210820
vt 0.407757 0.216377
vt 0.410453 0.216143
vt 0.410453 0.211423
vt 0.377002 0.745233
vt 0.377002 0.750097
vt 0.379618 0.750793
vt 0.379618 0.745067
vt 0.201524 0.161636
vt 0.201719 0.161623
vt 0.201759 0.159536
vt 0.201565 0.159411
vt 0.299731 0.145354
vt 0.299926 0.145215
vt 0.299885 0.143203
vt 0.299687 0.143211
vt 0.299926 0.141225
vt 0.299730 0.141096
vt 0.132691 0.164792
vt 0.132889 0.164654
vt 0.132792 0.162723
vt 0.132587 0.162727
vt 0.132889 0.160930
vt 0.132667 0.160784
vt 0.323333 0.131274
vt 0.324966 0.131681
vt 0.201567 0.163734
vt 0.201759 0.163593
vt 0.207952 0.032241
vt 0.207754 0.032263
vt 0.207760 0.034355
vt 0.207952 0.034466
vt 0.325476 0.133422
vt 0.325117 0.133429
vt 0.324598 0.134692
vt 0.324849 0.134944
vt 0.325783 0.133420
vt 0.325065 0.135162
vt 0.323332 0.135219
vt 0.323332 0.135576
vt 0.323333 0.135882
vt 0.322067 0.134692
vt 0.321816 0.134944
vt 0.321602 0.135161
vt 0.321664 0.133419
vt 0.321310 0.133419
vt 0.321007 0.133420
vt 0.322052 0.132182
vt 0.321812 0.131905
vt 0.321602 0.131679
vt 0.323330 0.131898
vt 0.323332 0.131561
vt 0.324526 0.132182
vt 0.324759 0.131905
vt 0.198258 0.039927
vt 0.185357 0.039927
vt 0.185356 0.041458
vt 0.185719 0.041601
vt 0.187867 0.042249
vt 0.190210 0.043278
vt 0.192241 0.044421
vt 0.193647 0.046632
vt 0.194350 0.048842
vt 0.194545 0.050976
vt 0.194623 0.053338
vt 0.194389 0.056006
vt 0.186539 0.062446
vt 0.185357 0.062735
vt 0.185358 0.063704
vt 0.198258 0.063704
vt 0.193607 0.057873
vt 0.192280 0.059588
vt 0.190366 0.060845
vt 0.188531 0.061684
vt 0.211516 0.139325
vt 0.211516 0.136191
vt 0.200438 0.135408
vt 0.200438 0.138541
vt 0.370443 0.058471
vt 0.370444 0.060358
vt 0.381319 0.060818
vt 0.381319 0.058932
vt 0.187721 0.131155
vt 0.186006 0.131736
vt 0.185992 0.132853
vt 0.187708 0.132289
vt 0.377343 0.869737
vt 0.377343 0.869377
vt 0.374009 0.868554
vt 0.374248 0.869865
vt 0.211516 0.142549
vt 0.200438 0.141765
vt 0.196608 0.131577
vt 0.193553 0.130836
vt 0.193540 0.131978
vt 0.196597 0.132573
vt 0.370443 0.055145
vt 0.381319 0.055605
vt 0.211556 0.144735
vt 0.211516 0.144377
vt 0.200438 0.143594
vt 0.200478 0.143952
vt 0.242916 0.042604
vt 0.243083 0.062356
vt 0.246303 0.062060
vt 0.246135 0.042308
vt 0.249355 0.042012
vt 0.249522 0.061764
vt 0.250244 0.061697
vt 0.250076 0.041945
vt 0.196657 0.140639
vt 0.193601 0.141021
vt 0.193674 0.143090
vt 0.196723 0.142500
vt 0.374413 0.853346
vt 0.377529 0.852613
vt 0.377383 0.850510
vt 0.374284 0.851477
vt 0.193797 0.145365
vt 0.196835 0.144559
vt 0.370443 0.051911
vt 0.381319 0.052372
vt 0.374819 0.866616
vt 0.377989 0.867374
vt 0.377984 0.865192
vt 0.374814 0.864638
vt 0.278491 0.064063
vt 0.278794 0.064196
vt 0.278793 0.043175
vt 0.277779 0.043456
vt 0.276048 0.044209
vt 0.274453 0.045038
vt 0.272790 0.046281
vt 0.271636 0.047976
vt 0.270957 0.049822
vt 0.270753 0.052459
vt 0.270821 0.054795
vt 0.270991 0.056905
vt 0.271602 0.059090
vt 0.272823 0.061275
vt 0.274588 0.062405
vt 0.276625 0.063422
vt 0.377971 0.863134
vt 0.374802 0.862774
vt 0.193532 0.134113
vt 0.196591 0.134471
vt 0.377923 0.860647
vt 0.374760 0.860531
vt 0.193531 0.136187
vt 0.196591 0.136317
vt 0.377827 0.857663
vt 0.374676 0.857849
vt 0.193548 0.138650
vt 0.196608 0.138514
vt 0.377689 0.855197
vt 0.374554 0.855649
vt 0.377358 0.850120
vt 0.374263 0.851150
vt 0.383706 0.855179
vt 0.385506 0.855636
vt 0.385346 0.853141
vt 0.383547 0.852622
vt 0.380698 0.855002
vt 0.380541 0.852439
vt 0.187712 0.138896
vt 0.185987 0.139310
vt 0.186032 0.141552
vt 0.187762 0.141228
vt 0.190622 0.138608
vt 0.190676 0.140973
vt 0.383845 0.857615
vt 0.385644 0.858004
vt 0.380834 0.857451
vt 0.187696 0.136461
vt 0.185975 0.136941
vt 0.190603 0.136163
vt 0.383940 0.860541
vt 0.385740 0.860797
vt 0.380928 0.860435
vt 0.187698 0.134406
vt 0.185980 0.134930
vt 0.190603 0.134108
vt 0.383988 0.862970
vt 0.385788 0.863092
vt 0.380975 0.862932
vt 0.190610 0.131996
vt 0.384001 0.864973
vt 0.385801 0.864967
vt 0.380988 0.865006
vt 0.384922 0.868661
vt 0.384922 0.868226
vt 0.383361 0.868847
vt 0.383361 0.869487
vt 0.384016 0.869460
vt 0.384308 0.869409
vt 0.384555 0.869293
vt 0.384750 0.869121
vt 0.384876 0.868908
vt 0.190622 0.130873
vt 0.380398 0.850359
vt 0.383400 0.850536
vt 0.383375 0.850152
vt 0.380373 0.849976
vt 0.384007 0.867092
vt 0.385807 0.866945
vt 0.380993 0.867207
vt 0.384922 0.850213
vt 0.384922 0.849346
vt 0.384876 0.849103
vt 0.384750 0.848901
vt 0.384555 0.848745
vt 0.384308 0.848649
vt 0.384016 0.848623
vt 0.383361 0.848650
vt 0.383361 0.849717
vt 0.215532 0.040076
vt 0.215531 0.039720
vt 0.202718 0.039717
vt 0.202719 0.040074
vt 0.187832 0.143254
vt 0.186096 0.143480
vt 0.186207 0.145554
vt 0.187952 0.145468
vt 0.190750 0.143044
vt 0.190875 0.145336
vt 0.385200 0.851094
vt 0.377343 0.849685
vt 0.377343 0.848900
vt 0.374248 0.849028
vt 0.374009 0.850792
vt 0.370443 0.047953
vt 0.370443 0.048678
vt 0.381319 0.049138
vt 0.381320 0.048413
vt 0.372511 0.849100
vt 0.372219 0.849151
vt 0.371973 0.849267
vt 0.371777 0.849440
vt 0.371652 0.849652
vt 0.371606 0.849899
vt 0.371606 0.869214
vt 0.371652 0.869457
vt 0.371777 0.869659
vt 0.371973 0.869816
vt 0.372219 0.869911
vt 0.372511 0.869938
vt 0.380353 0.848787
vt 0.380357 0.849527
vt 0.211516 0.133057
vt 0.200438 0.132274
vt 0.211516 0.132355
vt 0.200438 0.131571
vt 0.380354 0.869635
vt 0.380357 0.869390
vt 0.239604 0.042909
vt 0.239771 0.062661
vt 0.213197 0.144716
vt 0.213241 0.144356
vt 0.212941 0.144379
vt 0.212881 0.144748
vt 0.212584 0.144394
vt 0.212550 0.144749
vt 0.212202 0.144399
vt 0.212232 0.144754
vt 0.213069 0.145033
vt 0.212769 0.145041
vt 0.212501 0.145000
vt 0.212269 0.145003
vt 0.211834 0.144393
vt 0.211889 0.144762
vt 0.211673 0.145050
vt 0.211991 0.145050
vt 0.215839 0.039203
vt 0.215520 0.039145
vt 0.215527 0.039399
vt 0.215845 0.039414
vt 0.212143 0.145250
vt 0.212380 0.145149
vt 0.215853 0.040077
vt 0.215861 0.039711
vt 0.216138 0.040078
vt 0.216123 0.039724
vt 0.216362 0.040080
vt 0.216309 0.039724
vt 0.216073 0.039468
vt 0.212604 0.145245
vt 0.237902 0.063174
vt 0.237892 0.062834
vt 0.237528 0.062909
vt 0.237527 0.063266
vt 0.237213 0.063060
vt 0.237240 0.063397
vt 0.216309 0.064066
vt 0.216362 0.063711
vt 0.216138 0.063709
vt 0.216123 0.064065
vt 0.237926 0.063563
vt 0.237563 0.063627
vt 0.237310 0.063687
vt 0.237046 0.063574
vt 0.237169 0.063816
vt 0.215853 0.063708
vt 0.215533 0.063708
vt 0.215531 0.064065
vt 0.215859 0.064077
vt 0.215527 0.064388
vt 0.215845 0.064373
vt 0.215520 0.064646
vt 0.215840 0.064588
vt 0.216073 0.064322
vt 0.237088 0.064057
vt 0.237311 0.064214
vt 0.237332 0.063930
vt 0.237679 0.064630
vt 0.238052 0.064643
vt 0.238004 0.064335
vt 0.237620 0.064306
vt 0.237961 0.063963
vt 0.237593 0.063960
vt 0.237342 0.064524
vt 0.212942 0.132357
vt 0.213241 0.132334
vt 0.213197 0.131969
vt 0.212883 0.131980
vt 0.213069 0.131633
vt 0.212771 0.131672
vt 0.199051 0.064062
vt 0.199104 0.063705
vt 0.198872 0.063705
vt 0.198859 0.064063
vt 0.212584 0.132371
vt 0.212549 0.132006
vt 0.212501 0.131737
vt 0.212604 0.131444
vt 0.212381 0.131571
vt 0.198581 0.063704
vt 0.198257 0.064063
vt 0.198590 0.064075
vt 0.198257 0.064388
vt 0.198578 0.064372
vt 0.198256 0.064646
vt 0.198578 0.064587
vt 0.198811 0.064320
vt 0.212143 0.131449
vt 0.211992 0.131680
vt 0.212270 0.131740
vt 0.211556 0.131988
vt 0.211834 0.132370
vt 0.211891 0.131994
vt 0.212202 0.132376
vt 0.212231 0.132011
vt 0.211673 0.131650
vt 0.250356 0.063199
vt 0.250403 0.063507
vt 0.250775 0.063425
vt 0.250739 0.063101
vt 0.251109 0.063257
vt 0.251046 0.062952
vt 0.198577 0.039046
vt 0.198256 0.038987
vt 0.198257 0.039244
vt 0.198579 0.039259
vt 0.250313 0.062827
vt 0.250685 0.062755
vt 0.250958 0.062677
vt 0.251266 0.062752
vt 0.251118 0.062532
vt 0.198257 0.039567
vt 0.198581 0.039927
vt 0.198591 0.039558
vt 0.198872 0.039927
vt 0.198858 0.039571
vt 0.199104 0.039928
vt 0.199050 0.039570
vt 0.198811 0.039313
vt 0.251225 0.062269
vt 0.250975 0.062135
vt 0.250936 0.062434
vt 0.250624 0.061704
vt 0.250254 0.062037
vt 0.250645 0.062061
vt 0.250278 0.062426
vt 0.250655 0.062421
vt 0.250981 0.061793
vt 0.237725 0.043082
vt 0.237360 0.043157
vt 0.237046 0.043308
vt 0.202713 0.039396
vt 0.381363 0.061190
vt 0.370488 0.060730
vt 0.200596 0.144267
vt 0.202707 0.039142
vt 0.202719 0.063705
vt 0.202718 0.064062
vt 0.202713 0.064386
vt 0.202707 0.064643
vt 0.200478 0.131205
vt 0.381492 0.061521
vt 0.370616 0.061061
vt 0.239781 0.063001
vt 0.239805 0.063390
vt 0.239840 0.063790
vt 0.239883 0.064162
vt 0.239930 0.064471
vt 0.381364 0.048037
vt 0.370488 0.047577
vt 0.185357 0.038987
vt 0.185357 0.039244
vt 0.381493 0.047694
vt 0.370616 0.047234
vt 0.185357 0.039567
vt 0.250456 0.041953
vt 0.250813 0.042041
vt 0.185358 0.064063
vt 0.185358 0.064388
vt 0.185358 0.064646
vt 0.200595 0.130866
vt 0.212942 0.133060
vt 0.213241 0.133037
vt 0.212584 0.133074
vt 0.212202 0.133079
vt 0.211834 0.133073
vt 0.243093 0.062696
vt 0.243117 0.063085
vt 0.243152 0.063485
vt 0.243195 0.063858
vt 0.243242 0.064166
vt 0.213241 0.142528
vt 0.212942 0.142551
vt 0.212584 0.142565
vt 0.212202 0.142570
vt 0.211834 0.142564
vt 0.213241 0.139304
vt 0.212942 0.139327
vt 0.212584 0.139341
vt 0.212202 0.139346
vt 0.211834 0.139340
vt 0.213241 0.136170
vt 0.212942 0.136193
vt 0.212584 0.136208
vt 0.212202 0.136212
vt 0.211834 0.136207
vt 0.249532 0.062103
vt 0.249556 0.062493
vt 0.249591 0.062893
vt 0.249634 0.063265
vt 0.249681 0.063573
vt 0.246313 0.062400
vt 0.246336 0.062789
vt 0.246372 0.063189
vt 0.246415 0.063561
vt 0.246462 0.063869
vt 0.377344 0.869807
vt 0.374249 0.869935
vt 0.377346 0.869885
vt 0.374251 0.870013
vt 0.377349 0.869964
vt 0.374254 0.870093
vt 0.377354 0.870036
vt 0.374259 0.870165
vt 0.377358 0.870095
vt 0.374263 0.870223
vt 0.193553 0.130763
vt 0.196620 0.131506
vt 0.193552 0.130679
vt 0.196652 0.131430
vt 0.193550 0.130593
vt 0.196703 0.131357
vt 0.193547 0.130512
vt 0.196765 0.131293
vt 0.193544 0.130446
vt 0.196835 0.131244
vt 0.377344 0.849760
vt 0.374084 0.850843
vt 0.377346 0.849851
vt 0.374153 0.850912
vt 0.377349 0.849947
vt 0.374209 0.850991
vt 0.377353 0.850040
vt 0.374247 0.851073
vt 0.374084 0.868513
vt 0.374153 0.868486
vt 0.278918 0.064282
vt 0.278965 0.064340
vt 0.278965 0.043058
vt 0.278918 0.043108
vt 0.278859 0.064233
vt 0.278859 0.043149
vt 0.381630 0.058933
vt 0.381698 0.058930
vt 0.381698 0.055604
vt 0.381630 0.055606
vt 0.381550 0.058934
vt 0.381550 0.055608
vt 0.381466 0.058934
vt 0.381466 0.055608
vt 0.381387 0.058933
vt 0.381387 0.055607
vt 0.381682 0.052370
vt 0.381619 0.052372
vt 0.381543 0.052374
vt 0.381463 0.052374
vt 0.381386 0.052374
vt 0.381698 0.049137
vt 0.381630 0.049139
vt 0.381550 0.049141
vt 0.381466 0.049141
vt 0.381387 0.049140
vt 0.383361 0.869557
vt 0.380354 0.869697
vt 0.383364 0.869635
vt 0.380356 0.869769
vt 0.383367 0.869714
vt 0.380359 0.869843
vt 0.383371 0.869787
vt 0.380362 0.869913
vt 0.383376 0.869845
vt 0.380367 0.869970
vt 0.186017 0.131659
vt 0.187721 0.131082
vt 0.186049 0.131565
vt 0.187720 0.130998
vt 0.186097 0.131461
vt 0.187718 0.130912
vt 0.186158 0.131360
vt 0.187715 0.130831
vt 0.186225 0.131269
vt 0.187712 0.130765
vt 0.190622 0.130798
vt 0.190622 0.130711
vt 0.190620 0.130619
vt 0.190617 0.130533
vt 0.190614 0.130460
vt 0.384996 0.850311
vt 0.383361 0.849793
vt 0.385065 0.850423
vt 0.383363 0.849883
vt 0.385121 0.850535
vt 0.383367 0.849979
vt 0.385159 0.850638
vt 0.383371 0.850072
vt 0.385175 0.850721
vt 0.380359 0.849606
vt 0.380361 0.849700
vt 0.380365 0.849800
vt 0.380369 0.849895
vt 0.372506 0.870008
vt 0.372197 0.869979
vt 0.372503 0.870086
vt 0.372178 0.870056
vt 0.372502 0.870165
vt 0.372165 0.870134
vt 0.372504 0.870238
vt 0.372159 0.870206
vt 0.372507 0.870296
vt 0.372160 0.870264
vt 0.371930 0.869876
vt 0.371892 0.869946
vt 0.371864 0.870018
vt 0.371848 0.870086
vt 0.371846 0.870143
vt 0.371718 0.869706
vt 0.371665 0.869764
vt 0.371625 0.869827
vt 0.371602 0.869889
vt 0.202638 0.039152
vt 0.202645 0.039403
vt 0.371582 0.869488
vt 0.371520 0.869530
vt 0.371472 0.869581
vt 0.202583 0.039424
vt 0.202587 0.039732
vt 0.202649 0.039721
vt 0.371533 0.869230
vt 0.371468 0.869259
vt 0.202537 0.039749
vt 0.202538 0.040082
vt 0.202588 0.040077
vt 0.202651 0.040074
vt 0.381669 0.061136
vt 0.381735 0.061109
vt 0.381698 0.060797
vt 0.381630 0.060806
vt 0.381591 0.061160
vt 0.381550 0.060813
vt 0.381509 0.061178
vt 0.381466 0.060817
vt 0.381430 0.061188
vt 0.381387 0.060820
vt 0.381778 0.061418
vt 0.381836 0.061368
vt 0.381708 0.061461
vt 0.381632 0.061495
vt 0.381557 0.061516
vt 0.381948 0.061637
vt 0.381993 0.061571
vt 0.381890 0.061696
vt 0.381823 0.061742
vt 0.381755 0.061771
vt 0.202645 0.064379
vt 0.202638 0.064633
vt 0.382163 0.061773
vt 0.382191 0.061696
vt 0.382119 0.061841
vt 0.382065 0.061895
vt 0.202649 0.064059
vt 0.202587 0.064048
vt 0.202583 0.064358
vt 0.371533 0.849905
vt 0.371582 0.849643
vt 0.382380 0.061884
vt 0.382411 0.061813
vt 0.202588 0.063702
vt 0.202538 0.063698
vt 0.202537 0.064031
vt 0.202651 0.063704
vt 0.384947 0.849088
vt 0.384996 0.849346
vt 0.382120 0.047339
vt 0.382163 0.047408
vt 0.382411 0.047344
vt 0.382380 0.047271
vt 0.185228 0.039582
vt 0.185179 0.039599
vt 0.185179 0.039935
vt 0.185228 0.039930
vt 0.185289 0.039571
vt 0.185289 0.039927
vt 0.381948 0.047565
vt 0.381993 0.047629
vt 0.382190 0.047484
vt 0.381890 0.047507
vt 0.381824 0.047460
vt 0.382066 0.047284
vt 0.185289 0.039251
vt 0.185228 0.039272
vt 0.381778 0.047802
vt 0.381836 0.047847
vt 0.381708 0.047760
vt 0.381632 0.047726
vt 0.381558 0.047703
vt 0.381756 0.047429
vt 0.185289 0.038997
vt 0.381669 0.048094
vt 0.381735 0.048117
vt 0.381591 0.048073
vt 0.381509 0.048056
vt 0.381431 0.048043
vt 0.381630 0.048428
vt 0.381698 0.048432
vt 0.381550 0.048424
vt 0.381466 0.048420
vt 0.381387 0.048416
vt 0.384332 0.869475
vt 0.384023 0.869529
vt 0.384355 0.869551
vt 0.384030 0.869607
vt 0.384375 0.869627
vt 0.384038 0.869686
vt 0.384390 0.869698
vt 0.384045 0.869758
vt 0.384398 0.869756
vt 0.384050 0.869817
vt 0.384599 0.869350
vt 0.384641 0.869416
vt 0.384676 0.869486
vt 0.384700 0.869552
vt 0.384712 0.869608
vt 0.384811 0.869163
vt 0.384868 0.869216
vt 0.384914 0.869275
vt 0.384946 0.869335
vt 0.185290 0.064381
vt 0.185289 0.064636
vt 0.384947 0.868933
vt 0.385014 0.868970
vt 0.385068 0.869016
vt 0.185290 0.064059
vt 0.185228 0.064049
vt 0.185228 0.064360
vt 0.384996 0.868671
vt 0.385065 0.868694
vt 0.185228 0.063700
vt 0.185180 0.063696
vt 0.185180 0.064032
vt 0.185290 0.063703
vt 0.371468 0.849926
vt 0.385065 0.849361
vt 0.185179 0.041240
vt 0.185227 0.041339
vt 0.185288 0.041414
vt 0.384996 0.868138
vt 0.385065 0.868069
vt 0.185228 0.062836
vt 0.185179 0.062928
vt 0.185289 0.062769
vt 0.389565 0.862713
vt 0.389818 0.862631
vt 0.389431 0.860601
vt 0.389168 0.860630
vt 0.330334 0.052359
vt 0.330502 0.052576
vt 0.332172 0.051425
vt 0.332048 0.051178
vt 0.390344 0.864673
vt 0.390577 0.864541
vt 0.346492 0.055720
vt 0.346247 0.055851
vt 0.347029 0.057783
vt 0.347294 0.057703
vt 0.345280 0.067811
vt 0.345067 0.067634
vt 0.343605 0.069108
vt 0.343779 0.069324
vt 0.391475 0.866433
vt 0.391679 0.866256
vt 0.328876 0.067737
vt 0.329081 0.067562
vt 0.327965 0.065819
vt 0.327731 0.065949
vt 0.392914 0.867927
vt 0.393081 0.867712
vt 0.334028 0.050636
vt 0.333952 0.050369
vt 0.394606 0.869096
vt 0.394731 0.868851
vt 0.341895 0.070264
vt 0.342023 0.070510
vt 0.396487 0.869897
vt 0.396563 0.869632
vt 0.347425 0.059833
vt 0.347700 0.059806
vt 0.327197 0.063885
vt 0.326942 0.063964
vt 0.398490 0.870298
vt 0.398517 0.870023
vt 0.336006 0.050239
vt 0.335981 0.049961
vt 0.400544 0.870286
vt 0.400519 0.870011
vt 0.340006 0.071057
vt 0.340086 0.071324
vt 0.402569 0.869860
vt 0.402491 0.869596
vt 0.326805 0.061835
vt 0.326540 0.061860
vt 0.404483 0.869037
vt 0.404357 0.868794
vt 0.410025 0.858378
vt 0.409755 0.858406
vt 0.409759 0.860479
vt 0.410029 0.860505
vt 0.338036 0.050248
vt 0.338064 0.049970
vt 0.406212 0.867847
vt 0.406040 0.867634
vt 0.409616 0.856294
vt 0.409356 0.856375
vt 0.338015 0.071456
vt 0.338043 0.071733
vt 0.407684 0.866337
vt 0.407474 0.866162
vt 0.408814 0.854332
vt 0.408575 0.854463
vt 0.326805 0.059746
vt 0.326540 0.059717
vt 0.408837 0.864563
vt 0.408598 0.864434
vt 0.407651 0.852568
vt 0.407443 0.852744
vt 0.340039 0.050662
vt 0.340119 0.050396
vt 0.409628 0.862594
vt 0.409368 0.862515
vt 0.195425 0.452676
vt 0.195256 0.452672
vt 0.195274 0.454837
vt 0.195444 0.454841
vt 0.123520 0.075775
vt 0.127420 0.076007
vt 0.127507 0.073791
vt 0.123560 0.073625
vt 0.406175 0.851070
vt 0.406005 0.851285
vt 0.335999 0.071445
vt 0.335974 0.071722
vt 0.404448 0.849896
vt 0.404323 0.850141
vt 0.327196 0.057700
vt 0.326942 0.057617
vt 0.402540 0.849092
vt 0.402463 0.849358
vt 0.341934 0.051467
vt 0.342064 0.051221
vt 0.347421 0.061922
vt 0.347696 0.061950
vt 0.400525 0.848690
vt 0.400499 0.848965
vt 0.334028 0.071027
vt 0.333952 0.071293
vt 0.398482 0.848703
vt 0.398508 0.848978
vt 0.327965 0.055775
vt 0.327731 0.055642
vt 0.396486 0.849132
vt 0.396563 0.849397
vt 0.343647 0.052631
vt 0.343822 0.052416
vt 0.347016 0.063970
vt 0.347281 0.064051
vt 0.394606 0.849960
vt 0.394730 0.850203
vt 0.332172 0.070217
vt 0.332048 0.070462
vt 0.392914 0.851153
vt 0.393081 0.851366
vt 0.329081 0.054044
vt 0.328876 0.053866
vt 0.391474 0.852668
vt 0.391678 0.852841
vt 0.345105 0.054111
vt 0.345319 0.053935
vt 0.346221 0.065899
vt 0.346464 0.066031
vt 0.390344 0.854444
vt 0.390576 0.854573
vt 0.330502 0.069047
vt 0.330334 0.069261
vt 0.389565 0.856414
vt 0.389817 0.856493
vt 0.389168 0.858503
vt 0.389431 0.858528
vt 0.119186 0.081999
vt 0.122563 0.082321
vt 0.122395 0.080210
vt 0.118968 0.080194
vt 0.225618 0.141891
vt 0.229401 0.141756
vt 0.229356 0.139561
vt 0.225617 0.139762
vt 0.443223 0.040256
vt 0.446092 0.039997
vt 0.445752 0.038461
vt 0.442903 0.038767
vt 0.123563 0.078040
vt 0.127403 0.078342
vt 0.225710 0.143873
vt 0.229529 0.143799
vt 0.443475 0.042012
vt 0.446381 0.041806
vt 0.123669 0.080329
vt 0.127436 0.080700
vt 0.225875 0.145635
vt 0.229712 0.145617
vt 0.443649 0.043967
vt 0.446608 0.043818
vt 0.123811 0.082546
vt 0.127493 0.082980
vt 0.443739 0.046047
vt 0.446764 0.045955
vt 0.123966 0.084601
vt 0.127554 0.085089
vt 0.443741 0.048172
vt 0.446844 0.048137
vt 0.124115 0.086412
vt 0.127604 0.086942
vt 0.443655 0.050259
vt 0.446844 0.050278
vt 0.456987 0.856372
vt 0.460226 0.856215
vt 0.459948 0.854535
vt 0.456623 0.854734
vt 0.443484 0.052229
vt 0.446763 0.052296
vt 0.457238 0.858230
vt 0.460389 0.858121
vt 0.443197 0.054016
vt 0.446565 0.054128
vt 0.457404 0.860246
vt 0.460472 0.860192
vt 0.442782 0.055558
vt 0.446235 0.055708
vt 0.457478 0.862343
vt 0.460472 0.862347
vt 0.226055 0.133345
vt 0.229591 0.132950
vt 0.229712 0.131041
vt 0.226265 0.131486
vt 0.457459 0.864441
vt 0.460389 0.864504
vt 0.225860 0.135400
vt 0.229476 0.135065
vt 0.457348 0.866457
vt 0.460227 0.866581
vt 0.123684 0.071674
vt 0.127668 0.071781
vt 0.127876 0.070048
vt 0.123873 0.069994
vt 0.225705 0.137569
vt 0.229389 0.137299
vt 0.457147 0.868316
vt 0.459991 0.868496
vt 0.456866 0.869945
vt 0.459691 0.870177
vt 0.448748 0.859776
vt 0.452525 0.857944
vt 0.452105 0.856602
vt 0.448400 0.858814
vt 0.439500 0.045793
vt 0.442627 0.046044
vt 0.442568 0.044061
vt 0.439514 0.044096
vt 0.119426 0.083681
vt 0.122749 0.084281
vt 0.439394 0.047529
vt 0.442597 0.048071
vt 0.455410 0.855154
vt 0.454909 0.853858
vt 0.451595 0.855489
vt 0.439202 0.049238
vt 0.442478 0.050062
vt 0.455798 0.856717
vt 0.438931 0.050854
vt 0.442275 0.051943
vt 0.452860 0.859466
vt 0.456077 0.858490
vt 0.438572 0.052321
vt 0.441959 0.053650
vt 0.453116 0.861114
vt 0.456272 0.860413
vt 0.438118 0.053586
vt 0.441524 0.055120
vt 0.453283 0.862826
vt 0.456375 0.862412
vt 0.221645 0.134061
vt 0.224862 0.133602
vt 0.225099 0.131831
vt 0.221926 0.132541
vt 0.453354 0.864535
vt 0.456383 0.864411
vt 0.221389 0.135733
vt 0.224644 0.135559
vt 0.453324 0.866181
vt 0.456296 0.866332
vt 0.299330 0.241343
vt 0.300297 0.240425
vt 0.299521 0.239553
vt 0.298699 0.240634
vt 0.221184 0.137495
vt 0.224471 0.137622
vt 0.453199 0.867698
vt 0.456118 0.868101
vt 0.293519 0.233203
vt 0.293855 0.239303
vt 0.295106 0.239217
vt 0.295112 0.233218
vt 0.221052 0.139274
vt 0.224369 0.139708
vt 0.452983 0.869026
vt 0.455854 0.869651
vt 0.122207 0.075877
vt 0.122838 0.073729
vt 0.122220 0.074688
vt 0.114066 0.068379
vt 0.114512 0.072333
vt 0.114941 0.072265
vt 0.114471 0.068413
vt 0.439267 0.041063
vt 0.442194 0.040525
vt 0.441894 0.039108
vt 0.439019 0.039849
vt 0.118800 0.078334
vt 0.122268 0.078032
vt 0.118702 0.076496
vt 0.137161 0.084928
vt 0.137169 0.086069
vt 0.139677 0.086257
vt 0.139669 0.084916
vt 0.439434 0.042498
vt 0.442422 0.042198
vt 0.122270 0.072417
vt 0.122176 0.073701
vt 0.433919 0.048577
vt 0.435065 0.049230
vt 0.435316 0.048060
vt 0.434127 0.047634
vt 0.449044 0.860877
vt 0.434760 0.050281
vt 0.449276 0.862074
vt 0.434395 0.051176
vt 0.449436 0.863321
vt 0.433982 0.051881
vt 0.437586 0.054595
vt 0.449519 0.864570
vt 0.289905 0.240425
vt 0.288000 0.237687
vt 0.287210 0.239109
vt 0.289326 0.241422
vt 0.449523 0.865770
vt 0.296505 0.240026
vt 0.296283 0.239978
vt 0.295106 0.239897
vt 0.293928 0.239979
vt 0.293706 0.240026
vt 0.292018 0.241047
vt 0.291943 0.241103
vt 0.291386 0.241727
vt 0.290972 0.242439
vt 0.290717 0.243211
vt 0.290630 0.244015
vt 0.290715 0.244818
vt 0.290968 0.245591
vt 0.291381 0.246306
vt 0.291936 0.246933
vt 0.292613 0.247449
vt 0.293385 0.247833
vt 0.294223 0.248069
vt 0.295095 0.248150
vt 0.295968 0.248069
vt 0.296807 0.247833
vt 0.297580 0.247449
vt 0.298258 0.246933
vt 0.298815 0.246306
vt 0.299229 0.245591
vt 0.299484 0.244818
vt 0.299571 0.244014
vt 0.299486 0.243211
vt 0.299232 0.242439
vt 0.298820 0.241727
vt 0.298265 0.241103
vt 0.298191 0.241047
vt 0.290684 0.239553
vt 0.289062 0.236440
vt 0.449446 0.866878
vt 0.313720 0.051320
vt 0.313844 0.046538
vt 0.309831 0.048895
vt 0.310176 0.051907
vt 0.291631 0.238837
vt 0.290356 0.235419
vt 0.449292 0.867850
vt 0.115337 0.077653
vt 0.118575 0.075495
vt 0.115231 0.076932
vt 0.217779 0.139123
vt 0.220904 0.140207
vt 0.217900 0.138451
vt 0.435521 0.042102
vt 0.435344 0.041213
vt 0.014770 0.037118
vt 0.015247 0.033254
vt 0.013511 0.032693
vt 0.013511 0.036741
vt 0.134654 0.084912
vt 0.134662 0.086254
vt 0.435628 0.043149
vt 0.115566 0.080308
vt 0.115425 0.078976
vt 0.121515 0.074796
vt 0.435660 0.044314
vt 0.115747 0.081599
vt 0.435618 0.045554
vt 0.115954 0.082798
vt 0.435502 0.046820
vt 0.447996 0.858028
vt 0.114855 0.077688
vt 0.114750 0.076968
vt 0.447872 0.861427
vt 0.447627 0.860538
vt 0.433667 0.049425
vt 0.448067 0.862395
vt 0.290115 0.243031
vt 0.288969 0.242508
vt 0.288848 0.243642
vt 0.290016 0.243945
vt 0.448202 0.863403
vt 0.290405 0.242153
vt 0.448274 0.864415
vt 0.290876 0.241343
vt 0.448279 0.865389
vt 0.291509 0.240634
vt 0.448219 0.866287
vt 0.296357 0.239303
vt 0.296705 0.233202
vt 0.217439 0.138417
vt 0.218011 0.137167
vt 0.217388 0.137185
vt 0.217163 0.137469
vt 0.216926 0.137836
vt 0.217129 0.138248
vt 0.448095 0.867077
vt 0.014452 0.048554
vt 0.016259 0.047131
vt 0.014137 0.044536
vt 0.012253 0.047016
vt 0.217321 0.139088
vt 0.434315 0.042811
vt 0.434172 0.042088
vt 0.299799 0.242153
vt 0.300873 0.241422
vt 0.009707 0.044646
vt 0.012164 0.040325
vt 0.011750 0.040117
vt 0.009354 0.044426
vt 0.434399 0.043660
vt 0.293100 0.233188
vt 0.293379 0.239411
vt 0.434423 0.044605
vt 0.114751 0.079097
vt 0.114527 0.077862
vt 0.114306 0.078287
vt 0.114524 0.078792
vt 0.224932 0.141812
vt 0.224361 0.140885
vt 0.434385 0.045609
vt 0.300087 0.243031
vt 0.301227 0.242508
vt 0.434285 0.046631
vt 0.300183 0.243944
vt 0.301346 0.243642
vt 0.300084 0.244860
vt 0.301224 0.244780
vt 0.224584 0.145295
vt 0.224371 0.143147
vt 0.223682 0.140737
vt 0.141032 0.086573
vt 0.141029 0.084898
vt 0.133295 0.084893
vt 0.133307 0.086568
vt 0.306571 0.049824
vt 0.307407 0.051956
vt 0.122510 0.070377
vt 0.456138 0.853375
vt 0.134651 0.082030
vt 0.137158 0.082024
vt 0.293097 0.228213
vt 0.293523 0.228216
vt 0.012946 0.050825
vt 0.010449 0.049831
vt 0.295116 0.228218
vt 0.296709 0.228216
vt 0.310274 0.055137
vt 0.307531 0.054588
vt 0.296714 0.221560
vt 0.297135 0.228213
vt 0.297146 0.221558
vt 0.297123 0.233188
vt 0.139666 0.082033
vt 0.007472 0.048129
vt 0.313844 0.055318
vt 0.141025 0.082041
vt 0.297679 0.233131
vt 0.296833 0.239411
vt 0.297668 0.238542
vt 0.224297 0.141830
vt 0.010852 0.055947
vt 0.007933 0.054775
vt 0.295121 0.221563
vt 0.309874 0.060442
vt 0.306667 0.059799
vt 0.114245 0.059243
vt 0.113742 0.062909
vt 0.114255 0.062986
vt 0.114806 0.059354
vt 0.293096 0.221558
vt 0.293528 0.221561
vt 0.137158 0.075560
vt 0.139666 0.075572
vt 0.004724 0.053198
vt 0.313582 0.060851
vt 0.141027 0.075577
vt 0.133291 0.075572
vt 0.133293 0.082036
vt 0.134651 0.075569
vt 0.007093 0.048014
vt 0.004228 0.053085
vt 0.134651 0.071611
vt 0.137159 0.071602
vt 0.293095 0.216904
vt 0.293529 0.216904
vt 0.009727 0.059160
vt 0.006872 0.058241
vt 0.295122 0.216904
vt 0.296715 0.216904
vt 0.118145 0.060879
vt 0.117532 0.064300
vt 0.120567 0.065096
vt 0.121002 0.061883
vt 0.297149 0.216904
vt 0.139667 0.071614
vt 0.003507 0.056842
vt 0.312729 0.064402
vt 0.308979 0.063765
vt 0.141029 0.071620
vt 0.002952 0.056743
vt 0.133291 0.071615
vt 0.122061 0.074212
vt 0.121819 0.074610
vt 0.223968 0.140912
vt 0.224194 0.141310
vt 0.009063 0.044139
vt 0.011443 0.039889
vt 0.292543 0.233131
vt 0.292135 0.233010
vt 0.292133 0.238547
vt 0.292547 0.238542
vt 0.298548 0.240458
vt 0.298976 0.239495
vt 0.298086 0.233010
vt 0.298080 0.238547
vt 0.136435 0.045519
vt 0.136024 0.045626
vt 0.136143 0.050325
vt 0.136540 0.050275
vt 0.114417 0.076853
vt 0.114189 0.076488
vt 0.291236 0.239495
vt 0.291662 0.240458
vt 0.217001 0.139209
vt 0.216778 0.139585
vt 0.222645 0.142405
vt 0.222979 0.142471
vt 0.141545 0.086739
vt 0.141888 0.086953
vt 0.141863 0.084967
vt 0.141535 0.084910
vt 0.120855 0.072792
vt 0.120505 0.072854
vt 0.132789 0.084905
vt 0.132458 0.084961
vt 0.132448 0.086947
vt 0.132794 0.086733
vt 0.120534 0.070331
vt 0.120157 0.070313
vt 0.132788 0.082046
vt 0.132459 0.082045
vt 0.292544 0.228200
vt 0.292138 0.228170
vt 0.006750 0.047812
vt 0.297687 0.228200
vt 0.298091 0.228170
vt 0.136105 0.041422
vt 0.135688 0.041434
vt 0.141530 0.082051
vt 0.141855 0.082052
vt 0.013311 0.050855
vt 0.014756 0.048644
vt 0.297695 0.221549
vt 0.298097 0.221532
vt 0.135940 0.035803
vt 0.135538 0.035799
vt 0.141533 0.075584
vt 0.141864 0.075598
vt 0.011225 0.055987
vt 0.132784 0.075579
vt 0.132450 0.075592
vt 0.120959 0.065096
vt 0.003890 0.052903
vt 0.292546 0.221550
vt 0.292142 0.221532
vt 0.121350 0.061892
vt 0.132784 0.071617
vt 0.132448 0.071617
vt 0.292546 0.216903
vt 0.292143 0.216902
vt 0.002608 0.056579
vt 0.297697 0.216903
vt 0.298098 0.216902
vt 0.136540 0.032154
vt 0.136140 0.032133
vt 0.141535 0.071623
vt 0.141868 0.071623
vt 0.010066 0.059172
vt 0.304518 0.222242
vt 0.304679 0.220566
vt 0.303840 0.220595
vt 0.303680 0.222258
vt 0.304401 0.224183
vt 0.303567 0.224184
vt 0.304359 0.226322
vt 0.303528 0.226307
vt 0.304384 0.228573
vt 0.303555 0.228542
vt 0.304452 0.230844
vt 0.303626 0.230796
vt 0.304537 0.233038
vt 0.303715 0.232974
vt 0.304618 0.235067
vt 0.303800 0.234989
vt 0.304679 0.236848
vt 0.303866 0.236757
vt 0.445411 0.486779
vt 0.445690 0.488493
vt 0.446508 0.488419
vt 0.446226 0.486717
vt 0.445236 0.484828
vt 0.446050 0.484781
vt 0.445137 0.482707
vt 0.445950 0.482677
vt 0.445119 0.480498
vt 0.445931 0.480485
vt 0.445183 0.478285
vt 0.445993 0.478289
vt 0.445326 0.476154
vt 0.446134 0.476174
vt 0.445542 0.474186
vt 0.446348 0.474221
vt 0.445824 0.472457
vt 0.446628 0.472506
vt 0.149459 0.051709
vt 0.149727 0.053295
vt 0.150537 0.053257
vt 0.150272 0.051682
vt 0.149253 0.049847
vt 0.150068 0.049835
vt 0.149117 0.047781
vt 0.149933 0.047785
vt 0.149055 0.045591
vt 0.149873 0.045612
vt 0.149070 0.043361
vt 0.149890 0.043400
vt 0.149162 0.041177
vt 0.149983 0.041232
vt 0.149328 0.039122
vt 0.150149 0.039193
vt 0.149592 0.037267
vt 0.150417 0.037352
vt 0.149980 0.035675
vt 0.150807 0.035771
vt 0.441878 0.475675
vt 0.441986 0.473769
vt 0.441172 0.473857
vt 0.441061 0.475750
vt 0.441771 0.477790
vt 0.440950 0.477849
vt 0.441687 0.480025
vt 0.440863 0.480068
vt 0.441653 0.482289
vt 0.440826 0.482315
vt 0.441692 0.484487
vt 0.440863 0.484497
vt 0.152037 0.037392
vt 0.151744 0.039228
vt 0.441813 0.486533
vt 0.440981 0.486527
vt 0.441986 0.488354
vt 0.441151 0.488335
vt 0.301823 0.224087
vt 0.301926 0.222167
vt 0.447492 0.482680
vt 0.447611 0.484777
vt 0.151410 0.045625
vt 0.151455 0.047790
vt 0.439102 0.482425
vt 0.439157 0.480186
vt 0.302157 0.234857
vt 0.302046 0.232848
vt 0.448115 0.472547
vt 0.447839 0.474255
vt 0.439535 0.473993
vt 0.441268 0.472247
vt 0.439657 0.472386
vt 0.301797 0.226202
vt 0.447456 0.480495
vt 0.151444 0.043420
vt 0.439126 0.484599
vt 0.302249 0.236621
vt 0.151775 0.051671
vt 0.152037 0.053239
vt 0.439398 0.475881
vt 0.301842 0.228429
vt 0.447503 0.478307
vt 0.151557 0.041260
vt 0.439233 0.486622
vt 0.447808 0.486706
vt 0.448115 0.488403
vt 0.151579 0.049831
vt 0.439265 0.477974
vt 0.301934 0.230676
vt 0.447633 0.476201
vt 0.302081 0.220510
vt 0.439399 0.488423
vt 0.434067 0.860769
vt 0.434071 0.858681
vt 0.433675 0.856631
vt 0.432893 0.854700
vt 0.431751 0.852961
vt 0.430293 0.851482
vt 0.428582 0.850318
vt 0.426686 0.849514
vt 0.424684 0.849099
vt 0.422655 0.849090
vt 0.420678 0.849488
vt 0.418822 0.850276
vt 0.417153 0.851426
vt 0.415733 0.852894
vt 0.414617 0.854624
vt 0.413849 0.856548
vt 0.413457 0.858593
vt 0.413457 0.860681
vt 0.413849 0.862731
vt 0.414617 0.864664
vt 0.415733 0.866406
vt 0.417153 0.867891
vt 0.418822 0.869060
vt 0.420677 0.869870
vt 0.422647 0.870288
vt 0.424663 0.870299
vt 0.426654 0.869900
vt 0.428541 0.869107
vt 0.430251 0.867952
vt 0.431713 0.866478
vt 0.432866 0.864744
vt 0.433662 0.862816
vt 0.001162 0.106896
vt 0.000993 0.106902
vt 0.000977 0.109044
vt 0.001146 0.109038
vt 0.188989 0.276856
vt 0.189159 0.276861
vt 0.189165 0.274645
vt 0.188995 0.274639
vt 0.195318 0.456954
vt 0.195488 0.456958
vt 0.369998 0.474709
vt 0.370170 0.474706
vt 0.369846 0.473168
vt 0.369675 0.473170
vt 0.195387 0.458942
vt 0.195556 0.458946
vt 0.189724 0.284896
vt 0.189891 0.284901
vt 0.189642 0.283189
vt 0.189475 0.283183
vt 0.369609 0.471345
vt 0.369438 0.471347
vt 0.195476 0.460724
vt 0.195646 0.460728
vt 0.369492 0.469300
vt 0.369321 0.469302
vt 0.000983 0.111196
vt 0.001152 0.111190
vt 0.189292 0.272527
vt 0.189122 0.272521
vt 0.369489 0.467115
vt 0.369319 0.467117
vt 0.001337 0.101337
vt 0.001168 0.101342
vt 0.001090 0.102976
vt 0.001260 0.102970
vt 0.189423 0.281223
vt 0.189255 0.281218
vt 0.369581 0.464880
vt 0.369411 0.464882
vt 0.369741 0.462689
vt 0.369571 0.462690
vt 0.001012 0.113277
vt 0.001181 0.113271
vt 0.189545 0.270593
vt 0.189375 0.270587
vt 0.369943 0.460630
vt 0.369775 0.460632
vt 0.001031 0.104853
vt 0.001201 0.104847
vt 0.189254 0.279085
vt 0.189085 0.279079
vt 0.370170 0.458789
vt 0.370001 0.458790
vt 0.195646 0.445149
vt 0.195476 0.445145
vt 0.195360 0.446709
vt 0.195528 0.446712
vt 0.001063 0.115205
vt 0.001232 0.115200
vt 0.189891 0.268909
vt 0.189720 0.268903
vt 0.195300 0.448528
vt 0.195469 0.448532
vt 0.195265 0.450541
vt 0.195434 0.450545
vt 0.001168 0.116917
vt 0.001337 0.116911
vt 0.299794 0.245743
vt 0.299323 0.246558
vt 0.298690 0.247273
vt 0.297919 0.247863
vt 0.297039 0.248300
vt 0.296086 0.248570
vt 0.295094 0.248662
vt 0.294103 0.248570
vt 0.293150 0.248301
vt 0.292271 0.247863
vt 0.291502 0.247273
vt 0.290870 0.246558
vt 0.290401 0.245743
vt 0.290113 0.244860
vt 0.387903 0.486214
vt 0.388136 0.486085
vt 0.387375 0.484169
vt 0.387122 0.484247
vt 0.287896 0.044060
vt 0.288021 0.044306
vt 0.289880 0.043492
vt 0.289803 0.043225
vt 0.389036 0.487986
vt 0.389241 0.487812
vt 0.303149 0.050491
vt 0.302887 0.050574
vt 0.303288 0.052629
vt 0.303561 0.052601
vt 0.299705 0.062178
vt 0.299531 0.061962
vt 0.297823 0.063132
vt 0.297952 0.063379
vt 0.390479 0.489496
vt 0.390647 0.489284
vt 0.283583 0.058943
vt 0.283817 0.058810
vt 0.283049 0.056877
vt 0.282795 0.056960
vt 0.392176 0.490687
vt 0.392301 0.490444
vt 0.291862 0.043072
vt 0.291837 0.042794
vt 0.394067 0.491510
vt 0.394145 0.491246
vt 0.295928 0.063941
vt 0.296008 0.064209
vt 0.396085 0.491935
vt 0.396113 0.491660
vt 0.303291 0.054727
vt 0.303563 0.054753
vt 0.282657 0.054823
vt 0.282393 0.054852
vt 0.398153 0.491945
vt 0.398129 0.491670
vt 0.293892 0.043062
vt 0.293919 0.042784
vt 0.400191 0.491539
vt 0.400115 0.491274
vt 0.293923 0.064358
vt 0.293950 0.064636
vt 0.402121 0.490734
vt 0.401995 0.490489
vt 0.282657 0.052726
vt 0.282393 0.052700
vt 0.403865 0.489560
vt 0.403695 0.489345
vt 0.407345 0.478052
vt 0.407084 0.478131
vt 0.407476 0.480162
vt 0.407746 0.480136
vt 0.295891 0.043463
vt 0.295970 0.043195
vt 0.405354 0.488062
vt 0.405145 0.487886
vt 0.406552 0.476087
vt 0.406312 0.476216
vt 0.291885 0.064367
vt 0.291859 0.064645
vt 0.406526 0.486300
vt 0.406287 0.486169
vt 0.405392 0.474317
vt 0.405182 0.474492
vt 0.283049 0.050667
vt 0.282795 0.050587
vt 0.407333 0.484341
vt 0.407073 0.484260
vt 0.403911 0.472811
vt 0.403739 0.473024
vt 0.297783 0.044259
vt 0.297911 0.044011
vt 0.407743 0.482260
vt 0.407472 0.482232
vt 0.001175 0.041313
vt 0.001005 0.041310
vt 0.001036 0.043462
vt 0.001205 0.043465
vt 0.011605 0.075852
vt 0.015953 0.076014
vt 0.015978 0.073860
vt 0.011566 0.073761
vt 0.402168 0.471626
vt 0.402041 0.471869
vt 0.289894 0.063967
vt 0.289817 0.064236
vt 0.400236 0.470807
vt 0.400158 0.471071
vt 0.283817 0.048724
vt 0.283583 0.048594
vt 0.398190 0.470385
vt 0.398165 0.470660
vt 0.299492 0.045418
vt 0.299664 0.045201
vt 0.302897 0.056785
vt 0.303159 0.056866
vt 0.396113 0.470376
vt 0.396140 0.470651
vt 0.288026 0.063175
vt 0.287901 0.063422
vt 0.394084 0.470781
vt 0.394163 0.471046
vt 0.284932 0.046973
vt 0.284727 0.046797
vt 0.392182 0.471583
vt 0.392308 0.471828
vt 0.300950 0.046897
vt 0.301161 0.046719
vt 0.302119 0.058726
vt 0.302361 0.058858
vt 0.390479 0.472753
vt 0.390647 0.472967
vt 0.286352 0.062020
vt 0.286184 0.062237
vt 0.389036 0.474245
vt 0.389241 0.474422
vt 0.286352 0.045482
vt 0.286184 0.045267
vt 0.387903 0.476003
vt 0.388136 0.476135
vt 0.302097 0.048638
vt 0.302339 0.048505
vt 0.300982 0.060474
vt 0.301194 0.060651
vt 0.387122 0.477960
vt 0.387375 0.478041
vt 0.284932 0.060546
vt 0.284727 0.060725
vt 0.386724 0.480039
vt 0.386987 0.480068
vt 0.386724 0.482162
vt 0.386987 0.482137
vt 0.006820 0.082370
vt 0.010650 0.082426
vt 0.010415 0.080304
vt 0.006521 0.080560
vt 0.380489 0.097710
vt 0.384790 0.097548
vt 0.384742 0.095372
vt 0.380504 0.095598
vt 0.443889 0.839822
vt 0.446885 0.839569
vt 0.446602 0.837955
vt 0.443627 0.838257
vt 0.011718 0.078079
vt 0.015984 0.078308
vt 0.380548 0.099651
vt 0.384897 0.099546
vt 0.444096 0.841632
vt 0.447134 0.841433
vt 0.011885 0.080354
vt 0.016050 0.080648
vt 0.380659 0.101352
vt 0.385029 0.101300
vt 0.444238 0.843618
vt 0.447340 0.843476
vt 0.012083 0.082583
vt 0.016128 0.082938
vt 0.444311 0.845704
vt 0.447493 0.845618
vt 0.012287 0.084675
vt 0.016203 0.085083
vt 0.444306 0.847811
vt 0.447587 0.847779
vt 0.012478 0.086546
vt 0.016259 0.086999
vt 0.444193 0.849867
vt 0.447587 0.849885
vt 0.380570 0.067496
vt 0.384051 0.067316
vt 0.383739 0.065715
vt 0.380139 0.065935
vt 0.443964 0.851795
vt 0.447478 0.851860
vt 0.380892 0.069297
vt 0.384257 0.069164
vt 0.443622 0.853523
vt 0.447257 0.853629
vt 0.381098 0.071271
vt 0.384353 0.071189
vt 0.381145 0.087121
vt 0.384960 0.086662
vt 0.385029 0.084928
vt 0.381344 0.085425
vt 0.381193 0.073342
vt 0.384353 0.073318
vt 0.380941 0.089068
vt 0.384882 0.088657
vt 0.381205 0.075440
vt 0.384287 0.075475
vt 0.380750 0.091187
vt 0.384808 0.090834
vt 0.381137 0.077483
vt 0.384159 0.077579
vt 0.011596 0.071885
vt 0.016056 0.071930
vt 0.016155 0.070287
vt 0.011675 0.070291
vt 0.380596 0.093394
vt 0.384754 0.093103
vt 0.380994 0.079395
vt 0.383975 0.079549
vt 0.380779 0.081101
vt 0.383741 0.081309
vt 0.371906 0.071244
vt 0.375769 0.069228
vt 0.375250 0.067954
vt 0.371493 0.070338
vt 0.439816 0.845298
vt 0.443138 0.845666
vt 0.443102 0.843677
vt 0.439865 0.843596
vt 0.007144 0.084073
vt 0.010898 0.084420
vt 0.439672 0.847021
vt 0.443089 0.847678
vt 0.007472 0.085602
vt 0.011137 0.086206
vt 0.439423 0.848705
vt 0.442929 0.849640
vt 0.379281 0.067878
vt 0.378815 0.066389
vt 0.439068 0.850285
vt 0.442655 0.851481
vt 0.376197 0.070700
vt 0.379643 0.069596
vt 0.438620 0.851699
vt 0.442272 0.853130
vt 0.376522 0.072312
vt 0.379891 0.071478
vt 0.438097 0.852891
vt 0.441795 0.854525
vt 0.376738 0.074003
vt 0.380027 0.073454
vt 0.375849 0.089573
vt 0.379553 0.089290
vt 0.379800 0.087435
vt 0.376169 0.087987
vt 0.376854 0.075711
vt 0.380071 0.075453
vt 0.375559 0.091296
vt 0.379326 0.091309
vt 0.376879 0.077376
vt 0.380032 0.077399
vt 0.290876 0.188859
vt 0.289906 0.189773
vt 0.290684 0.190648
vt 0.291510 0.189571
vt 0.375323 0.093087
vt 0.379142 0.093409
vt 0.376810 0.078936
vt 0.379911 0.079220
vt 0.296706 0.197013
vt 0.296358 0.190907
vt 0.295107 0.190994
vt 0.295113 0.196998
vt 0.375162 0.094874
vt 0.379027 0.095506
vt 0.376652 0.080326
vt 0.379712 0.080843
vt 0.010082 0.076020
vt 0.010728 0.073897
vt 0.010042 0.074863
vt 0.001368 0.068933
vt 0.001668 0.072976
vt 0.002098 0.072888
vt 0.001771 0.068956
vt 0.439709 0.840497
vt 0.442811 0.840060
vt 0.442567 0.838571
vt 0.439512 0.839221
vt 0.006271 0.078717
vt 0.010218 0.078140
vt 0.006091 0.076912
vt 0.137186 0.055289
vt 0.137197 0.054258
vt 0.134690 0.054072
vt 0.134679 0.055305
vt 0.439829 0.841976
vt 0.442992 0.841784
vt 0.009999 0.072660
vt 0.009982 0.073890
vt 0.433998 0.847768
vt 0.435112 0.848488
vt 0.435411 0.847353
vt 0.434243 0.846853
vt 0.372259 0.072302
vt 0.434748 0.849494
vt 0.372538 0.073469
vt 0.434334 0.850332
vt 0.372738 0.074698
vt 0.372330 0.089947
vt 0.372596 0.088818
vt 0.372856 0.075946
vt 0.372090 0.091178
vt 0.372896 0.077161
vt 0.293707 0.190182
vt 0.293929 0.190230
vt 0.295106 0.190311
vt 0.296283 0.190230
vt 0.296506 0.190182
vt 0.298191 0.189158
vt 0.298266 0.189101
vt 0.298821 0.188475
vt 0.299233 0.187761
vt 0.299486 0.186987
vt 0.299571 0.186181
vt 0.299484 0.185375
vt 0.299228 0.184601
vt 0.298814 0.183887
vt 0.298257 0.183261
vt 0.297579 0.182746
vt 0.296806 0.182363
vt 0.295967 0.182127
vt 0.295095 0.182047
vt 0.294223 0.182127
vt 0.293384 0.182363
vt 0.292612 0.182746
vt 0.291935 0.183261
vt 0.291380 0.183887
vt 0.290968 0.184601
vt 0.290715 0.185376
vt 0.290630 0.186181
vt 0.290717 0.186987
vt 0.290973 0.187761
vt 0.291387 0.188475
vt 0.291944 0.189101
vt 0.292018 0.189158
vt 0.371894 0.092463
vt 0.372860 0.078298
vt 0.293580 0.055820
vt 0.293623 0.051201
vt 0.289392 0.053569
vt 0.289752 0.056471
vt 0.188742 0.051066
vt 0.188742 0.055294
vt 0.190474 0.054702
vt 0.189999 0.050666
vt 0.372749 0.079316
vt 0.002542 0.078420
vt 0.005932 0.075916
vt 0.002402 0.077701
vt 0.371610 0.094442
vt 0.375009 0.095828
vt 0.371745 0.093753
vt 0.435778 0.841378
vt 0.435638 0.840445
vt 0.146377 0.165779
vt 0.146853 0.161744
vt 0.145119 0.161162
vt 0.145119 0.165387
vt 0.139694 0.055308
vt 0.139705 0.054075
vt 0.435850 0.842456
vt 0.002913 0.081040
vt 0.002705 0.079719
vt 0.009276 0.074982
vt 0.435854 0.843639
vt 0.003160 0.082330
vt 0.435785 0.844882
vt 0.003430 0.083539
vt 0.435638 0.846134
vt 0.374663 0.066928
vt 0.371034 0.069619
vt 0.002062 0.078469
vt 0.001923 0.077751
vt 0.371108 0.072933
vt 0.370820 0.072080
vt 0.433703 0.848582
vt 0.371340 0.073875
vt 0.300087 0.187166
vt 0.301227 0.187692
vt 0.301346 0.186564
vt 0.300183 0.186249
vt 0.371508 0.074871
vt 0.299799 0.188047
vt 0.300873 0.188774
vt 0.371609 0.075881
vt 0.299331 0.188859
vt 0.300297 0.189773
vt 0.371644 0.076867
vt 0.298700 0.189571
vt 0.299522 0.190647
vt 0.371614 0.077791
vt 0.293856 0.190907
vt 0.293520 0.197013
vt 0.371277 0.093715
vt 0.371240 0.092403
vt 0.371004 0.092693
vt 0.370773 0.093127
vt 0.370967 0.093543
vt 0.371524 0.078618
vt 0.126012 0.049147
vt 0.127876 0.047857
vt 0.125429 0.045024
vt 0.123553 0.047383
vt 0.371144 0.094404
vt 0.434559 0.842015
vt 0.434446 0.841257
vt 0.290405 0.188047
vt 0.289327 0.188775
vt 0.120901 0.044761
vt 0.123405 0.040643
vt 0.122983 0.040429
vt 0.120542 0.044531
vt 0.434618 0.842890
vt 0.297125 0.197027
vt 0.296834 0.190799
vt 0.434619 0.843849
vt 0.002013 0.079925
vt 0.001744 0.078650
vt 0.001549 0.079075
vt 0.001770 0.079626
vt 0.379676 0.097614
vt 0.379000 0.096675
vt 0.434558 0.844855
vt 0.290115 0.187166
vt 0.288970 0.187692
vt 0.434432 0.845869
vt 0.290016 0.186250
vt 0.288848 0.186564
vt 0.290113 0.185333
vt 0.288966 0.185430
vt 0.379128 0.100982
vt 0.378986 0.098913
vt 0.378246 0.096533
vt 0.133336 0.053762
vt 0.133321 0.055326
vt 0.141055 0.055331
vt 0.141061 0.053768
vt 0.005363 0.072999
vt 0.008225 0.073032
vt 0.010101 0.070729
vt 0.443178 0.854984
vt 0.139686 0.058098
vt 0.137178 0.058105
vt 0.297136 0.202017
vt 0.296710 0.202014
vt 0.124526 0.051259
vt 0.121817 0.050035
vt 0.295118 0.202012
vt 0.293525 0.202014
vt 0.005056 0.069856
vt 0.007890 0.070477
vt 0.293528 0.208682
vt 0.293099 0.202017
vt 0.293096 0.208684
vt 0.293101 0.197027
vt 0.134671 0.058095
vt 0.118782 0.048099
vt 0.293623 0.059613
vt 0.289833 0.059516
vt 0.133313 0.058085
vt 0.292545 0.197083
vt 0.293380 0.190799
vt 0.292548 0.191671
vt 0.378948 0.097628
vt 0.122682 0.056073
vt 0.119671 0.054747
vt 0.295122 0.208679
vt 0.005352 0.064609
vt 0.008499 0.065269
vt 0.002238 0.059620
vt 0.001491 0.063372
vt 0.002001 0.063437
vt 0.002793 0.059718
vt 0.297146 0.208684
vt 0.296714 0.208682
vt 0.137168 0.064332
vt 0.134661 0.064313
vt 0.116449 0.053026
vt 0.133301 0.064311
vt 0.141037 0.064316
vt 0.141045 0.058090
vt 0.139676 0.064317
vt 0.118397 0.047975
vt 0.115945 0.052903
vt 0.139670 0.068153
vt 0.137162 0.068162
vt 0.297149 0.213340
vt 0.296715 0.213340
vt 0.121673 0.059114
vt 0.118809 0.058100
vt 0.295122 0.213341
vt 0.293529 0.213340
vt 0.006157 0.061118
vt 0.009025 0.062030
vt 0.293095 0.213340
vt 0.134655 0.068150
vt 0.115470 0.056574
vt 0.133294 0.068149
vt 0.114908 0.056464
vt 0.141032 0.068155
vt 0.009881 0.074384
vt 0.009620 0.074782
vt 0.378583 0.096718
vt 0.378842 0.097118
vt 0.120254 0.044232
vt 0.122681 0.040189
vt 0.297681 0.197082
vt 0.298087 0.197201
vt 0.298081 0.191663
vt 0.297669 0.191670
vt 0.291663 0.189749
vt 0.291237 0.190714
vt 0.292136 0.197201
vt 0.292134 0.191663
vt 0.013510 0.167118
vt 0.013938 0.167028
vt 0.013975 0.162482
vt 0.013568 0.162517
vt 0.001586 0.077652
vt 0.001337 0.077311
vt 0.298977 0.190714
vt 0.298548 0.189749
vt 0.370817 0.094517
vt 0.370581 0.094881
vt 0.377203 0.098286
vt 0.377584 0.098357
vt 0.377859 0.098622
vt 0.132823 0.053591
vt 0.132815 0.055308
vt 0.008614 0.072957
vt 0.008890 0.072707
vt 0.141560 0.055314
vt 0.141574 0.053597
vt 0.008303 0.070482
vt 0.141550 0.058063
vt 0.141875 0.058037
vt 0.141888 0.055234
vt 0.297689 0.202027
vt 0.298093 0.202055
vt 0.118057 0.047760
vt 0.292545 0.202027
vt 0.292140 0.202055
vt 0.013546 0.171035
vt 0.013975 0.171041
vt 0.132808 0.058057
vt 0.132479 0.058031
vt 0.132483 0.055228
vt 0.376853 0.100564
vt 0.377257 0.100563
vt 0.292546 0.208691
vt 0.292143 0.208707
vt 0.001143 0.063224
vt 0.001006 0.068802
vt 0.132794 0.064294
vt 0.132460 0.064257
vt 0.123083 0.056129
vt 0.124936 0.051317
vt 0.141543 0.064300
vt 0.141874 0.064263
vt 0.008906 0.065261
vt 0.115610 0.052708
vt 0.297696 0.208691
vt 0.298097 0.208707
vt 0.009373 0.062032
vt 0.141538 0.068147
vt 0.141871 0.068132
vt 0.297697 0.213340
vt 0.298098 0.213339
vt 0.114568 0.056285
vt 0.292546 0.213340
vt 0.292143 0.213339
vt 0.001894 0.059455
vt 0.132787 0.068142
vt 0.132451 0.068126
vt 0.122026 0.059134
vt 0.179272 0.035440
vt 0.179363 0.033837
vt 0.178491 0.033852
vt 0.178402 0.035443
vt 0.179195 0.037322
vt 0.178328 0.037311
vt 0.179167 0.039421
vt 0.178304 0.039395
vt 0.179187 0.041657
vt 0.178329 0.041615
vt 0.179235 0.043936
vt 0.178383 0.043878
vt 0.179292 0.046165
vt 0.178445 0.046091
vt 0.179338 0.048252
vt 0.178498 0.048164
vt 0.179363 0.050114
vt 0.178530 0.050014
vt 0.301901 0.207937
vt 0.302178 0.209581
vt 0.303015 0.209527
vt 0.302733 0.207894
vt 0.301732 0.206039
vt 0.302558 0.206010
vt 0.301671 0.203959
vt 0.302491 0.203944
vt 0.301695 0.201769
vt 0.302513 0.201771
vt 0.301781 0.199548
vt 0.302597 0.199567
vt 0.301925 0.197381
vt 0.302739 0.197417
vt 0.302122 0.195352
vt 0.302933 0.195403
vt 0.302364 0.193538
vt 0.303173 0.193603
vt 0.371317 0.843747
vt 0.371539 0.845408
vt 0.372348 0.845350
vt 0.372128 0.843702
vt 0.371135 0.841832
vt 0.371949 0.841802
vt 0.371000 0.839737
vt 0.371816 0.839723
vt 0.370918 0.837543
vt 0.371736 0.837545
vt 0.370891 0.835333
vt 0.371711 0.835352
vt 0.370942 0.833187
vt 0.371768 0.833222
vt 0.371096 0.831179
vt 0.371928 0.831228
vt 0.371352 0.829386
vt 0.372190 0.829448
vt 0.170700 0.035248
vt 0.170748 0.033526
vt 0.169918 0.033634
vt 0.169863 0.035344
vt 0.170637 0.037231
vt 0.169793 0.037314
vt 0.170570 0.039397
vt 0.169721 0.039465
vt 0.170518 0.041657
vt 0.169663 0.041708
vt 0.170502 0.043917
vt 0.169642 0.043952
vt 0.170540 0.046085
vt 0.169676 0.046105
vt 0.373880 0.829449
vt 0.373584 0.831225
vt 0.170634 0.048078
vt 0.169766 0.048082
vt 0.170748 0.049828
vt 0.169878 0.049819
vt 0.176460 0.037187
vt 0.176521 0.035325
vt 0.304086 0.203977
vt 0.304181 0.206037
vt 0.373309 0.837525
vt 0.373372 0.839694
vt 0.167796 0.044084
vt 0.167843 0.041846
vt 0.176770 0.048014
vt 0.176682 0.045945
vt 0.304703 0.193673
vt 0.304467 0.195466
vt 0.168138 0.035497
vt 0.168228 0.033789
vt 0.176455 0.039265
vt 0.304086 0.201810
vt 0.373306 0.835339
vt 0.167812 0.046230
vt 0.176837 0.049861
vt 0.373663 0.843659
vt 0.373880 0.845300
vt 0.168034 0.037464
vt 0.176505 0.041479
vt 0.304152 0.199614
vt 0.373392 0.833214
vt 0.167889 0.048202
vt 0.304387 0.207917
vt 0.304703 0.209547
vt 0.373492 0.841766
vt 0.167929 0.039609
vt 0.176588 0.043736
vt 0.304281 0.197472
vt 0.176605 0.033739
vt 0.167996 0.049932
vt 0.418152 0.047085
vt 0.418547 0.045025
vt 0.418544 0.042926
vt 0.418143 0.040869
vt 0.417352 0.038933
vt 0.416204 0.037190
vt 0.414745 0.035711
vt 0.413034 0.034550
vt 0.411141 0.033754
vt 0.409140 0.033353
vt 0.407109 0.033363
vt 0.405126 0.033783
vt 0.403265 0.034597
vt 0.401595 0.035774
vt 0.400174 0.037266
vt 0.399058 0.039018
vt 0.398290 0.040962
vt 0.397898 0.043023
vt 0.397898 0.045121
vt 0.398290 0.047176
vt 0.399058 0.049110
vt 0.400174 0.050848
vt 0.401595 0.052323
vt 0.403270 0.053478
vt 0.405139 0.054271
vt 0.407132 0.054671
vt 0.409171 0.054662
vt 0.411179 0.054245
vt 0.413075 0.053436
vt 0.414784 0.052265
vt 0.416236 0.050776
vt 0.417374 0.049027
vt 0.367895 0.239515
vt 0.367725 0.239518
vt 0.367697 0.241643
vt 0.367867 0.241639
vt 0.163637 0.079273
vt 0.163810 0.079283
vt 0.163825 0.077063
vt 0.163651 0.077053
vt 0.001066 0.045543
vt 0.001236 0.045546
vt 0.317841 0.064576
vt 0.318016 0.064568
vt 0.317737 0.062951
vt 0.317562 0.062959
vt 0.001096 0.047473
vt 0.001266 0.047475
vt 0.164324 0.087111
vt 0.164494 0.087121
vt 0.164252 0.085486
vt 0.164082 0.085477
vt 0.317521 0.061073
vt 0.317346 0.061082
vt 0.001125 0.049177
vt 0.001294 0.049180
vt 0.317407 0.058996
vt 0.317233 0.059004
vt 0.367667 0.243798
vt 0.367836 0.243795
vt 0.163952 0.074917
vt 0.163777 0.074906
vt 0.317396 0.056801
vt 0.317223 0.056808
vt 0.367953 0.234123
vt 0.367783 0.234126
vt 0.367769 0.235686
vt 0.367939 0.235683
vt 0.164045 0.083583
vt 0.163874 0.083573
vt 0.317472 0.054577
vt 0.317300 0.054584
vt 0.317614 0.052415
vt 0.317443 0.052422
vt 0.367660 0.245910
vt 0.367830 0.245907
vt 0.164188 0.072928
vt 0.164014 0.072916
vt 0.317801 0.050405
vt 0.317630 0.050412
vt 0.367750 0.237507
vt 0.367919 0.237504
vt 0.163891 0.081487
vt 0.163719 0.081477
vt 0.318016 0.048627
vt 0.317846 0.048633
vt 0.001294 0.033565
vt 0.001123 0.033563
vt 0.001024 0.035223
vt 0.001194 0.035226
vt 0.367696 0.247902
vt 0.367867 0.247899
vt 0.164494 0.071162
vt 0.164319 0.071151
vt 0.000977 0.037116
vt 0.001146 0.037118
vt 0.000977 0.039169
vt 0.001146 0.039172
vt 0.367781 0.249700
vt 0.367953 0.249697
vt 0.290401 0.184453
vt 0.290870 0.183640
vt 0.291501 0.182925
vt 0.292271 0.182337
vt 0.293149 0.181899
vt 0.294102 0.181630
vt 0.295094 0.181538
vt 0.296085 0.181630
vt 0.297039 0.181899
vt 0.297918 0.182337
vt 0.298689 0.182925
vt 0.299322 0.183640
vt 0.299793 0.184452
vt 0.300084 0.185333
vt 0.113905 0.059064
vt 0.346073 0.172767
vt 0.345306 0.172896
vt 0.345340 0.176431
vt 0.346106 0.176289
vt 0.885595 0.842012
vt 0.886271 0.842091
vt 0.887020 0.837794
vt 0.886354 0.837658
vt 0.886948 0.842172
vt 0.887680 0.837972
vt 0.169904 0.086901
vt 0.170711 0.087003
vt 0.170711 0.083516
vt 0.169904 0.083346
vt 0.359207 0.254682
vt 0.359946 0.254857
vt 0.359722 0.251733
vt 0.358982 0.251546
vt 0.911329 0.330398
vt 0.910655 0.330486
vt 0.911384 0.334656
vt 0.912047 0.334510
vt 0.909975 0.330559
vt 0.910720 0.334825
vt 0.346753 0.173067
vt 0.346786 0.176523
vt 0.345565 0.179621
vt 0.346331 0.179472
vt 0.888030 0.834397
vt 0.887380 0.834207
vt 0.888666 0.834659
vt 0.358254 0.251772
vt 0.359042 0.248695
vt 0.358315 0.248864
vt 0.359782 0.248889
vt 0.912370 0.337963
vt 0.913018 0.337763
vt 0.911731 0.338217
vt 0.347008 0.179647
vt 0.345851 0.182558
vt 0.346618 0.182415
vt 0.889180 0.831562
vt 0.888546 0.831332
vt 0.889795 0.831876
vt 0.359223 0.246003
vt 0.358498 0.246141
vt 0.359964 0.246192
vt 0.913511 0.340774
vt 0.914143 0.340533
vt 0.912892 0.341080
vt 0.347291 0.182557
vt 0.346099 0.185351
vt 0.346867 0.185224
vt 0.890384 0.828980
vt 0.889759 0.828730
vt 0.890994 0.829306
vt 0.359399 0.243345
vt 0.358673 0.243485
vt 0.360140 0.243518
vt 0.914733 0.343397
vt 0.915356 0.343137
vt 0.914120 0.343715
vt 0.347540 0.185369
vt 0.346246 0.188138
vt 0.347015 0.188034
vt 0.891600 0.826373
vt 0.890975 0.826122
vt 0.892219 0.826678
vt 0.359475 0.240609
vt 0.358749 0.240779
vt 0.360217 0.240760
vt 0.915986 0.346087
vt 0.916609 0.345826
vt 0.915364 0.346385
vt 0.347690 0.188210
vt 0.346262 0.191078
vt 0.347031 0.190994
vt 0.892821 0.823499
vt 0.892191 0.823260
vt 0.893456 0.823769
vt 0.359395 0.237693
vt 0.358670 0.237902
vt 0.360137 0.237826
vt 0.917247 0.349051
vt 0.917875 0.348802
vt 0.916610 0.349313
vt 0.347707 0.191209
vt 0.346140 0.194309
vt 0.346909 0.194239
vt 0.894063 0.820181
vt 0.893427 0.819958
vt 0.894710 0.820416
vt 0.359137 0.234511
vt 0.358414 0.234753
vt 0.359878 0.234631
vt 0.918518 0.352442
vt 0.919151 0.352208
vt 0.917867 0.352668
vt 0.347583 0.194489
vt 0.345891 0.197912
vt 0.346659 0.197848
vt 0.895343 0.816334
vt 0.894703 0.816123
vt 0.895999 0.816543
vt 0.358711 0.231007
vt 0.357991 0.231269
vt 0.359451 0.231119
vt 0.919816 0.356334
vt 0.920453 0.356112
vt 0.919156 0.356534
vt 0.347332 0.198120
vt 0.345545 0.201905
vt 0.346313 0.201844
vt 0.896683 0.811966
vt 0.896041 0.811762
vt 0.897344 0.812162
vt 0.358154 0.227163
vt 0.357434 0.227436
vt 0.358893 0.227273
vt 0.921165 0.360719
vt 0.921805 0.360505
vt 0.920502 0.360907
vt 0.346985 0.202126
vt 0.345152 0.206257
vt 0.345920 0.206194
vt 0.898115 0.807175
vt 0.897473 0.806971
vt 0.898775 0.807372
vt 0.357529 0.223011
vt 0.356809 0.223282
vt 0.358268 0.223123
vt 0.922597 0.365503
vt 0.923238 0.365288
vt 0.921935 0.365692
vt 0.346593 0.206474
vt 0.344783 0.210884
vt 0.345552 0.210817
vt 0.899672 0.802146
vt 0.899033 0.801934
vt 0.900326 0.802361
vt 0.356926 0.218626
vt 0.356205 0.218883
vt 0.357666 0.218742
vt 0.924149 0.370499
vt 0.924786 0.370277
vt 0.923491 0.370706
vt 0.346225 0.211082
vt 0.344515 0.215674
vt 0.345284 0.215599
vt 0.901398 0.797126
vt 0.900765 0.796894
vt 0.902040 0.797375
vt 0.356450 0.214115
vt 0.355725 0.214344
vt 0.357190 0.214239
vt 0.925860 0.375469
vt 0.926490 0.375227
vt 0.925215 0.375710
vt 0.345959 0.215835
vt 0.344404 0.220525
vt 0.345174 0.220441
vt 0.903335 0.792336
vt 0.902715 0.792074
vt 0.903956 0.792638
vt 0.356174 0.209572
vt 0.355448 0.209759
vt 0.356916 0.209704
vt 0.927773 0.380193
vt 0.928391 0.379921
vt 0.927150 0.380487
vt 0.345849 0.220634
vt 0.344473 0.225366
vt 0.345243 0.225275
vt 0.905530 0.787957
vt 0.904933 0.787649
vt 0.906115 0.788328
vt 0.356139 0.205068
vt 0.355412 0.205197
vt 0.356881 0.205206
vt 0.929932 0.384503
vt 0.930527 0.384185
vt 0.929345 0.384867
vt 0.345917 0.225409
vt 0.344712 0.230152
vt 0.345482 0.230061
vt 0.908028 0.784121
vt 0.907471 0.783754
vt 0.908557 0.784577
vt 0.356345 0.200645
vt 0.355621 0.200702
vt 0.357086 0.200783
vt 0.932383 0.388273
vt 0.932939 0.387896
vt 0.931852 0.388722
vt 0.346153 0.230121
vt 0.345077 0.234859
vt 0.345847 0.234780
vt 0.910873 0.780919
vt 0.910378 0.780483
vt 0.911321 0.781464
vt 0.356756 0.196316
vt 0.356040 0.196291
vt 0.357498 0.196443
vt 0.935176 0.391430
vt 0.935669 0.390983
vt 0.934726 0.391970
vt 0.346513 0.234757
vt 0.345494 0.239469
vt 0.346266 0.239418
vt 0.914097 0.778396
vt 0.913689 0.777892
vt 0.914442 0.779023
vt 0.357308 0.192064
vt 0.356602 0.191957
vt 0.358054 0.192163
vt 0.938355 0.393936
vt 0.938760 0.393420
vt 0.938009 0.394556
vt 0.346924 0.239312
vt 0.345881 0.243930
vt 0.346657 0.243918
vt 0.917686 0.776580
vt 0.917384 0.776022
vt 0.917912 0.777266
vt 0.357928 0.187901
vt 0.357233 0.187720
vt 0.358680 0.187961
vt 0.941916 0.395758
vt 0.942214 0.395188
vt 0.941688 0.396440
vt 0.347309 0.243739
vt 0.346165 0.248138
vt 0.346944 0.248172
vt 0.921558 0.775493
vt 0.921376 0.774902
vt 0.921661 0.776214
vt 0.358543 0.183905
vt 0.357858 0.183662
vt 0.359302 0.183917
vt 0.945781 0.396865
vt 0.945960 0.396260
vt 0.945678 0.397582
vt 0.347592 0.247934
vt 0.346280 0.251943
vt 0.347060 0.252028
vt 0.925567 0.775156
vt 0.925515 0.774554
vt 0.925541 0.775887
vt 0.359075 0.180227
vt 0.358397 0.179934
vt 0.359842 0.180186
vt 0.949804 0.397222
vt 0.949853 0.396606
vt 0.949830 0.397950
vt 0.347707 0.251741
vt 0.346165 0.255139
vt 0.346943 0.255277
vt 0.929497 0.775591
vt 0.929592 0.775006
vt 0.929331 0.776306
vt 0.359445 0.177088
vt 0.358771 0.176753
vt 0.360217 0.176990
vt 0.953767 0.396796
vt 0.953668 0.396196
vt 0.953933 0.397508
vt 0.347591 0.254951
vt 0.539611 0.497354
vt 0.538830 0.497525
vt 0.539426 0.500892
vt 0.540220 0.500796
vt 0.933076 0.776817
vt 0.933341 0.776293
vt 0.932753 0.777476
vt 0.779813 0.174707
vt 0.780463 0.174410
vt 0.780448 0.171223
vt 0.779796 0.171470
vt 0.781256 0.174514
vt 0.781239 0.171247
vt 0.957393 0.395556
vt 0.957124 0.395017
vt 0.957717 0.396212
vt 0.954069 0.397915
vt 0.957906 0.396600
vt 0.539549 0.504717
vt 0.540345 0.504723
vt 0.936064 0.778840
vt 0.936501 0.778435
vt 0.935581 0.779389
vt 0.780102 0.167787
vt 0.779444 0.167967
vt 0.780883 0.167708
vt 0.960424 0.393493
vt 0.959983 0.393073
vt 0.960907 0.394038
vt 0.540831 0.501014
vt 0.540954 0.504875
vt 0.539174 0.508860
vt 0.539962 0.508972
vt 0.938314 0.781646
vt 0.938882 0.781401
vt 0.937707 0.782041
vt 0.779434 0.164172
vt 0.778762 0.164274
vt 0.780196 0.163987
vt 0.962692 0.390637
vt 0.962121 0.390380
vt 0.963300 0.391028
vt 0.540578 0.509046
vt 0.538367 0.513191
vt 0.539141 0.513380
vt 0.939767 0.785193
vt 0.940402 0.785106
vt 0.939092 0.785431
vt 0.778489 0.160387
vt 0.777799 0.160414
vt 0.779232 0.160127
vt 0.964138 0.387057
vt 0.963499 0.386958
vt 0.964812 0.387289
vt 0.539770 0.513378
vt 0.537270 0.517623
vt 0.538035 0.517848
vt 0.940451 0.789407
vt 0.941107 0.789435
vt 0.939753 0.789519
vt 0.777368 0.156447
vt 0.776661 0.156411
vt 0.778102 0.156152
vt 0.964804 0.382845
vt 0.964145 0.382863
vt 0.965501 0.382950
vt 0.538680 0.517780
vt 0.536086 0.522125
vt 0.536850 0.522354
vt 0.940489 0.794178
vt 0.941146 0.794271
vt 0.939789 0.794200
vt 0.776243 0.152380
vt 0.775521 0.152289
vt 0.776977 0.152082
vt 0.964829 0.378119
vt 0.964168 0.378202
vt 0.965528 0.378133
vt 0.537510 0.522227
vt 0.535026 0.526696
vt 0.535794 0.526907
vt 0.940058 0.799379
vt 0.940713 0.799500
vt 0.939362 0.799342
vt 0.145338 0.053010
vt 0.146148 0.052783
vt 0.145564 0.048630
vt 0.144747 0.048811
vt 0.776036 0.147913
vt 0.775298 0.148194
vt 0.964396 0.372993
vt 0.963737 0.373104
vt 0.965090 0.372948
vt 0.536465 0.526730
vt 0.534234 0.531351
vt 0.535007 0.531532
vt 0.939337 0.804906
vt 0.939992 0.805027
vt 0.938646 0.804832
vt 0.145369 0.044036
vt 0.144550 0.044176
vt 0.775400 0.143621
vt 0.774658 0.143875
vt 0.963681 0.367561
vt 0.963022 0.367673
vt 0.964371 0.367480
vt 0.185314 0.051010
vt 0.184484 0.050736
vt 0.184484 0.055256
vt 0.185314 0.055490
vt 0.533784 0.536118
vt 0.534561 0.536267
vt 0.938495 0.810675
vt 0.939153 0.810780
vt 0.937806 0.810586
vt 0.145580 0.039218
vt 0.144762 0.039325
vt 0.775120 0.139165
vt 0.774377 0.139387
vt 0.962848 0.361888
vt 0.962187 0.361984
vt 0.963535 0.361791
vt 0.535685 0.531314
vt 0.535242 0.536016
vt 0.533680 0.541046
vt 0.534457 0.541163
vt 0.937691 0.816632
vt 0.938352 0.816708
vt 0.937001 0.816547
vt 0.146148 0.034347
vt 0.145333 0.034434
vt 0.775178 0.134486
vt 0.774435 0.134677
vt 0.962051 0.356015
vt 0.961386 0.356081
vt 0.962739 0.355921
vt 0.535138 0.540891
vt 0.533853 0.546200
vt 0.534629 0.546290
vt 0.937070 0.822745
vt 0.937735 0.822783
vt 0.936378 0.822681
vt 0.773695 0.134449
vt 0.774746 0.129678
vt 0.774007 0.129445
vt 0.775488 0.129511
vt 0.961433 0.349958
vt 0.960765 0.349987
vt 0.962123 0.349886
vt 0.535310 0.546014
vt 0.534194 0.551654
vt 0.534970 0.551726
vt 0.936752 0.829004
vt 0.937418 0.829003
vt 0.936058 0.828976
vt 0.775181 0.124327
vt 0.774441 0.124102
vt 0.775922 0.124178
vt 0.961114 0.343722
vt 0.960444 0.343711
vt 0.961807 0.343685
vt 0.535651 0.551458
vt 0.534608 0.557450
vt 0.535383 0.557511
vt 0.936793 0.835408
vt 0.937460 0.835370
vt 0.936100 0.835419
vt 0.775630 0.118602
vt 0.774889 0.118394
vt 0.776370 0.118465
vt 0.961156 0.337317
vt 0.960486 0.337269
vt 0.961848 0.337319
vt 0.536066 0.557260
vt 0.535021 0.563589
vt 0.535796 0.563645
vt 0.937188 0.841949
vt 0.937853 0.841883
vt 0.936497 0.841996
vt 0.776020 0.112529
vt 0.775277 0.112341
vt 0.776759 0.112397
vt 0.961552 0.330758
vt 0.960883 0.330682
vt 0.962242 0.330796
vt 0.536480 0.563414
vt 0.535385 0.570027
vt 0.536160 0.570084
vt 0.937864 0.848619
vt 0.938527 0.848536
vt 0.937175 0.848690
vt 0.776310 0.106176
vt 0.775567 0.106005
vt 0.777049 0.106042
vt 0.962229 0.324064
vt 0.961563 0.323972
vt 0.962917 0.324126
vt 0.536845 0.569871
vt 0.535673 0.576674
vt 0.536448 0.576738
vt 0.938683 0.855403
vt 0.939346 0.855320
vt 0.937994 0.855481
vt 0.776498 0.099655
vt 0.775754 0.099494
vt 0.777238 0.099515
vt 0.963050 0.317257
vt 0.962383 0.317164
vt 0.963737 0.317326
vt 0.537133 0.576534
vt 0.535881 0.583394
vt 0.536656 0.583467
vt 0.939465 0.862271
vt 0.940130 0.862202
vt 0.938776 0.862340
vt 0.776612 0.093111
vt 0.775868 0.092949
vt 0.777352 0.092962
vt 0.963831 0.310373
vt 0.963163 0.310293
vt 0.964519 0.310432
vt 0.537342 0.583264
vt 0.536034 0.590014
vt 0.536809 0.590095
vt 0.940066 0.869136
vt 0.940732 0.869087
vt 0.939375 0.869183
vt 0.776699 0.086708
vt 0.775956 0.086537
vt 0.777439 0.086551
vt 0.964430 0.303507
vt 0.963760 0.303449
vt 0.965119 0.303545
vt 0.537495 0.589882
vt 0.536183 0.596332
vt 0.536959 0.596415
vt 0.940407 0.875837
vt 0.941075 0.875811
vt 0.939715 0.875855
vt 0.776825 0.080630
vt 0.776082 0.080442
vt 0.777565 0.080470
vt 0.964768 0.296827
vt 0.964097 0.296791
vt 0.965459 0.296836
vt 0.537643 0.596184
vt 0.536409 0.602121
vt 0.537184 0.602195
vt 0.940478 0.882146
vt 0.941146 0.882137
vt 0.939785 0.882130
vt 0.777069 0.075083
vt 0.776328 0.074867
vt 0.777809 0.074932
vt 0.964836 0.290577
vt 0.964165 0.290558
vt 0.965528 0.290552
vt 0.537868 0.601936
vt 0.536821 0.607131
vt 0.537593 0.607175
vt 0.940333 0.887769
vt 0.941001 0.887762
vt 0.939641 0.887714
vt 0.777530 0.070295
vt 0.776793 0.070035
vt 0.778266 0.070173
vt 0.964694 0.285082
vt 0.964023 0.285067
vt 0.965385 0.285019
vt 0.538273 0.606872
vt 0.536419 0.611181
vt 0.537177 0.611157
vt 0.940079 0.892376
vt 0.940748 0.892347
vt 0.939390 0.892275
vt 0.777167 0.066524
vt 0.776448 0.066189
vt 0.777888 0.066470
vt 0.964447 0.280698
vt 0.963775 0.280659
vt 0.965136 0.280588
vt 0.537840 0.610775
vt 0.537594 0.614008
vt 0.538290 0.613851
vt 0.939826 0.895789
vt 0.940499 0.895696
vt 0.939141 0.895620
vt 0.778344 0.063849
vt 0.777691 0.063380
vt 0.005441 0.107569
vt 0.006212 0.107336
vt 0.005447 0.105056
vt 0.004643 0.105167
vt 0.964232 0.277760
vt 0.963555 0.277659
vt 0.964916 0.277584
vt 0.538891 0.613337
vt 0.006186 0.033746
vt 0.005466 0.033467
vt 0.005376 0.035712
vt 0.006097 0.035743
vt 0.004756 0.033596
vt 0.004666 0.035952
vt 0.938956 0.897722
vt 0.939634 0.897971
vt 0.779896 0.062263
vt 0.779432 0.061616
vt 0.005586 0.103298
vt 0.004814 0.103166
vt 0.964101 0.276225
vt 0.963416 0.276028
vt 0.964778 0.275971
vt 0.539769 0.615357
vt 0.540186 0.614672
vt 0.005674 0.037621
vt 0.006186 0.037215
vt 0.005061 0.038066
vt 0.779235 0.060964
vt 0.781246 0.061086
vt 0.781211 0.060392
vt 0.781256 0.061849
vt 0.005731 0.102165
vt 0.005257 0.101648
vt 0.006206 0.103723
vt 0.006212 0.102771
vt 0.964375 0.275397
vt 0.963701 0.275693
vt 0.540954 0.615694
vt 0.540923 0.614926
vt 0.097608 0.377383
vt 0.097940 0.377677
vt 0.098594 0.377949
vt 0.098477 0.377744
vt 0.103049 0.379939
vt 0.103180 0.379655
vt 0.102696 0.379146
vt 0.102406 0.379263
vt 0.103958 0.377690
vt 0.103864 0.377963
vt 0.104348 0.378472
vt 0.104602 0.378366
vt 0.096738 0.379469
vt 0.097287 0.379246
vt 0.097016 0.378594
vt 0.096378 0.378602
vt 0.103958 0.379956
vt 0.103864 0.379668
vt 0.013797 0.101987
vt 0.013680 0.102192
vt 0.013411 0.102846
vt 0.013439 0.102857
vt 0.097287 0.377944
vt 0.096738 0.377738
vt 0.013680 0.103500
vt 0.013797 0.103727
vt 0.306081 0.159285
vt 0.305267 0.159341
vt 0.305276 0.162675
vt 0.306109 0.162618
vt 0.304323 0.159367
vt 0.304323 0.162702
vt 0.332507 0.162155
vt 0.333349 0.162170
vt 0.333356 0.158841
vt 0.332507 0.158825
vt 0.334272 0.162223
vt 0.334299 0.158895
vt 0.187057 0.035402
vt 0.187900 0.035394
vt 0.187920 0.032086
vt 0.187057 0.032095
vt 0.188827 0.035451
vt 0.188857 0.032143
vt 0.303286 0.213554
vt 0.302468 0.213630
vt 0.302490 0.216963
vt 0.303316 0.216886
vt 0.301526 0.213649
vt 0.301526 0.216981
vt 0.097608 0.379831
vt 0.097941 0.379518
vt 0.104348 0.379178
vt 0.104601 0.379305
vt 0.102696 0.378440
vt 0.102406 0.378324
vt 0.103180 0.377950
vt 0.103049 0.377673
vt 0.098477 0.379476
vt 0.098594 0.379251
s 0
usemtl Phone_booth_material
f 1/1/1 2/2/1 3/3/1
f 1/1/1 3/3/1 4/4/1
f 1/1/1 4/4/1 5/5/1
f 1/1/1 5/5/1 6/6/1
f 1/1/1 6/6/1 7/7/1
f 1/1/1 7/7/1 8/8/1
f 1/1/1 8/8/1 9/9/1
f 1/1/1 9/9/1 10/10/1
f 1/1/1 10/10/1 11/11/1
f 1/1/1 11/11/1 12/12/1
f 1/1/1 12/12/1 13/13/1
f 1/1/1 13/13/1 14/14/1
f 1/1/1 14/14/1 15/15/1
f 1/1/1 15/15/1 16/16/1
f 1/1/1 16/16/1 17/17/1
f 1/1/1 17/17/1 18/18/1
f 1/1/1 18/18/1 19/19/1
f 1/1/1 19/19/1 20/20/1
f 1/1/1 20/20/1 21/21/1
f 1/1/1 21/21/1 22/22/1
f 1/1/1 22/22/1 23/23/1
f 23/23/1 24/24/1 1/1/1
f 25/25/2 26/26/2 27/27/2
f 27/27/2 28/28/2 25/25/2
f 29/29/3 30/30/3 31/31/3
f 31/31/3 32/32/3 29/29/3
f 33/33/4 34/34/4 35/35/4
f 35/35/4 36/36/4 33/33/4
f 37/37/5 38/38/5 39/39/5
f 39/39/5 40/40/5 37/37/5
s 1
f 41/41/6 42/42/6 43/43/6
f 43/43/6 44/44/6 41/41/6
f 45/44/7 46/43/7 47/45/8
f 47/45/8 48/46/7 45/44/7
s 0
f 49/46/9 50/45/9 51/47/9
f 51/47/10 52/48/10 49/46/10
s 1
f 53/49/11 54/41/12 55/44/13
f 55/44/13 56/50/14 53/49/11
f 57/50/15 58/44/16 59/46/15
f 59/46/15 60/51/16 57/50/15
f 61/51/17 62/46/18 63/48/19
f 63/48/19 64/52/17 61/51/17
f 65/53/20 66/54/21 67/55/20
f 67/55/20 68/56/21 65/53/20
f 69/56/22 70/55/23 71/57/24
f 71/57/24 72/58/23 69/56/22
s 0
f 73/59/25 74/60/25 75/61/25
f 75/61/26 76/62/26 73/59/26
s 1
f 77/47/27 78/53/28 79/56/29
f 79/56/29 80/48/30 77/47/27
f 81/48/31 82/56/32 83/58/33
f 83/58/33 84/52/34 81/48/31
s 0
f 85/52/35 86/58/35 87/63/35
f 87/63/36 88/64/36 85/52/36
s 1
f 89/65/37 90/39/38 91/66/37
f 91/66/37 92/67/38 89/65/37
f 93/67/39 94/66/40 95/68/41
f 95/68/41 96/69/42 93/67/39
s 0
f 97/69/43 98/68/43 99/70/43
f 99/70/44 100/71/44 97/69/44
s 1
f 101/61/45 102/65/46 103/67/45
f 103/67/45 104/62/46 101/61/45
f 105/62/47 106/67/48 107/69/49
f 107/69/49 108/72/48 105/62/47
s 0
f 109/64/50 110/73/50 111/50/50
s 1
f 111/50/51 112/51/51 109/64/51
s 0
f 113/51/52 114/52/52 115/64/52
s 1
f 116/74/53 117/40/54 118/75/55
f 118/75/55 119/76/54 116/74/53
f 120/76/56 121/75/57 122/77/56
f 122/77/56 123/78/58 120/76/56
s 0
f 124/78/59 125/77/59 126/79/59
f 126/79/60 127/80/60 124/78/60
s 1
f 128/81/61 129/74/62 130/76/62
f 130/76/62 131/82/62 128/81/61
f 132/82/63 133/76/64 134/78/63
f 134/78/63 135/83/65 132/82/63
f 136/84/66 137/85/67 138/86/68
f 138/86/68 139/87/69 136/84/66
f 140/88/70 141/33/71 142/89/70
f 142/89/70 143/90/71 140/88/70
f 144/90/72 145/89/73 146/91/74
f 146/91/74 147/92/72 144/90/72
s 0
f 148/92/75 149/91/75 150/93/75
f 150/93/76 151/94/76 148/92/76
s 1
f 152/95/77 153/88/78 154/90/79
f 154/90/79 155/86/80 152/95/77
f 156/86/81 157/90/82 158/92/83
f 158/92/83 159/87/81 156/86/81
s 0
f 160/87/84 161/92/84 162/94/84
f 162/94/85 163/96/85 160/87/85
s 1
f 164/97/86 165/98/87 166/99/88
f 166/99/88 167/100/87 164/97/86
f 168/100/89 169/99/89 170/101/90
f 170/101/90 171/102/89 168/100/89
s 0
f 172/103/91 173/104/91 174/81/91
f 174/81/92 175/82/92 172/103/92
s 1
f 176/93/93 177/97/93 178/100/93
f 178/100/93 179/94/93 176/93/93
f 180/94/94 181/100/95 182/102/96
f 182/102/96 183/96/97 180/94/94
f 184/96/98 185/102/99 186/105/99
f 186/105/99 187/84/98 184/96/98
s 0
f 188/84/100 189/87/100 190/96/100
s 1
f 191/106/101 192/107/101 193/108/101
f 193/108/101 194/109/101 191/106/101
f 195/109/102 196/108/102 197/110/103
f 197/110/103 198/111/104 195/109/102
s 0
f 199/112/105 200/113/105 201/114/105
f 201/114/106 202/115/106 199/112/106
s 1
f 203/116/107 204/106/108 205/109/108
f 205/109/108 206/117/109 203/116/107
f 207/117/110 208/109/111 209/111/110
f 209/111/110 210/118/111 207/117/110
f 211/118/112 212/111/112 213/119/112
s 0
f 213/119/113 214/120/113 211/118/113
s 1
f 215/121/114 216/28/115 217/122/114
f 217/122/114 218/123/115 215/121/114
f 219/123/116 220/122/117 221/124/116
f 221/124/116 222/125/118 219/123/116
s 0
f 223/125/119 224/124/119 225/126/119
f 225/126/120 226/127/120 223/125/120
s 1
f 227/114/121 228/121/122 229/123/122
f 229/123/122 230/115/122 227/114/121
f 231/115/123 232/123/124 233/125/123
f 233/125/123 234/128/125 231/115/123
f 235/120/126 236/129/127 237/130/128
f 237/130/128 238/131/129 235/120/126
f 239/132/130 240/133/131 241/134/130
f 241/134/130 242/135/131 239/132/130
f 243/135/132 244/134/132 245/136/133
f 245/136/133 246/137/134 243/135/132
s 0
f 247/137/135 248/136/135 249/116/135
f 249/116/136 250/117/136 247/137/136
s 1
f 251/138/137 252/132/138 253/135/139
f 253/135/139 254/130/139 251/138/137
f 255/130/140 256/135/141 257/137/142
f 257/137/142 258/131/143 255/130/140
s 0
f 259/131/144 260/137/144 261/117/144
f 261/117/145 262/118/145 259/131/145
f 263/118/146 264/120/146 265/131/146
s 1
f 266/139/147 267/27/148 268/140/149
f 268/140/149 269/141/148 266/139/147
f 270/141/150 271/140/151 272/142/152
f 272/142/152 273/143/150 270/141/150
s 0
f 274/143/153 275/142/153 276/144/153
f 276/144/154 277/145/154 274/143/154
s 1
f 278/146/155 279/139/156 280/141/156
f 280/141/156 281/147/156 278/146/155
f 282/147/157 283/141/158 284/143/159
f 284/143/159 285/148/160 282/147/157
f 286/149/161 287/150/162 288/151/163
f 288/151/163 289/152/164 286/149/161
f 290/153/165 291/154/165 292/155/165
f 292/155/165 293/156/165 290/153/165
f 294/156/166 295/155/166 296/157/167
f 296/157/167 297/158/166 294/156/166
s 0
f 298/158/168 299/157/168 300/159/168
f 300/159/169 301/160/169 298/158/169
s 1
f 302/161/170 303/153/171 304/156/171
f 304/156/171 305/151/172 302/161/170
f 306/151/173 307/156/174 308/158/173
f 308/158/173 309/152/174 306/151/173
f 310/152/175 311/158/176 312/160/177
f 312/160/177 313/162/178 310/152/175
f 314/163/179 315/36/180 316/164/179
f 316/164/179 317/165/180 314/163/179
f 318/165/181 319/164/182 320/166/183
f 320/166/183 321/167/182 318/165/181
s 0
f 322/168/184 323/169/184 324/146/184
s 1
f 324/146/185 325/147/185 322/168/185
f 326/159/186 327/163/187 328/165/187
f 328/165/187 329/160/188 326/159/186
f 330/160/189 331/165/190 332/167/191
f 332/167/191 333/162/192 330/160/189
s 0
f 334/162/193 335/167/193 336/170/193
f 336/170/194 337/149/194 334/162/194
f 338/149/195 339/152/195 340/162/195
f 341/171/196 342/172/196 343/173/196
f 343/173/197 344/174/197 341/171/197
f 345/175/198 346/171/198 347/174/198
f 347/174/198 348/176/198 345/175/198
f 349/177/199 350/175/199 351/176/199
f 351/176/199 352/178/199 349/177/199
f 353/179/200 354/180/200 355/181/200
f 355/181/201 356/182/201 353/179/201
f 357/183/202 358/179/202 359/182/202
f 359/182/202 360/184/202 357/183/202
f 361/185/203 362/29/203 363/32/203
f 363/32/203 364/186/203 361/185/203
s 1
f 365/187/204 366/185/204 367/186/205
f 367/186/205 368/188/205 365/187/204
s 0
f 369/189/206 370/190/206 371/144/206
f 371/144/207 372/142/207 369/189/207
f 373/191/208 374/189/208 375/142/208
f 375/142/208 376/140/208 373/191/208
f 377/26/209 378/191/209 379/140/209
f 379/140/209 380/27/209 377/26/209
f 381/192/210 382/193/210 383/194/210
f 383/194/210 384/195/210 381/192/210
f 385/196/211 386/192/211 387/195/211
f 387/195/212 388/197/212 385/196/212
f 389/198/213 390/199/213 391/200/213
f 391/200/213 392/201/213 389/198/213
f 393/202/214 394/198/214 395/201/214
f 395/201/214 396/203/214 393/202/214
f 397/204/215 398/202/215 399/203/215
f 399/203/216 400/205/216 397/204/216
f 401/206/217 402/207/217 403/208/217
f 403/208/217 404/209/217 401/206/217
f 405/210/218 406/206/218 407/209/218
f 407/209/219 408/211/219 405/210/219
f 409/212/220 410/213/220 411/214/220
f 411/214/220 412/215/220 409/212/220
f 413/216/221 414/212/221 415/215/221
f 415/215/221 416/217/221 413/216/221
f 417/218/222 418/216/222 419/217/222
f 419/217/223 420/219/223 417/218/223
f 421/89/224 422/33/224 423/36/224
f 423/36/224 424/163/224 421/89/224
f 425/91/225 426/89/225 427/163/225
f 427/163/226 428/159/226 425/91/226
f 429/93/227 430/91/227 431/159/227
f 431/159/227 432/157/227 429/93/227
f 433/97/228 434/93/228 435/157/228
s 1
f 435/157/228 436/155/228 433/97/228
s 0
f 437/98/229 438/97/229 439/155/229
f 439/155/229 440/154/229 437/98/229
f 441/220/230 442/34/230 443/33/230
f 443/33/230 444/88/230 441/220/230
f 445/221/231 446/220/231 447/88/231
f 447/88/232 448/95/232 445/221/232
f 449/61/233 450/60/233 451/79/233
f 451/79/233 452/77/233 449/61/233
f 453/65/234 454/61/234 455/77/234
f 455/77/234 456/75/234 453/65/234
f 457/39/235 458/65/235 459/75/235
f 459/75/235 460/40/235 457/39/235
f 461/164/236 462/36/236 463/35/236
f 463/35/236 464/222/236 461/164/236
f 465/166/237 466/164/237 467/222/237
f 467/222/238 468/223/238 465/166/238
f 469/146/239 470/169/239 471/126/239
f 471/126/239 472/124/239 469/146/239
f 473/139/240 474/146/240 475/124/240
f 475/124/240 476/122/240 473/139/240
f 477/27/241 478/139/241 479/122/241
f 479/122/241 480/28/241 477/27/241
f 481/134/242 482/133/242 483/54/242
f 483/54/242 484/53/242 481/134/242
f 485/136/243 486/134/243 487/53/243
f 487/53/244 488/47/244 485/136/244
f 489/116/245 490/136/245 491/47/245
f 491/47/245 492/45/245 489/116/245
f 493/106/246 494/116/246 495/45/246
f 495/45/246 496/43/246 493/106/246
f 497/107/247 498/106/247 499/43/247
f 499/43/247 500/42/247 497/107/247
f 501/224/248 502/225/248 503/107/248
f 503/107/248 504/42/248 501/224/248
f 505/184/248 506/208/248 507/207/248
f 507/207/248 508/183/248 505/184/248
f 509/226/4 510/227/4 511/228/4
f 511/228/4 512/229/4 509/226/4
f 513/28/222 514/121/222 515/230/222
f 515/230/222 516/25/222 513/28/222
f 517/231/4 518/232/4 519/233/4
f 519/233/4 520/234/4 517/231/4
f 521/121/221 522/114/221 523/235/221
f 523/235/221 524/230/221 521/121/221
f 525/236/4 526/237/4 527/238/4
f 527/238/4 528/239/4 525/236/4
f 529/114/249 530/113/249 531/240/249
f 531/240/220 532/235/220 529/114/220
f 533/241/1 534/242/1 535/243/1
f 535/243/1 536/244/1 533/241/1
f 537/110/219 538/108/219 539/245/219
f 539/245/218 540/246/218 537/110/218
f 541/247/4 542/248/4 543/249/4
f 543/249/4 544/250/4 541/247/4
f 545/108/217 546/107/217 547/225/217
f 547/225/217 548/245/217 545/108/217
f 549/251/1 550/252/1 551/253/1
f 551/253/1 552/254/1 549/251/1
f 553/40/250 554/74/250 555/255/250
f 555/255/215 556/37/215 553/40/215
f 512/229/4 511/228/4 557/256/4
f 557/256/4 558/257/4 512/229/4
f 559/74/214 560/81/214 561/258/214
f 561/258/214 562/255/214 559/74/214
f 563/259/1 564/260/1 565/261/1
f 565/261/1 566/262/1 563/259/1
f 567/81/251 568/104/251 569/263/251
f 569/263/213 570/258/213 567/81/213
f 571/264/1 572/265/1 573/266/1
f 573/266/1 574/267/1 571/264/1
f 575/268/212 576/269/212 577/270/212
f 577/270/211 578/271/211 575/268/211
f 528/239/4 527/238/4 579/272/4
f 579/272/4 580/273/4 528/239/4
f 581/269/210 582/31/210 583/30/210
f 583/30/210 584/270/210 581/269/210
f 585/274/1 586/275/1 587/242/1
f 587/242/1 533/241/1 585/274/1
f 588/276/209 589/277/209 590/278/209
f 590/278/209 591/279/209 588/276/209
f 592/280/4 593/281/4 518/232/4
f 518/232/4 517/231/4 592/280/4
f 594/277/208 595/282/208 596/283/208
f 596/283/208 597/278/208 594/277/208
f 544/250/4 543/249/4 598/284/4
f 598/284/4 599/285/4 544/250/4
f 600/282/206 601/286/206 602/287/206
f 602/287/206 603/283/206 600/282/206
f 604/288/1 605/289/1 606/252/1
f 606/252/1 607/251/1 604/288/1
f 608/290/205 609/291/205 610/292/205
f 610/292/204 611/293/204 608/290/204
f 558/257/4 557/256/4 612/294/4
f 612/294/4 613/295/4 558/257/4
f 614/291/203 615/296/203 616/297/203
f 616/297/203 617/292/203 614/291/203
f 574/267/1 573/266/1 618/298/1
f 618/298/1 619/299/1 574/267/1
f 620/42/202 621/41/202 622/300/202
f 622/300/202 623/224/202 620/42/202
f 624/301/1 625/302/1 572/265/1
f 572/265/1 571/264/1 624/301/1
s 1
f 626/41/201 627/49/201 628/303/200
f 628/303/200 629/300/200 626/41/201
s 0
f 619/299/1 618/298/1 630/304/1
f 630/304/1 631/305/1 619/299/1
f 632/70/252 633/68/252 634/306/252
f 634/306/199 635/307/199 632/70/199
f 636/308/1 637/309/1 638/275/1
f 638/275/1 639/274/1 636/308/1
f 640/68/198 641/66/198 642/310/198
f 642/310/198 643/306/198 640/68/198
f 644/311/4 645/312/4 542/248/4
f 542/248/4 541/247/4 644/311/4
f 646/66/197 647/39/197 648/38/197
f 648/38/253 649/310/253 646/66/253
f 599/285/4 598/284/4 650/313/4
f 650/313/4 651/314/4 599/285/4
f 652/205/5 653/173/5 654/172/5
f 654/172/5 655/204/5 652/205/5
f 656/315/4 657/316/4 658/312/4
f 658/312/4 659/311/4 656/315/4
f 660/296/3 661/194/3 662/193/3
f 662/193/3 663/297/3 660/296/3
f 613/295/4 664/294/4 665/281/4
f 665/281/4 666/280/4 613/295/4
f 667/219/2 668/276/2 669/279/2
f 669/279/2 670/218/2 667/219/2
f 671/317/1 672/318/1 673/319/1
f 673/319/1 674/320/1 671/317/1
f 675/321/248 676/322/248 677/323/248
f 677/323/248 678/324/248 675/321/248
f 679/325/254 680/326/254 681/327/254
f 681/327/254 682/328/254 679/325/254
f 683/326/255 684/329/255 685/330/255
f 685/330/221 686/327/221 683/326/221
f 687/329/256 688/331/256 689/332/256
f 689/332/256 690/330/256 687/329/256
f 691/333/257 692/334/257 693/335/257
f 693/335/258 694/336/258 691/333/258
f 695/334/259 696/323/259 697/322/259
f 697/322/259 698/335/259 695/334/259
f 699/337/260 700/338/260 701/339/260
f 701/339/260 702/340/260 699/337/260
f 703/338/261 704/341/261 705/342/261
f 705/342/214 706/339/214 703/338/214
f 707/341/262 708/343/262 709/344/262
f 709/344/262 710/342/262 707/341/262
f 711/345/263 712/346/263 713/347/263
f 713/347/264 714/348/264 711/345/264
f 715/346/265 716/349/265 717/350/265
f 717/350/265 718/347/265 715/346/265
f 719/351/266 720/352/266 721/353/266
f 721/353/266 722/354/266 719/351/266
f 723/352/267 724/355/267 725/356/267
f 725/356/268 726/353/268 723/352/268
f 727/355/269 728/357/269 729/358/269
f 729/358/269 730/356/269 727/355/269
f 731/359/205 732/360/205 733/361/205
f 733/361/270 734/362/270 731/359/270
f 735/360/271 736/363/271 737/364/271
f 737/364/271 738/361/271 735/360/271
f 739/324/272 740/365/272 741/366/272
f 741/366/272 742/321/272 739/324/272
f 743/365/273 744/367/273 745/368/273
f 745/368/201 746/366/201 743/365/201
f 747/369/274 748/370/274 749/371/274
f 749/371/274 750/372/274 747/369/274
f 751/370/275 752/373/275 753/374/275
f 753/374/276 754/371/276 751/370/276
f 755/373/277 756/375/277 757/376/277
f 757/376/277 758/374/277 755/373/277
f 759/340/5 760/376/5 761/375/5
f 761/375/5 762/337/5 759/340/5
f 763/363/3 764/350/3 765/349/3
f 765/349/3 766/364/3 763/363/3
f 767/328/2 768/351/2 769/354/2
f 769/354/2 770/325/2 767/328/2
f 771/254/1 772/253/1 773/377/1
f 773/377/1 774/378/1 771/254/1
f 775/379/1 776/380/1 777/260/1
f 777/260/1 778/259/1 775/379/1
f 779/244/1 535/243/1 780/381/1
f 780/381/1 781/382/1 779/244/1
f 782/383/4 783/384/4 526/237/4
f 526/237/4 525/236/4 782/383/4
f 784/234/4 785/233/4 786/385/4
f 786/385/4 787/386/4 784/234/4
f 788/387/4 789/388/4 790/227/4
f 790/227/4 791/226/4 788/387/4
f 792/378/1 793/377/1 794/389/1
f 794/389/1 795/390/1 792/378/1
f 796/391/1 797/392/1 776/380/1
f 776/380/1 775/379/1 796/391/1
f 798/320/1 799/319/1 800/393/1
f 800/393/1 801/394/1 798/320/1
f 802/395/4 803/396/4 783/384/4
f 783/384/4 782/383/4 802/395/4
f 787/386/4 786/385/4 804/397/4
f 804/397/4 805/398/4 787/386/4
f 806/399/4 807/400/4 808/401/4
f 808/401/4 809/402/4 806/399/4
f 810/390/1 811/389/1 812/318/1
f 812/318/1 813/317/1 810/390/1
f 580/273/4 579/272/4 814/388/4
f 814/388/4 815/387/4 580/273/4
f 816/403/1 817/404/1 797/392/1
f 797/392/1 796/391/1 816/403/1
f 818/394/1 819/393/1 820/405/1
f 820/405/1 821/406/1 818/394/1
f 822/407/4 823/408/4 824/396/4
f 824/396/4 825/395/4 822/407/4
f 826/382/1 827/381/1 605/289/1
f 605/289/1 604/288/1 826/382/1
f 805/398/4 804/397/4 828/316/4
f 828/316/4 829/315/4 805/398/4
f 651/314/4 650/313/4 830/400/4
f 830/400/4 806/399/4 651/314/4
f 831/402/4 808/401/4 832/408/4
f 832/408/4 833/407/4 831/402/4
f 834/262/1 835/261/1 836/309/1
f 836/309/1 837/308/1 834/262/1
f 838/305/1 839/304/1 840/404/1
f 840/404/1 841/403/1 838/305/1
f 821/406/1 842/405/1 625/302/1
f 625/302/1 624/301/1 821/406/1
f 843/409/2 844/410/2 845/411/2
f 843/409/2 845/411/2 846/412/2
f 843/409/2 846/412/2 847/413/2
f 843/409/2 847/413/2 848/414/2
f 843/409/2 848/414/2 849/415/2
f 843/409/2 849/415/2 850/416/2
f 843/409/2 850/416/2 851/417/2
f 843/409/2 851/417/2 852/418/2
f 843/409/2 852/418/2 853/419/2
f 843/409/2 853/419/2 854/420/2
f 843/409/2 854/420/2 855/421/2
f 843/409/2 855/421/2 856/422/2
f 843/409/2 856/422/2 857/423/2
f 843/409/2 857/423/2 858/424/2
f 843/409/2 858/424/2 859/425/2
f 859/425/2 860/426/2 843/409/2
s 1
f 861/427/278 862/428/278 863/429/3
f 863/429/3 864/430/3 861/427/278
f 865/431/279 866/432/280 867/433/280
f 867/433/280 868/434/279 865/431/279
s 0
f 869/435/5 870/436/5 871/437/5
f 871/437/5 872/438/5 869/435/5
s 1
f 873/439/281 874/440/282 875/441/283
f 875/441/283 876/442/281 873/439/281
f 877/443/284 873/439/281 876/442/281
f 876/442/281 878/444/284 877/443/284
f 879/445/285 877/443/284 878/444/284
f 878/444/284 880/446/285 879/445/285
f 881/447/286 879/445/285 880/446/285
f 880/446/285 882/448/286 881/447/286
f 883/449/287 881/447/286 882/448/286
f 882/448/286 884/450/287 883/449/287
f 885/451/288 883/449/287 884/450/287
f 884/450/287 886/452/288 885/451/288
f 887/453/289 885/451/288 886/452/288
f 886/452/288 888/454/289 887/453/289
f 889/455/290 865/431/279 868/434/279
f 868/434/279 890/456/290 889/455/290
f 891/457/291 889/455/290 890/456/290
f 890/456/290 892/458/291 891/457/291
f 893/459/292 891/457/291 892/458/291
f 892/458/291 894/460/292 893/459/292
f 895/461/293 893/459/292 894/460/292
f 894/460/292 896/462/293 895/461/293
f 897/463/294 895/461/293 896/462/293
f 896/462/293 898/464/294 897/463/294
f 899/465/295 897/463/294 898/464/294
f 898/464/294 900/466/295 899/465/295
f 901/467/296 899/465/295 900/466/295
f 900/466/295 902/468/296 901/467/296
f 903/469/297 904/470/298 905/471/299
f 905/471/299 906/472/297 903/469/297
f 907/473/300 903/469/297 906/472/297
f 906/472/297 908/474/300 907/473/300
f 909/475/301 907/473/300 908/474/300
f 908/474/300 910/476/301 909/475/301
f 911/477/302 909/475/301 910/476/301
f 910/476/301 912/478/302 911/477/302
f 913/479/303 911/477/302 912/478/302
f 912/478/302 914/480/303 913/479/303
f 915/481/304 913/479/303 914/480/303
f 914/480/303 916/482/304 915/481/304
f 862/428/278 915/481/304 916/482/304
f 916/482/304 917/483/278 862/428/278
f 918/484/305 919/485/280 920/486/280
f 920/486/280 921/487/305 918/484/305
f 922/488/306 918/484/305 921/487/305
f 921/487/305 923/489/306 922/488/306
f 924/490/307 922/488/306 923/489/306
f 923/489/306 925/491/307 924/490/307
f 926/492/308 924/490/307 925/491/307
f 925/491/307 927/493/308 926/492/308
f 928/494/309 926/492/308 927/493/308
f 927/493/308 929/495/309 928/494/309
f 930/496/310 928/494/309 929/495/309
f 929/495/309 931/497/310 930/496/310
f 932/498/311 930/496/310 931/497/310
f 931/497/310 933/499/311 932/498/311
f 934/500/289 935/501/289 936/502/248
f 936/502/248 937/503/248 934/500/289
f 938/504/304 939/505/304 940/506/303
f 940/506/303 941/507/303 938/504/304
s 0
f 942/508/5 943/509/5 944/510/5
f 944/510/5 945/511/5 942/508/5
f 946/512/5 947/513/5 948/514/5
f 948/514/5 949/515/5 946/512/5
f 950/516/5 951/517/5 952/518/5
f 952/518/5 953/519/5 950/516/5
f 954/520/5 955/521/5 956/522/5
f 956/522/5 957/523/5 954/520/5
f 958/524/5 959/525/5 960/526/5
f 960/526/5 961/527/5 958/524/5
f 962/528/5 963/529/5 943/509/5
f 943/509/5 942/508/5 962/528/5
f 964/530/5 965/531/5 966/532/5
f 966/532/5 967/533/5 964/530/5
f 968/534/5 969/535/5 947/513/5
f 947/513/5 946/512/5 968/534/5
f 953/519/5 952/518/5 970/536/5
f 970/536/5 971/537/5 953/519/5
f 972/538/5 973/539/5 955/521/5
f 955/521/5 954/520/5 972/538/5
f 961/527/5 960/526/5 974/540/5
f 974/540/5 975/541/5 961/527/5
f 976/542/5 977/543/5 978/544/5
f 978/544/5 979/545/5 976/542/5
f 980/546/5 981/547/5 963/529/5
f 963/529/5 962/528/5 980/546/5
f 967/533/5 966/532/5 982/548/5
f 982/548/5 983/549/5 967/533/5
f 984/550/5 985/551/5 969/535/5
f 969/535/5 968/534/5 984/550/5
f 971/537/5 970/536/5 986/552/5
f 986/552/5 987/553/5 971/537/5
f 975/541/5 974/540/5 988/554/5
f 988/554/5 989/555/5 975/541/5
f 990/556/5 991/557/5 992/558/5
f 992/558/5 993/559/5 990/556/5
f 994/560/5 995/561/5 977/543/5
f 977/543/5 976/542/5 994/560/5
f 996/562/5 997/563/5 981/547/5
f 981/547/5 980/546/5 996/562/5
f 983/549/5 982/548/5 998/564/5
f 998/564/5 999/565/5 983/549/5
f 1000/566/5 1001/567/5 985/551/5
f 985/551/5 984/550/5 1000/566/5
f 945/511/5 944/510/5 991/557/5
f 991/557/5 990/556/5 945/511/5
f 987/553/5 986/552/5 870/436/5
f 870/436/5 869/435/5 987/553/5
f 872/438/5 871/437/5 1002/568/5
f 1002/568/5 1003/569/5 872/438/5
f 949/515/5 948/514/5 995/561/5
f 995/561/5 994/560/5 949/515/5
f 993/559/5 992/558/5 951/517/5
f 951/517/5 950/516/5 993/559/5
f 957/523/5 956/522/5 997/563/5
f 997/563/5 996/562/5 957/523/5
f 999/565/5 998/564/5 959/525/5
f 959/525/5 958/524/5 999/565/5
f 1004/570/5 1005/571/5 965/531/5
f 965/531/5 964/530/5 1004/570/5
s 1
f 1006/572/308 1007/573/308 1008/574/307
f 1008/574/307 1009/575/307 1006/572/308
f 1010/576/288 1011/577/288 1012/578/289
f 1012/578/289 1013/579/289 1010/576/288
f 1014/580/290 1015/581/291 1016/582/291
f 1016/582/291 1017/583/290 1014/580/290
f 1018/584/278 1019/585/278 939/505/304
f 939/505/304 938/504/304 1018/584/278
f 1020/586/306 1021/587/305 1022/588/305
f 1022/588/305 1023/589/306 1020/586/306
f 1015/581/291 1024/590/292 1025/591/292
f 1025/591/292 1016/582/291 1015/581/291
f 1026/592/248 1027/593/311 1028/594/311
f 1026/592/248 1028/594/311 1029/595/248
f 1030/596/307 1020/586/306 1023/589/306
f 1023/589/306 1008/574/307 1030/596/307
f 1024/590/292 1031/597/293 1032/598/293
f 1032/598/293 1025/591/292 1024/590/292
f 1033/599/308 1030/596/307 1008/574/307
f 1008/574/307 1007/573/308 1033/599/308
f 1031/597/293 1034/600/294 1035/601/294
f 1035/601/294 1032/598/293 1031/597/293
f 1036/602/312 1037/603/312 1038/604/283
f 1038/604/283 1039/605/283 1036/602/312
f 1040/606/309 1033/599/308 1007/573/308
f 1007/573/308 1041/607/309 1040/606/309
f 1034/600/294 1042/608/295 1043/609/295
f 1043/609/295 1035/601/294 1034/600/294
f 1044/610/289 1045/611/289 1026/592/248
f 1044/610/289 1026/592/248 1046/612/248
f 1047/613/310 1040/606/309 1041/607/309
f 1041/607/309 1048/614/310 1047/613/310
f 1042/608/295 1049/615/296 1050/616/296
f 1050/616/296 1043/609/295 1042/608/295
f 1027/593/311 1047/613/310 1048/614/310
f 1048/614/310 1028/594/311 1027/593/311
f 1021/587/305 1051/617/313 1052/618/314
f 1052/618/314 1022/588/305 1021/587/305
f 1053/619/3 1054/620/3 1055/621/296
f 1055/621/296 1056/622/296 1053/619/3
f 1039/605/283 1038/604/283 1057/623/281
f 1057/623/281 1058/624/281 1039/605/283
f 1059/625/297 1060/626/297 1061/627/312
f 1061/627/312 1062/628/312 1059/625/297
f 1058/624/281 1057/623/281 1063/629/284
f 1063/629/284 1064/630/284 1058/624/281
f 1065/631/300 1066/632/300 1060/626/297
f 1060/626/297 1059/625/297 1065/631/300
f 1064/630/284 1063/629/284 1067/633/285
f 1067/633/285 1068/634/285 1064/630/284
f 1069/635/315 1070/636/315 1066/632/300
f 1066/632/300 1065/631/300 1069/635/315
f 1068/634/285 1067/633/285 1071/637/286
f 1071/637/286 1072/638/286 1068/634/285
f 1073/639/302 1074/640/302 1070/636/315
f 1070/636/315 1069/635/315 1073/639/302
f 1072/638/286 1071/637/286 1075/641/287
f 1075/641/287 1076/642/287 1072/638/286
f 941/507/303 940/506/303 1074/640/302
f 1074/640/302 1073/639/302 941/507/303
f 1076/642/287 1075/641/287 1011/577/288
f 1011/577/288 1010/576/288 1076/642/287
s 0
f 972/538/5 989/555/5 988/554/5
f 988/554/5 973/539/5 972/538/5
f 1077/643/3 1078/644/3 1053/619/3
s 1
f 1077/643/3 1053/619/3 1019/585/278
f 1019/585/278 1018/584/278 1077/643/3
s 0
f 1079/645/2 853/419/2 852/418/2
f 1079/645/2 852/418/2 1080/646/2
f 1079/645/2 1080/646/2 1081/647/2
f 1079/645/2 1081/647/2 1082/648/2
f 1079/645/2 1082/648/2 1083/649/2
f 1079/645/2 1083/649/2 1084/650/2
f 1079/645/2 1084/650/2 1085/651/2
f 1079/645/2 1085/651/2 1086/652/2
f 1079/645/2 1086/652/2 1087/653/2
f 1079/645/2 1087/653/2 1088/654/2
f 1079/645/2 1088/654/2 1089/655/2
f 1079/645/2 1089/655/2 1090/656/2
f 1079/645/2 1090/656/2 1091/657/2
f 1079/645/2 1091/657/2 1092/658/2
f 1079/645/2 1092/658/2 1093/659/2
f 1093/659/2 1094/660/2 1079/645/2
s 1
f 1095/661/316 1096/662/1 1097/663/1
f 1097/663/1 1098/664/316 1095/661/316
f 1099/665/296 863/429/3 1100/666/3
f 1100/666/3 1101/667/296 1099/665/296
s 0
f 1000/566/5 1003/569/5 1002/568/5
f 1002/568/5 1001/567/5 1000/566/5
s 1
f 932/498/311 936/502/248 1102/668/248
f 1102/668/248 1103/669/311 932/498/311
s 0
f 1104/670/5 1105/671/5 1106/672/5
f 1104/670/5 1106/672/5 1107/673/5
f 1104/670/5 1107/673/5 1108/674/5
f 1104/670/5 1108/674/5 1109/675/5
f 1104/670/5 1109/675/5 1110/676/5
f 1104/670/5 1110/676/5 1111/677/5
f 1104/670/5 1111/677/5 1112/678/5
f 1104/670/5 1112/678/5 1113/679/5
f 1104/670/5 1113/679/5 1114/680/5
f 1104/670/5 1114/680/5 1115/681/5
f 1104/670/5 1115/681/5 1116/682/5
f 1104/670/5 1116/682/5 1117/683/5
f 1104/670/5 1117/683/5 1118/684/5
f 1104/670/5 1118/684/5 1119/685/5
f 1104/670/5 1119/685/5 1120/686/5
f 1120/686/5 1121/687/5 1104/670/5
s 1
f 1122/688/292 1025/591/292 1032/598/293
f 1032/598/293 1123/689/293 1122/688/292
f 1124/690/309 1041/607/309 1007/573/308
f 1007/573/308 1006/572/308 1124/690/309
f 1123/689/293 1032/598/293 1035/601/294
f 1035/601/294 1125/691/294 1123/689/293
f 1126/692/310 1048/614/310 1041/607/309
f 1041/607/309 1124/690/309 1126/692/310
f 1125/691/294 1035/601/294 1043/609/295
f 1043/609/295 1127/693/295 1125/691/294
f 1128/694/311 1028/594/311 1048/614/310
f 1048/614/310 1126/692/310 1128/694/311
f 1129/695/296 1055/621/296 1054/620/3
f 1054/620/3 1130/696/3 1129/695/296
f 1127/693/295 1043/609/295 1050/616/296
f 1050/616/296 1131/697/296 1127/693/295
f 1132/698/305 1022/588/305 1052/618/314
f 1052/618/314 1133/699/280 1132/698/305
f 1134/700/280 1135/701/317 1136/702/318
f 1136/702/318 1137/703/279 1134/700/280
f 1137/703/279 1136/702/318 1017/583/290
f 1017/583/290 1138/704/290 1137/703/279
f 1139/705/306 1023/589/306 1022/588/305
f 1022/588/305 1132/698/305 1139/705/306
s 0
f 1140/706/1 1141/707/1 1142/708/1
f 1142/708/1 1143/709/1 1140/706/1
s 1
f 1138/704/290 1017/583/290 1016/582/291
f 1016/582/291 1144/710/291 1138/704/290
f 1009/575/307 1008/574/307 1023/589/306
f 1023/589/306 1139/705/306 1009/575/307
f 1145/711/248 1029/595/248 1028/594/311
f 1028/594/311 1128/694/311 1145/711/248
f 1144/710/291 1016/582/291 1025/591/292
f 1025/591/292 1122/688/292 1144/710/291
s 0
f 1146/712/5 1147/713/5 1148/714/5
f 1146/712/5 1148/714/5 1149/715/5
f 1146/712/5 1149/715/5 1150/716/5
f 1146/712/5 1150/716/5 1151/717/5
f 1146/712/5 1151/717/5 1152/718/5
f 1146/712/5 1152/718/5 1153/719/5
f 1146/712/5 1153/719/5 1154/720/5
f 1146/712/5 1154/720/5 1155/721/5
f 1146/712/5 1155/721/5 1156/722/5
f 1146/712/5 1156/722/5 1157/723/5
f 1146/712/5 1157/723/5 1158/724/5
f 1146/712/5 1158/724/5 1159/725/5
f 1146/712/5 1159/725/5 1160/726/5
f 1146/712/5 1160/726/5 1161/727/5
f 1146/712/5 1161/727/5 1162/728/5
f 1162/728/5 1163/729/5 1146/712/5
s 1
f 1164/730/319 1165/731/4 1166/732/4
f 1166/732/4 1167/733/319 1164/730/319
s 0
f 1168/734/248 1169/735/248 1170/736/248
f 1168/734/248 1170/736/248 1171/737/248
f 1168/734/248 1171/737/248 1172/738/248
f 1168/734/248 1172/738/248 1173/739/248
f 1168/734/248 1173/739/248 1174/740/248
f 1168/734/248 1174/740/248 1175/741/248
f 1168/734/248 1175/741/248 1176/742/248
f 1168/734/248 1176/742/248 1177/743/248
f 1168/734/248 1177/743/248 1178/744/248
f 1178/744/248 1179/745/248 1168/734/248
f 1180/746/3 1181/747/3 1182/748/3
f 1180/746/3 1182/748/3 1183/749/3
f 1180/746/3 1183/749/3 1184/750/3
f 1180/746/3 1184/750/3 1185/751/3
f 1180/746/3 1185/751/3 1186/752/3
f 1180/746/320 1186/752/320 1187/753/320
f 1180/746/3 1187/753/3 1188/754/3
f 1180/746/3 1188/754/3 1189/755/3
f 1180/746/3 1189/755/3 1190/756/3
f 1190/756/3 1191/757/3 1180/746/3
s 1
f 1192/758/321 1095/661/316 1098/664/316
f 1098/664/316 1193/759/321 1192/758/321
f 1194/760/322 1192/758/321 1193/759/321
f 1193/759/321 1195/761/323 1194/760/322
f 1196/762/324 1197/763/323 1198/764/323
f 1198/764/323 1199/765/324 1196/762/324
f 1200/766/325 1201/762/326 1202/765/326
f 1202/765/326 1203/767/325 1200/766/325
f 1204/768/327 1205/769/328 1206/770/328
f 1206/770/328 1207/771/327 1204/768/327
f 1208/772/233 1204/768/327 1207/771/327
f 1207/771/327 1209/773/329 1208/772/233
f 1210/774/330 1211/775/233 1212/776/233
f 1212/776/233 1213/777/330 1210/774/330
f 1167/733/319 1210/774/330 1213/777/330
f 1213/777/330 1164/730/319 1167/733/319
f 1205/769/328 1214/766/331 1215/767/331
f 1215/767/331 1206/770/328 1205/769/328
s 0
f 1141/707/1 1097/663/1 1096/662/1
f 1096/662/1 1142/708/1 1141/707/1
f 1216/778/5 1217/779/5 1218/780/5
f 1218/780/5 1219/781/5 1216/778/5
s 1
f 933/499/311 937/503/248 936/502/248
f 936/502/248 932/498/311 933/499/311
f 1220/782/296 864/430/3 863/429/3
f 863/429/3 1099/665/296 1220/782/296
f 935/501/289 1221/783/289 1102/668/248
f 1102/668/248 936/502/248 935/501/289
f 1103/669/311 1222/784/310 930/496/310
f 930/496/310 932/498/311 1103/669/311
f 1222/784/310 1223/785/309 928/494/309
f 928/494/309 930/496/310 1222/784/310
f 1223/785/309 1224/786/308 926/492/308
f 926/492/308 928/494/309 1223/785/309
f 1224/786/308 1225/787/307 924/490/307
f 924/490/307 926/492/308 1224/786/308
f 1225/787/307 1226/788/306 922/488/306
f 922/488/306 924/490/307 1225/787/307
f 1226/788/306 1227/789/305 918/484/305
f 918/484/305 922/488/306 1226/788/306
f 1227/789/305 1228/790/280 919/485/280
f 919/485/280 918/484/305 1227/789/305
f 861/427/278 1229/791/304 915/481/304
f 915/481/304 862/428/278 861/427/278
f 1229/791/304 1230/792/303 913/479/303
f 913/479/303 915/481/304 1229/791/304
f 1230/792/303 1231/793/302 911/477/302
f 911/477/302 913/479/303 1230/792/303
f 1231/793/302 1232/794/301 909/475/301
f 909/475/301 911/477/302 1231/793/302
f 1232/794/301 1233/795/300 907/473/300
f 907/473/300 909/475/301 1232/794/301
f 1233/795/300 1234/796/297 903/469/297
f 903/469/297 907/473/300 1233/795/300
f 1234/796/297 1235/797/312 904/470/298
f 904/470/298 903/469/297 1234/796/297
f 1236/798/296 1237/799/295 899/465/295
f 899/465/295 901/467/296 1236/798/296
f 1237/799/295 1238/800/294 897/463/294
f 897/463/294 899/465/295 1237/799/295
f 1238/800/294 1239/801/293 895/461/293
f 895/461/293 897/463/294 1238/800/294
f 1239/801/293 1240/802/292 893/459/292
f 893/459/292 895/461/293 1239/801/293
f 1240/802/292 1241/803/291 891/457/291
f 891/457/291 893/459/292 1240/802/292
f 1241/803/291 1242/804/290 889/455/290
f 889/455/290 891/457/291 1241/803/291
f 1242/804/290 1243/805/279 865/431/279
f 865/431/279 889/455/290 1242/804/290
f 1244/806/289 1245/807/288 885/451/288
f 885/451/288 887/453/289 1244/806/289
f 1245/807/288 1246/808/287 883/449/287
f 883/449/287 885/451/288 1245/807/288
f 1246/808/287 1247/809/286 881/447/286
f 881/447/286 883/449/287 1246/808/287
f 1247/809/286 1248/810/285 879/445/285
f 879/445/285 881/447/286 1247/809/286
f 1248/810/285 1249/811/284 877/443/284
f 877/443/284 879/445/285 1248/810/285
f 1249/811/284 1250/812/281 873/439/281
f 873/439/281 877/443/284 1249/811/284
f 1250/812/281 1251/813/332 874/440/282
f 874/440/282 873/439/281 1250/812/281
f 1243/805/279 1252/814/280 866/432/280
f 866/432/280 865/431/279 1243/805/279
f 862/428/278 917/483/278 1100/666/3
f 1100/666/3 863/429/3 862/428/278
f 1253/815/312 875/441/283 874/440/282
f 874/440/282 1254/816/333 1253/815/312
f 1255/817/334 1014/580/290 1017/583/290
f 1017/583/290 1136/702/318 1255/817/334
s 0
f 1256/818/335 1257/819/335 1258/820/335
f 1258/820/335 1259/821/335 1256/818/335
f 1260/822/336 1261/823/336 1262/824/336
f 1262/824/336 1263/825/336 1260/822/336
s 1
f 1264/826/337 1265/827/338 1266/828/339
f 1266/828/339 1267/829/340 1264/826/337
f 1268/830/341 1269/831/342 1270/832/343
f 1270/832/343 1271/833/344 1268/830/341
f 1272/834/345 1273/835/346 1274/836/347
f 1274/836/347 1275/837/348 1272/834/345
f 1276/838/349 1277/839/350 1278/840/351
f 1278/840/351 1279/841/352 1276/838/349
f 1280/842/353 1281/843/354 1282/844/355
f 1282/844/355 1283/845/356 1280/842/353
f 1283/845/356 1282/844/355 1284/846/357
f 1284/846/357 1285/847/358 1283/845/356
f 1285/847/358 1284/846/357 1286/848/359
f 1286/848/359 1287/849/360 1285/847/358
f 1288/850/361 1280/842/353 1283/845/356
f 1283/845/356 1289/851/362 1288/850/361
f 1289/851/362 1283/845/356 1285/847/358
f 1285/847/358 1290/852/363 1289/851/362
f 1290/852/363 1285/847/358 1287/849/360
f 1287/849/360 1291/853/364 1290/852/363
f 1292/854/365 1288/850/361 1289/851/362
f 1289/851/362 1293/855/366 1292/854/365
f 1293/855/366 1289/851/362 1290/852/363
f 1290/852/363 1294/856/367 1293/855/366
f 1295/857/368 1296/858/363 1297/859/369
f 1297/859/369 1298/860/370 1295/857/368
f 1299/861/371 1267/829/340 1300/862/372
f 1300/862/372 1301/863/373 1299/861/371
f 1301/863/373 1300/862/372 1302/864/374
f 1302/864/374 1303/865/375 1301/863/373
f 1303/865/375 1302/864/374 1304/866/376
f 1304/866/376 1305/867/377 1303/865/375
f 1306/868/378 1299/861/371 1301/863/373
f 1301/863/373 1307/869/379 1306/868/378
f 1307/869/379 1301/863/373 1303/865/375
f 1303/865/375 1308/870/380 1307/869/379
f 1308/870/380 1303/865/375 1305/867/377
f 1305/867/377 1309/871/381 1308/870/380
f 1310/872/382 1306/868/378 1307/869/379
f 1307/869/379 1311/873/383 1310/872/382
f 1311/873/383 1307/869/379 1308/870/380
f 1308/870/380 1297/859/369 1311/873/383
f 1297/859/369 1308/870/380 1309/871/381
f 1309/871/381 1298/860/370 1297/859/369
f 1312/874/384 1313/875/385 1314/876/386
f 1314/876/386 1315/877/387 1312/874/384
f 1315/877/387 1314/876/386 1316/878/388
f 1316/878/388 1317/879/389 1315/877/387
f 1317/879/389 1316/878/388 1318/880/390
f 1318/880/390 1319/881/391 1317/879/389
f 1320/882/392 1312/874/384 1315/877/387
f 1315/877/387 1321/883/393 1320/882/392
f 1321/883/393 1315/877/387 1317/879/389
f 1317/879/389 1322/884/394 1321/883/393
f 1322/884/394 1317/879/389 1319/881/391
f 1319/881/391 1295/857/368 1322/884/394
f 1304/866/376 1320/882/392 1321/883/393
f 1321/883/393 1305/867/377 1304/866/376
f 1305/867/377 1321/883/393 1322/884/394
f 1322/884/394 1309/871/381 1305/867/377
f 1309/871/381 1322/884/394 1295/857/368
f 1295/857/368 1298/860/370 1309/871/381
f 1323/885/395 1324/886/396 1325/887/397
f 1325/887/397 1326/888/398 1323/885/395
f 1326/888/398 1325/887/397 1327/889/399
f 1327/889/399 1328/890/400 1326/888/398
f 1328/890/400 1327/889/399 1329/891/401
f 1329/891/401 1330/892/402 1328/890/400
f 1331/893/403 1323/885/395 1326/888/398
f 1326/888/398 1332/894/404 1331/893/403
f 1332/894/404 1326/888/398 1328/890/400
f 1328/890/400 1333/895/405 1332/894/404
f 1333/895/405 1328/890/400 1330/892/402
f 1330/892/402 1334/896/406 1333/895/405
f 1335/897/407 1331/893/403 1332/894/404
f 1332/894/404 1336/898/408 1335/897/407
f 1336/898/408 1332/894/404 1333/895/405
f 1333/895/405 1337/899/409 1336/898/408
f 1337/899/409 1333/895/405 1334/896/406
f 1334/896/406 1338/900/410 1337/899/409
f 1339/901/411 1340/902/412 1341/903/413
f 1341/903/413 1342/904/414 1339/901/411
f 1342/904/414 1341/903/413 1343/905/415
f 1343/905/415 1344/906/416 1342/904/414
f 1344/906/416 1343/905/415 1345/907/417
f 1345/907/417 1346/908/418 1344/906/416
f 1347/909/419 1339/901/411 1342/904/414
f 1342/904/414 1348/910/420 1347/909/419
f 1348/910/420 1342/904/414 1344/906/416
f 1344/906/416 1349/911/421 1348/910/420
f 1349/911/421 1344/906/416 1346/908/418
f 1346/908/418 1350/912/422 1349/911/421
f 1351/913/423 1347/909/419 1348/910/420
f 1348/910/420 1352/914/424 1351/913/423
f 1352/914/424 1348/910/420 1349/911/421
f 1349/911/421 1353/915/425 1352/914/424
f 1334/896/406 1354/916/421 1355/917/426
f 1355/917/426 1338/900/410 1334/896/406
f 1356/918/427 1276/838/349 1357/919/428
f 1357/919/428 1358/920/429 1356/918/427
f 1358/920/429 1357/919/428 1359/921/430
f 1359/921/430 1360/922/431 1358/920/429
f 1360/922/431 1359/921/430 1335/897/407
f 1335/897/407 1336/898/408 1360/922/431
f 1361/923/432 1356/918/427 1358/920/429
f 1358/920/429 1362/924/433 1361/923/432
f 1362/924/433 1358/920/429 1360/922/431
f 1360/922/431 1363/925/434 1362/924/433
f 1363/925/434 1360/922/431 1336/898/408
f 1336/898/408 1337/899/409 1363/925/434
f 1364/926/435 1361/923/432 1362/924/433
f 1362/924/433 1365/927/436 1364/926/435
f 1365/927/436 1362/924/433 1363/925/434
f 1363/925/434 1355/917/426 1365/927/436
f 1355/917/426 1363/925/434 1337/899/409
f 1337/899/409 1338/900/410 1355/917/426
f 1366/928/437 1271/833/344 1367/929/438
f 1367/929/438 1368/930/439 1366/928/437
f 1368/930/439 1367/929/438 1369/931/440
f 1369/931/440 1370/932/441 1368/930/439
f 1370/932/441 1369/931/440 1371/933/442
f 1371/933/442 1372/934/443 1370/932/441
f 1373/935/444 1366/928/437 1368/930/439
f 1368/930/439 1374/936/445 1373/935/444
f 1374/936/445 1368/930/439 1370/932/441
f 1370/932/441 1375/937/446 1374/936/445
f 1375/937/446 1370/932/441 1372/934/443
f 1372/934/443 1376/938/447 1375/937/446
f 1377/939/448 1373/935/444 1374/936/445
f 1374/936/445 1378/940/449 1377/939/448
f 1378/940/449 1374/936/445 1375/937/446
f 1375/937/446 1379/941/450 1378/940/449
f 1380/942/450 1381/943/446 1382/944/447
f 1382/944/447 1383/945/451 1380/942/450
f 1384/946/452 1385/947/351 1386/948/453
f 1386/948/453 1387/949/454 1384/946/452
f 1387/949/454 1386/948/453 1388/950/455
f 1388/950/455 1389/951/456 1387/949/454
f 1389/951/456 1388/950/455 1390/952/457
f 1390/952/457 1391/953/458 1389/951/456
f 1392/954/459 1384/946/452 1387/949/454
f 1387/949/454 1393/955/460 1392/954/459
f 1393/955/460 1387/949/454 1389/951/456
f 1389/951/456 1394/956/461 1393/955/460
f 1394/956/461 1389/951/456 1391/953/458
f 1391/953/458 1395/957/462 1394/956/461
f 1371/933/442 1396/958/463 1397/959/464
f 1397/959/464 1372/934/443 1371/933/442
f 1398/960/465 1393/955/460 1394/956/461
f 1394/956/461 1382/944/447 1398/960/465
f 1382/944/447 1394/956/461 1395/957/462
f 1395/957/462 1383/945/451 1382/944/447
f 1399/961/466 1266/828/339 1400/962/467
f 1400/962/467 1401/963/468 1399/961/466
f 1401/963/468 1400/962/467 1402/964/469
f 1402/964/469 1403/965/470 1401/963/468
f 1403/965/470 1402/964/469 1404/966/471
f 1404/966/471 1405/967/472 1403/965/470
f 1406/968/473 1399/961/466 1401/963/468
f 1401/963/468 1407/969/474 1406/968/473
f 1407/969/474 1401/963/468 1403/965/470
f 1403/965/470 1408/970/475 1407/969/474
f 1408/970/475 1403/965/470 1405/967/472
f 1405/967/472 1380/942/450 1408/970/475
f 1390/952/457 1406/968/473 1407/969/474
f 1407/969/474 1391/953/458 1390/952/457
f 1391/953/458 1407/969/474 1408/970/475
f 1408/970/475 1395/957/462 1391/953/458
f 1395/957/462 1408/970/475 1380/942/450
f 1380/942/450 1383/945/451 1395/957/462
f 1409/971/476 1410/972/477 1411/973/478
f 1411/973/478 1412/974/479 1409/971/476
f 1412/974/479 1411/973/478 1413/975/480
f 1413/975/480 1414/976/481 1412/974/479
f 1414/976/481 1413/975/480 1415/977/482
f 1415/977/482 1416/978/483 1414/976/481
f 1417/979/484 1409/971/476 1412/974/479
f 1412/974/479 1418/980/485 1417/979/484
f 1418/980/485 1412/974/479 1414/976/481
f 1414/976/481 1419/981/486 1418/980/485
f 1419/981/486 1414/976/481 1416/978/483
f 1416/978/483 1420/982/487 1419/981/486
f 1421/983/488 1422/984/484 1423/985/489
f 1423/985/489 1424/986/490 1421/983/488
f 1425/987/491 1418/980/485 1419/981/486
f 1419/981/486 1426/988/492 1425/987/491
f 1426/988/492 1419/981/486 1420/982/487
f 1420/982/487 1427/989/493 1426/988/492
f 1428/990/494 1279/841/352 1429/991/495
f 1429/991/495 1430/992/496 1428/990/494
f 1430/992/496 1429/991/495 1431/993/497
f 1431/993/497 1432/994/498 1430/992/496
f 1432/994/498 1431/993/497 1433/995/499
f 1433/995/499 1434/996/500 1432/994/498
f 1435/997/501 1428/990/494 1430/992/496
f 1430/992/496 1436/998/502 1435/997/501
f 1436/998/502 1430/992/496 1432/994/498
f 1432/994/498 1437/999/503 1436/998/502
f 1437/999/503 1432/994/498 1434/996/500
f 1434/996/500 1438/1000/504 1437/999/503
f 1415/977/482 1435/997/501 1436/998/502
f 1436/998/502 1416/978/483 1415/977/482
f 1416/978/483 1436/998/502 1437/999/503
f 1437/999/503 1420/982/487 1416/978/483
f 1420/982/487 1437/999/503 1438/1000/504
f 1438/1000/504 1427/989/493 1420/982/487
f 1439/1001/505 1270/832/343 1440/1002/506
f 1440/1002/506 1441/1003/507 1439/1001/505
f 1441/1003/507 1440/1002/506 1442/1004/508
f 1442/1004/508 1443/1005/509 1441/1003/507
f 1443/1005/509 1442/1004/508 1421/983/488
f 1421/983/488 1424/986/490 1443/1005/509
f 1444/1006/510 1439/1001/505 1441/1003/507
f 1441/1003/507 1445/1007/511 1444/1006/510
f 1445/1007/511 1441/1003/507 1443/1005/509
f 1443/1005/509 1446/1008/512 1445/1007/511
f 1446/1008/512 1443/1005/509 1424/986/490
f 1424/986/490 1447/1009/513 1446/1008/512
f 1448/1010/514 1444/1006/510 1445/1007/511
f 1445/1007/511 1449/1011/515 1448/1010/514
f 1449/1011/515 1445/1007/511 1446/1008/512
f 1446/1008/512 1450/1012/516 1449/1011/515
f 1438/1000/504 1451/1013/512 1426/988/492
f 1426/988/492 1427/989/493 1438/1000/504
f 1357/919/428 1276/838/349 1279/841/352
f 1279/841/352 1428/990/494 1357/919/428
f 1359/921/430 1357/919/428 1428/990/494
f 1428/990/494 1435/997/501 1359/921/430
f 1335/897/407 1359/921/430 1435/997/501
f 1435/997/501 1415/977/482 1335/897/407
f 1331/893/403 1335/897/407 1415/977/482
f 1415/977/482 1413/975/480 1331/893/403
f 1323/885/395 1331/893/403 1413/975/480
f 1413/975/480 1411/973/478 1323/885/395
f 1324/886/396 1323/885/395 1411/973/478
f 1411/973/478 1410/972/477 1324/886/396
f 1452/1014/517 1277/839/350 1276/838/349
f 1276/838/349 1356/918/427 1452/1014/517
f 1453/1015/518 1452/1014/517 1356/918/427
f 1356/918/427 1361/923/432 1453/1015/518
f 1454/1016/519 1453/1015/518 1361/923/432
f 1361/923/432 1364/926/435 1454/1016/519
f 1288/850/361 1292/854/365 1345/907/417
f 1345/907/417 1343/905/415 1288/850/361
f 1280/842/353 1288/850/361 1343/905/415
f 1343/905/415 1341/903/413 1280/842/353
f 1281/843/354 1280/842/353 1341/903/413
f 1341/903/413 1340/902/412 1281/843/354
f 1429/991/495 1279/841/352 1278/840/351
f 1278/840/351 1455/1017/520 1429/991/495
f 1431/993/497 1429/991/495 1455/1017/520
f 1455/1017/520 1456/1018/459 1431/993/497
f 1448/1010/514 1457/1019/521 1396/958/463
f 1396/958/463 1371/933/442 1448/1010/514
f 1444/1006/510 1448/1010/514 1371/933/442
f 1371/933/442 1369/931/440 1444/1006/510
f 1439/1001/505 1444/1006/510 1369/931/440
f 1369/931/440 1367/929/438 1439/1001/505
f 1270/832/343 1439/1001/505 1367/929/438
f 1367/929/438 1271/833/344 1270/832/343
f 1386/948/453 1385/947/351 1313/875/385
f 1313/875/385 1312/874/384 1386/948/453
f 1388/950/455 1386/948/453 1312/874/384
f 1312/874/384 1320/882/392 1388/950/455
f 1390/952/457 1388/950/455 1320/882/392
f 1320/882/392 1304/866/376 1390/952/457
f 1406/968/473 1390/952/457 1304/866/376
f 1304/866/376 1302/864/374 1406/968/473
f 1399/961/466 1406/968/473 1302/864/374
f 1302/864/374 1300/862/372 1399/961/466
f 1266/828/339 1399/961/466 1300/862/372
f 1300/862/372 1267/829/340 1266/828/339
f 1282/844/355 1281/843/354 1458/1020/522
f 1458/1020/522 1459/1021/523 1282/844/355
f 1284/846/357 1282/844/355 1459/1021/523
f 1459/1021/523 1460/1022/524 1284/846/357
f 1286/848/359 1284/846/357 1460/1022/524
f 1460/1022/524 1461/1023/199 1286/848/359
f 1306/868/378 1310/872/382 1462/1024/199
f 1462/1024/199 1463/1025/525 1306/868/378
f 1299/861/371 1306/868/378 1463/1025/525
f 1463/1025/525 1464/1026/526 1299/861/371
f 1267/829/340 1299/861/371 1464/1026/526
f 1464/1026/526 1264/826/337 1267/829/340
f 1465/1027/527 1272/834/345 1275/837/348
f 1275/837/348 1466/1028/528 1465/1027/527
f 1467/1029/529 1465/1027/527 1466/1028/528
f 1466/1028/528 1468/1030/484 1467/1029/529
f 1469/1031/206 1470/1032/529 1422/984/484
f 1422/984/484 1421/983/488 1469/1031/206
f 1471/1033/530 1469/1031/206 1421/983/488
f 1421/983/488 1442/1004/508 1471/1033/530
f 1472/1034/531 1471/1033/530 1442/1004/508
f 1442/1004/508 1440/1002/506 1472/1034/531
f 1269/831/342 1472/1034/531 1440/1002/506
f 1440/1002/506 1270/832/343 1269/831/342
f 1473/1035/397 1274/836/347 1273/835/346
f 1273/835/346 1474/1036/532 1473/1035/397
f 1475/1037/399 1473/1035/397 1474/1036/532
f 1474/1036/532 1476/1038/533 1475/1037/399
f 1477/1039/401 1475/1037/399 1476/1038/533
f 1476/1038/533 1478/1040/213 1477/1039/401
f 1347/909/419 1351/913/423 1479/1041/213
f 1479/1041/213 1480/1042/534 1347/909/419
f 1339/901/411 1347/909/419 1480/1042/534
f 1480/1042/534 1481/1043/535 1339/901/411
f 1340/902/412 1339/901/411 1481/1043/535
f 1481/1043/535 1482/1044/536 1340/902/412
f 1400/962/467 1266/828/339 1265/827/338
f 1265/827/338 1483/1045/537 1400/962/467
f 1402/964/469 1400/962/467 1483/1045/537
f 1483/1045/537 1484/1046/538 1402/964/469
f 1377/939/448 1485/1047/539 1486/1048/538
f 1486/1048/538 1487/1049/220 1377/939/448
f 1373/935/444 1377/939/448 1487/1049/220
f 1487/1049/220 1488/1050/540 1373/935/444
f 1366/928/437 1373/935/444 1488/1050/540
f 1488/1050/540 1489/1051/541 1366/928/437
f 1271/833/344 1366/928/437 1489/1051/541
f 1489/1051/541 1268/830/341 1271/833/344
f 1482/1044/536 1458/1020/522 1281/843/354
f 1281/843/354 1340/902/412 1482/1044/536
f 1490/1052/5 1491/1053/5 1492/1054/542
f 1490/1052/5 1492/1054/542 1493/1055/543
f 1490/1052/5 1493/1055/543 1494/1056/544
f 1490/1052/5 1494/1056/544 1495/1057/5
s 0
f 1495/1057/5 1496/1058/5 1490/1052/5
s 1
f 1497/1059/545 1498/1060/546 1499/1061/547
f 1499/1061/547 1500/1062/548 1497/1059/545
f 1501/1063/549 1502/1064/550 1503/1065/550
f 1503/1065/550 1504/1066/549 1501/1063/549
f 1505/1067/551 1506/1068/4 1507/1069/4
f 1507/1069/4 1508/1070/551 1505/1067/551
f 1509/1071/552 1510/1072/553 1511/1073/554
f 1511/1073/554 1512/1074/555 1509/1071/552
f 1513/1075/556 1514/1076/557 1515/1077/547
f 1515/1077/547 1516/1078/556 1513/1075/556
f 1517/1079/558 1505/1067/551 1508/1070/551
f 1508/1070/551 1518/1080/558 1517/1079/558
f 1510/1072/553 1519/1081/559 1520/1082/559
f 1520/1082/559 1511/1073/554 1510/1072/553
s 0
f 1521/1083/560 1522/1084/560 1523/1085/560
f 1523/1085/560 1524/1086/560 1521/1083/560
f 1525/1087/561 1526/1088/561 1527/1053/561
f 1527/1053/561 1528/1052/561 1525/1087/561
s 1
f 1529/1089/562 1530/1090/563 1531/1091/564
f 1531/1091/564 1532/1092/565 1529/1089/562
s 0
f 1533/1093/566 1534/1063/566 1535/1066/566
f 1535/1066/566 1536/1094/566 1533/1093/566
s 1
f 1537/1095/567 1497/1059/545 1500/1062/548
f 1500/1062/548 1538/1096/567 1537/1095/567
f 1539/1097/568 1509/1071/552 1512/1074/555
f 1512/1074/555 1540/1098/568 1539/1097/568
f 1541/1099/569 1542/1100/570 1543/1101/571
f 1543/1101/571 1544/1102/569 1541/1099/569
f 1545/1103/572 1546/1095/573 1547/1096/573
f 1547/1096/573 1548/1104/574 1545/1103/572
f 1549/1105/575 1550/1097/576 1551/1098/576
f 1551/1098/576 1552/1106/577 1549/1105/575
s 0
f 1553/1107/578 1554/1079/578 1555/1080/578
f 1555/1080/578 1556/1108/578 1553/1107/578
s 1
f 1557/1109/579 1558/1110/580 1559/1111/580
f 1559/1111/580 1560/1112/581 1557/1109/579
f 1561/1113/582 1562/1114/583 1563/1115/584
f 1563/1115/584 1564/1116/585 1561/1113/582
f 1565/1117/586 1566/1118/587 1567/1119/587
f 1567/1119/587 1568/1120/586 1565/1117/586
f 1569/1121/588 1570/1122/589 1571/1123/590
f 1569/1121/588 1571/1123/590 1572/1124/588
f 1573/1125/591 1574/1126/592 1575/1127/592
f 1575/1127/592 1576/1128/591 1573/1125/591
f 1574/1126/592 1577/1129/593 1578/1130/593
f 1578/1130/593 1575/1127/592 1574/1126/592
f 1579/1131/594 1565/1117/586 1568/1120/586
f 1568/1120/586 1580/1132/594 1579/1131/594
f 1581/1133/595 1582/1134/596 1583/1135/596
f 1583/1135/596 1584/1136/597 1581/1133/595
s 0
f 1585/1137/2 1586/1138/2 1587/1139/2
f 1585/1137/2 1587/1139/2 1588/1140/2
f 1585/1137/2 1588/1140/2 1589/1141/2
f 1589/1141/2 1590/1142/2 1585/1137/2
s 1
f 1591/1143/598 1581/1133/595 1584/1136/597
f 1584/1136/597 1592/1144/598 1591/1143/598
f 1593/1145/599 1557/1109/579 1560/1112/581
f 1560/1112/581 1594/1146/599 1593/1145/599
f 1595/1147/600 1596/1053/601 1597/1088/602
f 1597/1088/602 1598/1148/600 1595/1147/600
f 1599/1149/603 1600/1085/604 1601/1084/605
f 1601/1084/605 1602/1150/606 1599/1149/603
f 1603/1151/607 1604/1087/608 1605/1052/609
f 1605/1052/609 1606/1058/610 1603/1151/607
f 1607/1152/611 1608/1083/612 1609/1086/613
f 1609/1086/613 1610/1153/614 1607/1152/611
f 1611/1154/615 1612/1155/616 1613/1064/617
f 1613/1064/617 1614/1156/616 1611/1154/615
f 1615/1059/618 1616/1157/618 1617/1158/619
f 1617/1158/619 1618/1060/620 1615/1059/618
f 1619/1159/621 1620/1068/622 1621/1067/623
f 1621/1067/623 1622/1160/621 1619/1159/621
f 1623/1071/624 1624/1161/625 1625/1162/626
f 1625/1162/626 1626/1072/627 1623/1071/624
s 0
f 1627/1160/628 1628/1067/628 1629/1079/628
f 1629/1079/629 1630/1163/629 1627/1160/629
f 1631/1097/630 1632/1164/630 1633/1161/630
f 1633/1161/631 1634/1071/631 1631/1097/631
f 1635/1157/632 1636/1059/632 1637/1095/632
f 1637/1095/633 1638/1165/633 1635/1157/633
f 1639/1063/634 1640/1166/634 1641/1156/634
s 1
f 1641/1156/634 1642/1064/634 1639/1063/634
f 1643/1165/635 1644/1095/636 1645/1103/636
f 1645/1103/636 1646/1167/637 1643/1165/635
f 1647/1107/638 1648/1168/639 1649/1163/640
f 1649/1163/640 1650/1079/641 1647/1107/638
f 1651/1164/642 1652/1097/643 1653/1105/643
f 1653/1105/643 1654/1169/642 1651/1164/642
f 1655/1093/644 1656/1170/644 1657/1166/644
f 1657/1166/644 1658/1063/644 1655/1093/644
f 1659/1171/645 1530/1090/563 1529/1089/562
f 1529/1089/562 1660/1172/645 1659/1171/645
f 1661/1121/646 1564/1116/585 1563/1115/584
f 1563/1115/584 1662/1122/647 1661/1121/646
f 1663/1173/648 1562/1114/583 1561/1113/582
f 1561/1113/582 1664/1174/648 1663/1173/648
f 1665/1099/649 1532/1092/565 1531/1091/564
f 1531/1091/564 1666/1100/650 1665/1099/649
f 1667/1175/651 1668/1118/651 1669/1117/652
f 1669/1117/652 1670/1176/653 1667/1175/651
f 1671/1133/654 1672/1177/654 1673/1178/655
f 1673/1178/655 1674/1134/655 1671/1133/654
f 1675/1179/656 1676/1129/656 1677/1126/657
f 1677/1126/657 1678/1180/658 1675/1179/656
f 1679/1109/659 1680/1181/660 1681/1182/661
f 1681/1182/661 1682/1110/662 1679/1109/659
f 1678/1180/658 1677/1126/657 1683/1125/663
f 1683/1125/663 1684/1183/664 1678/1180/658
f 1685/1145/665 1686/1184/666 1680/1181/660
f 1680/1181/660 1679/1109/659 1685/1145/665
f 1672/1177/654 1671/1133/654 1687/1143/667
f 1687/1143/667 1688/1185/668 1672/1177/654
f 1689/1131/669 1690/1186/670 1670/1176/653
f 1670/1176/653 1669/1117/652 1689/1131/669
f 1502/1064/550 1691/1155/1 1692/1187/1
f 1692/1187/1 1503/1065/550 1502/1064/550
s 0
f 1693/1188/5 1694/1189/5 1695/1190/5
f 1695/1190/5 1696/1191/5 1693/1188/5
f 1697/1192/4 1698/1193/4 1699/1194/4
f 1699/1194/4 1700/1195/4 1697/1192/4
f 1701/1196/1 1702/1197/1 1703/1198/1
f 1703/1198/1 1704/1199/1 1701/1196/1
s 1
f 1705/1200/567 1706/1201/567 1707/1202/548
f 1707/1202/548 1708/1203/545 1705/1200/567
s 0
f 1709/1204/4 1710/1205/4 1711/1206/4
f 1711/1206/4 1712/1207/4 1709/1204/4
f 1713/1208/1 1714/1209/1 1715/1210/1
f 1715/1210/1 1716/1211/1 1713/1208/1
s 1
f 1717/1212/581 1560/1112/581 1559/1111/580
f 1559/1111/580 1718/1213/580 1717/1212/581
s 0
f 1719/1214/2 1589/1141/2 1588/1140/2
f 1588/1140/2 1720/1215/2 1719/1214/2
s 1
f 1721/1216/599 1594/1146/599 1560/1112/581
f 1560/1112/581 1717/1212/581 1721/1216/599
f 1708/1203/545 1707/1202/548 1515/1077/547
f 1515/1077/547 1514/1076/557 1708/1203/545
s 0
f 1722/1217/1 1723/1218/1 1724/1219/1
f 1724/1219/1 1725/1220/1 1722/1217/1
f 1726/1221/1 1727/1222/1 1728/1223/1
f 1728/1223/1 1729/1224/1 1726/1221/1
f 1730/1225/1 1731/1226/1 1732/1227/1
f 1732/1227/1 1733/1228/1 1730/1225/1
s 1
f 1734/1229/572 1735/1230/574 1736/1201/573
f 1736/1201/573 1737/1200/573 1734/1229/572
f 1738/1172/588 1739/1231/588 1740/1232/590
f 1740/1232/590 1741/1171/589 1738/1172/588
f 1742/1233/595 1743/1234/597 1744/1235/596
f 1744/1235/596 1745/1236/596 1742/1233/595
f 1746/1237/598 1747/1238/598 1743/1234/597
f 1743/1234/597 1742/1233/595 1746/1237/598
f 1748/1239/556 1749/1240/556 1499/1061/547
f 1748/1239/556 1499/1061/547 1498/1060/546
f 1498/1060/546 1750/1241/556 1751/1242/556
f 1498/1060/546 1751/1242/556 1748/1239/556
f 1747/1238/598 1752/1243/598 1753/1244/597
f 1753/1244/597 1743/1234/597 1747/1238/598
f 1754/1245/568 1755/1246/568 1756/1247/555
f 1756/1247/555 1757/1248/552 1754/1245/568
f 1743/1234/597 1753/1244/597 1758/1249/596
f 1758/1249/596 1744/1235/596 1743/1234/597
s 0
f 1759/1250/4 1760/1251/4 1761/1252/4
f 1761/1252/4 1762/1253/4 1759/1250/4
s 1
f 1763/1254/671 1764/1255/5 1765/1256/5
f 1765/1256/5 1766/1257/672 1763/1254/671
f 1767/1258/575 1768/1259/673 1769/1246/576
f 1769/1246/576 1770/1245/576 1767/1258/575
s 0
f 1771/1260/2 1719/1214/2 1720/1215/2
f 1720/1215/2 1772/1261/2 1771/1260/2
s 1
f 1773/1262/553 1774/1263/554 1775/1264/559
f 1773/1262/553 1775/1264/559 1776/1265/559
f 1773/1262/553 1776/1265/559 1777/1266/559
f 1777/1266/559 1778/1267/559 1773/1262/553
s 0
f 1733/1228/1 1732/1227/1 1727/1222/1
f 1727/1222/1 1726/1221/1 1733/1228/1
f 1779/1268/4 1780/1269/4 1760/1251/4
f 1760/1251/4 1759/1250/4 1779/1268/4
f 1725/1220/1 1724/1219/1 1781/1270/1
f 1781/1270/1 1782/1271/1 1725/1220/1
s 1
f 1757/1248/552 1756/1247/555 1774/1263/554
f 1774/1263/554 1773/1262/553 1757/1248/552
f 1783/1272/569 1784/1273/569 1785/1274/571
f 1783/1272/569 1785/1274/571 1786/1173/570
f 1786/1173/570 1787/1174/569 1783/1272/569
f 1788/1275/581 1717/1212/581 1718/1213/580
f 1718/1213/580 1789/1276/580 1788/1275/581
f 1790/1277/599 1721/1216/599 1717/1212/581
f 1717/1212/581 1788/1275/581 1790/1277/599
f 1791/1278/674 1792/1279/674 1793/1280/3
f 1793/1280/3 1794/1281/3 1791/1278/674
f 1795/1282/675 1796/1283/675 1797/1284/676
f 1797/1284/676 1798/1285/676 1795/1282/675
f 1799/1286/677 1800/1287/678 1801/1288/679
f 1801/1288/679 1802/1289/679 1799/1286/677
s 0
f 1803/1290/680 1804/1291/680 1805/1292/680
f 1805/1292/680 1806/1293/680 1803/1290/680
f 1807/1281/681 1808/1280/681 1809/1294/681
f 1809/1294/681 1810/1295/681 1807/1281/681
s 1
f 1811/1289/682 1812/1288/682 1792/1279/674
f 1792/1279/674 1791/1278/674 1811/1289/682
f 1813/1296/683 1814/1297/683 1815/1298/684
f 1815/1298/684 1816/1299/684 1813/1296/683
f 1816/1299/684 1815/1298/684 1817/1293/248
f 1817/1293/248 1818/1292/248 1816/1299/684
f 1819/1300/685 1820/1301/685 1821/1297/686
f 1821/1297/686 1822/1296/686 1819/1300/685
f 1823/1302/687 1824/1303/687 1825/1304/688
f 1825/1304/688 1826/1305/688 1823/1302/687
s 0
f 1782/1271/1 1781/1270/1 1702/1197/1
f 1702/1197/1 1701/1196/1 1782/1271/1
f 1827/1306/4 1828/1307/4 1829/1308/4
f 1829/1308/4 1830/1309/4 1827/1306/4
f 1831/1310/5 1832/1311/5 1833/1312/5
f 1833/1312/5 1834/1313/5 1831/1310/5
f 1712/1207/4 1711/1206/4 1698/1193/4
f 1698/1193/4 1697/1192/4 1712/1207/4
f 1835/1314/5 1836/1315/5 1837/1316/5
f 1837/1316/5 1838/1317/5 1835/1314/5
f 1700/1195/4 1699/1194/4 1780/1269/4
f 1780/1269/4 1779/1268/4 1700/1195/4
f 1839/1318/1 1840/1319/1 1714/1209/1
f 1714/1209/1 1713/1208/1 1839/1318/1
f 1830/1309/4 1829/1308/4 1710/1205/4
f 1710/1205/4 1709/1204/4 1830/1309/4
f 1716/1211/1 1715/1210/1 1723/1218/1
f 1723/1218/1 1722/1217/1 1716/1211/1
f 1841/1320/4 1842/1321/4 1843/1322/4
f 1843/1322/4 1844/1323/4 1841/1320/4
f 1845/1324/4 1846/1325/4 1828/1307/4
f 1828/1307/4 1827/1306/4 1845/1324/4
f 1729/1224/1 1728/1223/1 1840/1319/1
f 1840/1319/1 1839/1318/1 1729/1224/1
f 1844/1323/4 1843/1322/4 1846/1325/4
f 1846/1325/4 1845/1324/4 1844/1323/4
s 1
f 1847/1326/5 1495/1057/5 1494/1056/544
f 1847/1326/5 1494/1056/544 1848/1327/689
f 1847/1326/5 1848/1327/689 1849/1328/690
f 1847/1326/5 1849/1328/690 1850/1329/691
f 1847/1326/5 1850/1329/691 1851/1330/692
f 1851/1330/692 1852/1147/5 1847/1326/5
f 1853/1331/693 1854/1056/694 1855/1055/695
f 1855/1055/695 1856/1332/693 1853/1331/693
f 1857/1333/696 1858/1334/696 1853/1331/693
f 1853/1331/693 1856/1332/693 1857/1333/696
f 1857/1333/696 1859/1054/697 1860/1327/698
f 1860/1327/698 1858/1334/696 1857/1333/696
s 0
f 1861/1332/699 1862/1055/699 1863/1054/699
f 1863/1054/699 1864/1333/699 1861/1332/699
f 1865/1334/700 1866/1327/700 1867/1056/700
f 1867/1056/700 1868/1331/700 1865/1334/700
s 1
f 1491/1053/5 1852/1147/5 1851/1330/692
f 1491/1053/5 1851/1330/692 1869/1335/701
f 1869/1335/701 1849/1328/690 1848/1327/689
f 1869/1335/701 1848/1327/689 1492/1054/542
f 1869/1335/701 1492/1054/542 1491/1053/5
f 1870/1336/702 1871/1335/703 1872/1330/704
f 1872/1330/704 1873/1337/702 1870/1336/702
f 1874/1338/705 1870/1336/702 1873/1337/702
f 1873/1337/702 1875/1339/705 1874/1338/705
f 1875/1339/705 1876/1329/706 1877/1328/690
f 1877/1328/690 1874/1338/705 1875/1339/705
s 0
f 1878/1338/707 1879/1328/707 1880/1335/707
f 1880/1335/707 1881/1336/707 1878/1338/707
f 1882/1337/708 1883/1330/708 1884/1329/708
f 1884/1329/708 1885/1339/708 1882/1337/708
s 1
f 1886/1340/709 1887/1341/710 1888/1342/711
f 1888/1342/711 1889/1343/712 1886/1340/709
f 1890/1344/713 1891/1345/714 1892/1346/715
f 1892/1346/715 1893/1347/716 1890/1344/713
f 1894/1348/717 1895/1344/718 1893/1347/719
f 1893/1347/719 1896/1349/720 1894/1348/717
f 1897/1350/721 1898/1351/722 1899/1352/720
f 1899/1352/720 1900/1353/723 1897/1350/721
f 1901/1354/724 1902/1350/725 1900/1353/726
f 1900/1353/726 1903/1355/727 1901/1354/724
f 1904/1341/728 1905/1356/729 1906/1357/730
f 1906/1357/730 1888/1342/711 1904/1341/728
f 1907/1358/731 1908/1359/732 1909/1360/712
f 1909/1360/712 1910/1361/733 1907/1358/731
f 1911/1362/734 1912/1358/734 1910/1361/735
f 1910/1361/735 1913/1363/715 1911/1362/734
f 1914/1364/736 1915/1365/733 1916/1366/737
f 1916/1366/737 1917/1367/738 1914/1364/736
f 1918/1368/739 1919/1369/740 1915/1365/733
f 1915/1365/733 1914/1364/736 1918/1368/739
f 1920/1370/741 1921/1371/719 1919/1369/740
f 1919/1369/740 1918/1368/739 1920/1370/741
f 1922/1372/742 1923/1373/743 1921/1371/719
f 1921/1371/719 1920/1370/741 1922/1372/742
f 1924/1374/744 1925/1375/726 1923/1373/743
f 1923/1373/743 1922/1372/742 1924/1374/744
f 1926/1376/745 1927/1377/746 1925/1375/726
f 1925/1375/726 1924/1374/744 1926/1376/745
f 1928/1378/747 1929/1379/711 1927/1377/746
f 1927/1377/746 1926/1376/745 1928/1378/747
f 1917/1367/738 1916/1366/737 1929/1379/711
f 1929/1379/711 1928/1378/747 1917/1367/738
f 1918/1368/739 1914/1364/736 1917/1367/738
f 1918/1368/739 1917/1367/738 1928/1378/747
f 1918/1368/739 1928/1378/747 1926/1376/745
f 1918/1368/739 1926/1376/745 1924/1374/744
f 1918/1368/739 1924/1374/744 1922/1372/742
f 1922/1372/742 1920/1370/741 1918/1368/739
f 1930/1380/748 1931/1381/749 1932/1382/750
f 1932/1382/750 1933/1383/748 1930/1380/748
f 1934/1384/751 1935/1385/752 1936/1386/752
f 1936/1386/752 1937/1387/751 1934/1384/751
f 1752/1243/598 1592/1144/598 1584/1136/597
f 1584/1136/597 1753/1244/597 1752/1243/598
s 0
f 1938/1388/2 1771/1260/2 1772/1261/2
f 1938/1388/2 1772/1261/2 1939/1389/2
f 1938/1388/2 1939/1389/2 1940/1390/2
f 1940/1390/2 1941/1391/2 1938/1388/2
s 1
f 1942/1392/579 1788/1275/581 1789/1276/580
f 1789/1276/580 1943/1393/580 1942/1392/579
f 1753/1244/597 1584/1136/597 1583/1135/596
f 1583/1135/596 1758/1249/596 1753/1244/597
f 1944/1394/599 1790/1277/599 1788/1275/581
f 1788/1275/581 1942/1392/579 1944/1394/599
f 1945/1395/753 1946/1396/754 1947/1397/754
f 1947/1397/754 1948/1398/753 1945/1395/753
f 1949/1399/755 1950/1400/756 1951/1401/757
f 1951/1401/757 1952/1402/755 1949/1399/755
f 1953/1403/758 1954/1404/5 1955/1405/5
f 1955/1405/5 1956/1406/759 1953/1403/758
f 1956/1406/759 1955/1405/5 1764/1255/5
f 1764/1255/5 1763/1254/671 1956/1406/759
f 1957/1407/760 1958/1408/761 1959/1409/762
f 1959/1409/762 1960/1410/763 1957/1407/760
f 1961/1411/764 1962/1410/763 1963/1409/762
f 1963/1409/762 1964/1412/765 1961/1411/764
f 1965/1413/766 1961/1411/764 1964/1412/765
f 1964/1412/765 1966/1414/766 1965/1413/766
f 1967/1415/767 1968/1383/768 1969/1414/768
f 1969/1414/768 1970/1412/769 1967/1415/767
f 1971/1408/770 1972/1415/771 1964/1412/765
f 1964/1412/765 1963/1409/762 1971/1408/770
f 1972/1415/771 1971/1408/770 1973/1407/760
f 1973/1407/760 1974/1416/772 1972/1415/771
f 1933/1383/748 1972/1415/771 1974/1416/772
f 1974/1416/772 1930/1380/748 1933/1383/748
f 1974/1416/772 1973/1407/760 1962/1410/763
f 1962/1410/763 1961/1411/764 1974/1416/772
f 1975/1380/773 1976/1416/774 1977/1411/774
f 1977/1411/774 1978/1413/773 1975/1380/773
f 1766/1257/672 1765/1256/5 1954/1404/5
f 1954/1404/5 1953/1403/758 1766/1257/672
f 1979/1417/775 1980/1418/776 1981/1419/777
f 1981/1419/777 1982/1420/778 1979/1417/775
f 1983/1421/779 1979/1417/775 1982/1420/778
f 1982/1420/778 1984/1422/780 1983/1421/779
f 1953/1403/758 1983/1421/779 1984/1422/780
f 1984/1422/780 1766/1257/672 1953/1403/758
f 1985/1423/781 1763/1254/671 1766/1257/672
f 1766/1257/672 1986/1422/782 1985/1423/781
f 1987/1424/783 1985/1423/781 1986/1422/782
f 1986/1422/782 1988/1420/784 1987/1424/783
f 1950/1400/756 1989/1425/785 1990/1426/785
f 1990/1426/785 1951/1401/757 1950/1400/756
f 1991/1424/786 1932/1382/750 1931/1381/749
f 1931/1381/749 1992/1427/787 1991/1424/786
f 1993/1423/788 1991/1424/786 1992/1427/787
f 1992/1427/787 1994/1428/789 1993/1423/788
f 1763/1254/671 1993/1423/788 1994/1428/789
f 1994/1428/789 1956/1406/759 1763/1254/671
f 1995/1427/790 1996/1381/791 1997/1418/791
f 1997/1418/791 1998/1417/790 1995/1427/790
f 1994/1428/789 1995/1427/790 1998/1417/790
f 1998/1417/790 1983/1421/779 1994/1428/789
f 1956/1406/759 1994/1428/789 1983/1421/779
f 1983/1421/779 1953/1403/758 1956/1406/759
f 1966/1414/766 1981/1419/777 1980/1418/776
f 1980/1418/776 1965/1413/766 1966/1414/766
f 1999/1429/792 2000/1430/793 2001/1431/794
f 2001/1431/794 2002/1432/795 1999/1429/792
s 0
f 2003/1433/5 2004/1434/5 2005/1435/5
f 2003/1433/796 2005/1435/796 2006/1436/796
f 2003/1433/5 2006/1436/5 2007/1437/5
f 2003/1433/5 2007/1437/5 2008/1083/5
f 2003/1433/5 2008/1083/5 2009/1152/5
s 1
f 2010/1438/797 2003/1433/5 1955/1405/5
f 1955/1405/5 2011/1439/798 2010/1438/797
f 2012/1440/799 2013/1441/800 2014/1442/800
f 2014/1442/800 2015/1443/801 2012/1440/799
f 2016/1444/802 2017/1445/803 2018/1446/803
f 2018/1446/803 2019/1447/804 2016/1444/802
f 2020/1448/805 1954/1404/5 2004/1434/5
f 2004/1434/5 2021/1449/806 2020/1448/805
f 2021/1449/806 2004/1434/5 2003/1433/5
f 2003/1433/5 2010/1438/797 2021/1449/806
f 2011/1439/798 1955/1405/5 1954/1404/5
f 1954/1404/5 2020/1448/805 2011/1439/798
f 2022/1450/807 2023/1451/808 2024/1452/808
f 2024/1452/808 2025/1453/809 2022/1450/807
f 2026/1454/810 2022/1450/807 2025/1453/809
f 2025/1453/809 2027/1455/811 2026/1454/810
f 2021/1449/806 2026/1454/810 2027/1455/811
f 2027/1455/811 2020/1448/805 2021/1449/806
f 2028/1456/812 2011/1439/798 2020/1448/805
f 2020/1448/805 2027/1455/811 2028/1456/812
f 2029/1457/813 2028/1456/812 2027/1455/811
f 2027/1455/811 2030/1453/813 2029/1457/813
f 2031/1446/800 2029/1457/813 2030/1453/813
f 2030/1453/813 2032/1452/800 2031/1446/800
f 2033/1457/814 2018/1446/803 2017/1445/803
f 2017/1445/803 2034/1458/815 2033/1457/814
f 2028/1456/812 2033/1457/814 2034/1458/815
f 2034/1458/815 2035/1459/816 2028/1456/812
f 2011/1439/798 2028/1456/812 2035/1459/816
f 2035/1459/816 2010/1438/797 2011/1439/798
f 2036/1458/817 2037/1445/752 2038/1451/752
f 2038/1451/752 2039/1450/817 2036/1458/817
f 2035/1459/816 2036/1458/817 2039/1450/817
f 2039/1450/817 2026/1454/810 2035/1459/816
f 2010/1438/797 2035/1459/816 2026/1454/810
f 2026/1454/810 2021/1449/806 2010/1438/797
f 2040/1460/818 2041/1432/819 2042/1431/820
f 2042/1431/820 2043/1461/821 2040/1460/818
f 2044/1462/822 2040/1460/818 2043/1461/821
f 2043/1461/821 2045/1463/822 2044/1462/822
f 2046/1464/823 2044/1462/822 2045/1463/822
f 2045/1463/822 2047/1465/823 2046/1464/823
f 2048/1466/824 2049/1447/825 2050/1465/825
f 2050/1465/825 2051/1463/826 2048/1466/824
f 2052/1467/827 2048/1466/824 2051/1463/826
f 2051/1463/826 2043/1461/821 2052/1467/827
f 2053/1430/828 2052/1467/827 2043/1461/821
f 2043/1461/821 2042/1431/820 2053/1430/828
f 2052/1467/827 2053/1430/828 2054/1429/829
f 2054/1429/829 2055/1468/830 2052/1467/827
f 2056/1466/831 2052/1467/827 2055/1468/830
f 2055/1468/830 2057/1469/831 2056/1466/831
f 2019/1447/804 2056/1466/831 2057/1469/831
f 2057/1469/831 2016/1444/802 2019/1447/804
f 2055/1468/830 2054/1429/829 2041/1432/819
f 2041/1432/819 2040/1460/818 2055/1468/830
f 2058/1469/832 2055/1468/830 2040/1460/818
f 2040/1460/818 2059/1462/833 2058/1469/832
f 2060/1444/834 2058/1469/832 2059/1462/833
f 2059/1462/833 2061/1464/751 2060/1444/834
f 2047/1465/823 2024/1452/808 2023/1451/808
f 2023/1451/808 2046/1464/823 2047/1465/823
s 0
f 2062/1470/835 2063/1471/835 2064/1472/835
f 2064/1472/835 2065/1473/835 2062/1470/835
s 1
f 2066/1474/836 2067/1475/837 2068/1476/838
f 2068/1476/838 2069/1477/839 2066/1474/836
f 2070/1478/840 2066/1474/836 2069/1477/839
f 2069/1477/839 2071/1479/841 2070/1478/840
f 2072/1480/842 2073/1481/843 2074/1482/844
f 2074/1482/844 2075/1483/845 2072/1480/842
f 2076/1484/846 2072/1480/842 2075/1483/845
f 2075/1483/845 2077/1485/847 2076/1484/846
f 2078/1486/848 2076/1484/846 2077/1485/847
f 2077/1485/847 2079/1487/849 2078/1486/848
f 2080/1488/850 2078/1486/848 2079/1487/849
f 2079/1487/849 2081/1489/851 2080/1488/850
f 2082/1490/852 2083/1491/850 2084/1492/853
f 2084/1492/853 2085/1493/854 2082/1490/852
f 2086/1494/855 2082/1490/852 2085/1493/854
f 2085/1493/854 2087/1495/856 2086/1494/855
f 2088/1496/857 2086/1494/855 2087/1495/856
f 2087/1495/856 2089/1497/858 2088/1496/857
f 2090/1498/859 2088/1496/857 2089/1497/858
f 2089/1497/858 2091/1499/860 2090/1498/859
f 2092/1500/861 2093/1501/862 2094/1502/863
f 2094/1502/863 2095/1503/864 2092/1500/861
f 2096/1504/865 2092/1500/861 2095/1503/864
f 2095/1503/864 2097/1505/866 2096/1504/865
f 2098/1506/867 2096/1504/865 2097/1505/866
f 2097/1505/866 2099/1507/868 2098/1506/867
s 0
f 2100/1508/2 2101/1509/2 2102/1510/2
f 2102/1510/2 2103/1511/2 2100/1508/2
s 1
f 2067/1475/837 2104/1512/869 2105/1513/870
f 2105/1513/870 2068/1476/838 2067/1475/837
s 0
f 2102/1510/2 2101/1509/2 2106/1514/2
f 2102/1510/2 2106/1514/2 2107/1515/2
f 2102/1510/2 2107/1515/2 2108/1516/2
f 2102/1510/2 2108/1516/2 2109/1517/2
f 2102/1510/2 2109/1517/2 2110/1518/2
f 2102/1510/2 2110/1518/2 2111/1519/2
f 2102/1510/2 2111/1519/2 2112/1520/2
f 2102/1510/2 2112/1520/2 2113/1521/2
f 2102/1510/2 2113/1521/2 2114/1522/2
f 2102/1510/2 2114/1522/2 2115/1523/2
f 2102/1510/2 2115/1523/2 2116/1524/2
f 2102/1510/2 2116/1524/2 2117/1525/2
f 2102/1510/2 2117/1525/2 2118/1526/2
f 2118/1526/2 2119/1527/2 2102/1510/2
s 1
f 2120/1528/871 2121/1529/871 2122/1530/872
f 2122/1530/872 2123/1531/872 2120/1528/871
f 2124/1532/873 2125/1533/874 2121/1529/871
f 2121/1529/871 2120/1528/871 2124/1532/873
f 2126/1534/875 2127/1535/875 2125/1533/874
f 2125/1533/874 2124/1532/873 2126/1534/875
f 2128/1536/876 2129/1537/876 2127/1535/875
f 2127/1535/875 2126/1534/875 2128/1536/876
f 2130/1538/877 2131/1539/878 2129/1537/876
f 2129/1537/876 2128/1536/876 2130/1538/877
f 2132/1540/879 2133/1541/879 2131/1539/878
f 2131/1539/878 2130/1538/877 2132/1540/879
f 2134/1542/880 2135/1543/881 2133/1541/879
f 2133/1541/879 2132/1540/879 2134/1542/880
f 2136/1544/882 2137/1545/882 2135/1543/881
f 2135/1543/881 2134/1542/880 2136/1544/882
f 2138/1546/883 2139/1547/883 2137/1545/882
f 2137/1545/882 2136/1544/882 2138/1546/883
f 2140/1548/884 2141/1549/884 2139/1547/883
f 2139/1547/883 2138/1546/883 2140/1548/884
f 2142/1550/885 2143/1551/886 2141/1549/884
f 2141/1549/884 2140/1548/884 2142/1550/885
f 2144/1552/887 2145/1553/888 2143/1551/886
f 2143/1551/886 2142/1550/885 2144/1552/887
f 2146/1554/889 2147/1555/890 2145/1553/888
f 2145/1553/888 2144/1552/887 2146/1554/889
f 2148/1556/891 2149/1557/892 2147/1555/890
f 2147/1555/890 2146/1554/889 2148/1556/891
f 2150/1558/893 2151/1559/893 2149/1557/892
f 2149/1557/892 2148/1556/891 2150/1558/893
f 2123/1531/872 2122/1530/872 2151/1559/893
f 2151/1559/893 2150/1558/893 2123/1531/872
s 0
f 2152/1532/5 2153/1528/5 2154/1531/5
f 2152/1532/5 2154/1531/5 2155/1558/5
f 2152/1532/5 2155/1558/5 2156/1556/5
f 2152/1532/5 2156/1556/5 2157/1554/5
f 2152/1532/5 2157/1554/5 2158/1552/5
f 2152/1532/5 2158/1552/5 2159/1550/5
f 2152/1532/5 2159/1550/5 2160/1548/5
f 2152/1532/5 2160/1548/5 2161/1546/5
f 2152/1532/5 2161/1546/5 2162/1544/5
f 2152/1532/5 2162/1544/5 2163/1542/5
f 2152/1532/5 2163/1542/5 2164/1540/5
f 2152/1532/5 2164/1540/5 2165/1538/5
f 2152/1532/5 2165/1538/5 2166/1536/5
f 2166/1536/5 2167/1534/5 2152/1532/5
s 1
f 2168/1560/894 2169/1561/895 2170/1562/896
f 2170/1562/896 2171/1563/897 2168/1560/894
f 2172/1564/898 2173/1565/894 2174/1566/894
f 2174/1566/894 2175/1567/899 2172/1564/898
s 0
f 2176/1568/2 2106/1514/2 2101/1509/2
f 2101/1509/2 2100/1508/2 2176/1568/2
f 2177/1569/5 2178/1559/5 2179/1530/5
f 2179/1530/5 2180/1570/5 2177/1569/5
f 2181/1567/900 2182/1513/900 2183/1512/900
f 2183/1512/900 2184/1564/900 2181/1567/900
f 2180/1570/5 2179/1530/5 2185/1529/5
f 2185/1529/5 2186/1571/5 2180/1570/5
f 2187/1084/5 2008/1083/5 2007/1437/5
f 2187/1084/5 2007/1437/5 2188/1572/5
f 2187/1084/5 2188/1572/5 2005/1435/5
f 2187/1084/5 2005/1435/5 2004/1434/5
f 2004/1434/5 2189/1150/5 2187/1084/5
f 2190/1573/4 2191/1574/4 2192/1575/4
f 2192/1575/4 2193/1576/4 2190/1573/4
f 2194/1577/5 2195/1578/5 2196/1579/5
f 2196/1579/5 2197/1580/5 2194/1577/5
f 2198/1581/1 2199/1582/1 2200/1583/1
f 2200/1583/1 2201/1584/1 2198/1581/1
f 2202/1585/248 2203/1586/248 2204/1587/248
f 2204/1587/248 2205/1588/248 2202/1585/248
f 2206/1589/3 2207/1590/3 2208/1591/3
f 2208/1591/3 2209/1592/3 2206/1589/3
f 2210/1593/3 2211/1594/3 2212/1595/3
f 2212/1595/3 2213/1596/3 2210/1593/3
f 2214/1597/5 2215/1598/5 2216/1599/5
f 2216/1599/5 2217/1600/5 2214/1597/5
f 2197/1580/5 2196/1579/5 2215/1598/5
f 2215/1598/901 2214/1597/901 2197/1580/901
f 2217/1600/5 2216/1599/5 2195/1578/5
f 2195/1578/796 2194/1577/796 2217/1600/796
f 2218/1601/5 2219/1602/5 2220/1603/5
f 2220/1603/5 2221/1604/5 2218/1601/5
f 2222/1605/4 2223/1606/4 2224/1607/4
f 2224/1607/4 2225/1608/4 2222/1605/4
f 2226/1609/1 2227/1610/1 2228/1611/1
f 2228/1611/1 2229/1612/1 2226/1609/1
f 2230/1613/248 2231/1614/248 2232/1615/248
f 2232/1615/248 2233/1616/248 2230/1613/248
f 2234/1617/902 2235/1618/902 2236/1619/902
f 2236/1619/902 2237/1620/902 2234/1617/902
f 2238/1621/5 2239/1622/5 2240/1623/5
f 2240/1623/5 2241/1624/5 2238/1621/5
f 2242/1625/903 2243/1626/903 2244/1627/903
f 2244/1627/903 2245/1628/903 2242/1625/903
f 2246/1629/2 2247/1630/2 2248/1631/2
f 2246/1629/2 2248/1631/2 2249/1632/2
f 2246/1629/2 2249/1632/2 2250/1633/2
f 2246/1629/2 2250/1633/2 2251/1634/2
f 2246/1629/2 2251/1634/2 2252/1635/2
f 2246/1629/2 2252/1635/2 2253/1636/2
f 2246/1629/2 2253/1636/2 2254/1637/2
f 2246/1629/2 2254/1637/2 2255/1638/2
f 2246/1629/2 2255/1638/2 2256/1639/2
f 2246/1629/2 2256/1639/2 2257/1640/2
f 2246/1629/2 2257/1640/2 2258/1641/2
f 2246/1629/2 2258/1641/2 2259/1642/2
f 2246/1629/2 2259/1642/2 2260/1643/2
f 2260/1643/2 2261/1644/2 2246/1629/2
f 2262/1645/904 2263/1646/904 2264/1647/904
f 2264/1647/904 2265/1648/904 2262/1645/904
s 1
f 2266/1649/905 2267/1650/906 2268/1651/907
f 2268/1651/907 2269/1652/908 2266/1649/905
s 0
f 2270/1653/909 2271/1654/909 2272/1655/909
s 1
f 2272/1655/910 2273/1656/910 2270/1653/910
f 2274/1655/911 2275/1621/912 2276/1657/912
f 2276/1657/912 2277/1656/913 2274/1655/911
s 0
f 2278/1656/914 2279/1657/914 2280/1658/914
s 1
f 2280/1658/915 2281/1659/915 2278/1656/915
f 2282/1660/916 2283/1618/916 2284/1661/917
f 2284/1661/917 2285/1662/917 2282/1660/916
s 0
f 2286/1662/918 2287/1661/918 2288/1649/918
s 1
f 2288/1649/919 2289/1652/919 2286/1662/919
f 2290/1653/920 2291/1656/920 2292/1659/920
f 2293/1663/921 2294/1625/922 2295/1664/923
f 2295/1664/923 2296/1665/922 2293/1663/921
f 2297/1665/924 2298/1664/925 2299/1666/926
f 2299/1666/926 2300/1667/927 2297/1665/924
f 2301/1666/928 2302/1668/929 2303/1669/930
f 2303/1669/930 2304/1667/929 2301/1666/928
f 2305/1670/931 2306/1671/932 2307/1672/931
f 2307/1672/931 2308/1673/933 2305/1670/931
f 2309/1672/934 2310/1624/934 2311/1674/934
f 2311/1674/934 2312/1673/934 2309/1672/934
s 0
f 2313/1673/935 2314/1674/935 2315/1675/935
s 1
f 2315/1675/936 2316/1676/936 2313/1673/936
f 2317/1676/937 2318/1670/937 2319/1673/937
f 2320/1677/938 2321/1678/939 2322/1679/940
f 2322/1679/940 2323/1680/941 2320/1677/938
s 0
f 2324/1680/942 2325/1679/942 2326/1681/942
s 1
f 2326/1681/943 2327/1682/943 2324/1680/943
f 2328/1681/944 2329/1683/944 2330/1684/945
f 2330/1684/945 2331/1682/944 2328/1681/944
f 2332/1685/946 2333/1686/947 2334/1687/948
f 2334/1687/948 2335/1688/949 2332/1685/946
f 2336/1687/950 2337/1622/951 2338/1689/952
f 2338/1689/952 2339/1688/953 2336/1687/950
s 0
f 2340/1688/954 2341/1689/954 2342/1690/954
s 1
f 2342/1690/955 2343/1691/955 2340/1688/955
f 2344/1691/956 2345/1685/956 2346/1688/956
f 2347/1692/957 2348/1693/958 2349/1694/959
f 2349/1694/959 2350/1695/960 2347/1692/957
s 0
f 2351/1696/961 2352/1697/961 2353/1698/961
s 1
f 2353/1698/962 2354/1699/962 2351/1696/962
f 2355/1698/963 2356/1623/964 2357/1700/965
f 2357/1700/965 2358/1699/964 2355/1698/963
s 0
f 2359/1699/966 2360/1700/966 2361/1701/966
s 1
f 2361/1701/967 2362/1702/967 2359/1699/967
f 2363/1703/968 2364/1648/969 2365/1704/970
f 2365/1704/970 2366/1705/969 2363/1703/968
f 2367/1705/971 2368/1704/971 2369/1692/971
s 0
f 2369/1692/972 2370/1695/972 2367/1705/972
s 1
f 2371/1696/973 2372/1699/973 2373/1702/973
f 2374/1679/974 2375/1678/974 2376/1706/974
f 2376/1706/974 2377/1707/974 2374/1679/974
s 0
f 2378/1681/975 2379/1679/975 2380/1707/975
s 1
f 2380/1707/976 2381/1708/976 2378/1681/976
f 2382/1683/977 2383/1681/978 2384/1708/978
f 2384/1708/978 2385/1709/978 2382/1683/977
f 2386/1710/979 2387/1711/979 2388/1693/979
f 2388/1693/979 2389/1692/979 2386/1710/979
f 2390/1712/980 2391/1710/981 2392/1692/982
f 2392/1692/982 2393/1704/983 2390/1712/980
f 2394/1647/984 2395/1712/984 2396/1704/985
f 2396/1704/985 2397/1648/984 2394/1647/984
s 0
f 2398/1700/986 2399/1623/986 2400/1622/986
f 2400/1622/987 2401/1687/987 2398/1700/987
f 2402/1701/988 2403/1700/988 2404/1687/988
f 2404/1687/989 2405/1686/989 2402/1701/989
f 2406/1648/990 2407/1703/990 2408/1713/990
f 2408/1713/990 2409/1645/990 2406/1648/990
f 2410/1714/991 2411/1715/991 2412/1678/991
f 2412/1678/991 2413/1677/991 2410/1714/991
s 1
f 2414/1655/992 2415/1654/992 2416/1690/992
s 0
f 2416/1690/992 2417/1689/992 2414/1655/992
f 2418/1621/993 2419/1655/993 2420/1689/993
f 2420/1689/994 2421/1622/994 2418/1621/994
f 2422/1716/995 2423/1626/995 2424/1625/995
f 2424/1625/995 2425/1663/995 2422/1716/995
f 2426/1698/996 2427/1697/996 2428/1675/996
f 2428/1675/997 2429/1674/997 2426/1698/997
f 2430/1623/998 2431/1698/998 2432/1674/998
f 2432/1674/999 2433/1624/999 2430/1623/999
f 2434/1717/1000 2435/1619/1000 2436/1618/1000
f 2436/1618/1000 2437/1660/1000 2434/1717/1000
s 1
f 2438/1672/1001 2439/1671/1001 2440/1658/1001
s 0
f 2440/1658/1002 2441/1657/1002 2438/1672/1002
s 1
f 2442/1624/1003 2443/1672/1003 2444/1657/1003
s 0
f 2444/1657/1004 2445/1621/1004 2442/1624/1004
s 1
f 2446/1718/1005 2447/1719/1005 2448/1650/1005
f 2448/1650/1005 2449/1649/1005 2446/1718/1005
s 0
f 2450/1720/1006 2451/1718/1006 2452/1649/1006
f 2452/1649/1007 2453/1661/1007 2450/1720/1007
s 1
f 2454/1617/1008 2455/1720/1008 2456/1661/1008
f 2456/1661/1008 2457/1618/1008 2454/1617/1008
f 2458/1664/1009 2459/1625/1010 2460/1628/1009
f 2460/1628/1009 2461/1721/1009 2458/1664/1009
s 0
f 2462/1666/1011 2463/1664/1011 2464/1721/1011
f 2464/1721/1012 2465/1722/1012 2462/1666/1012
s 1
f 2466/1668/1013 2467/1666/1014 2468/1722/1013
f 2468/1722/1013 2469/1723/1013 2466/1668/1013
s 0
f 2470/1724/1015 2471/1706/1015 2472/1678/1015
f 2472/1678/1015 2473/1715/1015 2470/1724/1015
f 2474/1725/2 2475/1726/2 2476/1727/2
f 2476/1727/2 2477/1728/2 2474/1725/2
f 2478/1729/1016 2479/1730/1016 2480/1731/1016
f 2480/1731/1016 2481/1732/1016 2478/1729/1016
f 2482/1733/5 2483/1734/5 2484/1735/5
f 2485/1736/5 2486/1737/5 2487/1738/5
f 2485/1736/5 2487/1738/5 2488/1739/5
f 2489/1740/5 2482/1733/5 2484/1735/5
f 2489/1740/5 2484/1735/5 2490/1741/5
f 2489/1740/5 2490/1741/5 2491/1742/5
f 2492/1743/5 2485/1736/5 2488/1739/5
f 2488/1739/5 2489/1740/5 2491/1742/5
f 2488/1739/5 2491/1742/5 2492/1743/5
f 2493/1744/5 2483/1734/5 2482/1733/5
f 2493/1744/5 2482/1733/5 2487/1738/5
f 2487/1738/5 2486/1737/5 2493/1744/5
f 2494/1745/1017 2495/1746/1017 2496/1747/1017
f 2496/1747/1017 2497/1748/1017 2494/1745/1017
f 2498/1749/1018 2499/1750/1018 2500/1751/1018
f 2500/1751/1018 2501/1752/1018 2498/1749/1018
f 2502/1753/1019 2503/1754/1019 2504/1755/1019
f 2504/1755/1019 2505/1756/1019 2502/1753/1019
s 1
f 2506/1757/1020 2507/1758/1021 2508/1759/1022
f 2508/1759/1022 2509/1760/1023 2506/1757/1020
f 2510/1761/1024 2511/1762/1025 2512/1763/1026
f 2512/1763/1026 2513/1764/1027 2510/1761/1024
f 2514/1764/1028 2512/1763/1029 2515/1765/1030
f 2515/1765/1030 2516/1766/1031 2514/1764/1028
f 2517/1767/1032 2518/1768/1030 2519/1769/1033
f 2519/1769/1033 2520/1770/1034 2517/1767/1032
f 2521/1770/1035 2522/1769/1036 2523/1771/1037
f 2523/1771/1037 2524/1772/1038 2521/1770/1035
f 2525/1742/1039 2526/1773/1040 2527/1774/1041
f 2527/1774/1041 2528/1743/1042 2525/1742/1039
f 2529/1775/1043 2530/1776/1044 2507/1758/1021
f 2507/1758/1021 2531/1757/1045 2529/1775/1043
f 2532/1777/1046 2533/1778/1041 2534/1779/1047
f 2534/1779/1047 2535/1780/1046 2532/1777/1046
f 2536/1781/1048 2537/1782/1049 2538/1783/1050
f 2538/1783/1050 2539/1784/1051 2536/1781/1048
f 2540/1785/1052 2536/1781/1048 2539/1784/1051
f 2539/1784/1051 2541/1786/1053 2540/1785/1052
f 2539/1784/1051 2538/1783/1050 2542/1787/1054
f 2542/1787/1054 2543/1788/1055 2539/1784/1051
f 2541/1786/1053 2539/1784/1051 2543/1788/1055
f 2543/1788/1055 2544/1789/1056 2541/1786/1053
f 2543/1788/1055 2542/1787/1054 2545/1790/1057
f 2545/1790/1057 2546/1791/1058 2543/1788/1055
f 2544/1789/1056 2543/1788/1055 2546/1791/1058
f 2546/1791/1058 2547/1792/1026 2544/1789/1056
f 2546/1791/1058 2545/1790/1057 2548/1793/1059
f 2548/1793/1059 2549/1794/1060 2546/1791/1058
f 2547/1792/1026 2546/1791/1058 2549/1794/1060
f 2549/1794/1060 2550/1795/1030 2547/1792/1026
f 2549/1794/1060 2548/1793/1059 2551/1796/1061
f 2551/1796/1061 2552/1797/1062 2549/1794/1060
f 2550/1795/1030 2549/1794/1060 2552/1797/1062
f 2552/1797/1062 2553/1798/1063 2550/1795/1030
f 2552/1797/1062 2551/1796/1061 2554/1799/1064
f 2554/1799/1064 2555/1800/1065 2552/1797/1062
f 2556/1798/1066 2552/1797/1062 2555/1800/1065
f 2555/1800/1065 2526/1773/1040 2556/1798/1066
f 2555/1800/1065 2554/1799/1064 2557/1801/1067
f 2557/1801/1067 2558/1802/1068 2555/1800/1065
f 2526/1773/1040 2555/1800/1065 2558/1802/1068
f 2558/1802/1068 2527/1774/1041 2526/1773/1040
f 2536/1781/1048 2540/1785/1052 2527/1774/1041
f 2527/1774/1041 2558/1802/1068 2536/1781/1048
f 2537/1782/1049 2536/1781/1048 2558/1802/1068
f 2558/1802/1068 2557/1801/1067 2537/1782/1049
f 2554/1799/1064 2551/1796/1061 2548/1793/1059
f 2554/1799/1064 2548/1793/1059 2545/1790/1057
f 2554/1799/1064 2545/1790/1057 2542/1787/1054
f 2554/1799/1064 2542/1787/1054 2538/1783/1050
f 2554/1799/1064 2538/1783/1050 2537/1782/1049
f 2537/1782/1049 2557/1801/1067 2554/1799/1064
s 0
f 2559/1803/2 2560/1804/2 2561/1805/2
f 2561/1805/2 2562/1806/2 2559/1803/2
f 2563/1807/1016 2564/1808/1016 2565/1809/1016
f 2565/1809/1016 2566/1810/1016 2563/1807/1016
f 2567/1811/5 2568/1812/5 2569/1813/5
f 2570/1814/5 2571/1815/5 2572/1816/5
f 2570/1814/5 2572/1816/5 2573/1817/5
f 2574/1818/5 2567/1811/5 2569/1813/5
f 2574/1818/5 2569/1813/5 2575/1819/5
f 2574/1818/5 2575/1819/5 2576/1820/5
f 2577/1821/5 2570/1814/5 2573/1817/5
f 2573/1817/5 2574/1818/5 2576/1820/5
f 2573/1817/5 2576/1820/5 2577/1821/5
f 2578/1822/5 2568/1812/5 2567/1811/5
f 2578/1822/5 2567/1811/5 2572/1816/5
f 2572/1816/5 2571/1815/5 2578/1822/5
f 2579/1823/1017 2580/1824/1017 2581/1825/1017
f 2581/1825/1017 2582/1826/1017 2579/1823/1017
f 2583/1827/1018 2584/1828/1018 2585/1829/1018
f 2585/1829/1018 2586/1830/1018 2583/1827/1018
f 2587/1831/1019 2588/1832/1019 2589/1833/1019
f 2589/1833/1019 2590/1834/1019 2587/1831/1019
s 1
f 2591/1835/1069 2592/1836/1070 2593/1837/1022
f 2593/1837/1022 2594/1838/1071 2591/1835/1069
f 2595/1839/1072 2596/1840/1025 2597/1841/1026
f 2597/1841/1026 2598/1842/1073 2595/1839/1072
f 2599/1842/1028 2597/1841/1029 2600/1843/1030
f 2600/1843/1030 2601/1844/1032 2599/1842/1028
f 2602/1845/1032 2603/1846/1074 2604/1847/1033
f 2604/1847/1033 2605/1848/1034 2602/1845/1032
f 2606/1848/1075 2607/1847/1066 2608/1849/1037
f 2608/1849/1037 2609/1850/1076 2606/1848/1075
f 2610/1820/1077 2611/1851/1078 2612/1852/1041
f 2612/1852/1041 2613/1821/1079 2610/1820/1077
f 2614/1853/1080 2615/1854/1044 2592/1836/1021
f 2592/1836/1021 2616/1835/1081 2614/1853/1080
f 2617/1855/1046 2618/1856/1041 2619/1857/1047
f 2619/1857/1047 2620/1858/1082 2617/1855/1046
f 2621/1859/1048 2622/1860/1083 2623/1861/1084
f 2623/1861/1084 2624/1862/1085 2621/1859/1048
f 2625/1863/1044 2621/1859/1048 2624/1862/1085
f 2624/1862/1085 2626/1864/1021 2625/1863/1044
f 2624/1862/1085 2623/1861/1084 2627/1865/1054
f 2627/1865/1054 2628/1866/1055 2624/1862/1085
f 2626/1864/1021 2624/1862/1085 2628/1866/1055
f 2628/1866/1055 2629/1867/1025 2626/1864/1021
f 2628/1866/1055 2627/1865/1054 2630/1868/1086
f 2630/1868/1086 2631/1869/1058 2628/1866/1055
f 2629/1867/1025 2628/1866/1055 2631/1869/1058
f 2631/1869/1058 2632/1870/1026 2629/1867/1025
f 2631/1869/1058 2630/1868/1086 2633/1871/1087
f 2633/1871/1087 2634/1872/1088 2631/1869/1058
f 2632/1870/1026 2631/1869/1058 2634/1872/1088
f 2634/1872/1088 2635/1873/1030 2632/1870/1026
f 2634/1872/1088 2633/1871/1087 2636/1874/1061
f 2636/1874/1061 2637/1875/1089 2634/1872/1088
f 2635/1873/1030 2634/1872/1088 2637/1875/1089
f 2637/1875/1089 2638/1876/1063 2635/1873/1030
f 2637/1875/1089 2636/1874/1061 2639/1877/1090
f 2639/1877/1090 2640/1878/1065 2637/1875/1089
f 2641/1876/1091 2637/1875/1089 2640/1878/1065
f 2640/1878/1065 2611/1851/1078 2641/1876/1091
f 2640/1878/1065 2639/1877/1090 2642/1879/1092
f 2642/1879/1092 2643/1880/1093 2640/1878/1065
f 2611/1851/1078 2640/1878/1065 2643/1880/1093
f 2643/1880/1093 2612/1852/1041 2611/1851/1078
f 2621/1859/1048 2625/1863/1044 2612/1852/1041
f 2612/1852/1041 2643/1880/1093 2621/1859/1048
f 2622/1860/1083 2621/1859/1048 2643/1880/1093
f 2643/1880/1093 2642/1879/1092 2622/1860/1083
f 2639/1877/1090 2636/1874/1061 2633/1871/1087
f 2639/1877/1090 2633/1871/1087 2630/1868/1086
f 2639/1877/1090 2630/1868/1086 2627/1865/1054
f 2639/1877/1090 2627/1865/1054 2623/1861/1084
f 2639/1877/1090 2623/1861/1084 2622/1860/1083
f 2622/1860/1083 2642/1879/1092 2639/1877/1090
s 0
f 2644/1881/2 2645/1882/2 2646/1883/2
f 2646/1883/2 2647/1884/2 2644/1881/2
f 2648/1885/1016 2649/1886/1016 2650/1887/1016
f 2650/1887/1016 2651/1888/1016 2648/1885/1016
f 2652/1889/5 2653/1890/5 2654/1891/5
f 2655/1892/5 2656/1893/5 2657/1894/5
f 2655/1892/5 2657/1894/5 2658/1895/5
f 2659/1896/5 2652/1889/5 2654/1891/5
f 2659/1896/5 2654/1891/5 2660/1897/5
f 2659/1896/5 2660/1897/5 2661/1898/5
f 2662/1899/5 2655/1892/5 2658/1895/5
f 2658/1895/5 2659/1896/5 2661/1898/5
f 2658/1895/5 2661/1898/5 2662/1899/5
f 2663/1900/5 2653/1890/5 2652/1889/5
f 2663/1900/5 2652/1889/5 2657/1894/5
f 2657/1894/5 2656/1893/5 2663/1900/5
f 2664/1901/1017 2665/1902/1017 2666/1903/1017
f 2666/1903/1017 2667/1904/1017 2664/1901/1017
f 2668/1905/1018 2669/1906/1018 2670/1907/1018
f 2670/1907/1018 2671/1908/1018 2668/1905/1018
f 2672/1909/1019 2673/1910/1019 2674/1911/1019
f 2674/1911/1019 2675/1912/1019 2672/1909/1019
s 1
f 2676/1913/1094 2677/1914/1070 2678/1915/1022
f 2678/1915/1022 2679/1916/1095 2676/1913/1094
f 2680/1917/1072 2681/1918/1025 2682/1919/1026
f 2682/1919/1026 2683/1920/1096 2680/1917/1072
f 2684/1920/1097 2682/1919/1026 2685/1921/1030
f 2685/1921/1030 2686/1922/1031 2684/1920/1097
f 2687/1923/1032 2688/1924/1074 2689/1925/1098
f 2689/1925/1098 2690/1926/1099 2687/1923/1032
f 2691/1926/1100 2692/1925/1036 2693/1927/1037
f 2693/1927/1037 2694/1928/1038 2691/1926/1100
f 2695/1898/1038 2696/1929/1078 2697/1930/1101
f 2697/1930/1101 2698/1899/1079 2695/1898/1038
f 2699/1931/1043 2700/1932/1044 2677/1914/1021
f 2677/1914/1021 2701/1913/1102 2699/1931/1043
f 2702/1933/1082 2703/1934/1103 2704/1935/1047
f 2704/1935/1047 2705/1936/1082 2702/1933/1082
f 2706/1937/1104 2707/1938/1105 2708/1939/1050
f 2708/1939/1050 2709/1940/1051 2706/1937/1104
f 2710/1941/1052 2706/1937/1104 2709/1940/1051
f 2709/1940/1051 2711/1942/1053 2710/1941/1052
f 2709/1940/1051 2708/1939/1050 2712/1943/1054
f 2712/1943/1054 2713/1944/1055 2709/1940/1051
f 2711/1942/1053 2709/1940/1051 2713/1944/1055
f 2713/1944/1055 2714/1945/1025 2711/1942/1053
f 2713/1944/1055 2712/1943/1054 2715/1946/1057
f 2715/1946/1057 2716/1947/1058 2713/1944/1055
f 2714/1945/1025 2713/1944/1055 2716/1947/1058
f 2716/1947/1058 2717/1948/1026 2714/1945/1025
f 2716/1947/1058 2715/1946/1057 2718/1949/1059
f 2718/1949/1059 2719/1950/1088 2716/1947/1058
f 2717/1948/1026 2716/1947/1058 2719/1950/1088
f 2719/1950/1088 2720/1951/1030 2717/1948/1026
f 2719/1950/1088 2718/1949/1059 2721/1952/1106
f 2721/1952/1106 2722/1953/1062 2719/1950/1088
f 2720/1951/1030 2719/1950/1088 2722/1953/1062
f 2722/1953/1062 2723/1954/1033 2720/1951/1030
f 2722/1953/1062 2721/1952/1106 2724/1955/1090
f 2724/1955/1090 2725/1956/1065 2722/1953/1062
f 2726/1954/1036 2722/1953/1062 2725/1956/1065
f 2725/1956/1065 2696/1929/1078 2726/1954/1036
f 2725/1956/1065 2724/1955/1090 2727/1957/1067
f 2727/1957/1067 2728/1958/1093 2725/1956/1065
f 2696/1929/1078 2725/1956/1065 2728/1958/1093
f 2728/1958/1093 2697/1930/1101 2696/1929/1078
f 2706/1937/1104 2710/1941/1052 2697/1930/1101
f 2697/1930/1101 2728/1958/1093 2706/1937/1104
f 2707/1938/1105 2706/1937/1104 2728/1958/1093
f 2728/1958/1093 2727/1957/1067 2707/1938/1105
f 2724/1955/1090 2721/1952/1106 2718/1949/1059
f 2724/1955/1090 2718/1949/1059 2715/1946/1057
f 2724/1955/1090 2715/1946/1057 2712/1943/1054
f 2724/1955/1090 2712/1943/1054 2708/1939/1050
f 2724/1955/1090 2708/1939/1050 2707/1938/1105
f 2707/1938/1105 2727/1957/1067 2724/1955/1090
s 0
f 2729/1959/2 2730/1960/2 2731/1961/2
f 2731/1961/2 2732/1962/2 2729/1959/2
f 2733/1963/1016 2734/1964/1016 2735/1965/1016
f 2735/1965/1016 2736/1966/1016 2733/1963/1016
f 2737/1967/5 2738/1968/5 2739/1969/5
f 2740/1970/5 2741/1971/5 2742/1972/5
f 2740/1970/5 2742/1972/5 2743/1973/5
f 2744/1974/5 2737/1967/5 2739/1969/5
f 2744/1974/5 2739/1969/5 2745/1975/5
f 2744/1974/5 2745/1975/5 2746/1976/5
f 2747/1977/5 2740/1970/5 2743/1973/5
f 2743/1973/5 2744/1974/5 2746/1976/5
f 2743/1973/5 2746/1976/5 2747/1977/5
f 2748/1978/5 2738/1968/5 2737/1967/5
f 2748/1978/5 2737/1967/5 2742/1972/5
f 2742/1972/5 2741/1971/5 2748/1978/5
f 2749/1979/1017 2750/1980/1017 2751/1981/1017
f 2751/1981/1017 2752/1982/1017 2749/1979/1017
f 2753/1983/1018 2754/1984/1018 2755/1985/1018
f 2755/1985/1018 2756/1986/1018 2753/1983/1018
f 2757/1987/1107 2758/1988/1107 2759/1989/1107
f 2759/1989/1107 2760/1990/1107 2757/1987/1107
s 1
f 2761/1991/1108 2762/1992/1109 2763/1993/1110
f 2763/1993/1110 2764/1994/1095 2761/1991/1108
f 2765/1995/1111 2766/1996/1112 2767/1997/1113
f 2767/1997/1113 2768/1998/1114 2765/1995/1111
f 2769/1998/1115 2767/1997/1116 2770/1999/1117
f 2770/1999/1117 2771/2000/1118 2769/1998/1115
f 2772/2001/1119 2773/2002/1074 2774/2003/1033
f 2774/2003/1033 2775/2004/1034 2772/2001/1119
f 2776/2004/1120 2777/2003/1091 2778/2005/1037
f 2778/2005/1037 2779/2006/1121 2776/2004/1120
f 2780/1976/1122 2781/2007/1078 2782/2008/1123
f 2782/2008/1123 2783/1977/1124 2780/1976/1122
f 2784/2009/1043 2785/2010/1044 2762/1992/1125
f 2762/1992/1125 2786/1991/1126 2784/2009/1043
f 2787/2011/1082 2788/2012/1127 2789/2013/1047
f 2789/2013/1047 2790/2014/1082 2787/2011/1082
f 2791/2015/1128 2792/2016/1129 2793/2017/1050
f 2793/2017/1050 2794/2018/1130 2791/2015/1128
f 2795/2019/1044 2791/2015/1128 2794/2018/1130
f 2794/2018/1130 2796/2020/1131 2795/2019/1044
f 2794/2018/1130 2793/2017/1050 2797/2021/1132
f 2797/2021/1132 2798/2022/1055 2794/2018/1130
f 2796/2020/1131 2794/2018/1130 2798/2022/1055
f 2798/2022/1055 2799/2023/1133 2796/2020/1131
f 2798/2022/1055 2797/2021/1132 2800/2024/1134
f 2800/2024/1134 2801/2025/1058 2798/2022/1055
f 2799/2023/1133 2798/2022/1055 2801/2025/1058
f 2801/2025/1058 2802/2026/1113 2799/2023/1133
f 2801/2025/1058 2800/2024/1134 2803/2027/1135
f 2803/2027/1135 2804/2028/1088 2801/2025/1058
f 2802/2026/1113 2801/2025/1058 2804/2028/1088
f 2804/2028/1088 2805/2029/1136 2802/2026/1113
f 2804/2028/1088 2803/2027/1135 2806/2030/1061
f 2806/2030/1061 2807/2031/1137 2804/2028/1088
f 2805/2029/1136 2804/2028/1088 2807/2031/1137
f 2807/2031/1137 2808/2032/1063 2805/2029/1136
f 2807/2031/1137 2806/2030/1061 2809/2033/1090
f 2809/2033/1090 2810/2034/1138 2807/2031/1137
f 2811/2032/1139 2807/2031/1137 2810/2034/1138
f 2810/2034/1138 2781/2007/1078 2811/2032/1139
f 2810/2034/1138 2809/2033/1090 2812/2035/1140
f 2812/2035/1140 2813/2036/1068 2810/2034/1138
f 2781/2007/1078 2810/2034/1138 2813/2036/1068
f 2813/2036/1068 2782/2008/1123 2781/2007/1078
f 2791/2015/1128 2795/2019/1044 2782/2008/1123
f 2782/2008/1123 2813/2036/1068 2791/2015/1128
f 2792/2016/1129 2791/2015/1128 2813/2036/1068
f 2813/2036/1068 2812/2035/1140 2792/2016/1129
f 2809/2033/1090 2806/2030/1061 2803/2027/1135
f 2809/2033/1090 2803/2027/1135 2800/2024/1134
f 2809/2033/1090 2800/2024/1134 2797/2021/1132
f 2809/2033/1090 2797/2021/1132 2793/2017/1050
f 2809/2033/1090 2793/2017/1050 2792/2016/1129
f 2792/2016/1129 2812/2035/1140 2809/2033/1090
s 0
f 2814/2037/2 2815/2038/2 2816/2039/2
f 2816/2039/2 2817/2040/2 2814/2037/2
f 2818/2041/1016 2819/2042/1016 2820/2043/1016
f 2820/2043/1016 2821/2044/1016 2818/2041/1016
f 2822/2045/5 2823/2046/5 2824/2047/5
f 2825/2048/5 2826/2049/5 2827/2050/5
f 2825/2048/5 2827/2050/5 2828/2051/5
f 2829/2052/5 2822/2045/5 2824/2047/5
f 2829/2052/5 2824/2047/5 2830/2053/5
f 2829/2052/5 2830/2053/5 2831/2054/5
f 2832/2055/5 2825/2048/5 2828/2051/5
f 2828/2051/5 2829/2052/5 2831/2054/5
f 2828/2051/5 2831/2054/5 2832/2055/5
f 2833/2056/5 2823/2046/5 2822/2045/5
f 2833/2056/5 2822/2045/5 2827/2050/5
f 2827/2050/5 2826/2049/5 2833/2056/5
f 2834/2057/1017 2835/2058/1017 2836/2059/1017
f 2836/2059/1017 2837/2060/1017 2834/2057/1017
f 2838/2061/1018 2839/2062/1018 2840/2063/1018
f 2840/2063/1018 2841/2064/1018 2838/2061/1018
f 2842/2065/1107 2843/2066/1107 2844/2067/1107
f 2844/2067/1107 2845/2068/1107 2842/2065/1107
s 1
f 2846/2069/1095 2847/2070/1053 2848/2071/1110
f 2848/2071/1110 2849/2072/1141 2846/2069/1095
f 2850/2073/1111 2851/2074/1112 2852/2075/1026
f 2852/2075/1026 2853/2076/1111 2850/2073/1111
f 2854/2076/1142 2852/2075/1116 2855/2077/1030
f 2855/2077/1030 2856/2078/1118 2854/2076/1142
f 2857/2079/1143 2858/2080/1030 2859/2081/1033
f 2859/2081/1033 2860/2082/1144 2857/2079/1143
f 2861/2082/1145 2862/2081/1091 2863/2083/1146
f 2863/2083/1146 2864/2084/1121 2861/2082/1145
f 2865/2054/1147 2866/2085/1146 2867/2086/1041
f 2867/2086/1041 2868/2055/1079 2865/2054/1147
f 2869/2087/1148 2870/2088/1044 2847/2070/1149
f 2847/2070/1149 2871/2069/1150 2869/2087/1148
f 2872/2089/1151 2873/2090/1152 2874/2091/1047
f 2874/2091/1047 2875/2092/1151 2872/2089/1151
f 2876/2093/1153 2877/2094/1129 2878/2095/1084
f 2878/2095/1084 2879/2096/1085 2876/2093/1153
f 2880/2097/1044 2876/2093/1153 2879/2096/1085
f 2879/2096/1085 2881/2098/1131 2880/2097/1044
f 2879/2096/1085 2878/2095/1084 2882/2099/1154
f 2882/2099/1154 2883/2100/1055 2879/2096/1085
f 2881/2098/1131 2879/2096/1085 2883/2100/1055
f 2883/2100/1055 2884/2101/1112 2881/2098/1131
f 2883/2100/1055 2882/2099/1154 2885/2102/1134
f 2885/2102/1134 2886/2103/1058 2883/2100/1055
f 2884/2101/1112 2883/2100/1055 2886/2103/1058
f 2886/2103/1058 2887/2104/1116 2884/2101/1112
f 2886/2103/1058 2885/2102/1134 2888/2105/1135
f 2888/2105/1135 2889/2106/1088 2886/2103/1058
f 2887/2104/1116 2886/2103/1058 2889/2106/1088
f 2889/2106/1088 2890/2107/1155 2887/2104/1116
f 2889/2106/1088 2888/2105/1135 2891/2108/1061
f 2891/2108/1061 2892/2109/1137 2889/2106/1088
f 2890/2107/1155 2889/2106/1088 2892/2109/1137
f 2892/2109/1137 2893/2110/1063 2890/2107/1155
f 2892/2109/1137 2891/2108/1061 2894/2111/1090
f 2894/2111/1090 2895/2112/1138 2892/2109/1137
f 2896/2110/1139 2892/2109/1137 2895/2112/1138
f 2895/2112/1138 2866/2085/1146 2896/2110/1139
f 2895/2112/1138 2894/2111/1090 2897/2113/1140
f 2897/2113/1140 2898/2114/1068 2895/2112/1138
f 2866/2085/1146 2895/2112/1138 2898/2114/1068
f 2898/2114/1068 2867/2086/1041 2866/2085/1146
f 2876/2093/1153 2880/2097/1044 2867/2086/1041
f 2867/2086/1041 2898/2114/1068 2876/2093/1153
f 2877/2094/1129 2876/2093/1153 2898/2114/1068
f 2898/2114/1068 2897/2113/1140 2877/2094/1129
f 2894/2111/1090 2891/2108/1061 2888/2105/1135
f 2894/2111/1090 2888/2105/1135 2885/2102/1134
f 2894/2111/1090 2885/2102/1134 2882/2099/1154
f 2894/2111/1090 2882/2099/1154 2878/2095/1084
f 2894/2111/1090 2878/2095/1084 2877/2094/1129
f 2877/2094/1129 2897/2113/1140 2894/2111/1090
s 0
f 2899/2115/2 2900/2116/2 2901/2117/2
f 2901/2117/2 2902/2118/2 2899/2115/2
f 2903/2119/1016 2904/2120/1016 2905/2121/1016
f 2905/2121/1016 2906/2122/1016 2903/2119/1016
f 2907/2123/5 2908/2124/5 2909/2125/5
f 2910/2126/5 2911/2127/5 2912/2128/5
f 2910/2126/5 2912/2128/5 2913/2129/5
f 2914/2130/5 2907/2123/5 2909/2125/5
f 2914/2130/5 2909/2125/5 2915/2131/5
f 2914/2130/5 2915/2131/5 2916/2132/5
f 2917/2133/5 2910/2126/5 2913/2129/5
f 2913/2129/5 2914/2130/5 2916/2132/5
f 2913/2129/5 2916/2132/5 2917/2133/5
f 2918/2134/5 2908/2124/5 2907/2123/5
f 2918/2134/5 2907/2123/5 2912/2128/5
f 2912/2128/5 2911/2127/5 2918/2134/5
f 2919/2135/1017 2920/2136/1017 2921/2137/1017
f 2921/2137/1017 2922/2138/1017 2919/2135/1017
f 2923/2139/1018 2924/2140/1018 2925/2141/1018
f 2925/2141/1018 2926/2142/1018 2923/2139/1018
f 2927/2143/1107 2928/2144/1107 2929/2145/1107
f 2929/2145/1107 2930/2146/1107 2927/2143/1107
s 1
f 2931/2147/1156 2932/2148/1109 2933/2149/1112
f 2933/2149/1112 2934/2150/1156 2931/2147/1156
f 2935/2151/1111 2936/2152/1112 2937/2153/1026
f 2937/2153/1026 2938/2154/1072 2935/2151/1111
f 2939/2154/1142 2937/2153/1116 2940/2155/1030
f 2940/2155/1030 2941/2156/1143 2939/2154/1142
f 2942/2157/1143 2943/2158/1074 2944/2159/1033
f 2944/2159/1033 2945/2160/1034 2942/2157/1143
f 2946/2160/1120 2947/2159/1091 2948/2161/1146
f 2948/2161/1146 2949/2162/1121 2946/2160/1120
f 2950/2132/1122 2951/2163/1157 2952/2164/1041
f 2952/2164/1041 2953/2133/1158 2950/2132/1122
f 2954/2165/1043 2955/2166/1044 2932/2148/1125
f 2932/2148/1125 2956/2147/1126 2954/2165/1043
f 2957/2167/1082 2958/2168/1041 2959/2169/1047
f 2959/2169/1047 2960/2170/1082 2957/2167/1082
f 2961/2171/1159 2962/2172/1160 2963/2173/1050
f 2963/2173/1050 2964/2174/1130 2961/2171/1159
f 2965/2175/1044 2961/2171/1159 2964/2174/1130
f 2964/2174/1130 2966/2176/1131 2965/2175/1044
f 2964/2174/1130 2963/2173/1050 2967/2177/1154
f 2967/2177/1154 2968/2178/1055 2964/2174/1130
f 2966/2176/1131 2964/2174/1130 2968/2178/1055
f 2968/2178/1055 2969/2179/1112 2966/2176/1131
f 2968/2178/1055 2967/2177/1154 2970/2180/1134
f 2970/2180/1134 2971/2181/1058 2968/2178/1055
f 2969/2179/1112 2968/2178/1055 2971/2181/1058
f 2971/2181/1058 2972/2182/1113 2969/2179/1112
f 2971/2181/1058 2970/2180/1134 2973/2183/1135
f 2973/2183/1135 2974/2184/1088 2971/2181/1058
f 2972/2182/1113 2971/2181/1058 2974/2184/1088
f 2974/2184/1088 2975/2185/1030 2972/2182/1113
f 2974/2184/1088 2973/2183/1135 2976/2186/1061
f 2976/2186/1061 2977/2187/1137 2974/2184/1088
f 2975/2185/1030 2974/2184/1088 2977/2187/1137
f 2977/2187/1137 2978/2188/1033 2975/2185/1030
f 2977/2187/1137 2976/2186/1061 2979/2189/1090
f 2979/2189/1090 2980/2190/1138 2977/2187/1137
f 2981/2188/1139 2977/2187/1137 2980/2190/1138
f 2980/2190/1138 2951/2163/1157 2981/2188/1139
f 2980/2190/1138 2979/2189/1090 2982/2191/1140
f 2982/2191/1140 2983/2192/1068 2980/2190/1138
f 2951/2163/1157 2980/2190/1138 2983/2192/1068
f 2983/2192/1068 2952/2164/1041 2951/2163/1157
f 2961/2171/1159 2965/2175/1044 2952/2164/1041
f 2952/2164/1041 2983/2192/1068 2961/2171/1159
f 2962/2172/1160 2961/2171/1159 2983/2192/1068
f 2983/2192/1068 2982/2191/1140 2962/2172/1160
f 2979/2189/1090 2976/2186/1061 2973/2183/1135
f 2979/2189/1090 2973/2183/1135 2970/2180/1134
f 2979/2189/1090 2970/2180/1134 2967/2177/1154
f 2979/2189/1090 2967/2177/1154 2963/2173/1050
f 2979/2189/1090 2963/2173/1050 2962/2172/1160
f 2962/2172/1160 2982/2191/1140 2979/2189/1090
s 0
f 2984/2193/2 2985/2194/2 2986/2195/2
f 2986/2195/2 2987/2196/2 2984/2193/2
f 2988/2197/1016 2989/2198/1016 2990/2199/1016
f 2990/2199/1016 2991/2200/1016 2988/2197/1016
f 2992/2201/5 2993/2202/5 2994/2203/5
f 2995/2204/5 2996/2205/5 2997/2206/5
f 2995/2204/5 2997/2206/5 2998/2207/5
f 2999/2208/5 2992/2201/5 2994/2203/5
f 2999/2208/5 2994/2203/5 3000/2209/5
f 2999/2208/5 3000/2209/5 3001/2210/5
f 3002/2211/5 2995/2204/5 2998/2207/5
f 2998/2207/5 2999/2208/5 3001/2210/5
f 2998/2207/5 3001/2210/5 3002/2211/5
f 3003/2212/5 2993/2202/5 2992/2201/5
f 3003/2212/5 2992/2201/5 2997/2206/5
f 2997/2206/5 2996/2205/5 3003/2212/5
f 3004/2213/1017 3005/2214/1017 3006/2215/1017
f 3006/2215/1017 3007/2216/1017 3004/2213/1017
f 3008/2217/1018 3009/2218/1018 3010/2219/1018
f 3010/2219/1018 3011/2220/1018 3008/2217/1018
f 3012/2221/1161 3013/2222/1161 3014/2223/1161
f 3014/2223/1161 3015/2224/1161 3012/2221/1161
s 1
f 3016/2225/1156 3017/2226/1070 3018/2227/1022
f 3018/2227/1022 3019/2228/1023 3016/2225/1156
f 3020/2229/1162 3021/2230/1025 3022/2231/1026
f 3022/2231/1026 3023/2232/1027 3020/2229/1162
f 3024/2232/1097 3022/2231/1029 3025/2233/1030
f 3025/2233/1030 3026/2234/1032 3024/2232/1097
f 3027/2235/1032 3028/2236/1030 3029/2237/1033
f 3029/2237/1033 3030/2238/1099 3027/2235/1032
f 3031/2238/1163 3032/2237/1036 3033/2239/1037
f 3033/2239/1037 3034/2240/1038 3031/2238/1163
f 3035/2210/1039 3036/2241/1040 3037/2242/1041
f 3037/2242/1041 3038/2211/1079 3035/2210/1039
f 3039/2243/1043 3040/2244/1044 3017/2226/1021
f 3017/2226/1021 3041/2225/1043 3039/2243/1043
f 3042/2245/1046 3043/2246/1103 3044/2247/1047
f 3044/2247/1047 3045/2248/1046 3042/2245/1046
f 3046/2249/1153 3047/2250/1164 3048/2251/1050
f 3048/2251/1050 3049/2252/1051 3046/2249/1153
f 3050/2253/1052 3046/2249/1153 3049/2252/1051
f 3049/2252/1051 3051/2254/1109 3050/2253/1052
f 3049/2252/1051 3048/2251/1050 3052/2255/1054
f 3052/2255/1054 3053/2256/1165 3049/2252/1051
f 3051/2254/1109 3049/2252/1051 3053/2256/1165
f 3053/2256/1165 3054/2257/1056 3051/2254/1109
f 3053/2256/1165 3052/2255/1054 3055/2258/1134
f 3055/2258/1134 3056/2259/1058 3053/2256/1165
f 3054/2257/1056 3053/2256/1165 3056/2259/1058
f 3056/2259/1058 3057/2260/1026 3054/2257/1056
f 3056/2259/1058 3055/2258/1134 3058/2261/1059
f 3058/2261/1059 3059/2262/1088 3056/2259/1058
f 3057/2260/1026 3056/2259/1058 3059/2262/1088
f 3059/2262/1088 3060/2263/1030 3057/2260/1026
f 3059/2262/1088 3058/2261/1059 3061/2264/1061
f 3061/2264/1061 3062/2265/1089 3059/2262/1088
f 3060/2263/1030 3059/2262/1088 3062/2265/1089
f 3062/2265/1089 3063/2266/1033 3060/2263/1030
f 3062/2265/1089 3061/2264/1061 3064/2267/1090
f 3064/2267/1090 3065/2268/1065 3062/2265/1089
f 3066/2266/1066 3062/2265/1089 3065/2268/1065
f 3065/2268/1065 3036/2241/1040 3066/2266/1066
f 3065/2268/1065 3064/2267/1090 3067/2269/1140
f 3067/2269/1140 3068/2270/1068 3065/2268/1065
f 3036/2241/1040 3065/2268/1065 3068/2270/1068
f 3068/2270/1068 3037/2242/1041 3036/2241/1040
f 3046/2249/1153 3050/2253/1052 3037/2242/1041
f 3037/2242/1041 3068/2270/1068 3046/2249/1153
f 3047/2250/1164 3046/2249/1153 3068/2270/1068
f 3068/2270/1068 3067/2269/1140 3047/2250/1164
f 3064/2267/1090 3061/2264/1061 3058/2261/1059
f 3064/2267/1090 3058/2261/1059 3055/2258/1134
f 3064/2267/1090 3055/2258/1134 3052/2255/1054
f 3064/2267/1090 3052/2255/1054 3048/2251/1050
f 3064/2267/1090 3048/2251/1050 3047/2250/1164
f 3047/2250/1164 3067/2269/1140 3064/2267/1090
s 0
f 3069/2271/2 3070/2272/2 3071/2273/2
f 3071/2273/2 3072/2274/2 3069/2271/2
f 3073/2275/1016 3074/2276/1016 3075/2277/1016
f 3075/2277/1016 3076/2278/1016 3073/2275/1016
f 3077/2279/5 3078/2280/5 3079/2281/5
f 3080/2282/5 3081/2283/5 3082/2284/5
f 3080/2282/5 3082/2284/5 3083/2285/5
f 3084/2286/5 3077/2279/5 3079/2281/5
f 3084/2286/5 3079/2281/5 3085/2287/5
f 3084/2286/5 3085/2287/5 3086/2288/5
f 3087/2289/5 3080/2282/5 3083/2285/5
f 3083/2285/5 3084/2286/5 3086/2288/5
f 3083/2285/5 3086/2288/5 3087/2289/5
f 3088/2290/5 3078/2280/5 3077/2279/5
f 3088/2290/5 3077/2279/5 3082/2284/5
f 3082/2284/5 3081/2283/5 3088/2290/5
f 3089/2291/1017 3090/2292/1017 3091/2293/1017
f 3091/2293/1017 3092/2294/1017 3089/2291/1017
f 3093/2295/1018 3094/2296/1018 3095/2297/1018
f 3095/2297/1018 3096/2298/1018 3093/2295/1018
f 3097/2299/1161 3098/2300/1161 3099/2301/1161
f 3099/2301/1161 3100/2302/1161 3097/2299/1161
s 1
f 3101/2303/1156 3102/2304/1053 3103/2305/1022
f 3103/2305/1022 3104/2306/1020 3101/2303/1156
f 3105/2307/1166 3106/2308/1025 3107/2309/1026
f 3107/2309/1026 3108/2310/1073 3105/2307/1166
f 3109/2310/1097 3107/2309/1029 3110/2311/1117
f 3110/2311/1117 3111/2312/1118 3109/2310/1097
f 3112/2313/1143 3113/2314/1074 3114/2315/1033
f 3114/2315/1033 3115/2316/1034 3112/2313/1143
f 3116/2316/1163 3117/2315/1036 3118/2317/1167
f 3118/2317/1167 3119/2318/1038 3116/2316/1163
f 3120/2288/1038 3121/2319/1078 3122/2320/1041
f 3122/2320/1041 3123/2289/1079 3120/2288/1038
f 3124/2321/1080 3125/2322/1044 3102/2304/1021
f 3102/2304/1021 3126/2303/1043 3124/2321/1080
f 3127/2323/1082 3128/2324/1168 3129/2325/1047
f 3129/2325/1047 3130/2326/1082 3127/2323/1082
f 3131/2327/1159 3132/2328/1160 3133/2329/1084
f 3133/2329/1084 3134/2330/1085 3131/2327/1159
f 3135/2331/1044 3131/2327/1159 3134/2330/1085
f 3134/2330/1085 3136/2332/1109 3135/2331/1044
f 3134/2330/1085 3133/2329/1084 3137/2333/1054
f 3137/2333/1054 3138/2334/1055 3134/2330/1085
f 3136/2332/1109 3134/2330/1085 3138/2334/1055
f 3138/2334/1055 3139/2335/1025 3136/2332/1109
f 3138/2334/1055 3137/2333/1054 3140/2336/1086
f 3140/2336/1086 3141/2337/1058 3138/2334/1055
f 3139/2335/1025 3138/2334/1055 3141/2337/1058
f 3141/2337/1058 3142/2338/1026 3139/2335/1025
f 3141/2337/1058 3140/2336/1086 3143/2339/1135
f 3143/2339/1135 3144/2340/1060 3141/2337/1058
f 3142/2338/1026 3141/2337/1058 3144/2340/1060
f 3144/2340/1060 3145/2341/1030 3142/2338/1026
f 3144/2340/1060 3143/2339/1135 3146/2342/1061
f 3146/2342/1061 3147/2343/1169 3144/2340/1060
f 3145/2341/1030 3144/2340/1060 3147/2343/1169
f 3147/2343/1169 3148/2344/1033 3145/2341/1030
f 3147/2343/1169 3146/2342/1061 3149/2345/1090
f 3149/2345/1090 3150/2346/1170 3147/2343/1169
f 3151/2344/1036 3147/2343/1169 3150/2346/1170
f 3150/2346/1170 3121/2319/1078 3151/2344/1036
f 3150/2346/1170 3149/2345/1090 3152/2347/1140
f 3152/2347/1140 3153/2348/1068 3150/2346/1170
f 3121/2319/1078 3150/2346/1170 3153/2348/1068
f 3153/2348/1068 3122/2320/1041 3121/2319/1078
f 3131/2327/1159 3135/2331/1044 3122/2320/1041
f 3122/2320/1041 3153/2348/1068 3131/2327/1159
f 3132/2328/1160 3131/2327/1159 3153/2348/1068
f 3153/2348/1068 3152/2347/1140 3132/2328/1160
f 3149/2345/1090 3146/2342/1061 3143/2339/1135
f 3149/2345/1090 3143/2339/1135 3140/2336/1086
f 3149/2345/1090 3140/2336/1086 3137/2333/1054
f 3149/2345/1090 3137/2333/1054 3133/2329/1084
f 3149/2345/1090 3133/2329/1084 3132/2328/1160
f 3132/2328/1160 3152/2347/1140 3149/2345/1090
s 0
f 3154/2349/2 3155/2350/2 3156/2351/2
f 3156/2351/2 3157/2352/2 3154/2349/2
f 3158/2353/1016 3159/2354/1016 3160/2355/1016
f 3160/2355/1016 3161/2356/1016 3158/2353/1016
f 3162/2357/5 3163/2358/5 3164/2359/5
f 3165/2360/5 3166/2361/5 3167/2362/5
f 3165/2360/5 3167/2362/5 3168/2363/5
f 3169/2364/5 3162/2357/5 3164/2359/5
f 3169/2364/5 3164/2359/5 3170/2365/5
f 3169/2364/5 3170/2365/5 3171/2366/5
f 3172/2367/5 3165/2360/5 3168/2363/5
f 3168/2363/5 3169/2364/5 3171/2366/5
f 3168/2363/5 3171/2366/5 3172/2367/5
f 3173/2368/5 3163/2358/5 3162/2357/5
f 3173/2368/5 3162/2357/5 3167/2362/5
f 3167/2362/5 3166/2361/5 3173/2368/5
f 3174/2369/1017 3175/2370/1017 3176/2371/1017
f 3176/2371/1017 3177/2372/1017 3174/2369/1017
f 3178/2373/1018 3179/2374/1018 3180/2375/1018
f 3180/2375/1018 3181/2376/1018 3178/2373/1018
f 3182/2377/1161 3183/2378/1161 3184/2379/1161
f 3184/2379/1161 3185/2380/1161 3182/2377/1161
s 1
f 3186/2381/1171 3187/2382/1053 3188/2383/1022
f 3188/2383/1022 3189/2384/1095 3186/2381/1171
f 3190/2385/1072 3191/2386/1025 3192/2387/1026
f 3192/2387/1026 3193/2388/1096 3190/2385/1072
f 3194/2388/1097 3192/2387/1172 3195/2389/1030
f 3195/2389/1030 3196/2390/1032 3194/2388/1097
f 3197/2391/1173 3198/2392/1074 3199/2393/1033
f 3199/2393/1033 3200/2394/1174 3197/2391/1173
f 3201/2394/1100 3202/2393/1036 3203/2395/1037
f 3203/2395/1037 3204/2396/1038 3201/2394/1100
f 3205/2366/1039 3206/2397/1040 3207/2398/1041
f 3207/2398/1041 3208/2367/1079 3205/2366/1039
f 3209/2399/1043 3210/2400/1044 3187/2382/1021
f 3187/2382/1021 3211/2381/1175 3209/2399/1043
f 3212/2401/1046 3213/2402/1168 3214/2403/1047
f 3214/2403/1047 3215/2404/1046 3212/2401/1046
f 3216/2405/1153 3217/2406/1160 3218/2407/1050
f 3218/2407/1050 3219/2408/1051 3216/2405/1153
f 3220/2409/1044 3216/2405/1153 3219/2408/1051
f 3219/2408/1051 3221/2410/1053 3220/2409/1044
f 3219/2408/1051 3218/2407/1050 3222/2411/1054
f 3222/2411/1054 3223/2412/1165 3219/2408/1051
f 3221/2410/1053 3219/2408/1051 3223/2412/1165
f 3223/2412/1165 3224/2413/1025 3221/2410/1053
f 3223/2412/1165 3222/2411/1054 3225/2414/1176
f 3225/2414/1176 3226/2415/1058 3223/2412/1165
f 3224/2413/1025 3223/2412/1165 3226/2415/1058
f 3226/2415/1058 3227/2416/1026 3224/2413/1025
f 3226/2415/1058 3225/2414/1176 3228/2417/1059
f 3228/2417/1059 3229/2418/1088 3226/2415/1058
f 3227/2416/1026 3226/2415/1058 3229/2418/1088
f 3229/2418/1088 3230/2419/1030 3227/2416/1026
f 3229/2418/1088 3228/2417/1059 3231/2420/1061
f 3231/2420/1061 3232/2421/1089 3229/2418/1088
f 3230/2419/1030 3229/2418/1088 3232/2421/1089
f 3232/2421/1089 3233/2422/1033 3230/2419/1030
f 3232/2421/1089 3231/2420/1061 3234/2423/1090
f 3234/2423/1090 3235/2424/1170 3232/2421/1089
f 3236/2422/1066 3232/2421/1089 3235/2424/1170
f 3235/2424/1170 3206/2397/1040 3236/2422/1066
f 3235/2424/1170 3234/2423/1090 3237/2425/1140
f 3237/2425/1140 3238/2426/1068 3235/2424/1170
f 3206/2397/1040 3235/2424/1170 3238/2426/1068
f 3238/2426/1068 3207/2398/1041 3206/2397/1040
f 3216/2405/1153 3220/2409/1044 3207/2398/1041
f 3207/2398/1041 3238/2426/1068 3216/2405/1153
f 3217/2406/1160 3216/2405/1153 3238/2426/1068
f 3238/2426/1068 3237/2425/1140 3217/2406/1160
f 3234/2423/1090 3231/2420/1061 3228/2417/1059
f 3234/2423/1090 3228/2417/1059 3225/2414/1176
f 3234/2423/1090 3225/2414/1176 3222/2411/1054
f 3234/2423/1090 3222/2411/1054 3218/2407/1050
f 3234/2423/1090 3218/2407/1050 3217/2406/1160
f 3217/2406/1160 3237/2425/1140 3234/2423/1090
s 0
f 3239/2427/2 3240/2428/2 3241/2429/2
f 3241/2429/2 3242/2430/2 3239/2427/2
f 3243/2431/1016 3244/2432/1016 3245/2433/1016
f 3245/2433/1016 3246/2434/1016 3243/2431/1016
f 3247/2435/5 3248/2436/5 3249/2437/5
f 3250/2438/5 3251/2439/5 3252/2440/5
f 3250/2438/5 3252/2440/5 3253/2441/5
f 3254/2442/5 3247/2435/5 3249/2437/5
f 3254/2442/5 3249/2437/5 3255/2443/5
f 3254/2442/5 3255/2443/5 3256/2444/5
f 3257/2445/5 3250/2438/5 3253/2441/5
f 3253/2441/5 3254/2442/5 3256/2444/5
f 3253/2441/5 3256/2444/5 3257/2445/5
f 3258/2446/5 3248/2436/5 3247/2435/5
f 3258/2446/5 3247/2435/5 3252/2440/5
f 3252/2440/5 3251/2439/5 3258/2446/5
f 3259/2447/1017 3260/2448/1017 3261/2449/1017
f 3261/2449/1017 3262/2450/1017 3259/2447/1017
f 3263/2451/1018 3264/2452/1018 3265/2453/1018
f 3265/2453/1018 3266/2454/1018 3263/2451/1018
f 3267/2455/1161 3268/2456/1161 3269/2457/1161
f 3269/2457/1161 3270/2458/1161 3267/2455/1161
s 1
f 3271/2459/1156 3272/2460/1053 3273/2461/1177
f 3273/2461/1177 3274/2462/1095 3271/2459/1156
f 3275/2463/1111 3276/2464/1056 3277/2465/1026
f 3277/2465/1026 3278/2466/1114 3275/2463/1111
f 3279/2466/1097 3277/2465/1172 3280/2467/1030
f 3280/2467/1030 3281/2468/1173 3279/2466/1097
f 3282/2469/1032 3283/2470/1030 3284/2471/1033
f 3284/2471/1033 3285/2472/1034 3282/2469/1032
f 3286/2472/1178 3287/2471/1091 3288/2473/1146
f 3288/2473/1146 3289/2474/1121 3286/2472/1178
f 3290/2444/1077 3291/2475/1157 3292/2476/1041
f 3292/2476/1041 3293/2445/1158 3290/2444/1077
f 3294/2477/1043 3295/2478/1044 3272/2460/1149
f 3272/2460/1149 3296/2459/1126 3294/2477/1043
f 3297/2479/1179 3298/2480/1041 3299/2481/1047
f 3299/2481/1047 3300/2482/1082 3297/2479/1179
f 3301/2483/1153 3302/2484/1180 3303/2485/1050
f 3303/2485/1050 3304/2486/1130 3301/2483/1153
f 3305/2487/1044 3301/2483/1153 3304/2486/1130
f 3304/2486/1130 3306/2488/1109 3305/2487/1044
f 3304/2486/1130 3303/2485/1050 3307/2489/1154
f 3307/2489/1154 3308/2490/1055 3304/2486/1130
f 3306/2488/1109 3304/2486/1130 3308/2490/1055
f 3308/2490/1055 3309/2491/1112 3306/2488/1109
f 3308/2490/1055 3307/2489/1154 3310/2492/1134
f 3310/2492/1134 3311/2493/1058 3308/2490/1055
f 3309/2491/1112 3308/2490/1055 3311/2493/1058
f 3311/2493/1058 3312/2494/1116 3309/2491/1112
f 3311/2493/1058 3310/2492/1134 3313/2495/1059
f 3313/2495/1059 3314/2496/1060 3311/2493/1058
f 3312/2494/1116 3311/2493/1058 3314/2496/1060
f 3314/2496/1060 3315/2497/1030 3312/2494/1116
f 3314/2496/1060 3313/2495/1059 3316/2498/1106
f 3316/2498/1106 3317/2499/1062 3314/2496/1060
f 3315/2497/1030 3314/2496/1060 3317/2499/1062
f 3317/2499/1062 3318/2500/1063 3315/2497/1030
f 3317/2499/1062 3316/2498/1106 3319/2501/1090
f 3319/2501/1090 3320/2502/1065 3317/2499/1062
f 3321/2500/1139 3317/2499/1062 3320/2502/1065
f 3320/2502/1065 3291/2475/1157 3321/2500/1139
f 3320/2502/1065 3319/2501/1090 3322/2503/1140
f 3322/2503/1140 3323/2504/1068 3320/2502/1065
f 3291/2475/1157 3320/2502/1065 3323/2504/1068
f 3323/2504/1068 3292/2476/1041 3291/2475/1157
f 3301/2483/1153 3305/2487/1044 3292/2476/1041
f 3292/2476/1041 3323/2504/1068 3301/2483/1153
f 3302/2484/1180 3301/2483/1153 3323/2504/1068
f 3323/2504/1068 3322/2503/1140 3302/2484/1180
f 3319/2501/1090 3316/2498/1106 3313/2495/1059
f 3319/2501/1090 3313/2495/1059 3310/2492/1134
f 3319/2501/1090 3310/2492/1134 3307/2489/1154
f 3319/2501/1090 3307/2489/1154 3303/2485/1050
f 3319/2501/1090 3303/2485/1050 3302/2484/1180
f 3302/2484/1180 3322/2503/1140 3319/2501/1090
s 0
f 3324/2505/2 3325/2506/2 3326/2507/2
f 3326/2507/2 3327/2508/2 3324/2505/2
f 3328/2509/1016 3329/2510/1016 3330/2511/1016
f 3330/2511/1016 3331/2512/1016 3328/2509/1016
f 3332/2513/5 3333/2514/5 3334/2515/5
f 3335/2516/5 3336/2517/5 3337/2518/5
f 3335/2516/5 3337/2518/5 3338/2519/5
f 3339/2520/5 3332/2513/5 3334/2515/5
f 3339/2520/5 3334/2515/5 3340/2521/5
f 3339/2520/5 3340/2521/5 3341/2522/5
f 3342/2523/5 3335/2516/5 3338/2519/5
f 3338/2519/5 3339/2520/5 3341/2522/5
f 3338/2519/5 3341/2522/5 3342/2523/5
f 3343/2524/5 3333/2514/5 3332/2513/5
f 3343/2524/5 3332/2513/5 3337/2518/5
f 3337/2518/5 3336/2517/5 3343/2524/5
f 3344/2525/1017 3345/2526/1017 3346/2527/1017
f 3346/2527/1017 3347/2528/1017 3344/2525/1017
f 3348/2529/1018 3349/2530/1018 3350/2531/1018
f 3350/2531/1018 3351/2532/1018 3348/2529/1018
f 3352/2533/1161 3353/2534/1161 3354/2535/1161
f 3354/2535/1161 3355/2536/1161 3352/2533/1161
s 1
f 3356/2537/1181 3357/2538/1021 3358/2539/1022
f 3358/2539/1022 3359/2540/1141 3356/2537/1181
f 3360/2541/1111 3361/2542/1025 3362/2543/1026
f 3362/2543/1026 3363/2544/1111 3360/2541/1111
f 3364/2544/1115 3362/2543/1172 3365/2545/1030
f 3365/2545/1030 3366/2546/1143 3364/2544/1115
f 3367/2547/1143 3368/2548/1074 3369/2549/1033
f 3369/2549/1033 3370/2550/1034 3367/2547/1143
f 3371/2550/1075 3372/2549/1139 3373/2551/1146
f 3373/2551/1146 3374/2552/1121 3371/2550/1075
f 3375/2522/1122 3376/2553/1157 3377/2554/1041
f 3377/2554/1041 3378/2523/1182 3375/2522/1122
f 3379/2555/1148 3380/2556/1044 3357/2538/1149
f 3357/2538/1149 3381/2537/1150 3379/2555/1148
f 3382/2557/1046 3383/2558/1103 3384/2559/1047
f 3384/2559/1047 3385/2560/1082 3382/2557/1046
f 3386/2561/1153 3387/2562/1160 3388/2563/1084
f 3388/2563/1084 3389/2564/1183 3386/2561/1153
f 3390/2565/1044 3386/2561/1153 3389/2564/1183
f 3389/2564/1183 3391/2566/1021 3390/2565/1044
f 3389/2564/1183 3388/2563/1084 3392/2567/1154
f 3392/2567/1154 3393/2568/1055 3389/2564/1183
f 3391/2566/1021 3389/2564/1183 3393/2568/1055
f 3393/2568/1055 3394/2569/1056 3391/2566/1021
f 3393/2568/1055 3392/2567/1154 3395/2570/1086
f 3395/2570/1086 3396/2571/1058 3393/2568/1055
f 3394/2569/1056 3393/2568/1055 3396/2571/1058
f 3396/2571/1058 3397/2572/1026 3394/2569/1056
f 3396/2571/1058 3395/2570/1086 3398/2573/1135
f 3398/2573/1135 3399/2574/1060 3396/2571/1058
f 3397/2572/1026 3396/2571/1058 3399/2574/1060
f 3399/2574/1060 3400/2575/1136 3397/2572/1026
f 3399/2574/1060 3398/2573/1135 3401/2576/1106
f 3401/2576/1106 3402/2577/1169 3399/2574/1060
f 3400/2575/1136 3399/2574/1060 3402/2577/1169
f 3402/2577/1169 3403/2578/1063 3400/2575/1136
f 3402/2577/1169 3401/2576/1106 3404/2579/1090
f 3404/2579/1090 3405/2580/1065 3402/2577/1169
f 3406/2578/1184 3402/2577/1169 3405/2580/1065
f 3405/2580/1065 3376/2553/1157 3406/2578/1184
f 3405/2580/1065 3404/2579/1090 3407/2581/1140
f 3407/2581/1140 3408/2582/1185 3405/2580/1065
f 3376/2553/1157 3405/2580/1065 3408/2582/1185
f 3408/2582/1185 3377/2554/1041 3376/2553/1157
f 3386/2561/1153 3390/2565/1044 3377/2554/1041
f 3377/2554/1041 3408/2582/1185 3386/2561/1153
f 3387/2562/1160 3386/2561/1153 3408/2582/1185
f 3408/2582/1185 3407/2581/1140 3387/2562/1160
f 3404/2579/1090 3401/2576/1106 3398/2573/1135
f 3404/2579/1090 3398/2573/1135 3395/2570/1086
f 3404/2579/1090 3395/2570/1086 3392/2567/1154
f 3404/2579/1090 3392/2567/1154 3388/2563/1084
f 3404/2579/1090 3388/2563/1084 3387/2562/1160
f 3387/2562/1160 3407/2581/1140 3404/2579/1090
s 0
f 3409/2583/2 3410/2584/2 3411/2585/2
f 3411/2585/2 3412/2586/2 3409/2583/2
f 3413/2587/1016 3414/2588/1016 3415/2589/1016
f 3415/2589/1016 3416/2590/1016 3413/2587/1016
f 3417/2591/5 3418/2592/5 3419/2593/5
f 3420/2594/5 3421/2595/5 3422/2596/5
f 3420/2594/5 3422/2596/5 3423/2597/5
f 3424/2598/5 3417/2591/5 3419/2593/5
f 3424/2598/5 3419/2593/5 3425/2599/5
f 3424/2598/5 3425/2599/5 3426/2600/5
f 3427/2601/5 3420/2594/5 3423/2597/5
f 3423/2597/5 3424/2598/5 3426/2600/5
f 3423/2597/5 3426/2600/5 3427/2601/5
f 3428/2602/5 3418/2592/5 3417/2591/5
f 3428/2602/5 3417/2591/5 3422/2596/5
f 3422/2596/5 3421/2595/5 3428/2602/5
f 3429/2603/1017 3430/2604/1017 3431/2605/1017
f 3431/2605/1017 3432/2606/1017 3429/2603/1017
f 3433/2607/1018 3434/2608/1018 3435/2609/1018
f 3435/2609/1018 3436/2610/1018 3433/2607/1018
f 3437/2611/1161 3438/2612/1161 3439/2613/1161
f 3439/2613/1161 3440/2614/1161 3437/2611/1161
s 1
f 3441/2615/1156 3442/2616/1021 3443/2617/1022
f 3443/2617/1022 3444/2618/1156 3441/2615/1156
f 3445/2619/1111 3446/2620/1025 3447/2621/1026
f 3447/2621/1026 3448/2622/1186 3445/2619/1111
f 3449/2622/1097 3447/2621/1116 3450/2623/1030
f 3450/2623/1030 3451/2624/1031 3449/2622/1097
f 3452/2625/1032 3453/2626/1074 3454/2627/1098
f 3454/2627/1098 3455/2628/1174 3452/2625/1032
f 3456/2628/1178 3457/2627/1091 3458/2629/1146
f 3458/2629/1146 3459/2630/1121 3456/2628/1178
f 3460/2600/1122 3461/2631/1157 3462/2632/1041
f 3462/2632/1041 3463/2601/1182 3460/2600/1122
f 3464/2633/1043 3465/2634/1044 3442/2616/1021
f 3442/2616/1021 3466/2615/1126 3464/2633/1043
f 3467/2635/1179 3468/2636/1103 3469/2637/1047
f 3469/2637/1047 3470/2638/1082 3467/2635/1179
f 3471/2639/1153 3472/2640/1187 3473/2641/1050
f 3473/2641/1050 3474/2642/1130 3471/2639/1153
f 3475/2643/1044 3471/2639/1153 3474/2642/1130
f 3474/2642/1130 3476/2644/1021 3475/2643/1044
f 3474/2642/1130 3473/2641/1050 3477/2645/1132
f 3477/2645/1132 3478/2646/1055 3474/2642/1130
f 3476/2644/1021 3474/2642/1130 3478/2646/1055
f 3478/2646/1055 3479/2647/1025 3476/2644/1021
f 3478/2646/1055 3477/2645/1132 3480/2648/1134
f 3480/2648/1134 3481/2649/1058 3478/2646/1055
f 3479/2647/1025 3478/2646/1055 3481/2649/1058
f 3481/2649/1058 3482/2650/1116 3479/2647/1025
f 3481/2649/1058 3480/2648/1134 3483/2651/1059
f 3483/2651/1059 3484/2652/1060 3481/2649/1058
f 3482/2650/1116 3481/2649/1058 3484/2652/1060
f 3484/2652/1060 3485/2653/1030 3482/2650/1116
f 3484/2652/1060 3483/2651/1059 3486/2654/1061
f 3486/2654/1061 3487/2655/1062 3484/2652/1060
f 3485/2653/1030 3484/2652/1060 3487/2655/1062
f 3487/2655/1062 3488/2656/1033 3485/2653/1030
f 3487/2655/1062 3486/2654/1061 3489/2657/1090
f 3489/2657/1090 3490/2658/1065 3487/2655/1062
f 3491/2656/1139 3487/2655/1062 3490/2658/1065
f 3490/2658/1065 3461/2631/1157 3491/2656/1139
f 3490/2658/1065 3489/2657/1090 3492/2659/1140
f 3492/2659/1140 3493/2660/1068 3490/2658/1065
f 3461/2631/1157 3490/2658/1065 3493/2660/1068
f 3493/2660/1068 3462/2632/1041 3461/2631/1157
f 3471/2639/1153 3475/2643/1044 3462/2632/1041
f 3462/2632/1041 3493/2660/1068 3471/2639/1153
f 3472/2640/1187 3471/2639/1153 3493/2660/1068
f 3493/2660/1068 3492/2659/1140 3472/2640/1187
f 3489/2657/1090 3486/2654/1061 3483/2651/1059
f 3489/2657/1090 3483/2651/1059 3480/2648/1134
f 3489/2657/1090 3480/2648/1134 3477/2645/1132
f 3489/2657/1090 3477/2645/1132 3473/2641/1050
f 3489/2657/1090 3473/2641/1050 3472/2640/1187
f 3472/2640/1187 3492/2659/1140 3489/2657/1090
f 3494/2661/1188 3495/2662/1189 3496/2663/1190
f 3494/2661/1188 3496/2663/1190 3497/2664/5
f 3494/2661/1188 3497/2664/5 3498/2665/5
f 3494/2661/1188 3498/2665/5 3499/2666/5
f 3494/2661/1188 3499/2666/5 3500/2667/5
f 3494/2661/1188 3500/2667/5 3501/2668/5
f 3494/2661/1188 3501/2668/5 3502/2669/5
f 3494/2661/1188 3502/2669/5 3503/2670/5
f 3494/2661/1188 3503/2670/5 3504/2671/5
f 3494/2661/1188 3504/2671/5 3505/2672/5
f 3506/2673/5 3507/2674/1191 3508/2675/1192
f 3506/2673/5 3508/2675/1192 3509/2676/1193
f 3509/2676/1193 3494/2661/1188 3505/2672/5
f 3509/2676/1193 3505/2672/5 3510/2677/5
f 3509/2676/1193 3510/2677/5 3511/2678/5
f 3509/2676/1193 3511/2678/5 3512/2679/5
f 3509/2676/1193 3512/2679/5 3513/2680/5
f 3513/2680/5 3506/2673/5 3509/2676/1193
f 3514/2681/1194 3515/2682/1195 3516/2683/1196
f 3516/2683/1196 3517/2684/1197 3514/2681/1194
f 3518/2685/1198 3519/2686/1199 3520/2687/1200
f 3520/2687/1200 3521/2688/1201 3518/2685/1198
f 3522/2689/1202 3523/2690/1203 3524/2691/1204
f 3524/2691/1204 3525/2692/1205 3522/2689/1202
f 3526/2693/1206 3527/2694/1207 3528/2695/1208
f 3528/2695/1208 3529/2696/1209 3526/2693/1206
f 3530/2697/1195 3514/2681/1194 3517/2684/1197
f 3517/2684/1197 3531/2698/1210 3530/2697/1195
f 3532/2699/1211 3533/2700/1212 3534/2701/1213
f 3534/2701/1213 3535/2702/1214 3532/2699/1211
f 3536/2703/1198 3518/2685/1198 3521/2688/1201
f 3521/2688/1201 3537/2704/1215 3536/2703/1198
f 3538/2705/1216 3539/2706/1217 3540/2707/1218
f 3540/2707/1218 3541/2708/1219 3538/2705/1216
f 3542/2709/1220 3543/2710/1221 3544/2711/1222
f 3544/2711/1222 3545/2712/1220 3542/2709/1220
f 3546/2713/1220 3547/2714/1222 3548/2715/1223
f 3548/2715/1223 3549/2716/1224 3546/2713/1220
f 3550/2717/1225 3551/2718/1226 3552/2719/1227
f 3552/2719/1227 3553/2720/1228 3550/2717/1225
f 3554/2721/1229 3555/2722/1230 3556/2723/1231
f 3556/2723/1231 3557/2724/1232 3554/2721/1229
f 3553/2720/1228 3552/2719/1227 3558/2725/1233
f 3558/2725/1233 3559/2726/1234 3553/2720/1228
f 3560/2727/1198 3536/2703/1198 3537/2704/1215
f 3537/2704/1215 3561/2728/1235 3560/2727/1198
f 3562/2729/1234 3563/2730/1236 3564/2731/1237
f 3564/2731/1237 3565/2732/1238 3562/2729/1234
f 3566/2733/5 3567/2734/1239 3568/2735/1240
f 3566/2733/5 3568/2735/1240 3569/2736/5
s 0
f 3566/2733/5 3569/2736/5 3570/2737/5
f 3566/2733/5 3570/2737/5 3571/2738/5
f 3566/2733/5 3571/2738/5 3572/2739/5
f 3566/2733/5 3572/2739/5 3573/2740/5
f 3566/2733/5 3573/2740/5 3574/2741/5
f 3566/2733/5 3574/2741/5 3575/2742/5
f 3566/2733/5 3575/2742/5 3576/2743/5
f 3566/2733/5 3576/2743/5 3577/2744/5
f 3566/2733/5 3577/2744/5 3578/2745/5
f 3566/2733/5 3578/2745/5 3579/2746/5
f 3566/2733/5 3579/2746/5 3580/2747/5
f 3580/2747/5 3581/2748/5 3566/2733/5
s 1
f 3565/2732/1238 3564/2731/1237 3582/2749/1241
f 3582/2749/1241 3583/2750/1242 3565/2732/1238
f 3535/2702/1214 3534/2701/1213 3584/2751/1243
f 3584/2751/1243 3585/2752/1244 3535/2702/1214
f 3583/2750/1242 3582/2749/1241 3586/2753/1245
f 3586/2753/1245 3587/2754/1246 3583/2750/1242
f 3585/2752/1244 3584/2751/1243 3588/2755/1247
f 3588/2755/1247 3589/2756/1248 3585/2752/1244
f 3587/2754/1246 3586/2753/1245 3590/2757/1249
f 3590/2757/1249 3591/2758/1250 3587/2754/1246
f 3589/2756/1248 3588/2755/1247 3592/2759/1251
f 3592/2759/1251 3593/2760/1252 3589/2756/1248
f 3591/2758/1250 3590/2757/1249 3594/2761/1253
f 3594/2761/1253 3595/2762/1254 3591/2758/1250
f 3593/2760/1252 3592/2759/1251 3551/2718/1226
f 3551/2718/1226 3550/2717/1225 3593/2760/1252
f 3595/2762/1254 3594/2761/1253 3555/2722/1230
f 3555/2722/1230 3554/2721/1229 3595/2762/1254
f 3557/2724/1232 3556/2723/1231 3596/2763/1255
f 3596/2763/1255 3597/2764/1256 3557/2724/1232
f 3598/2765/1257 3599/2766/1258 3600/2767/1259
f 3600/2767/1259 3601/2768/1260 3598/2765/1257
f 3602/2769/1261 3598/2765/1257 3601/2768/1260
f 3601/2768/1260 3603/2770/1262 3602/2769/1261
f 3594/2761/1253 3602/2769/1261 3603/2770/1262
f 3603/2770/1262 3555/2722/1230 3594/2761/1253
f 3604/2771/1263 3605/2772/1264 3606/2773/1265
f 3606/2773/1265 3607/2774/1266 3604/2771/1263
f 3608/2775/1267 3604/2771/1263 3607/2774/1266
f 3607/2774/1266 3609/2776/1268 3608/2775/1267
f 3592/2759/1251 3608/2775/1267 3609/2776/1268
f 3609/2776/1268 3551/2718/1226 3592/2759/1251
f 3610/2777/1269 3611/2778/1270 3599/2766/1258
f 3599/2766/1258 3598/2765/1257 3610/2777/1269
f 3612/2779/1271 3610/2777/1269 3598/2765/1257
f 3598/2765/1257 3602/2769/1261 3612/2779/1271
f 3590/2757/1249 3612/2779/1271 3602/2769/1261
f 3602/2769/1261 3594/2761/1253 3590/2757/1249
f 3613/2780/1272 3614/2781/1273 3605/2772/1264
f 3605/2772/1264 3604/2771/1263 3613/2780/1272
f 3615/2782/1274 3613/2780/1272 3604/2771/1263
f 3604/2771/1263 3608/2775/1267 3615/2782/1274
f 3588/2755/1247 3615/2782/1274 3608/2775/1267
f 3608/2775/1267 3592/2759/1251 3588/2755/1247
f 3616/2783/1275 3617/2784/1276 3618/2778/1277
f 3618/2778/1277 3619/2777/1278 3616/2783/1275
f 3620/2785/1279 3616/2783/1275 3619/2777/1278
f 3619/2777/1278 3612/2779/1271 3620/2785/1279
f 3586/2753/1245 3620/2785/1279 3612/2779/1271
f 3612/2779/1271 3590/2757/1249 3586/2753/1245
f 3621/2786/1280 3622/2787/1281 3614/2781/1273
f 3614/2781/1273 3613/2780/1272 3621/2786/1280
f 3623/2788/1282 3621/2786/1280 3613/2780/1272
f 3613/2780/1272 3615/2782/1274 3623/2788/1282
f 3584/2751/1243 3623/2788/1282 3615/2782/1274
f 3615/2782/1274 3588/2755/1247 3584/2751/1243
f 3624/2789/1283 3625/2790/1284 3617/2784/1276
f 3617/2784/1276 3616/2783/1275 3624/2789/1283
f 3626/2791/1285 3624/2789/1283 3616/2783/1275
f 3616/2783/1275 3620/2785/1279 3626/2791/1285
f 3582/2749/1241 3626/2791/1285 3620/2785/1279
f 3620/2785/1279 3586/2753/1245 3582/2749/1241
f 3525/2692/1205 3524/2691/1204 3622/2787/1281
f 3622/2787/1281 3621/2786/1280 3525/2692/1205
f 3627/2792/1286 3525/2692/1205 3621/2786/1280
f 3621/2786/1280 3623/2788/1282 3627/2792/1286
f 3534/2701/1213 3627/2792/1286 3623/2788/1282
f 3623/2788/1282 3584/2751/1243 3534/2701/1213
f 3628/2793/1287 3629/2794/1288 3625/2790/1284
f 3625/2790/1284 3624/2789/1283 3628/2793/1287
f 3630/2795/1289 3628/2793/1287 3624/2789/1283
f 3624/2789/1283 3626/2791/1285 3630/2795/1289
f 3564/2731/1237 3630/2795/1289 3626/2791/1285
f 3626/2791/1285 3582/2749/1241 3564/2731/1237
f 3631/2796/1290 3632/2797/1291 3633/2798/1292
f 3631/2796/1290 3633/2798/1292 3634/2799/1293
f 3631/2796/1290 3634/2799/1293 3635/2800/1294
f 3631/2796/1290 3635/2800/1294 3636/2801/1295
f 3631/2796/1290 3636/2801/1295 3637/2802/1296
f 3631/2796/1290 3637/2802/1296 3638/2803/1297
f 3638/2803/1297 3639/2804/1298 3631/2796/1290
f 3533/2700/1212 3640/2805/1299 3627/2792/1286
f 3627/2792/1286 3534/2701/1213 3533/2700/1212
f 3641/2806/1300 3642/2807/1301 3643/2808/1302
f 3643/2808/1302 3644/2809/1303 3641/2806/1300
f 3645/2810/1304 3646/2811/1305 3629/2794/1288
f 3629/2794/1288 3628/2793/1287 3645/2810/1304
f 3647/2812/1306 3645/2810/1304 3628/2793/1287
f 3628/2793/1287 3630/2795/1289 3647/2812/1306
f 3563/2730/1236 3647/2812/1306 3630/2795/1289
f 3630/2795/1289 3564/2731/1237 3563/2730/1236
f 3648/2813/1307 3649/2814/1308 3650/2815/1309
f 3648/2813/1307 3650/2815/1309 3651/2816/1310
f 3648/2813/1307 3651/2816/1310 3652/2817/1311
f 3648/2813/1307 3652/2817/1311 3653/2818/1312
f 3648/2813/1307 3653/2818/1312 3654/2819/1313
f 3648/2813/1307 3654/2819/1313 3655/2820/1314
f 3655/2820/1314 3656/2821/1315 3648/2813/1307
f 3556/2723/1231 3641/2806/1300 3644/2809/1303
f 3644/2809/1303 3596/2763/1255 3556/2723/1231
f 3657/2822/1316 3658/2823/1317 3659/2824/1318
f 3659/2824/1318 3660/2825/1319 3657/2822/1316
f 3661/2826/1320 3662/2827/1321 3663/2828/1322
f 3663/2828/1322 3664/2829/1304 3661/2826/1320
f 3665/2830/1323 3661/2826/1320 3664/2829/1304
f 3664/2829/1304 3666/2831/1324 3665/2830/1323
f 3552/2719/1227 3665/2830/1323 3666/2831/1324
f 3666/2831/1324 3558/2725/1233 3552/2719/1227
f 3601/2768/1260 3600/2767/1259 3667/2832/1325
f 3667/2832/1325 3642/2807/1301 3601/2768/1260
f 3603/2770/1262 3601/2768/1260 3642/2807/1301
f 3642/2807/1301 3641/2806/1300 3603/2770/1262
f 3555/2722/1230 3603/2770/1262 3641/2806/1300
f 3641/2806/1300 3556/2723/1231 3555/2722/1230
f 3607/2774/1266 3606/2773/1265 3662/2827/1321
f 3662/2827/1321 3661/2826/1320 3607/2774/1266
f 3609/2776/1268 3607/2774/1266 3661/2826/1320
f 3661/2826/1320 3665/2830/1323 3609/2776/1268
f 3551/2718/1226 3609/2776/1268 3665/2830/1323
f 3665/2830/1323 3552/2719/1227 3551/2718/1226
f 3668/2833/1326 3669/2834/1327 3670/2835/1328
f 3670/2835/1328 3671/2836/1329 3668/2833/1326
f 3672/2837/1330 3673/2838/1198 3674/2839/1201
f 3674/2839/1201 3675/2840/1331 3672/2837/1330
f 3545/2712/1220 3544/2711/1222 3547/2714/1222
f 3547/2714/1222 3546/2713/1220 3545/2712/1220
f 3670/2835/1328 3676/2841/1332 3677/2842/1333
f 3670/2835/1328 3677/2842/1333 3678/2843/1334
f 3670/2835/1328 3678/2843/1334 3679/2844/1335
f 3670/2835/1328 3679/2844/1335 3680/2845/1336
f 3670/2835/1328 3680/2845/1336 3681/2846/1337
f 3681/2846/1337 3682/2847/1338 3683/2848/1339
f 3681/2846/1337 3683/2848/1339 3684/2849/1340
f 3681/2846/1337 3684/2849/1340 3685/2850/1341
f 3681/2846/1337 3685/2850/1341 3686/2851/1342
f 3681/2846/1337 3686/2851/1342 3687/2852/1343
f 3687/2852/1343 3529/2696/1209 3528/2695/1208
f 3687/2852/1343 3528/2695/1208 3671/2836/1329
f 3671/2836/1329 3670/2835/1328 3681/2846/1337
f 3681/2846/1337 3687/2852/1343 3671/2836/1329
f 3673/2838/1198 3560/2727/1198 3561/2728/1235
f 3561/2728/1235 3674/2839/1201 3673/2838/1198
f 3656/2821/1315 3655/2820/1314 3688/2853/1344
f 3688/2853/1344 3689/2854/1345 3656/2821/1315
f 3515/2682/1195 3690/2855/1195 3691/2856/1197
f 3691/2856/1197 3516/2683/1196 3515/2682/1195
f 3690/2855/1195 3692/2857/1346 3693/2858/1347
f 3693/2858/1347 3691/2856/1197 3690/2855/1195
f 3640/2805/1299 3522/2689/1202 3525/2692/1205
f 3525/2692/1205 3627/2792/1286 3640/2805/1299
f 3539/2706/1217 3530/2697/1195 3531/2698/1210
f 3531/2698/1210 3540/2707/1218 3539/2706/1217
f 3694/2859/1348 3695/2860/1349 3527/2694/1207
f 3527/2694/1207 3526/2693/1206 3694/2859/1348
f 3634/2799/1293 3633/2798/1292 3695/2860/1349
f 3695/2860/1349 3694/2859/1348 3634/2799/1293
f 3696/2861/1220 3697/2862/1221 3543/2710/1221
f 3543/2710/1221 3542/2709/1220 3696/2861/1220
f 3689/2854/1345 3688/2853/1344 3669/2834/1327
f 3669/2834/1327 3668/2833/1326 3689/2854/1345
f 3698/2863/1350 3699/2864/1351 3700/2865/1352
f 3700/2865/1352 3701/2866/1353 3698/2863/1350
f 3701/2866/1353 3700/2865/1352 3702/2867/1354
f 3702/2867/1354 3703/2868/1355 3701/2866/1353
f 3703/2868/1355 3702/2867/1354 3704/2869/1356
f 3704/2869/1356 3705/2870/1357 3703/2868/1355
f 3706/2871/1358 3698/2863/1350 3701/2866/1353
f 3701/2866/1353 3707/2872/1359 3706/2871/1358
f 3707/2872/1359 3701/2866/1353 3703/2868/1355
f 3703/2868/1355 3708/2873/1360 3707/2872/1359
f 3708/2873/1360 3703/2868/1355 3705/2870/1357
f 3705/2870/1357 3709/2874/1361 3708/2873/1360
f 3710/2875/1362 3539/2706/1217 3538/2705/1216
f 3538/2705/1216 3711/2876/1363 3710/2875/1362
f 3711/2876/1363 3538/2705/1216 3712/2877/1364
f 3712/2877/1364 3713/2878/1365 3711/2876/1363
f 3714/2879/1366 3715/2880/1364 3716/2881/1367
f 3716/2881/1367 3717/2882/1368 3714/2879/1366
f 3704/2869/1356 3710/2875/1362 3711/2876/1363
f 3711/2876/1363 3705/2870/1357 3704/2869/1356
f 3705/2870/1357 3711/2876/1363 3713/2878/1365
f 3713/2878/1365 3709/2874/1361 3705/2870/1357
f 3709/2874/1361 3713/2878/1365 3718/2883/1369
f 3718/2883/1369 3719/2884/1370 3709/2874/1361
f 3658/2823/1317 3657/2822/1316 3720/2885/1371
f 3720/2885/1371 3721/2886/1372 3658/2823/1317
f 3721/2886/1372 3720/2885/1371 3722/2887/1373
f 3722/2887/1373 3723/2888/1374 3721/2886/1372
f 3723/2888/1374 3722/2887/1373 3724/2889/1375
f 3724/2889/1375 3725/2890/1359 3723/2888/1374
f 3716/2881/1367 3658/2823/1317 3721/2886/1372
f 3721/2886/1372 3717/2882/1368 3716/2881/1367
f 3717/2882/1368 3721/2886/1372 3723/2888/1374
f 3723/2888/1374 3726/2891/1376 3717/2882/1368
f 3719/2884/1370 3727/2892/1377 3707/2872/1359
f 3707/2872/1359 3708/2873/1360 3719/2884/1370
f 3708/2873/1360 3709/2874/1361 3719/2884/1370
f 3728/2893/1378 3729/2894/1379 3730/2895/1380
f 3730/2895/1380 3731/2896/1381 3728/2893/1378
f 3731/2896/1381 3730/2895/1380 3732/2897/1382
f 3732/2897/1382 3733/2898/1383 3731/2896/1381
f 3734/2899/1383 3735/2900/1382 3736/2901/1384
f 3736/2901/1384 3737/2902/1385 3734/2899/1383
f 3738/2903/1386 3728/2893/1378 3731/2896/1381
f 3731/2896/1381 3739/2904/1387 3738/2903/1386
f 3739/2904/1387 3731/2896/1381 3733/2898/1383
f 3733/2898/1383 3740/2905/1388 3739/2904/1387
f 3740/2905/1388 3733/2898/1383 3741/2906/1389
f 3741/2906/1389 3742/2907/1390 3740/2905/1388
f 3743/2908/1391 3744/2909/1392 3745/2910/1393
f 3745/2910/1393 3746/2911/1394 3743/2908/1391
f 3746/2911/1394 3745/2910/1393 3747/2912/1395
f 3747/2912/1395 3748/2913/1396 3746/2911/1394
f 3748/2913/1396 3747/2912/1395 3749/2914/1397
f 3749/2914/1397 3750/2915/1398 3748/2913/1396
f 3736/2901/1384 3743/2908/1391 3746/2911/1394
f 3746/2911/1394 3737/2902/1385 3736/2901/1384
f 3737/2902/1385 3746/2911/1394 3748/2913/1396
f 3748/2913/1396 3751/2916/1399 3737/2902/1385
f 3742/2907/1390 3752/2917/1400 3753/2918/1398
f 3753/2918/1398 3754/2919/1401 3742/2907/1390
f 3755/2920/1402 3756/2921/1199 3757/2922/1403
f 3757/2922/1403 3758/2923/1404 3755/2920/1402
f 3758/2923/1404 3757/2922/1403 3759/2924/1405
f 3759/2924/1405 3760/2925/1406 3758/2923/1404
f 3760/2925/1406 3759/2924/1405 3738/2903/1386
f 3738/2903/1386 3739/2904/1387 3760/2925/1406
f 3761/2926/1407 3755/2920/1402 3758/2923/1404
f 3758/2923/1404 3753/2918/1398 3761/2926/1407
f 3753/2918/1398 3758/2923/1404 3760/2925/1406
f 3760/2925/1406 3754/2919/1401 3753/2918/1398
f 3754/2919/1401 3760/2925/1406 3739/2904/1387
f 3739/2904/1387 3740/2905/1388 3754/2919/1401
f 3740/2905/1388 3742/2907/1390 3754/2919/1401
f 3762/2927/1408 3763/2928/1224 3764/2929/1409
f 3764/2929/1409 3765/2930/1410 3762/2927/1408
f 3765/2930/1410 3764/2929/1409 3766/2931/1411
f 3766/2931/1411 3767/2932/1412 3765/2930/1410
f 3768/2933/1412 3769/2934/1413 3770/2935/1414
f 3770/2935/1414 3771/2936/1415 3768/2933/1412
f 3772/2937/1416 3762/2927/1408 3765/2930/1410
f 3765/2930/1410 3773/2938/1417 3772/2937/1416
f 3773/2938/1417 3765/2930/1410 3767/2932/1412
f 3767/2932/1412 3774/2939/1418 3773/2938/1417
f 3774/2939/1418 3767/2932/1412 3775/2940/1419
f 3775/2940/1419 3776/2941/1420 3774/2939/1418
f 3777/2942/1421 3509/2676/1193 3778/2943/1422
f 3778/2943/1422 3779/2944/1423 3777/2942/1421
f 3779/2944/1423 3778/2943/1422 3780/2945/1424
f 3780/2945/1424 3781/2946/1425 3779/2944/1423
f 3781/2946/1425 3780/2945/1424 3782/2947/1426
f 3782/2947/1426 3783/2948/1427 3781/2946/1425
f 3770/2935/1414 3777/2942/1421 3779/2944/1423
f 3779/2944/1423 3771/2936/1415 3770/2935/1414
f 3771/2936/1415 3779/2944/1423 3781/2946/1425
f 3781/2946/1425 3784/2949/1420 3771/2936/1415
f 3776/2941/1420 3785/2950/1428 3786/2951/1429
f 3786/2951/1429 3787/2952/1430 3776/2941/1420
f 3788/2953/1431 3692/2857/1346 3789/2954/1432
f 3789/2954/1432 3790/2955/1433 3788/2953/1431
f 3790/2955/1433 3789/2954/1432 3791/2956/1434
f 3791/2956/1434 3792/2957/1435 3790/2955/1433
f 3792/2957/1435 3791/2956/1434 3772/2937/1416
f 3772/2937/1416 3773/2938/1417 3792/2957/1435
f 3793/2958/1436 3788/2953/1431 3790/2955/1433
f 3790/2955/1433 3786/2951/1429 3793/2958/1436
f 3786/2951/1429 3790/2955/1433 3792/2957/1435
f 3792/2957/1435 3787/2952/1430 3786/2951/1429
f 3787/2952/1430 3792/2957/1435 3773/2938/1417
f 3773/2938/1417 3774/2939/1418 3787/2952/1430
f 3774/2939/1418 3776/2941/1420 3787/2952/1430
f 3794/2959/1437 3795/2960/1330 3796/2961/1438
f 3796/2961/1438 3797/2962/1439 3794/2959/1437
f 3797/2962/1439 3796/2961/1438 3798/2963/1440
f 3798/2963/1440 3799/2964/1441 3797/2962/1439
f 3800/2965/1442 3801/2966/1443 3802/2967/1444
f 3802/2967/1444 3803/2968/1445 3800/2965/1442
f 3804/2969/1446 3794/2959/1437 3797/2962/1439
f 3797/2962/1439 3805/2970/1447 3804/2969/1446
f 3805/2970/1447 3797/2962/1439 3799/2964/1441
f 3799/2964/1441 3806/2971/1448 3805/2970/1447
f 3806/2971/1448 3799/2964/1441 3807/2972/1445
f 3807/2972/1445 3808/2973/1449 3806/2971/1448
f 3809/2974/1450 3494/2661/1188 3810/2975/1451
f 3810/2975/1451 3811/2976/1452 3809/2974/1450
f 3811/2976/1452 3810/2975/1451 3812/2977/1453
f 3812/2977/1453 3813/2978/1454 3811/2976/1452
f 3813/2978/1454 3812/2977/1453 3814/2979/1455
f 3814/2979/1455 3815/2980/1456 3813/2978/1454
f 3802/2967/1444 3809/2974/1450 3811/2976/1452
f 3811/2976/1452 3803/2968/1445 3802/2967/1444
f 3803/2968/1445 3811/2976/1452 3813/2978/1454
f 3813/2978/1454 3816/2981/1457 3803/2968/1445
f 3808/2973/1449 3817/2982/1454 3818/2983/1456
f 3818/2983/1456 3819/2984/1458 3808/2973/1449
f 3820/2985/1459 3548/2715/1223 3821/2986/1460
f 3821/2986/1460 3822/2987/1461 3820/2985/1459
f 3822/2987/1461 3821/2986/1460 3823/2988/1462
f 3823/2988/1462 3824/2989/1463 3822/2987/1461
f 3824/2989/1463 3823/2988/1462 3804/2969/1446
f 3804/2969/1446 3805/2970/1447 3824/2989/1463
f 3825/2990/1455 3820/2985/1459 3822/2987/1461
f 3822/2987/1461 3818/2983/1456 3825/2990/1455
f 3818/2983/1456 3822/2987/1461 3824/2989/1463
f 3824/2989/1463 3819/2984/1458 3818/2983/1456
f 3819/2984/1458 3824/2989/1463 3805/2970/1447
f 3805/2970/1447 3806/2971/1448 3819/2984/1458
f 3806/2971/1448 3808/2973/1449 3819/2984/1458
f 3730/2895/1380 3729/2894/1379 3826/2991/1351
f 3826/2991/1351 3827/2992/1350 3730/2895/1380
f 3732/2897/1382 3730/2895/1380 3827/2992/1350
f 3827/2992/1350 3828/2993/1358 3732/2897/1382
f 3736/2901/1384 3735/2900/1382 3724/2889/1375
f 3724/2889/1375 3722/2887/1373 3736/2901/1384
f 3743/2908/1391 3736/2901/1384 3722/2887/1373
f 3722/2887/1373 3720/2885/1371 3743/2908/1391
f 3744/2909/1392 3743/2908/1391 3720/2885/1371
f 3720/2885/1371 3657/2822/1316 3744/2909/1392
f 3658/2823/1317 3716/2881/1367 3829/2994/1464
f 3829/2994/1464 3659/2824/1318 3658/2823/1317
f 3830/2995/1465 3520/2687/1200 3519/2686/1199
f 3519/2686/1199 3831/2996/1402 3830/2995/1465
f 3712/2877/1364 3538/2705/1216 3541/2708/1219
f 3541/2708/1219 3832/2997/1466 3712/2877/1364
f 3716/2881/1367 3715/2880/1364 3833/2998/1466
f 3833/2998/1466 3829/2994/1464 3716/2881/1367
f 3657/2822/1316 3660/2825/1319 3834/2999/1467
f 3834/2999/1467 3744/2909/1392 3657/2822/1316
f 3834/2999/1467 3835/3000/1468 3745/2910/1393
f 3745/2910/1393 3744/2909/1392 3834/2999/1467
f 3836/3001/1469 3837/3002/1470 3749/2914/1397
f 3749/2914/1397 3747/2912/1395 3836/3001/1469
f 3835/3000/1468 3836/3001/1469 3747/2912/1395
f 3747/2912/1395 3745/2910/1393 3835/3000/1468
f 3838/3003/1471 3693/2858/1347 3692/2857/1346
f 3692/2857/1346 3788/2953/1431 3838/3003/1471
f 3839/3004/1472 3830/2995/1465 3831/2996/1402
f 3831/2996/1402 3840/3005/1407 3839/3004/1472
f 3841/3006/1473 3697/2862/1221 3729/2894/1379
f 3729/2894/1379 3728/2893/1378 3841/3006/1473
f 3842/3007/1474 3841/3006/1473 3728/2893/1378
f 3728/2893/1378 3738/2903/1386 3842/3007/1474
f 3843/3008/1475 3842/3007/1474 3738/2903/1386
f 3738/2903/1386 3759/2924/1405 3843/3008/1475
f 3844/3009/1476 3843/3008/1475 3759/2924/1405
f 3759/2924/1405 3757/2922/1403 3844/3009/1476
f 3845/3010/1477 3844/3009/1476 3757/2922/1403
f 3757/2922/1403 3756/2921/1199 3845/3010/1477
f 3675/2840/1331 3846/3011/1478 3847/3012/1438
f 3847/3012/1438 3672/2837/1330 3675/2840/1331
f 3848/3013/1479 3849/3014/1480 3802/2967/1444
f 3802/2967/1444 3801/2966/1443 3848/3013/1479
f 3846/3011/1478 3850/3015/1481 3851/3016/1443
f 3851/3016/1443 3847/3012/1438 3846/3011/1478
f 3849/3014/1480 3852/3017/1482 3809/2974/1450
f 3809/2974/1450 3802/2967/1444 3849/3014/1480
f 3853/3018/1409 3549/2716/1224 3548/2715/1223
f 3548/2715/1223 3820/2985/1459 3853/3018/1409
f 3854/3019/1411 3853/3018/1409 3820/2985/1459
f 3820/2985/1459 3825/2990/1455 3854/3019/1411
f 3770/2935/1414 3769/2934/1413 3814/2979/1455
f 3814/2979/1455 3812/2977/1453 3770/2935/1414
f 3777/2942/1421 3770/2935/1414 3812/2977/1453
f 3812/2977/1453 3810/2975/1451 3777/2942/1421
f 3509/2676/1193 3777/2942/1421 3810/2975/1451
f 3810/2975/1451 3494/2661/1188 3509/2676/1193
f 3508/2675/1192 3855/3020/1483 3778/2943/1422
f 3778/2943/1422 3509/2676/1193 3508/2675/1192
f 3856/3021/1484 3857/3022/1485 3782/2947/1426
f 3782/2947/1426 3780/2945/1424 3856/3021/1484
f 3855/3020/1483 3856/3021/1484 3780/2945/1424
f 3780/2945/1424 3778/2943/1422 3855/3020/1483
f 3852/3017/1482 3495/2662/1189 3494/2661/1188
f 3494/2661/1188 3809/2974/1450 3852/3017/1482
f 3858/3023/1486 3838/3003/1471 3788/2953/1431
f 3788/2953/1431 3793/2958/1436 3858/3023/1486
f 3859/3024/1487 3860/3025/1220 3763/2928/1224
f 3763/2928/1224 3762/2927/1408 3859/3024/1487
f 3861/3026/1488 3859/3024/1487 3762/2927/1408
f 3762/2927/1408 3772/2937/1416 3861/3026/1488
f 3862/3027/1489 3861/3026/1488 3772/2937/1416
f 3772/2937/1416 3791/2956/1434 3862/3027/1489
f 3863/3028/1490 3862/3027/1489 3791/2956/1434
f 3791/2956/1434 3789/2954/1432 3863/3028/1490
f 3690/2855/1195 3863/3028/1490 3789/2954/1432
f 3789/2954/1432 3692/2857/1346 3690/2855/1195
f 3864/3029/1491 3543/2710/1221 3697/2862/1221
f 3697/2862/1221 3841/3006/1473 3864/3029/1491
f 3865/3030/1492 3864/3029/1491 3841/3006/1473
f 3841/3006/1473 3842/3007/1474 3865/3030/1492
f 3866/3031/1493 3865/3030/1492 3842/3007/1474
f 3842/3007/1474 3843/3008/1475 3866/3031/1493
f 3867/3032/1476 3866/3031/1493 3843/3008/1475
f 3843/3008/1475 3844/3009/1476 3867/3032/1476
f 3868/3033/1477 3867/3032/1476 3844/3009/1476
f 3844/3009/1476 3845/3010/1477 3868/3033/1477
f 3700/2865/1352 3699/2864/1351 3869/3034/1220
f 3869/3034/1220 3870/3035/1487 3700/2865/1352
f 3702/2867/1354 3700/2865/1352 3870/3035/1487
f 3870/3035/1487 3871/3036/1494 3702/2867/1354
f 3704/2869/1356 3702/2867/1354 3871/3036/1494
f 3871/3036/1494 3872/3037/1489 3704/2869/1356
f 3710/2875/1362 3704/2869/1356 3872/3037/1489
f 3872/3037/1489 3873/3038/1495 3710/2875/1362
f 3539/2706/1217 3710/2875/1362 3873/3038/1495
f 3873/3038/1495 3530/2697/1195 3539/2706/1217
f 3870/3035/1487 3869/3034/1220 3874/3039/1220
f 3874/3039/1220 3875/3040/1487 3870/3035/1487
f 3871/3036/1494 3870/3035/1487 3875/3040/1487
f 3875/3040/1487 3876/3041/1494 3871/3036/1494
f 3872/3037/1489 3871/3036/1494 3876/3041/1494
f 3876/3041/1494 3877/3042/1489 3872/3037/1489
f 3873/3038/1495 3872/3037/1489 3877/3042/1489
f 3877/3042/1489 3878/3043/1495 3873/3038/1495
f 3530/2697/1195 3873/3038/1495 3878/3043/1495
f 3878/3043/1495 3514/2681/1194 3530/2697/1195
f 3875/3040/1487 3874/3039/1220 3879/3044/1220
f 3879/3044/1220 3880/3045/1487 3875/3040/1487
f 3876/3041/1494 3875/3040/1487 3880/3045/1487
f 3880/3045/1487 3881/3046/1494 3876/3041/1494
f 3877/3042/1489 3876/3041/1494 3881/3046/1494
f 3881/3046/1494 3882/3047/1496 3877/3042/1489
f 3878/3043/1495 3877/3042/1489 3882/3047/1496
f 3882/3047/1496 3883/3048/1497 3878/3043/1495
f 3514/2681/1194 3878/3043/1495 3883/3048/1497
f 3883/3048/1497 3515/2682/1195 3514/2681/1194
f 3880/3045/1487 3879/3044/1220 3860/3025/1220
f 3860/3025/1220 3859/3024/1487 3880/3045/1487
f 3881/3046/1494 3880/3045/1487 3859/3024/1487
f 3859/3024/1487 3861/3026/1488 3881/3046/1494
f 3882/3047/1496 3881/3046/1494 3861/3026/1488
f 3861/3026/1488 3862/3027/1489 3882/3047/1496
f 3883/3048/1497 3882/3047/1496 3862/3027/1489
f 3862/3027/1489 3863/3028/1490 3883/3048/1497
f 3515/2682/1195 3883/3048/1497 3863/3028/1490
f 3863/3028/1490 3690/2855/1195 3515/2682/1195
f 3821/2986/1460 3548/2715/1223 3547/2714/1222
f 3547/2714/1222 3884/3049/1491 3821/2986/1460
f 3823/2988/1462 3821/2986/1460 3884/3049/1491
f 3884/3049/1491 3885/3050/1474 3823/2988/1462
f 3804/2969/1446 3823/2988/1462 3885/3050/1474
f 3885/3050/1474 3886/3051/1498 3804/2969/1446
f 3794/2959/1437 3804/2969/1446 3886/3051/1498
f 3886/3051/1498 3887/3052/1499 3794/2959/1437
f 3795/2960/1330 3794/2959/1437 3887/3052/1499
f 3887/3052/1499 3888/3053/1198 3795/2960/1330
f 3884/3049/1491 3547/2714/1222 3544/2711/1222
f 3544/2711/1222 3889/3054/1491 3884/3049/1491
f 3885/3050/1474 3884/3049/1491 3889/3054/1491
f 3889/3054/1491 3890/3055/1492 3885/3050/1474
f 3886/3051/1498 3885/3050/1474 3890/3055/1492
f 3890/3055/1492 3891/3056/286 3886/3051/1498
f 3887/3052/1499 3886/3051/1498 3891/3056/286
f 3891/3056/286 3892/3057/1476 3887/3052/1499
f 3888/3053/1198 3887/3052/1499 3892/3057/1476
f 3892/3057/1476 3893/3058/1477 3888/3053/1198
f 3889/3054/1491 3544/2711/1222 3543/2710/1221
f 3543/2710/1221 3864/3029/1491 3889/3054/1491
f 3890/3055/1492 3889/3054/1491 3864/3029/1491
f 3864/3029/1491 3865/3030/1492 3890/3055/1492
f 3891/3056/286 3890/3055/1492 3865/3030/1492
f 3865/3030/1492 3866/3031/1493 3891/3056/286
f 3892/3057/1476 3891/3056/286 3866/3031/1493
f 3866/3031/1493 3867/3032/1476 3892/3057/1476
f 3893/3058/1477 3892/3057/1476 3867/3032/1476
f 3867/3032/1476 3868/3033/1477 3893/3058/1477
f 3826/2991/1351 3729/2894/1379 3697/2862/1221
f 3697/2862/1221 3696/2861/1220 3826/2991/1351
f 3894/3059/1500 3526/2693/1206 3529/2696/1209
f 3529/2696/1209 3895/3060/1501 3894/3059/1500
f 3896/3061/1502 3894/3059/1500 3895/3060/1501
f 3895/3060/1501 3897/3062/1503 3896/3061/1502
f 3898/3063/1504 3896/3061/1502 3897/3062/1503
f 3897/3062/1503 3899/3064/1505 3898/3063/1504
f 3900/3065/1506 3898/3063/1504 3899/3064/1505
f 3899/3064/1505 3901/3066/1507 3900/3065/1506
f 3902/3067/1197 3900/3065/1506 3901/3066/1507
f 3901/3066/1507 3903/3068/1508 3902/3067/1197
f 3904/3069/1509 3533/2700/1212 3532/2699/1211
f 3532/2699/1211 3905/3070/1510 3904/3069/1509
f 3906/3071/1511 3904/3069/1509 3905/3070/1510
f 3905/3070/1510 3907/3072/1512 3906/3071/1511
f 3908/3073/1513 3906/3071/1511 3907/3072/1512
f 3907/3072/1512 3909/3074/1514 3908/3073/1513
f 3910/3075/1515 3908/3073/1513 3909/3074/1514
f 3909/3074/1514 3911/3076/1516 3910/3075/1515
f 3912/3077/1207 3910/3075/1515 3911/3076/1516
f 3911/3076/1516 3913/3078/1208 3912/3077/1207
f 3914/3079/1517 3668/2833/1326 3671/2836/1329
f 3671/2836/1329 3915/3080/1518 3914/3079/1517
f 3916/3081/1519 3914/3079/1517 3915/3080/1518
f 3915/3080/1518 3917/3082/1520 3916/3081/1519
f 3918/3083/1521 3916/3081/1519 3917/3082/1520
f 3917/3082/1520 3919/3084/1522 3918/3083/1521
f 3920/3085/1523 3918/3083/1521 3919/3084/1522
f 3919/3084/1522 3921/3086/1524 3920/3085/1523
f 3596/2763/1255 3920/3085/1523 3921/3086/1524
f 3921/3086/1524 3597/2764/1256 3596/2763/1255
f 3915/3080/1518 3671/2836/1329 3528/2695/1208
f 3528/2695/1208 3922/3087/1516 3915/3080/1518
f 3917/3082/1520 3915/3080/1518 3922/3087/1516
f 3922/3087/1516 3923/3088/1525 3917/3082/1520
f 3924/3089/1526 3925/3090/1527 3926/3091/1514
f 3926/3091/1514 3927/3092/1528 3924/3089/1526
f 3928/3093/1529 3924/3089/1526 3927/3092/1528
f 3927/3092/1528 3929/3094/1530 3928/3093/1529
f 3567/2734/1239 3928/3093/1529 3929/3094/1530
f 3929/3094/1530 3568/2735/1240 3567/2734/1239
f 3930/3095/1531 3931/3096/1328 3932/3097/1327
f 3932/3097/1327 3933/3098/1532 3930/3095/1531
f 3934/3099/1533 3930/3095/1531 3933/3098/1532
f 3933/3098/1532 3935/3100/1534 3934/3099/1533
f 3936/3101/1535 3934/3099/1533 3935/3100/1534
f 3935/3100/1534 3937/3102/1536 3936/3101/1535
f 3938/3103/1537 3936/3101/1535 3937/3102/1536
f 3937/3102/1536 3939/3104/1538 3938/3103/1537
f 3521/2688/1201 3938/3103/1537 3939/3104/1538
f 3939/3104/1538 3537/2704/1215 3521/2688/1201
f 3933/3098/1532 3932/3097/1327 3940/3105/1344
f 3940/3105/1344 3941/3106/1539 3933/3098/1532
f 3935/3100/1534 3933/3098/1532 3941/3106/1539
f 3941/3106/1539 3942/3107/1540 3935/3100/1534
f 3937/3102/1536 3935/3100/1534 3942/3107/1540
f 3942/3107/1540 3943/3108/1541 3937/3102/1536
f 3939/3104/1538 3937/3102/1536 3943/3108/1541
f 3943/3108/1541 3944/3109/1542 3939/3104/1538
f 3537/2704/1215 3939/3104/1538 3944/3109/1542
f 3944/3109/1542 3561/2728/1235 3537/2704/1215
f 3941/3106/1539 3940/3105/1344 3945/3110/1314
f 3945/3110/1314 3946/3111/1543 3941/3106/1539
f 3942/3107/1540 3941/3106/1539 3946/3111/1543
f 3946/3111/1543 3947/3112/1544 3942/3107/1540
f 3943/3108/1541 3942/3107/1540 3947/3112/1544
f 3947/3112/1544 3948/3113/1545 3943/3108/1541
f 3944/3109/1542 3943/3108/1541 3948/3113/1545
f 3948/3113/1545 3949/3114/1546 3944/3109/1542
f 3561/2728/1235 3944/3109/1542 3949/3114/1546
f 3949/3114/1546 3674/2839/1201 3561/2728/1235
f 3950/3115/1547 3634/2799/1293 3694/2859/1348
f 3694/2859/1348 3951/3116/1548 3950/3115/1547
f 3952/3117/1549 3950/3115/1547 3951/3116/1548
f 3951/3116/1548 3953/3118/1550 3952/3117/1549
f 3954/3119/1551 3952/3117/1549 3953/3118/1550
f 3953/3118/1550 3955/3120/1552 3954/3119/1551
f 3956/3121/1553 3954/3119/1551 3955/3120/1552
f 3955/3120/1552 3957/3122/1554 3956/3121/1553
f 3958/3123/1197 3956/3121/1553 3957/3122/1554
f 3957/3122/1554 3959/3124/1555 3958/3123/1197
f 3951/3116/1548 3694/2859/1348 3526/2693/1206
f 3526/2693/1206 3894/3059/1500 3951/3116/1548
f 3953/3118/1550 3951/3116/1548 3894/3059/1500
f 3894/3059/1500 3896/3061/1502 3953/3118/1550
f 3955/3120/1552 3953/3118/1550 3896/3061/1502
f 3896/3061/1502 3898/3063/1504 3955/3120/1552
f 3957/3122/1554 3955/3120/1552 3898/3063/1504
f 3898/3063/1504 3900/3065/1506 3957/3122/1554
f 3959/3124/1555 3957/3122/1554 3900/3065/1506
f 3900/3065/1506 3902/3067/1197 3959/3124/1555
f 3960/3125/1556 3523/2690/1203 3522/2689/1202
f 3522/2689/1202 3961/3126/1557 3960/3125/1556
f 3962/3127/1558 3960/3125/1556 3961/3126/1557
f 3961/3126/1557 3963/3128/1559 3962/3127/1558
f 3964/3129/1560 3962/3127/1558 3963/3128/1559
f 3963/3128/1559 3965/3130/1561 3964/3129/1560
f 3966/3131/1562 3964/3129/1560 3965/3130/1561
f 3965/3130/1561 3967/3132/1563 3966/3131/1562
f 3968/3133/1564 3966/3131/1562 3967/3132/1563
f 3967/3132/1563 3969/3134/1292 3968/3133/1564
f 3961/3126/1557 3522/2689/1202 3640/2805/1299
f 3640/2805/1299 3970/3135/1565 3961/3126/1557
f 3963/3128/1559 3961/3126/1557 3970/3135/1565
f 3970/3135/1565 3971/3136/1566 3963/3128/1559
f 3965/3130/1561 3963/3128/1559 3971/3136/1566
f 3971/3136/1566 3972/3137/1567 3965/3130/1561
f 3967/3132/1563 3965/3130/1561 3972/3137/1567
f 3972/3137/1567 3973/3138/1568 3967/3132/1563
f 3969/3134/1292 3967/3132/1563 3973/3138/1568
f 3973/3138/1568 3974/3139/1569 3969/3134/1292
f 3970/3135/1565 3640/2805/1299 3533/2700/1212
f 3533/2700/1212 3904/3069/1509 3970/3135/1565
f 3971/3136/1566 3970/3135/1565 3904/3069/1509
f 3904/3069/1509 3906/3071/1511 3971/3136/1566
f 3972/3137/1567 3971/3136/1566 3906/3071/1511
f 3906/3071/1511 3908/3073/1513 3972/3137/1567
f 3973/3138/1568 3972/3137/1567 3908/3073/1513
f 3908/3073/1513 3910/3075/1515 3973/3138/1568
f 3974/3139/1569 3973/3138/1568 3910/3075/1515
f 3910/3075/1515 3912/3077/1207 3974/3139/1569
f 3975/3140/1570 3648/2813/1307 3656/2821/1315
f 3656/2821/1315 3976/3141/1571 3975/3140/1570
f 3977/3142/1572 3975/3140/1570 3976/3141/1571
f 3976/3141/1571 3978/3143/1573 3977/3142/1572
f 3979/3144/1574 3977/3142/1572 3978/3143/1573
f 3978/3143/1573 3980/3145/1575 3979/3144/1574
f 3981/3146/1576 3979/3144/1574 3980/3145/1575
f 3980/3145/1575 3982/3147/1577 3981/3146/1576
f 3983/3148/1578 3981/3146/1576 3982/3147/1577
f 3982/3147/1577 3643/2808/1302 3983/3148/1578
f 3976/3141/1571 3656/2821/1315 3689/2854/1345
f 3689/2854/1345 3984/3149/1579 3976/3141/1571
f 3978/3143/1573 3976/3141/1571 3984/3149/1579
f 3984/3149/1579 3985/3150/1580 3978/3143/1573
f 3980/3145/1575 3978/3143/1573 3985/3150/1580
f 3985/3150/1580 3986/3151/1581 3980/3145/1575
f 3982/3147/1577 3980/3145/1575 3986/3151/1581
f 3986/3151/1581 3987/3152/1582 3982/3147/1577
f 3643/2808/1302 3982/3147/1577 3987/3152/1582
f 3987/3152/1582 3644/2809/1303 3643/2808/1302
f 3984/3149/1579 3689/2854/1345 3668/2833/1326
f 3668/2833/1326 3914/3079/1517 3984/3149/1579
f 3985/3150/1580 3984/3149/1579 3914/3079/1517
f 3914/3079/1517 3916/3081/1519 3985/3150/1580
f 3986/3151/1581 3985/3150/1580 3916/3081/1519
f 3916/3081/1519 3918/3083/1521 3986/3151/1581
f 3987/3152/1582 3986/3151/1581 3918/3083/1521
f 3918/3083/1521 3920/3085/1523 3987/3152/1582
f 3644/2809/1303 3987/3152/1582 3920/3085/1523
f 3920/3085/1523 3596/2763/1255 3644/2809/1303
f 3988/3153/1583 3687/2852/1343 3686/2851/1342
f 3686/2851/1342 3989/3154/1584 3988/3153/1583
f 3990/3155/1585 3988/3153/1583 3989/3154/1584
f 3989/3154/1584 3991/3156/1586 3990/3155/1585
f 3992/3157/1587 3990/3155/1585 3991/3156/1586
f 3991/3156/1586 3993/3158/1588 3992/3157/1587
f 3994/3159/1589 3992/3157/1587 3993/3158/1588
f 3993/3158/1588 3995/3160/1590 3994/3159/1589
f 3996/3161/1218 3994/3159/1589 3995/3160/1590
f 3995/3160/1590 3997/3162/1219 3996/3161/1218
f 3989/3154/1584 3686/2851/1342 3685/2850/1341
f 3685/2850/1341 3998/3163/1591 3989/3154/1584
f 3991/3156/1586 3989/3154/1584 3998/3163/1591
f 3998/3163/1591 3999/3164/1592 3991/3156/1586
f 3993/3158/1588 3991/3156/1586 3999/3164/1592
f 3999/3164/1592 4000/3165/1593 3993/3158/1588
f 3995/3160/1590 3993/3158/1588 4000/3165/1593
f 4000/3165/1593 4001/3166/1594 3995/3160/1590
f 3997/3162/1219 3995/3160/1590 4001/3166/1594
f 4001/3166/1594 4002/3167/1595 3997/3162/1219
f 3998/3163/1591 3685/2850/1341 3684/2849/1340
f 3684/2849/1340 4003/3168/1596 3998/3163/1591
f 3999/3164/1592 3998/3163/1591 4003/3168/1596
f 4003/3168/1596 4004/3169/1597 3999/3164/1592
f 4000/3165/1593 3999/3164/1592 4004/3169/1597
f 4004/3169/1597 4005/3170/1598 4000/3165/1593
f 4001/3166/1594 4000/3165/1593 4005/3170/1598
f 4005/3170/1598 4006/3171/1599 4001/3166/1594
f 3833/2998/1466 4007/3172/1594 4008/3173/1600
f 4008/3173/1600 3829/2994/1464 3833/2998/1466
f 4003/3168/1596 3684/2849/1340 3683/2848/1339
f 3683/2848/1339 4009/3174/1601 4003/3168/1596
f 4004/3169/1597 4003/3168/1596 4009/3174/1601
f 4009/3174/1601 4010/3175/1602 4004/3169/1597
f 4005/3170/1598 4004/3169/1597 4010/3175/1602
f 4010/3175/1602 4011/3176/1603 4005/3170/1598
f 4008/3173/1600 4012/3177/1604 4013/3178/1603
f 4013/3178/1603 4014/3179/1605 4008/3173/1600
f 3829/2994/1464 4008/3173/1600 4014/3179/1605
f 4014/3179/1605 3659/2824/1318 3829/2994/1464
f 4009/3174/1601 3683/2848/1339 3682/2847/1338
f 3682/2847/1338 4015/3180/1606 4009/3174/1601
f 4010/3175/1602 4009/3174/1601 4015/3180/1606
f 4015/3180/1606 4016/3181/1607 4010/3175/1602
f 4013/3178/1603 4017/3182/1608 4018/3183/1609
f 4018/3183/1609 4019/3184/1610 4013/3178/1603
f 4014/3179/1605 4013/3178/1603 4019/3184/1610
f 4019/3184/1610 4020/3185/1611 4014/3179/1605
f 3659/2824/1318 4014/3179/1605 4020/3185/1611
f 4020/3185/1611 3660/2825/1319 3659/2824/1318
f 4021/3186/1612 4022/3187/1613 4023/3188/1614
f 4023/3188/1614 4024/3189/1615 4021/3186/1612
f 4025/3190/1616 4021/3186/1612 4024/3189/1615
f 4024/3189/1615 4026/3191/1617 4025/3190/1616
f 4027/3192/1618 4025/3190/1616 4026/3191/1617
f 4026/3191/1617 4028/3193/1619 4027/3192/1618
f 4029/3194/1620 4027/3192/1618 4028/3193/1619
f 4028/3193/1619 4030/3195/1621 4029/3194/1620
f 3830/2995/1465 4029/3194/1620 4030/3195/1621
f 4030/3195/1621 3520/2687/1200 3830/2995/1465
f 4031/3196/1622 4032/3197/1334 4022/3187/1613
f 4022/3187/1613 4021/3186/1612 4031/3196/1622
f 4033/3198/1623 4031/3196/1622 4021/3186/1612
f 4021/3186/1612 4025/3190/1616 4033/3198/1623
f 4034/3199/1624 4033/3198/1623 4025/3190/1616
f 4025/3190/1616 4027/3192/1618 4034/3199/1624
f 4035/3200/1625 4034/3199/1624 4027/3192/1618
f 4027/3192/1618 4029/3194/1620 4035/3200/1625
f 3839/3004/1472 4035/3200/1625 4029/3194/1620
f 4029/3194/1620 3830/2995/1465 3839/3004/1472
f 4036/3201/1626 4037/3202/1627 4032/3197/1334
f 4032/3197/1334 4031/3196/1622 4036/3201/1626
f 4038/3203/1628 4036/3201/1626 4031/3196/1622
f 4031/3196/1622 4033/3198/1623 4038/3203/1628
f 4039/3204/1629 4038/3203/1628 4033/3198/1623
f 4033/3198/1623 4034/3199/1624 4039/3204/1629
f 4040/3205/1630 4039/3204/1629 4034/3199/1624
f 4034/3199/1624 4035/3200/1625 4040/3205/1630
f 3836/3001/1469 4041/3206/1631 4042/3207/1625
f 4042/3207/1625 3837/3002/1470 3836/3001/1469
f 4043/3208/1632 4044/3209/1336 4037/3202/1627
f 4037/3202/1627 4036/3201/1626 4043/3208/1632
f 4045/3210/1633 4043/3208/1632 4036/3201/1626
f 4036/3201/1626 4038/3203/1628 4045/3210/1633
f 4046/3211/1634 4045/3210/1633 4038/3203/1628
f 4038/3203/1628 4039/3204/1629 4046/3211/1634
f 4047/3212/1635 4048/3213/1636 4049/3214/1629
f 4049/3214/1629 4041/3206/1631 4047/3212/1635
f 3835/3000/1468 4047/3212/1635 4041/3206/1631
f 4041/3206/1631 3836/3001/1469 3835/3000/1468
f 4050/3215/1637 3681/2846/1337 3680/2845/1336
f 3680/2845/1336 4051/3216/1638 4050/3215/1637
f 4052/3217/1639 4053/3218/1640 4043/3208/1632
f 4043/3208/1632 4045/3210/1633 4052/3217/1639
f 4054/3219/1641 4055/3220/1639 4056/3221/1642
f 4056/3221/1642 4048/3213/1636 4054/3219/1641
f 4057/3222/1643 4054/3219/1641 4048/3213/1636
f 4048/3213/1636 4047/3212/1635 4057/3222/1643
f 3834/2999/1467 4057/3222/1643 4047/3212/1635
f 4047/3212/1635 3835/3000/1468 3834/2999/1467
f 4058/3223/1644 3650/2815/1309 3649/2814/1308
f 3649/2814/1308 4059/3224/1645 4058/3223/1644
f 4060/3225/1646 4061/3226/1644 4062/3227/1645
f 4062/3227/1645 4063/3228/1647 4060/3225/1646
f 4064/3229/1648 4065/3230/1646 4066/3231/1647
f 4066/3231/1647 4067/3232/1649 4064/3229/1648
f 4068/3233/1650 4064/3229/1648 4067/3232/1649
f 4067/3232/1649 4069/3234/1651 4068/3233/1650
f 3852/3017/1482 4068/3233/1650 4069/3234/1651
f 4069/3234/1651 3495/2662/1189 3852/3017/1482
f 4070/3235/1652 4071/3236/1310 4072/3237/1653
f 4072/3237/1653 4061/3226/1644 4070/3235/1652
f 4073/3238/1654 4070/3235/1652 4061/3226/1644
f 4061/3226/1644 4060/3225/1646 4073/3238/1654
f 4074/3239/1655 4073/3238/1654 4060/3225/1646
f 4060/3225/1646 4075/3240/1648 4074/3239/1655
f 4076/3241/1656 4077/3242/1657 4064/3229/1648
f 4064/3229/1648 4068/3233/1650 4076/3241/1656
f 3849/3014/1480 4076/3241/1656 4068/3233/1650
f 4068/3233/1650 3852/3017/1482 3849/3014/1480
f 4078/3243/1658 4079/3244/1311 4071/3236/1310
f 4071/3236/1310 4070/3235/1652 4078/3243/1658
f 4080/3245/1659 4078/3243/1658 4070/3235/1652
f 4070/3235/1652 4073/3238/1654 4080/3245/1659
f 4081/3246/1660 4080/3245/1659 4073/3238/1654
f 4073/3238/1654 4074/3239/1655 4081/3246/1660
f 4082/3247/1661 4081/3246/1660 4074/3239/1655
f 4074/3239/1655 4083/3248/1662 4082/3247/1661
f 3848/3013/1479 4084/3249/1663 4076/3241/1656
f 4076/3241/1656 3849/3014/1480 3848/3013/1479
f 4085/3250/1664 4086/3251/1665 4079/3244/1311
f 4079/3244/1311 4078/3243/1658 4085/3250/1664
f 4087/3252/1666 4085/3250/1664 4078/3243/1658
f 4078/3243/1658 4080/3245/1659 4087/3252/1666
f 4088/3253/1667 4087/3252/1666 4080/3245/1659
f 4080/3245/1659 4081/3246/1660 4088/3253/1667
f 4089/3254/1668 4088/3253/1667 4081/3246/1660
f 4081/3246/1660 4082/3247/1661 4089/3254/1668
f 3846/3011/1478 4089/3254/1668 4082/3247/1661
f 4082/3247/1661 3850/3015/1481 3846/3011/1478
f 4090/3255/1669 4091/3256/1670 4086/3251/1665
f 4086/3251/1665 4085/3250/1664 4090/3255/1669
f 4092/3257/1671 4090/3255/1669 4085/3250/1664
f 4085/3250/1664 4087/3252/1666 4092/3257/1671
f 4093/3258/1672 4092/3257/1671 4087/3252/1666
f 4087/3252/1666 4088/3253/1667 4093/3258/1672
f 4094/3259/1673 4093/3258/1672 4088/3253/1667
f 4088/3253/1667 4089/3254/1668 4094/3259/1673
f 3675/2840/1331 4094/3259/1673 4089/3254/1668
f 4089/3254/1668 3846/3011/1478 3675/2840/1331
f 4095/3260/1674 3636/2801/1295 3635/2800/1294
f 3635/2800/1294 4096/3261/1675 4095/3260/1674
f 4097/3262/1676 4095/3260/1674 4096/3261/1675
f 4096/3261/1675 4098/3263/1677 4097/3262/1676
f 4099/3264/1678 4097/3262/1676 4098/3263/1677
f 4098/3263/1677 4100/3265/1679 4099/3264/1678
f 4101/3266/1680 4099/3264/1678 4100/3265/1679
f 4100/3265/1679 4102/3267/1681 4101/3266/1680
f 4103/3268/1471 4101/3266/1680 4102/3267/1681
f 4102/3267/1681 4104/3269/1347 4103/3268/1471
f 4105/3270/1682 3637/2802/1296 3636/2801/1295
f 3636/2801/1295 4095/3260/1674 4105/3270/1682
f 4106/3271/1683 4105/3270/1682 4095/3260/1674
f 4095/3260/1674 4097/3262/1676 4106/3271/1683
f 4107/3272/1684 4106/3271/1683 4097/3262/1676
f 4097/3262/1676 4099/3264/1678 4107/3272/1684
f 4108/3273/1685 4107/3272/1684 4099/3264/1678
f 4099/3264/1678 4101/3266/1680 4108/3273/1685
f 4109/3274/1486 4108/3273/1685 4101/3266/1680
f 4101/3266/1680 4103/3268/1471 4109/3274/1486
f 4110/3275/1686 3638/2803/1297 3637/2802/1296
f 3637/2802/1296 4105/3270/1682 4110/3275/1686
f 4111/3276/1687 4110/3275/1686 4105/3270/1682
f 4105/3270/1682 4106/3271/1683 4111/3276/1687
f 4112/3277/1688 4111/3276/1687 4106/3271/1683
f 4106/3271/1683 4107/3272/1684 4112/3277/1688
f 4113/3278/1689 4112/3277/1688 4107/3272/1684
f 4107/3272/1684 4108/3273/1685 4113/3278/1689
f 3856/3021/1484 4114/3279/1690 4115/3280/1685
f 4115/3280/1685 3857/3022/1485 3856/3021/1484
f 4116/3281/1691 3639/2804/1298 3638/2803/1297
f 3638/2803/1297 4110/3275/1686 4116/3281/1691
f 4117/3282/1692 4116/3281/1691 4110/3275/1686
f 4110/3275/1686 4111/3276/1687 4117/3282/1692
f 4118/3283/1693 4117/3282/1692 4111/3276/1687
f 4111/3276/1687 4112/3277/1688 4118/3283/1693
f 4119/3284/1694 4120/3285/1693 4121/3286/1695
f 4121/3286/1695 4114/3279/1690 4119/3284/1694
f 3855/3020/1483 4119/3284/1694 4114/3279/1690
f 4114/3279/1690 3856/3021/1484 3855/3020/1483
f 4122/3287/1696 3631/2796/1290 3639/2804/1298
f 3639/2804/1298 4116/3281/1691 4122/3287/1696
f 4123/3288/1697 4122/3287/1696 4116/3281/1691
f 4116/3281/1691 4117/3282/1692 4123/3288/1697
f 4124/3289/1698 4125/3290/1699 4126/3291/1692
f 4126/3291/1692 4120/3285/1693 4124/3289/1698
f 4127/3292/1700 4124/3289/1698 4120/3285/1693
f 4120/3285/1693 4119/3284/1694 4127/3292/1700
f 3508/2675/1192 4127/3292/1700 4119/3284/1694
f 4119/3284/1694 3855/3020/1483 3508/2675/1192
f 4015/3180/1606 3682/2847/1338 3681/2846/1337
f 3681/2846/1337 4050/3215/1637 4015/3180/1606
f 4016/3181/1607 4015/3180/1606 4050/3215/1637
f 4050/3215/1637 4128/3293/1639 4016/3181/1607
f 4019/3184/1610 4018/3183/1609 4055/3220/1639
f 4055/3220/1639 4054/3219/1641 4019/3184/1610
f 4020/3185/1611 4019/3184/1610 4054/3219/1641
f 4054/3219/1641 4057/3222/1643 4020/3185/1611
f 3660/2825/1319 4020/3185/1611 4057/3222/1643
f 4057/3222/1643 3834/2999/1467 3660/2825/1319
f 3895/3060/1501 3529/2696/1209 3687/2852/1343
f 3687/2852/1343 3988/3153/1583 3895/3060/1501
f 3897/3062/1503 3895/3060/1501 3988/3153/1583
f 3988/3153/1583 3990/3155/1585 3897/3062/1503
f 3899/3064/1505 3897/3062/1503 3990/3155/1585
f 3990/3155/1585 3992/3157/1587 3899/3064/1505
f 3901/3066/1507 3899/3064/1505 3992/3157/1587
f 3992/3157/1587 3994/3159/1589 3901/3066/1507
f 3903/3068/1508 3901/3066/1507 3994/3159/1589
f 3994/3159/1589 3996/3161/1218 3903/3068/1508
f 3938/3103/1537 3521/2688/1201 3520/2687/1200
f 3520/2687/1200 4030/3195/1621 3938/3103/1537
f 3936/3101/1535 3938/3103/1537 4030/3195/1621
f 4030/3195/1621 4028/3193/1619 3936/3101/1535
f 3934/3099/1533 3936/3101/1535 4028/3193/1619
f 4028/3193/1619 4026/3191/1617 3934/3099/1533
f 3930/3095/1531 3934/3099/1533 4026/3191/1617
f 4026/3191/1617 4024/3189/1615 3930/3095/1531
f 3931/3096/1328 3930/3095/1531 4024/3189/1615
f 4024/3189/1615 4023/3188/1614 3931/3096/1328
f 4059/3224/1645 3649/2814/1308 3648/2813/1307
f 3648/2813/1307 3975/3140/1570 4059/3224/1645
f 4129/3294/1647 4059/3224/1645 3975/3140/1570
f 3975/3140/1570 4130/3142/1701 4129/3294/1647
f 4067/3232/1649 4066/3231/1647 4131/3295/1702
f 4131/3295/1702 4132/3296/1703 4067/3232/1649
f 4069/3234/1651 4067/3232/1649 4132/3296/1703
f 4132/3296/1703 4133/3297/1704 4069/3234/1651
f 3495/2662/1189 4069/3234/1651 4133/3297/1704
f 4133/3297/1704 3496/2663/1190 3495/2662/1189
f 4134/3298/1705 3632/2797/1291 3631/2796/1290
f 3631/2796/1290 4122/3287/1696 4134/3298/1705
f 4135/3299/1706 4134/3298/1705 4122/3287/1696
f 4122/3287/1696 4123/3288/1697 4135/3299/1706
f 4136/3300/1707 4137/3301/1708 4125/3290/1699
f 4125/3290/1699 4124/3289/1698 4136/3300/1707
f 4138/3302/1709 4136/3300/1707 4124/3289/1698
f 4124/3289/1698 4127/3292/1700 4138/3302/1709
f 3507/2674/1191 4138/3302/1709 4127/3292/1700
f 4127/3292/1700 3508/2675/1192 3507/2674/1191
f 4096/3261/1675 3635/2800/1294 3634/2799/1293
f 3634/2799/1293 3950/3115/1547 4096/3261/1675
f 4098/3263/1677 4096/3261/1675 3950/3115/1547
f 3950/3115/1547 3952/3117/1549 4098/3263/1677
f 4100/3265/1679 4098/3263/1677 3952/3117/1549
f 3952/3117/1549 3954/3119/1551 4100/3265/1679
f 4102/3267/1681 4100/3265/1679 3954/3119/1551
f 3954/3119/1551 3956/3121/1553 4102/3267/1681
f 4104/3269/1347 4102/3267/1681 3956/3121/1553
f 3956/3121/1553 3958/3123/1197 4104/3269/1347
f 3946/3111/1543 3945/3110/1314 4091/3256/1670
f 4091/3256/1670 4090/3255/1669 3946/3111/1543
f 3947/3112/1544 3946/3111/1543 4090/3255/1669
f 4090/3255/1669 4092/3257/1671 3947/3112/1544
f 3948/3113/1545 3947/3112/1544 4092/3257/1671
f 4092/3257/1671 4093/3258/1672 3948/3113/1545
f 3949/3114/1546 3948/3113/1545 4093/3258/1672
f 4093/3258/1672 4094/3259/1673 3949/3114/1546
f 3674/2839/1201 3949/3114/1546 4094/3259/1673
f 4094/3259/1673 3675/2840/1331 3674/2839/1201
f 3642/2807/1301 3667/2832/1325 3983/3148/1578
f 3983/3148/1578 3643/2808/1302 3642/2807/1301
f 4139/3303/1710 4140/3304/1710 4141/3305/1711
f 4141/3305/1711 4142/3306/1712 4139/3303/1710
f 4143/3307/1713 4144/3308/1714 4145/3309/1715
f 4145/3309/1715 4146/3310/1715 4143/3307/1713
f 4147/3311/1716 4148/3312/1717 4140/3304/1710
f 4140/3304/1710 4139/3303/1710 4147/3311/1716
f 4149/3313/1718 4150/3314/1719 4151/3315/1720
f 4151/3315/1720 4152/3316/1721 4149/3313/1718
f 4153/3317/1722 4154/3318/1723 4155/3319/1724
f 4155/3319/1724 4156/3320/1725 4153/3317/1722
f 4157/3321/1726 4158/3322/1727 4148/3312/1717
f 4148/3312/1717 4147/3311/1716 4157/3321/1726
f 4159/3323/1728 4160/3324/1728 4161/3325/1729
f 4161/3325/1729 4162/3326/1730 4159/3323/1728
f 4163/3327/1731 4164/3328/1732 4158/3322/1727
f 4158/3322/1727 4157/3321/1726 4163/3327/1731
f 4146/3310/1715 4145/3309/1715 4165/3329/1733
f 4165/3329/1733 4166/3330/1734 4146/3310/1715
f 4167/3331/1735 4168/3332/1736 4164/3328/1732
f 4164/3328/1732 4163/3327/1731 4167/3331/1735
f 4156/3320/1725 4155/3319/1724 4169/3333/1737
f 4169/3333/1737 4170/3334/1738 4156/3320/1725
f 4171/3335/1739 4172/3336/1740 4168/3332/1736
f 4168/3332/1736 4167/3331/1735 4171/3335/1739
f 4152/3316/1721 4151/3315/1720 4173/3337/1741
f 4173/3337/1741 4174/3338/1741 4152/3316/1721
f 4162/3326/1730 4161/3325/1729 4175/3339/1742
f 4175/3339/1742 4176/3340/1742 4162/3326/1730
f 4177/3341/1743 4178/3342/1744 4172/3336/1740
f 4172/3336/1740 4171/3335/1739 4177/3341/1743
f 4166/3330/1734 4165/3329/1733 4179/3343/1745
f 4179/3343/1745 4180/3344/1746 4166/3330/1734
f 4181/3345/1747 4182/3346/1748 4178/3342/1744
f 4178/3342/1744 4177/3341/1743 4181/3345/1747
f 4170/3334/1738 4169/3333/1737 4183/3347/1749
f 4183/3347/1749 4184/3348/1749 4170/3334/1738
f 4185/3349/1750 4186/3350/1750 4182/3346/1748
f 4182/3346/1748 4181/3345/1747 4185/3349/1750
f 4176/3340/1742 4175/3339/1742 4187/3351/1751
f 4187/3351/1751 4188/3352/1752 4176/3340/1742
f 4189/3353/1753 4190/3354/1754 4186/3350/1750
f 4186/3350/1750 4185/3349/1750 4189/3353/1753
f 4191/3355/1755 4192/3356/1756 4193/3357/1757
f 4193/3357/1757 4194/3358/1758 4191/3355/1755
f 4180/3344/1746 4179/3343/1745 4195/3359/1759
f 4195/3359/1759 4196/3360/1760 4180/3344/1746
f 4197/3361/1761 4198/3362/1762 4190/3354/1754
f 4190/3354/1754 4189/3353/1753 4197/3361/1761
f 4199/3363/1763 4200/3364/1764 4192/3356/1756
f 4192/3356/1756 4191/3355/1755 4199/3363/1763
f 4184/3348/1749 4183/3347/1749 4201/3365/1765
f 4201/3365/1765 4202/3366/1766 4184/3348/1749
f 4203/3367/1767 4204/3368/1768 4198/3362/1762
f 4198/3362/1762 4197/3361/1761 4203/3367/1767
f 4205/3369/1769 4206/3370/1770 4200/3364/1764
f 4200/3364/1764 4199/3363/1763 4205/3369/1769
f 4188/3352/1752 4187/3351/1751 4207/3371/1771
f 4207/3371/1771 4208/3372/1772 4188/3352/1752
f 4209/3373/1773 4210/3374/1774 4204/3368/1768
f 4204/3368/1768 4203/3367/1767 4209/3373/1773
f 4211/3375/1775 4212/3376/1776 4206/3370/1770
f 4206/3370/1770 4205/3369/1769 4211/3375/1775
f 4196/3360/1760 4195/3359/1759 4213/3377/1777
f 4213/3377/1777 4214/3378/1778 4196/3360/1760
f 4215/3379/1779 4216/3380/1780 4210/3374/1774
f 4210/3374/1774 4209/3373/1773 4215/3379/1779
f 4217/3381/1781 4218/3382/1782 4219/3383/1783
f 4219/3383/1783 4220/3384/1784 4217/3381/1781
f 4221/3385/1785 4222/3386/1786 4223/3387/1787
f 4223/3387/1787 4224/3388/1788 4221/3385/1785
f 4225/3389/1789 4226/3390/1790 4212/3376/1776
f 4212/3376/1776 4211/3375/1775 4225/3389/1789
f 4202/3366/1766 4201/3365/1765 4227/3391/1791
f 4227/3391/1791 4228/3392/1792 4202/3366/1766
f 4194/3358/1758 4193/3357/1757 4216/3380/1780
f 4216/3380/1780 4215/3379/1779 4194/3358/1758
f 4229/3393/1793 4230/3394/1793 4226/3390/1790
f 4226/3390/1790 4225/3389/1789 4229/3393/1793
f 4208/3372/1772 4207/3371/1771 4231/3395/1794
f 4231/3395/1794 4232/3396/1795 4208/3372/1772
f 4233/3397/1796 4234/3398/1797 4230/3394/1793
f 4230/3394/1793 4229/3393/1793 4233/3397/1796
f 4214/3378/1778 4213/3377/1777 4235/3399/1798
f 4235/3399/1798 4236/3400/1799 4214/3378/1778
f 4174/3338/1741 4173/3337/1741 4237/3401/1800
f 4237/3401/1800 4238/3402/1801 4174/3338/1741
f 4239/3403/1802 4240/3404/1803 4234/3398/1797
f 4234/3398/1797 4233/3397/1796 4239/3403/1802
f 4228/3392/1792 4227/3391/1791 4241/3405/1804
f 4241/3405/1804 4242/3406/1805 4228/3392/1792
f 4243/3407/1806 4244/3408/1807 4240/3404/1803
f 4240/3404/1803 4239/3403/1802 4243/3407/1806
f 4232/3396/1795 4231/3395/1794 4245/3409/1808
f 4245/3409/1808 4246/3410/1809 4232/3396/1795
f 4247/3411/1810 4248/3412/1811 4244/3408/1807
f 4244/3408/1807 4243/3407/1806 4247/3411/1810
f 4236/3400/1799 4235/3399/1798 4249/3413/1812
f 4249/3413/1812 4250/3414/1813 4236/3400/1799
f 4238/3402/1801 4237/3401/1800 4251/3415/1814
f 4251/3415/1814 4252/3416/1815 4238/3402/1801
f 4253/3417/1816 4254/3418/1817 4248/3412/1811
f 4248/3412/1811 4247/3411/1810 4253/3417/1816
f 4242/3406/1805 4241/3405/1804 4255/3419/1818
f 4255/3419/1818 4256/3420/1819 4242/3406/1805
f 4257/3421/1820 4258/3422/1821 4254/3418/1817
f 4254/3418/1817 4253/3417/1816 4257/3421/1820
f 4246/3410/1809 4245/3409/1808 4259/3423/1822
f 4259/3423/1822 4260/3424/1823 4246/3410/1809
f 4261/3425/1824 4262/3426/1825 4258/3422/1821
f 4258/3422/1821 4257/3421/1820 4261/3425/1824
f 4250/3414/1813 4249/3413/1812 4263/3427/1826
f 4263/3427/1826 4264/3428/1827 4250/3414/1813
f 4252/3416/1815 4251/3415/1814 4265/3429/1828
f 4265/3429/1828 4266/3430/1829 4252/3416/1815
f 4267/3431/1830 4268/3432/1830 4262/3426/1825
f 4262/3426/1825 4261/3425/1824 4267/3431/1830
f 4256/3420/1819 4255/3419/1818 4269/3433/1831
f 4269/3433/1831 4270/3434/1832 4256/3420/1819
f 4271/3435/1833 4272/3436/1834 4268/3432/1830
f 4268/3432/1830 4267/3431/1830 4271/3435/1833
f 4260/3424/1823 4259/3423/1822 4144/3308/1714
f 4144/3308/1714 4143/3307/1713 4260/3424/1823
f 4273/3437/1835 4274/3438/1835 4272/3436/1834
f 4272/3436/1834 4271/3435/1833 4273/3437/1835
f 4264/3428/1827 4263/3427/1826 4150/3314/1719
f 4150/3314/1719 4149/3313/1718 4264/3428/1827
f 4266/3430/1829 4265/3429/1828 4154/3318/1723
f 4154/3318/1723 4153/3317/1722 4266/3430/1829
f 4142/3306/1712 4141/3305/1711 4274/3438/1835
f 4274/3438/1835 4273/3437/1835 4142/3306/1712
f 4270/3434/1832 4269/3433/1831 4160/3324/1728
f 4160/3324/1728 4159/3323/1728 4270/3434/1832
f 4275/3439/1836 4276/3440/1837 4277/3441/1838
f 4277/3441/1838 4278/3442/1839 4275/3439/1836
f 4279/3443/1840 4280/3444/1841 4281/3445/1842
f 4281/3445/1842 4282/3446/1843 4279/3443/1840
f 4283/3447/1844 4284/3448/1845 4285/3449/1846
f 4285/3449/1846 4286/3450/1847 4283/3447/1844
f 4287/3451/1848 4288/3452/1849 4222/3386/1786
f 4222/3386/1786 4221/3385/1785 4287/3451/1848
f 4289/3453/1850 4290/3454/1851 4280/3444/1841
f 4280/3444/1841 4279/3443/1840 4289/3453/1850
f 4291/3455/1852 4292/3456/1853 4284/3448/1845
f 4284/3448/1845 4283/3447/1844 4291/3455/1852
f 4293/3457/1854 4294/3458/1855 4288/3452/1849
f 4288/3452/1849 4287/3451/1848 4293/3457/1854
f 4295/3459/1856 4296/3460/1857 4290/3454/1851
f 4290/3454/1851 4289/3453/1850 4295/3459/1856
f 4297/3461/1858 4298/3462/1859 4292/3456/1853
f 4292/3456/1853 4291/3455/1852 4297/3461/1858
f 4299/3463/1860 4300/3464/1861 4294/3458/1855
f 4294/3458/1855 4293/3457/1854 4299/3463/1860
f 4301/3465/1862 4302/3466/1863 4298/3462/1859
f 4298/3462/1859 4297/3461/1858 4301/3465/1862
f 4303/3467/1864 4304/3468/1865 4300/3464/1861
f 4300/3464/1861 4299/3463/1860 4303/3467/1864
f 4305/3469/1866 4306/3470/1867 4302/3466/1863
f 4302/3466/1863 4301/3465/1862 4305/3469/1866
f 4307/3471/1868 4308/3472/1869 4304/3468/1865
f 4304/3468/1865 4303/3467/1864 4307/3471/1868
f 4309/3473/1870 4310/3474/1871 4306/3470/1867
f 4306/3470/1867 4305/3469/1866 4309/3473/1870
f 4311/3475/1872 4312/3476/1873 4313/3477/1874
f 4313/3477/1874 4314/3478/1875 4311/3475/1872
f 4315/3479/1876 4316/3480/1877 4310/3474/1871
f 4310/3474/1871 4309/3473/1870 4315/3479/1876
f 4317/3481/1878 4318/3482/1879 4312/3476/1873
f 4312/3476/1873 4311/3475/1872 4317/3481/1878
f 4319/3483/1880 4320/3484/1881 4316/3480/1877
f 4316/3480/1877 4315/3479/1876 4319/3483/1880
f 4321/3485/1882 4322/3486/1883 4318/3482/1879
f 4318/3482/1879 4317/3481/1878 4321/3485/1882
f 4323/3487/1884 4324/3488/1885 4320/3484/1881
f 4320/3484/1881 4319/3483/1880 4323/3487/1884
f 4325/3489/1886 4326/3490/1887 4322/3486/1883
f 4322/3486/1883 4321/3485/1882 4325/3489/1886
f 4327/3491/1888 4328/3492/1889 4329/3493/1890
f 4329/3493/1890 4330/3494/1884 4327/3491/1888
f 4331/3495/1891 4332/3496/1892 4326/3490/1887
f 4326/3490/1887 4325/3489/1886 4331/3495/1891
f 4333/3497/1893 4334/3498/1894 4328/3492/1889
f 4328/3492/1889 4327/3491/1888 4333/3497/1893
f 4335/3499/1895 4336/3500/1896 4332/3496/1892
f 4332/3496/1892 4331/3495/1891 4335/3499/1895
f 4337/3501/1897 4338/3502/1898 4339/3503/1857
f 4339/3503/1857 4340/3504/1856 4337/3501/1897
f 4341/3505/1899 4342/3506/1900 4334/3498/1894
f 4334/3498/1894 4333/3497/1893 4341/3505/1899
f 4343/3507/1901 4344/3508/1902 4336/3500/1896
f 4336/3500/1896 4335/3499/1895 4343/3507/1901
f 4224/3388/1788 4223/3387/1787 4338/3502/1898
f 4338/3502/1898 4337/3501/1897 4224/3388/1788
f 4282/3446/1843 4281/3445/1842 4342/3506/1900
f 4342/3506/1900 4341/3505/1899 4282/3446/1843
f 4345/3509/1847 4346/3510/1846 4344/3508/1902
f 4344/3508/1902 4343/3507/1901 4345/3509/1847
f 4347/3511/1903 4348/3512/1904 4349/3513/1905
f 4349/3513/1905 4350/3514/1906 4347/3511/1903
f 4351/3515/1907 4352/3516/1908 4353/3517/1909
f 4353/3517/1909 4354/3518/1910 4351/3515/1907
f 4355/3519/1911 4356/3520/1912 4276/3440/1837
f 4276/3440/1837 4275/3439/1836 4355/3519/1911
f 4357/3521/1913 4358/3522/1914 4352/3516/1908
f 4352/3516/1908 4351/3515/1907 4357/3521/1913
f 4349/3513/1905 4359/3523/1915 4360/3524/1912
f 4360/3524/1912 4361/3525/1911 4349/3513/1905
f 4362/3526/1916 4363/3527/1917 4358/3522/1914
f 4358/3522/1914 4357/3521/1913 4362/3526/1916
f 4348/3512/1904 4364/3528/1918 4359/3523/1915
f 4359/3523/1915 4349/3513/1905 4348/3512/1904
f 4365/3529/1919 4366/3530/1920 4363/3527/1917
f 4363/3527/1917 4362/3526/1916 4365/3529/1919
f 4367/3531/1921 4368/3532/1922 4364/3528/1918
f 4364/3528/1918 4348/3512/1904 4367/3531/1921
f 4369/3533/1923 4370/3534/1924 4366/3530/1920
f 4366/3530/1920 4365/3529/1919 4369/3533/1923
f 4371/3535/1925 4372/3536/1926 4368/3532/1922
f 4368/3532/1922 4367/3531/1921 4371/3535/1925
f 4373/3537/1927 4374/3538/1928 4370/3534/1924
f 4370/3534/1924 4369/3533/1923 4373/3537/1927
f 4375/3539/1929 4376/3540/1930 4372/3536/1926
f 4372/3536/1926 4371/3535/1925 4375/3539/1929
f 4377/3541/1931 4378/3542/1932 4379/3543/1933
f 4379/3543/1933 4380/3544/1927 4377/3541/1931
f 4381/3545/1934 4382/3546/1935 4376/3540/1930
f 4376/3540/1930 4375/3539/1929 4381/3545/1934
f 4383/3547/1936 4384/3548/1937 4378/3542/1932
f 4378/3542/1932 4377/3541/1931 4383/3547/1936
f 4385/3549/1938 4386/3550/1939 4382/3546/1935
f 4382/3546/1935 4381/3545/1934 4385/3549/1938
f 4387/3551/1940 4388/3552/1941 4389/3553/1942
f 4389/3553/1942 4390/3554/1943 4387/3551/1940
f 4391/3555/1944 4392/3556/1945 4384/3548/1937
f 4384/3548/1937 4383/3547/1936 4391/3555/1944
f 4393/3557/1946 4394/3558/1947 4386/3550/1939
f 4386/3550/1939 4385/3549/1938 4393/3557/1946
f 4395/3559/1948 4396/3560/1949 4397/3561/1950
f 4397/3561/1950 4398/3562/1951 4395/3559/1948
f 4399/3563/1952 4400/3564/1953 4392/3556/1945
f 4392/3556/1945 4391/3555/1944 4399/3563/1952
f 4401/3565/1954 4402/3566/1955 4394/3558/1947
f 4394/3558/1947 4393/3557/1946 4401/3565/1954
f 4403/3567/1956 4221/3385/1785 4224/3388/1788
f 4403/3567/1956 4224/3388/1788 4404/3568/1957
f 4404/3568/1957 4405/3569/1958 4403/3567/1956
f 4406/3570/1959 4407/3571/1960 4408/3572/1961
f 4408/3572/1961 4409/3573/1962 4406/3570/1959
f 4410/3574/1963 4411/3575/1964 4412/3576/1965
f 4412/3576/1965 4413/3577/1954 4410/3574/1963
f 4414/3578/1966 4415/3579/1967 4403/3567/1956
f 4403/3567/1956 4416/3580/1968 4414/3578/1966
f 4417/3581/1969 4418/3582/1969 4419/3583/1970
f 4419/3583/1970 4420/3584/1971 4417/3581/1969
f 4421/3585/1972 4422/3586/1973 4411/3575/1964
f 4411/3575/1964 4410/3574/1963 4421/3585/1972
f 4278/3442/1839 4277/3441/1838 4415/3579/1967
f 4415/3579/1967 4414/3578/1966 4278/3442/1839
f 4404/3568/1957 4224/3388/1788 4337/3501/1897
f 4404/3568/1957 4337/3501/1897 4423/3587/1974
f 4423/3587/1974 4424/3588/1975 4404/3568/1957
f 4354/3518/1910 4353/3517/1909 4422/3586/1973
f 4422/3586/1973 4421/3585/1972 4354/3518/1910
f 4425/3589/1976 4426/3590/1977 4427/3591/1978
f 4427/3591/1978 4428/3592/1979 4425/3589/1976
f 4426/3590/1977 4365/3529/1919 4362/3526/1916
f 4362/3526/1916 4427/3591/1978 4426/3590/1977
f 4429/3593/1980 4367/3531/1921 4348/3512/1904
f 4348/3512/1904 4347/3511/1903 4429/3593/1980
f 4430/3594/1981 4369/3533/1923 4365/3529/1919
f 4365/3529/1919 4426/3590/1977 4430/3594/1981
f 4431/3595/1982 4371/3535/1925 4367/3531/1921
f 4367/3531/1921 4429/3593/1980 4431/3595/1982
f 4432/3596/1983 4373/3537/1927 4369/3533/1923
f 4369/3533/1923 4430/3594/1981 4432/3596/1983
f 4433/3597/1984 4375/3539/1929 4371/3535/1925
f 4371/3535/1925 4431/3595/1982 4433/3597/1984
f 4434/3598/1985 4435/3599/1986 4373/3537/1927
f 4373/3537/1927 4432/3596/1983 4434/3598/1985
f 4436/3600/1987 4381/3545/1934 4375/3539/1929
f 4375/3539/1929 4433/3597/1984 4436/3600/1987
f 4437/3601/1988 4438/3602/1989 4439/3603/1990
f 4439/3603/1990 4440/3604/1985 4437/3601/1988
f 4441/3605/1991 4385/3549/1938 4381/3545/1934
f 4381/3545/1934 4436/3600/1987 4441/3605/1991
f 4442/3606/1992 4443/3607/1993 4444/3608/1994
f 4442/3606/1992 4444/3608/1994 4445/3609/1995
f 4442/3606/1992 4445/3609/1995 4446/3610/1996
f 4442/3606/1992 4446/3610/1996 4447/3611/1997
f 4442/3606/1992 4447/3611/1997 4448/3612/1998
f 4442/3606/1992 4448/3612/1998 4449/3613/1999
f 4442/3606/1992 4449/3613/1999 4450/3614/2000
f 4442/3606/1992 4450/3614/2000 4451/3615/2001
f 4442/3606/1992 4451/3615/2001 4452/3616/2002
f 4442/3606/1992 4452/3616/2002 4453/3617/2003
f 4442/3606/1992 4453/3617/2003 4454/3618/2004
f 4442/3606/1992 4454/3618/2004 4455/3619/2005
f 4442/3606/1992 4455/3619/2005 4456/3620/2006
f 4442/3606/1992 4456/3620/2006 4457/3621/2007
f 4442/3606/1992 4457/3621/2007 4458/3622/2008
f 4442/3606/1992 4458/3622/2008 4459/3623/2009
f 4442/3606/1992 4459/3623/2009 4460/3624/2010
f 4442/3606/1992 4460/3624/2010 4461/3625/2011
f 4442/3606/1992 4461/3625/2011 4462/3626/2012
f 4442/3606/1992 4462/3626/2012 4463/3627/2013
f 4442/3606/1992 4463/3627/2013 4464/3628/2014
f 4442/3606/1992 4464/3628/2014 4465/3629/2015
f 4442/3606/1992 4465/3629/2015 4466/3630/2016
f 4442/3606/1992 4466/3630/2016 4467/3631/2017
f 4442/3606/1992 4467/3631/2017 4468/3632/2018
f 4442/3606/1992 4468/3632/2018 4469/3633/2019
f 4442/3606/1992 4469/3633/2019 4470/3634/2020
f 4442/3606/1992 4470/3634/2020 4471/3635/2021
f 4442/3606/1992 4471/3635/2021 4472/3636/2022
f 4472/3636/2022 4473/3637/2023 4442/3606/1992
f 4474/3638/2024 4475/3639/2025 4438/3602/1989
f 4438/3602/1989 4437/3601/1988 4474/3638/2024
f 4476/3640/2026 4393/3557/1946 4385/3549/1938
f 4385/3549/1938 4441/3605/1991 4476/3640/2026
f 4477/3641/2027 4478/3642/2028 4479/3643/2029
f 4479/3643/2029 4480/3644/2030 4477/3641/2027
f 4481/3645/2031 4482/3646/1952 4475/3639/2025
f 4475/3639/2025 4474/3638/2024 4481/3645/2031
f 4483/3647/2032 4401/3565/1954 4393/3557/1946
f 4393/3557/1946 4476/3640/2026 4483/3647/2032
f 4484/3648/2033 4416/3580/1968 4485/3649/2034
f 4485/3649/2034 4486/3650/2028 4484/3648/2033
f 4487/3651/2035 4488/3652/2036 4399/3563/1952
f 4399/3563/1952 4489/3653/2031 4487/3651/2035
f 4490/3654/2037 4410/3574/1963 4413/3577/1954
f 4413/3577/1954 4491/3655/2032 4490/3654/2037
f 4492/3656/2038 4493/3657/2039 4494/3658/1968
f 4494/3658/1968 4495/3659/2040 4492/3656/2038
f 4496/3660/2041 4497/3661/2042 4418/3582/1969
f 4418/3582/1969 4417/3581/1969 4496/3660/2041
f 4498/3662/2043 4421/3585/1972 4410/3574/1963
f 4410/3574/1963 4490/3654/2037 4498/3662/2043
f 4499/3663/2044 4278/3442/1839 4414/3578/1966
f 4414/3578/1966 4500/3664/2045 4499/3663/2044
f 4416/3580/1968 4403/3567/1956 4405/3569/1958
f 4416/3580/1968 4405/3569/1958 4501/3665/2046
f 4501/3665/2046 4485/3649/2034 4416/3580/1968
f 4502/3666/2047 4354/3518/1910 4421/3585/1972
f 4421/3585/1972 4498/3662/2043 4502/3666/2047
f 4503/3667/2048 4275/3439/1836 4278/3442/1839
f 4278/3442/1839 4499/3663/2044 4503/3667/2048
f 4504/3668/2049 4351/3515/1907 4354/3518/1910
f 4354/3518/1910 4502/3666/2047 4504/3668/2049
f 4505/3669/2050 4355/3519/1911 4275/3439/1836
f 4275/3439/1836 4503/3667/2048 4505/3669/2050
f 4506/3670/2051 4357/3521/1913 4351/3515/1907
f 4351/3515/1907 4504/3668/2049 4506/3670/2051
f 4350/3514/1906 4349/3513/1905 4361/3525/1911
f 4361/3525/1911 4507/3671/2052 4350/3514/1906
f 4427/3591/1978 4362/3526/1916 4357/3521/1913
f 4357/3521/1913 4506/3670/2051 4427/3591/1978
f 4508/3672/2053 4509/3648/2054 4510/3650/2055
f 4510/3650/2055 4511/3673/2056 4508/3672/2053
f 4512/3674/2057 4429/3593/1980 4347/3511/1903
f 4347/3511/1903 4513/3675/2058 4512/3674/2057
f 4514/3676/2059 4430/3594/1981 4426/3590/1977
f 4426/3590/1977 4425/3589/1976 4514/3676/2059
f 4515/3677/2060 4431/3595/1982 4429/3593/1980
f 4429/3593/1980 4512/3674/2057 4515/3677/2060
f 4516/3678/2061 4517/3679/2062 4518/3680/2063
f 4518/3680/2063 4519/3681/2064 4516/3678/2061
f 4520/3682/2065 4433/3597/1984 4431/3595/1982
f 4431/3595/1982 4515/3677/2060 4520/3682/2065
f 4521/3683/2066 4440/3604/1985 4517/3679/2062
f 4517/3679/2062 4516/3678/2061 4521/3683/2066
f 4522/3684/2067 4436/3600/1987 4433/3597/1984
f 4433/3597/1984 4520/3682/2065 4522/3684/2067
f 4523/3685/2068 4437/3601/1988 4440/3604/1985
f 4440/3604/1985 4521/3683/2066 4523/3685/2068
f 4524/3686/2069 4441/3605/1991 4436/3600/1987
f 4436/3600/1987 4522/3684/2067 4524/3686/2069
f 4525/3687/2070 4474/3638/2024 4437/3601/1988
f 4437/3601/1988 4523/3685/2068 4525/3687/2070
f 4526/3688/2071 4476/3640/2026 4441/3605/1991
f 4441/3605/1991 4524/3686/2069 4526/3688/2071
f 4398/3562/1951 4397/3561/1950 4527/3689/2072
f 4527/3689/2072 4528/3690/2073 4398/3562/1951
f 4529/3691/2074 4530/3653/2075 4531/3692/2076
f 4529/3691/2074 4531/3692/2076 4532/3693/2077
f 4529/3691/2074 4532/3693/2077 4533/3694/2078
f 4529/3691/2074 4533/3694/2078 4534/3695/2079
f 4534/3695/2079 4535/3696/2080 4529/3691/2074
f 4536/3697/2081 4483/3647/2032 4476/3640/2026
f 4476/3640/2026 4526/3688/2071 4536/3697/2081
f 4537/3698/2082 4538/3699/2083 4539/3700/2084
f 4539/3700/2084 4540/3701/2085 4537/3698/2082
f 4541/3702/2086 4542/3651/2087 4530/3653/2075
f 4530/3653/2075 4529/3691/2074 4541/3702/2086
f 4543/3703/2088 4490/3654/2037 4491/3655/2032
f 4491/3655/2032 4544/3704/2081 4543/3703/2088
f 4545/3705/2089 4546/3706/2090 4388/3552/1941
f 4388/3552/1941 4387/3551/1940 4545/3705/2089
f 4547/3707/2091 4548/3708/2035 4549/3709/2092
f 4549/3709/2092 4550/3710/2093 4547/3707/2091
f 4551/3711/2094 4498/3662/2043 4490/3654/2037
f 4490/3654/2037 4543/3703/2088 4551/3711/2094
f 4552/3712/2095 4553/3713/2096 4396/3560/1949
f 4396/3560/1949 4395/3559/1948 4552/3712/2095
f 4540/3701/2085 4539/3700/2084 4548/3708/2035
f 4548/3708/2035 4547/3707/2091 4540/3701/2085
f 4554/3714/2097 4502/3666/2047 4498/3662/2043
f 4498/3662/2043 4551/3711/2094 4554/3714/2097
f 4555/3715/2098 4556/3664/2099 4509/3648/2054
f 4555/3715/2098 4509/3648/2054 4508/3672/2053
f 4555/3715/2098 4508/3672/2053 4557/3716/2100
f 4555/3715/2098 4557/3716/2100 4558/3717/2101
f 4558/3717/2101 4559/3718/2099 4555/3715/2098
f 4560/3719/2102 4279/3443/1840 4282/3446/1843
f 4560/3719/2102 4282/3446/1843 4400/3564/1953
f 4400/3564/1953 4561/3720/2103 4560/3719/2102
f 4562/3721/2104 4504/3668/2049 4502/3666/2047
f 4502/3666/2047 4554/3714/2097 4562/3721/2104
f 4563/3722/2105 4564/3723/2050 4546/3706/2090
f 4546/3706/2090 4545/3705/2089 4563/3722/2105
f 4565/3724/2106 4506/3670/2051 4504/3668/2049
f 4504/3668/2049 4562/3721/2104 4565/3724/2106
f 4566/3725/2107 4567/3726/2108 4564/3723/2050
f 4564/3723/2050 4563/3722/2105 4566/3725/2107
f 4428/3592/1979 4427/3591/1978 4506/3670/2051
f 4506/3670/2051 4565/3724/2106 4428/3592/1979
f 4568/3727/2109 4569/3728/2110 4567/3726/2108
f 4567/3726/2108 4566/3725/2107 4568/3727/2109
f 4353/3517/1909 4297/3461/1858 4291/3455/1852
f 4291/3455/1852 4422/3586/1973 4353/3517/1909
f 4570/3729/2111 4295/3459/1856 4289/3453/1850
f 4289/3453/1850 4571/3730/2112 4570/3729/2111
f 4277/3441/1838 4293/3457/1854 4287/3451/1848
f 4287/3451/1848 4415/3579/1967 4277/3441/1838
f 4422/3586/1973 4291/3455/1852 4283/3447/1844
f 4283/3447/1844 4411/3575/1964 4422/3586/1973
f 4488/3652/2036 4572/3731/2113 4561/3720/2103
f 4488/3652/2036 4561/3720/2103 4400/3564/1953
f 4400/3564/1953 4399/3563/1952 4488/3652/2036
f 4415/3579/1967 4287/3451/1848 4221/3385/1785
f 4221/3385/1785 4403/3567/1956 4415/3579/1967
f 4411/3575/1964 4283/3447/1844 4286/3450/1847
f 4286/3450/1847 4412/3576/1965 4411/3575/1964
f 4420/3584/1971 4419/3583/1970 4573/3732/2114
f 4573/3732/2114 4574/3733/2115 4420/3584/1971
f 4575/3734/2116 4576/3735/2117 4497/3661/2042
f 4497/3661/2042 4496/3660/2041 4575/3734/2116
f 4402/3566/1955 4345/3509/1847 4343/3507/1901
f 4343/3507/1901 4394/3558/1947 4402/3566/1955
f 4400/3564/1953 4282/3446/1843 4341/3505/1899
f 4341/3505/1899 4392/3556/1945 4400/3564/1953
f 4480/3644/2030 4479/3643/2029 4577/3736/2118
f 4577/3736/2118 4578/3737/2119 4480/3644/2030
f 4394/3558/1947 4343/3507/1901 4335/3499/1895
f 4335/3499/1895 4386/3550/1939 4394/3558/1947
f 4392/3556/1945 4341/3505/1899 4333/3497/1893
f 4333/3497/1893 4384/3548/1937 4392/3556/1945
f 4423/3587/1974 4337/3501/1897 4340/3504/1856
f 4340/3504/1856 4579/3738/2111 4423/3587/1974
f 4386/3550/1939 4335/3499/1895 4331/3495/1891
f 4331/3495/1891 4382/3546/1935 4386/3550/1939
f 4384/3548/1937 4333/3497/1893 4327/3491/1888
f 4327/3491/1888 4378/3542/1932 4384/3548/1937
f 4382/3546/1935 4331/3495/1891 4325/3489/1886
f 4325/3489/1886 4376/3540/1930 4382/3546/1935
f 4378/3542/1932 4327/3491/1888 4330/3494/1884
f 4330/3494/1884 4379/3543/1933 4378/3542/1932
f 4376/3540/1930 4325/3489/1886 4321/3485/1882
f 4321/3485/1882 4372/3536/1926 4376/3540/1930
f 4374/3538/1928 4323/3487/1884 4319/3483/1880
f 4319/3483/1880 4370/3534/1924 4374/3538/1928
f 4372/3536/1926 4321/3485/1882 4317/3481/1878
f 4317/3481/1878 4368/3532/1922 4372/3536/1926
f 4370/3534/1924 4319/3483/1880 4315/3479/1876
f 4315/3479/1876 4366/3530/1920 4370/3534/1924
f 4368/3532/1922 4317/3481/1878 4311/3475/1872
f 4311/3475/1872 4364/3528/1918 4368/3532/1922
f 4366/3530/1920 4315/3479/1876 4309/3473/1870
f 4309/3473/1870 4363/3527/1917 4366/3530/1920
f 4364/3528/1918 4311/3475/1872 4314/3478/1875
f 4314/3478/1875 4359/3523/1915 4364/3528/1918
f 4363/3527/1917 4309/3473/1870 4305/3469/1866
f 4305/3469/1866 4358/3522/1914 4363/3527/1917
f 4359/3523/1915 4314/3478/1875 4580/3739/1864
f 4580/3739/1864 4360/3524/1912 4359/3523/1915
f 4358/3522/1914 4305/3469/1866 4301/3465/1862
f 4301/3465/1862 4352/3516/1908 4358/3522/1914
f 4356/3520/1912 4303/3467/1864 4299/3463/1860
f 4299/3463/1860 4276/3440/1837 4356/3520/1912
f 4352/3516/1908 4301/3465/1862 4297/3461/1858
f 4297/3461/1858 4353/3517/1909 4352/3516/1908
f 4276/3440/1837 4299/3463/1860 4293/3457/1854
f 4293/3457/1854 4277/3441/1838 4276/3440/1837
f 4581/3740/2120 4496/3660/2041 4582/3581/2121
f 4582/3581/2121 4583/3741/2122 4581/3740/2120
f 4584/3742/2123 4552/3712/2095 4395/3559/1948
f 4395/3559/1948 4585/3743/2124 4584/3742/2123
f 4586/3744/2125 4537/3698/2082 4540/3701/2085
f 4540/3701/2085 4587/3745/2126 4586/3744/2125
f 4588/3746/2127 4398/3562/1951 4528/3690/2073
f 4528/3690/2073 4589/3747/2128 4588/3746/2127
f 4590/3748/2129 4480/3644/2030 4578/3737/2119
f 4578/3737/2119 4591/3749/2130 4590/3748/2129
f 4592/3750/2131 4589/3747/2128 4593/3751/2132
f 4593/3751/2132 4594/3752/2133 4592/3750/2131
f 4589/3747/2128 4528/3690/2073 4595/3753/2134
f 4595/3753/2134 4593/3751/2132 4589/3747/2128
f 4583/3741/2122 4582/3581/2121 4420/3584/1971
f 4420/3584/1971 4596/3754/2135 4583/3741/2122
f 4587/3745/2126 4540/3701/2085 4547/3707/2091
f 4547/3707/2091 4597/3755/2136 4587/3745/2126
f 4598/3756/1962 4477/3641/2027 4480/3644/2030
f 4480/3644/2030 4590/3748/2129 4598/3756/1962
f 4596/3754/2135 4420/3584/1971 4574/3733/2115
f 4574/3733/2115 4599/3757/2137 4596/3754/2135
f 4585/3743/2124 4395/3559/1948 4398/3562/1951
f 4398/3562/1951 4588/3746/2127 4585/3743/2124
f 4600/3758/2138 4595/3753/2134 4601/3759/2139
f 4601/3759/2139 4602/3760/2140 4600/3758/2138
f 4571/3730/2112 4289/3453/1850 4279/3443/1840
f 4571/3730/2112 4279/3443/1840 4560/3719/2102
f 4560/3719/2102 4603/3761/2141 4571/3730/2112
f 4604/3762/2142 4586/3744/2125 4587/3745/2126
f 4587/3745/2126 4605/3763/2143 4604/3762/2142
f 4606/3764/2144 4588/3746/2127 4589/3747/2128
f 4589/3747/2128 4592/3750/2131 4606/3764/2144
f 4607/3765/2145 4590/3748/2129 4591/3749/2130
f 4591/3749/2130 4608/3766/2146 4607/3765/2145
f 4609/3767/2147 4610/3768/2148 4611/3769/2149
f 4611/3769/2149 4612/3770/2150 4609/3767/2147
f 4613/3771/2151 4584/3742/2123 4585/3743/2124
f 4585/3743/2124 4614/3772/2152 4613/3771/2151
f 4615/3773/2153 4583/3741/2122 4596/3754/2135
f 4596/3754/2135 4616/3774/2154 4615/3773/2153
f 4605/3763/2143 4587/3745/2126 4597/3755/2136
f 4597/3755/2136 4617/3775/2155 4605/3763/2143
f 4618/3776/2156 4598/3756/1962 4590/3748/2129
f 4590/3748/2129 4607/3765/2145 4618/3776/2156
f 4616/3774/2154 4596/3754/2135 4599/3757/2137
f 4599/3757/2137 4619/3777/2157 4616/3774/2154
f 4614/3772/2152 4585/3743/2124 4588/3746/2127
f 4588/3746/2127 4606/3764/2144 4614/3772/2152
f 4620/3778/2158 4621/3779/2159 4581/3740/2120
f 4581/3740/2120 4622/3780/2160 4620/3778/2158
f 4617/3775/2155 4597/3755/2136 4623/3781/2161
f 4623/3781/2161 4624/3782/2162 4617/3775/2155
f 4597/3755/2136 4547/3707/2091 4550/3710/2093
f 4550/3710/2093 4623/3781/2161 4597/3755/2136
f 4621/3779/2159 4575/3734/2116 4496/3660/2041
f 4496/3660/2041 4581/3740/2120 4621/3779/2159
f 4625/3783/2163 4622/3780/2160 4615/3773/2153
f 4615/3773/2153 4626/3784/2164 4625/3783/2163
f 4627/3785/2165 4613/3771/2151 4614/3772/2152
f 4614/3772/2152 4628/3786/2166 4627/3785/2165
f 4629/3787/2167 4604/3762/2142 4605/3763/2143
f 4605/3763/2143 4630/3788/2168 4629/3787/2167
f 4631/3789/2169 4606/3764/2144 4592/3750/2131
f 4592/3750/2131 4632/3790/2170 4631/3789/2169
f 4633/3791/2171 4634/3792/2145 4635/3793/2172
f 4635/3793/2172 4636/3794/2173 4633/3791/2171
f 4632/3790/2170 4592/3750/2131 4594/3752/2133
f 4594/3752/2133 4637/3795/2174 4632/3790/2170
f 4626/3784/2164 4615/3773/2153 4616/3774/2154
f 4616/3774/2154 4638/3796/2175 4626/3784/2164
f 4630/3788/2168 4605/3763/2143 4617/3775/2155
f 4617/3775/2155 4639/3797/2176 4630/3788/2168
f 4640/3798/2177 4618/3776/2156 4607/3765/2145
f 4607/3765/2145 4641/3799/2171 4640/3798/2177
f 4638/3796/2175 4616/3774/2154 4619/3777/2157
f 4619/3777/2157 4642/3800/2178 4638/3796/2175
f 4628/3786/2166 4614/3772/2152 4606/3764/2144
f 4606/3764/2144 4631/3789/2169 4628/3786/2166
f 4610/3768/2148 4406/3570/1959 4409/3573/1962
f 4409/3573/1962 4611/3769/2149 4610/3768/2148
f 4622/3780/2160 4581/3740/2120 4583/3741/2122
f 4583/3741/2122 4615/3773/2153 4622/3780/2160
f 4639/3797/2176 4617/3775/2155 4624/3782/2162
f 4624/3782/2162 4643/3801/2179 4639/3797/2176
f 4644/3802/2180 4620/3778/2158 4622/3780/2160
f 4622/3780/2160 4625/3783/2163 4644/3802/2180
f 4645/3568/2181 4646/3588/2182 4647/3803/2183
f 4645/3568/2181 4647/3803/2183 4648/3804/2184
f 4645/3568/2181 4648/3804/2184 4649/3665/2181
f 4649/3665/2181 4650/3569/2185 4645/3568/2181
f 4651/3720/2186 4652/3731/2187 4653/3805/2188
f 4651/3720/2186 4653/3805/2188 4654/3806/2189
f 4651/3720/2186 4654/3806/2189 4655/3761/2187
f 4655/3761/2187 4656/3719/2187 4651/3720/2186
f 4657/3807/2190 4550/3710/2093 4549/3709/2092
f 4549/3709/2092 4658/3808/2191 4657/3807/2190
f 4659/3809/2192 4660/3810/2193 4661/3811/2194
f 4661/3811/2194 4662/3812/2194 4659/3809/2192
f 4663/3813/2195 4664/3814/2196 4602/3760/2140
f 4602/3760/2140 4601/3759/2139 4663/3813/2195
f 4665/3815/2197 4600/3758/2138 4666/3760/2198
f 4666/3760/2198 4667/3816/2198 4665/3815/2197
f 4668/3817/2199 4669/3818/2200 4670/3819/2201
f 4670/3819/2201 4671/3820/2202 4668/3817/2199
f 4557/3716/2100 4508/3672/2053 4511/3673/2056
f 4511/3673/2056 4672/3821/2203 4557/3716/2100
f 4558/3717/2101 4557/3716/2100 4672/3821/2203
f 4672/3821/2203 4673/3822/2204 4558/3717/2101
f 4553/3713/2096 4674/3812/2205 4675/3823/2206
f 4675/3823/2206 4676/3824/2207 4553/3713/2096
f 4677/3825/2208 4541/3702/2086 4529/3691/2074
f 4529/3691/2074 4535/3696/2080 4677/3825/2208
f 4678/3826/2209 4677/3825/2208 4535/3696/2080
f 4535/3696/2080 4534/3695/2079 4678/3826/2209
f 4552/3712/2095 4659/3809/2192 4674/3812/2205
f 4674/3812/2205 4553/3713/2096 4552/3712/2095
f 4679/3805/2210 4680/3731/2211 4681/3827/2212
f 4681/3827/2212 4682/3828/2213 4679/3805/2210
f 4683/3829/2214 4684/3830/2215 4685/3831/2216
f 4685/3831/2216 4686/3832/2217 4683/3829/2214
f 4573/3732/2114 4683/3829/2214 4686/3832/2217
f 4686/3832/2217 4574/3733/2115 4573/3732/2114
f 4687/3833/2218 4688/3834/2219 4689/3665/2220
f 4689/3665/2220 4690/3804/2221 4687/3833/2218
f 4691/3835/2222 4692/3836/2223 4693/3837/2224
f 4693/3837/2224 4694/3838/2225 4691/3835/2222
f 4575/3734/2116 4691/3835/2222 4694/3838/2225
f 4694/3838/2225 4576/3735/2117 4575/3734/2116
f 4695/3839/2226 4696/3840/2130 4688/3834/2219
f 4688/3834/2219 4687/3833/2218 4695/3839/2226
f 4697/3841/2227 4698/3842/2228 4692/3836/2223
f 4692/3836/2223 4691/3835/2222 4697/3841/2227
f 4621/3779/2159 4697/3841/2227 4691/3835/2222
f 4691/3835/2222 4575/3734/2116 4621/3779/2159
f 4659/3809/2192 4552/3712/2095 4584/3742/2123
f 4584/3742/2123 4699/3843/2229 4659/3809/2192
f 4660/3810/2193 4659/3809/2192 4699/3843/2229
f 4699/3843/2229 4700/3844/2230 4660/3810/2193
f 4550/3710/2093 4657/3807/2190 4701/3845/2231
f 4701/3845/2231 4623/3781/2161 4550/3710/2093
f 4702/3846/2232 4593/3751/2132 4595/3753/2134
f 4595/3753/2134 4600/3758/2138 4702/3846/2232
f 4703/3847/2233 4702/3846/2232 4600/3758/2138
f 4600/3758/2138 4665/3815/2197 4703/3847/2233
f 4704/3848/2234 4705/3849/2235 4669/3818/2200
f 4669/3818/2200 4668/3817/2199 4704/3848/2234
f 4706/3850/2236 4599/3757/2137 4574/3733/2115
f 4574/3733/2115 4686/3832/2217 4706/3850/2236
f 4707/3851/2237 4706/3850/2236 4686/3832/2217
f 4686/3832/2217 4685/3831/2216 4707/3851/2237
f 4586/3744/2125 4708/3852/2238 4709/3853/2213
f 4709/3853/2213 4537/3698/2082 4586/3744/2125
f 4710/3854/2239 4594/3752/2133 4593/3751/2132
f 4593/3751/2132 4702/3846/2232 4710/3854/2239
f 4711/3855/2240 4710/3854/2239 4702/3846/2232
f 4702/3846/2232 4703/3847/2233 4711/3855/2240
f 4712/3856/2241 4713/3857/2242 4705/3849/2235
f 4705/3849/2235 4704/3848/2234 4712/3856/2241
f 4714/3858/2243 4619/3777/2157 4599/3757/2137
f 4599/3757/2137 4706/3850/2236 4714/3858/2243
f 4715/3859/2244 4714/3858/2243 4706/3850/2236
f 4706/3850/2236 4707/3851/2237 4715/3859/2244
f 4604/3762/2142 4716/3860/2245 4708/3852/2238
f 4708/3852/2238 4586/3744/2125 4604/3762/2142
f 4697/3841/2227 4621/3779/2159 4620/3778/2158
f 4620/3778/2158 4717/3861/2246 4697/3841/2227
f 4698/3842/2228 4697/3841/2227 4717/3861/2246
f 4717/3861/2246 4718/3862/2247 4698/3842/2228
f 4696/3840/2130 4695/3839/2226 4719/3863/2248
f 4719/3863/2248 4635/3793/2172 4696/3840/2130
f 4720/3864/2249 4624/3782/2162 4623/3781/2161
f 4623/3781/2161 4701/3845/2231 4720/3864/2249
f 4721/3865/2250 4722/3866/2251 4700/3844/2230
f 4700/3844/2230 4699/3843/2229 4721/3865/2250
f 4613/3771/2151 4721/3865/2250 4699/3843/2229
f 4699/3843/2229 4584/3742/2123 4613/3771/2151
f 4723/3867/2252 4636/3794/2173 4635/3793/2172
f 4635/3793/2172 4719/3863/2248 4723/3867/2252
f 4724/3868/2253 4725/3869/2254 4718/3862/2247
f 4718/3862/2247 4717/3861/2246 4724/3868/2253
f 4644/3802/2180 4724/3868/2253 4717/3861/2246
f 4717/3861/2246 4620/3778/2158 4644/3802/2180
f 4721/3865/2250 4613/3771/2151 4627/3785/2165
f 4627/3785/2165 4726/3870/2255 4721/3865/2250
f 4722/3866/2251 4721/3865/2250 4726/3870/2255
f 4726/3870/2255 4727/3871/2256 4722/3866/2251
f 4624/3782/2162 4720/3864/2249 4728/3872/2257
f 4728/3872/2257 4643/3801/2179 4624/3782/2162
f 4729/3873/2258 4637/3795/2174 4594/3752/2133
f 4594/3752/2133 4710/3854/2239 4729/3873/2258
f 4730/3874/2259 4729/3873/2258 4710/3854/2239
f 4710/3854/2239 4711/3855/2240 4730/3874/2259
f 4731/3875/2260 4732/3876/2261 4713/3857/2242
f 4713/3857/2242 4712/3856/2241 4731/3875/2260
f 4733/3877/2262 4642/3800/2178 4619/3777/2157
f 4619/3777/2157 4714/3858/2243 4733/3877/2262
f 4734/3878/2263 4733/3877/2262 4714/3858/2243
f 4714/3858/2243 4715/3859/2244 4734/3878/2263
f 4629/3787/2167 4735/3879/2264 4716/3860/2245
f 4716/3860/2245 4604/3762/2142 4629/3787/2167
f 4407/3571/1960 4736/3673/2265 4486/3650/2028
f 4486/3650/2028 4408/3572/1961 4407/3571/1960
f 4737/3880/2266 4738/3881/2267 4739/3882/2268
f 4739/3882/2268 4740/3883/2269 4737/3880/2266
f 4741/3884/2270 4737/3880/2266 4740/3883/2269
f 4740/3883/2269 4742/3885/2271 4741/3884/2270
f 4743/3886/2272 4741/3884/2270 4742/3885/2271
f 4742/3885/2271 4744/3887/2273 4743/3886/2272
f 4745/3888/2274 4743/3886/2272 4744/3887/2273
f 4744/3887/2273 4746/3889/2275 4745/3888/2274
f 4747/3890/2276 4745/3888/2274 4746/3889/2275
f 4746/3889/2275 4748/3891/2277 4747/3890/2276
f 4749/3892/2278 4747/3890/2276 4748/3891/2277
f 4748/3891/2277 4750/3893/2279 4749/3892/2278
f 4751/3894/2280 4749/3892/2278 4750/3893/2279
f 4750/3893/2279 4752/3895/2281 4751/3894/2280
f 4753/3896/2282 4751/3894/2280 4752/3895/2281
f 4752/3895/2281 4754/3897/2283 4753/3896/2282
f 4755/3898/2284 4756/3899/2285 4757/3900/2283
f 4757/3900/2283 4758/3901/2286 4755/3898/2284
f 4759/3902/2287 4755/3898/2284 4758/3901/2286
f 4758/3901/2286 4760/3903/2288 4759/3902/2287
f 4761/3904/2289 4759/3902/2287 4760/3903/2288
f 4760/3903/2288 4762/3905/2290 4761/3904/2289
f 4763/3906/2291 4761/3904/2289 4762/3905/2290
f 4762/3905/2290 4764/3907/2292 4763/3906/2291
f 4765/3908/2293 4763/3906/2291 4764/3907/2292
f 4764/3907/2292 4766/3909/2294 4765/3908/2293
f 4767/3910/2295 4765/3908/2293 4766/3909/2294
f 4766/3909/2294 4768/3911/2296 4767/3910/2295
f 4769/3912/2297 4767/3910/2295 4768/3911/2296
f 4768/3911/2296 4770/3913/2298 4769/3912/2297
f 4771/3914/2299 4769/3912/2297 4770/3913/2298
f 4770/3913/2298 4772/3915/2300 4771/3914/2299
f 4773/3916/2301 4774/3917/2299 4775/3918/2300
f 4775/3918/2300 4776/3919/2302 4773/3916/2301
f 4777/3920/2303 4773/3916/2301 4776/3919/2302
f 4776/3919/2302 4778/3921/2304 4777/3920/2303
f 4779/3922/2305 4777/3920/2303 4778/3921/2304
f 4778/3921/2304 4780/3923/2306 4779/3922/2305
f 4781/3924/2307 4779/3922/2305 4780/3923/2306
f 4780/3923/2306 4782/3925/2308 4781/3924/2307
f 4783/3926/2309 4781/3924/2307 4782/3925/2308
f 4782/3925/2308 4784/3927/2310 4783/3926/2309
f 4785/3928/2311 4783/3926/2309 4784/3927/2310
f 4784/3927/2310 4786/3929/2312 4785/3928/2311
f 4787/3930/2313 4785/3928/2311 4786/3929/2312
f 4786/3929/2312 4788/3931/2314 4787/3930/2313
f 4789/3932/2315 4787/3930/2313 4788/3931/2314
f 4788/3931/2314 4790/3933/2316 4789/3932/2315
f 4791/3934/2317 4789/3932/2315 4790/3933/2316
f 4790/3933/2316 4792/3935/2318 4791/3934/2317
f 4793/3936/2319 4794/3937/2317 4795/3938/2318
f 4795/3938/2318 4796/3939/2320 4793/3936/2319
f 4797/3940/2321 4793/3936/2319 4796/3939/2320
f 4796/3939/2320 4798/3941/2322 4797/3940/2321
f 4799/3942/2323 4797/3940/2321 4798/3941/2322
f 4798/3941/2322 4800/3943/2324 4799/3942/2323
f 4801/3944/2325 4799/3942/2323 4800/3943/2324
f 4800/3943/2324 4802/3945/2326 4801/3944/2325
f 4803/3946/2327 4801/3944/2325 4802/3945/2326
f 4802/3945/2326 4804/3947/2328 4803/3946/2327
f 4805/3948/2329 4790/3933/2316 4788/3931/2314
f 4788/3931/2314 4806/3949/2330 4805/3948/2329
f 4807/3950/2331 4803/3946/2327 4804/3947/2328
f 4804/3947/2328 4808/3951/2332 4807/3950/2331
f 4809/3952/2333 4807/3950/2331 4808/3951/2332
f 4808/3951/2332 4810/3953/2268 4809/3952/2333
f 4811/3954/2334 4742/3885/2271 4740/3883/2269
f 4740/3883/2269 4812/3955/2335 4811/3954/2334
f 4813/3956/2336 4762/3905/2290 4760/3903/2288
f 4760/3903/2288 4814/3957/2337 4813/3956/2336
f 4815/3958/2338 4782/3925/2308 4780/3923/2306
f 4780/3923/2306 4816/3959/2339 4815/3958/2338
f 4817/3960/2340 4802/3945/2326 4800/3943/2324
f 4800/3943/2324 4818/3961/2341 4817/3960/2340
f 4819/3962/2342 4752/3895/2281 4750/3893/2279
f 4750/3893/2279 4820/3963/2343 4819/3962/2342
f 4821/3964/2344 4772/3915/2300 4770/3913/2298
f 4770/3913/2298 4822/3965/2345 4821/3964/2344
f 4823/3966/2346 4795/3938/2318 4824/3967/2316
f 4824/3967/2316 4825/3968/2329 4823/3966/2346
f 4826/3969/2347 4744/3887/2273 4742/3885/2271
f 4742/3885/2271 4811/3954/2334 4826/3969/2347
f 4827/3970/2348 4764/3907/2292 4762/3905/2290
f 4762/3905/2290 4813/3956/2336 4827/3970/2348
f 4828/3971/2349 4784/3927/2310 4782/3925/2308
f 4782/3925/2308 4815/3958/2338 4828/3971/2349
f 4829/3972/2350 4804/3947/2328 4802/3945/2326
f 4802/3945/2326 4817/3960/2340 4829/3972/2350
f 4830/3973/2351 4754/3897/2283 4752/3895/2281
f 4752/3895/2281 4819/3962/2342 4830/3973/2351
f 4831/3974/2352 4776/3919/2302 4775/3918/2300
f 4775/3918/2300 4832/3975/2344 4831/3974/2352
f 4833/3976/2353 4796/3939/2320 4795/3938/2318
f 4795/3938/2318 4823/3966/2346 4833/3976/2353
f 4834/3977/2354 4746/3889/2275 4744/3887/2273
f 4744/3887/2273 4826/3969/2347 4834/3977/2354
f 4835/3978/2355 4766/3909/2294 4764/3907/2292
f 4764/3907/2292 4827/3970/2348 4835/3978/2355
f 4836/3979/2356 4786/3929/2312 4784/3927/2310
f 4784/3927/2310 4828/3971/2349 4836/3979/2356
f 4837/3980/2357 4808/3951/2332 4804/3947/2328
f 4804/3947/2328 4829/3972/2350 4837/3980/2357
f 4838/3981/2358 4758/3901/2286 4757/3900/2283
f 4757/3900/2283 4839/3982/2351 4838/3981/2358
f 4840/3983/2359 4778/3921/2304 4776/3919/2302
f 4776/3919/2302 4831/3974/2352 4840/3983/2359
f 4841/3984/2360 4798/3941/2322 4796/3939/2320
f 4796/3939/2320 4833/3976/2353 4841/3984/2360
f 4842/3985/2361 4748/3891/2277 4746/3889/2275
f 4746/3889/2275 4834/3977/2354 4842/3985/2361
f 4843/3986/2362 4768/3911/2296 4766/3909/2294
f 4766/3909/2294 4835/3978/2355 4843/3986/2362
f 4806/3949/2330 4788/3931/2314 4786/3929/2312
f 4786/3929/2312 4836/3979/2356 4806/3949/2330
f 4812/3955/2335 4740/3883/2269 4739/3882/2268
f 4739/3882/2268 4844/3987/2363 4812/3955/2335
f 4845/3988/2363 4810/3953/2268 4808/3951/2332
f 4808/3951/2332 4837/3980/2357 4845/3988/2363
f 4814/3957/2337 4760/3903/2288 4758/3901/2286
f 4758/3901/2286 4838/3981/2358 4814/3957/2337
f 4816/3959/2339 4780/3923/2306 4778/3921/2304
f 4778/3921/2304 4840/3983/2359 4816/3959/2339
f 4818/3961/2341 4800/3943/2324 4798/3941/2322
f 4798/3941/2322 4841/3984/2360 4818/3961/2341
f 4820/3963/2343 4750/3893/2279 4748/3891/2277
f 4748/3891/2277 4842/3985/2361 4820/3963/2343
f 4822/3965/2345 4770/3913/2298 4768/3911/2296
f 4768/3911/2296 4843/3986/2362 4822/3965/2345
f 4846/3989/2364 4847/3990/2364 4848/3991/2364
f 4846/3989/2364 4848/3991/2364 4849/3992/2364
f 4846/3989/2364 4849/3992/2364 4850/3993/2364
f 4846/3989/2364 4850/3993/2364 4851/3994/2364
f 4846/3989/2364 4851/3994/2364 4852/3995/2364
f 4846/3989/2364 4852/3995/2364 4853/3996/2364
f 4846/3989/2364 4853/3996/2364 4854/3997/2364
f 4846/3989/2364 4854/3997/2364 4855/3998/2364
f 4846/3989/2364 4855/3998/2364 4856/3999/2364
f 4846/3989/2364 4856/3999/2364 4857/4000/2364
f 4846/3989/2364 4857/4000/2364 4858/4001/2364
f 4846/3989/2364 4858/4001/2364 4859/4002/2364
f 4846/3989/2364 4859/4002/2364 4860/4003/2364
f 4846/3989/2364 4860/4003/2364 4861/4004/2364
f 4846/3989/2364 4861/4004/2364 4862/4005/2364
f 4846/3989/2364 4862/4005/2364 4863/4006/2365
f 4846/3989/2364 4863/4006/2365 4864/4007/2364
f 4846/3989/2364 4864/4007/2364 4865/4008/2364
f 4846/3989/2364 4865/4008/2364 4866/4009/2364
f 4846/3989/2364 4866/4009/2364 4867/4010/2364
f 4846/3989/2364 4867/4010/2364 4868/4011/2364
f 4846/3989/2364 4868/4011/2364 4869/4012/2364
f 4846/3989/2364 4869/4012/2364 4870/4013/2364
f 4846/3989/2364 4870/4013/2364 4871/4014/2364
f 4846/3989/2364 4871/4014/2364 4872/4015/2364
f 4846/3989/2364 4872/4015/2364 4873/4016/2364
f 4846/3989/2364 4873/4016/2364 4874/4017/2364
f 4846/3989/2364 4874/4017/2364 4875/4018/2364
f 4846/3989/2364 4875/4018/2364 4876/4019/2364
f 4876/4019/2364 4877/4020/2364 4846/3989/2364
f 4878/4021/2366 4879/4022/2367 4880/4023/2368
f 4880/4023/2368 4881/4024/2369 4878/4021/2366
f 4882/4025/2370 4883/4026/2371 4884/4027/2372
f 4884/4027/2372 4885/4028/2373 4882/4025/2370
f 4220/3384/1784 4219/3383/1783 4886/4029/2374
f 4886/4029/2374 4887/4030/2375 4220/3384/1784
f 4888/4031/2376 4889/4032/2377 4890/4033/2378
f 4890/4033/2378 4891/4034/2379 4888/4031/2376
f 4887/4030/2375 4886/4029/2374 4892/4035/2380
f 4892/4035/2380 4893/4036/2381 4887/4030/2375
f 4894/4037/2382 4895/4038/2383 4896/4039/2384
f 4896/4039/2384 4897/4040/2385 4894/4037/2382
f 4891/4034/2379 4890/4033/2378 4898/4041/2386
f 4898/4041/2386 4899/4042/2387 4891/4034/2379
f 4893/4036/2381 4892/4035/2380 4900/4043/2388
f 4900/4043/2388 4901/4044/2389 4893/4036/2381
f 4899/4042/2387 4898/4041/2386 4902/4045/2390
f 4902/4045/2390 4903/4046/2391 4899/4042/2387
f 4881/4024/2369 4880/4023/2368 4904/4047/2392
f 4904/4047/2392 4905/4048/2393 4881/4024/2369
f 4885/4028/2373 4884/4027/2372 4906/4049/2394
f 4906/4049/2394 4907/4050/2395 4885/4028/2373
f 4903/4046/2391 4902/4045/2390 4908/4051/2396
f 4908/4051/2396 4909/4052/2397 4903/4046/2391
f 4910/4053/2388 4911/4054/2389 4912/4055/2398
f 4912/4055/2398 4913/4056/2399 4910/4053/2388
f 4897/4040/2385 4896/4039/2384 4914/4057/2400
f 4914/4057/2400 4915/4058/2401 4897/4040/2385
f 4909/4052/2397 4908/4051/2396 4916/4059/2402
f 4916/4059/2402 4917/4060/2403 4909/4052/2397
f 4917/4060/2403 4916/4059/2402 4918/4061/2404
f 4918/4061/2404 4919/4062/2405 4917/4060/2403
f 4905/4048/2393 4904/4047/2392 4920/4063/2406
f 4920/4063/2406 4921/4064/2407 4905/4048/2393
f 4907/4050/2395 4906/4049/2394 4922/4065/2408
f 4922/4065/2408 4923/4066/2409 4907/4050/2395
f 4919/4062/2405 4918/4061/2404 4924/4067/2410
f 4924/4067/2410 4925/4068/2411 4919/4062/2405
f 4913/4056/2399 4912/4055/2398 4926/4069/2412
f 4926/4069/2412 4927/4070/2413 4913/4056/2399
f 4915/4058/2401 4914/4057/2400 4928/4071/2414
f 4928/4071/2414 4929/4072/2415 4915/4058/2401
f 4925/4068/2411 4924/4067/2410 4930/4073/2416
f 4930/4073/2416 4931/4074/2417 4925/4068/2411
f 4932/4075/2418 4933/4076/2419 4934/4077/2420
f 4934/4077/2420 4935/4078/2421 4932/4075/2418
f 4921/4064/2407 4920/4063/2406 4936/4079/2422
f 4936/4079/2422 4937/4080/2423 4921/4064/2407
f 4923/4066/2409 4922/4065/2408 4938/4081/2376
f 4938/4081/2376 4939/4082/2377 4923/4066/2409
f 4935/4078/2421 4934/4077/2420 4940/4083/2424
f 4940/4083/2424 4941/4084/2425 4935/4078/2421
f 4927/4070/2413 4926/4069/2412 4879/4022/2367
f 4879/4022/2367 4878/4021/2366 4927/4070/2413
f 4929/4072/2415 4928/4071/2414 4883/4026/2371
f 4883/4026/2371 4882/4025/2370 4929/4072/2415
f 4941/4084/2425 4940/4083/2424 4942/4085/2426
f 4942/4085/2426 4943/4086/2427 4941/4084/2425
f 4943/4086/2427 4942/4085/2426 4218/3382/1782
f 4218/3382/1782 4217/3381/1781 4943/4086/2427
f 4937/4080/2423 4936/4079/2422 4944/4087/2428
f 4944/4087/2428 4945/4088/2382 4937/4080/2423
f 4443/3607/1993 4527/3689/2072 4397/3561/1950
f 4397/3561/1950 4444/3608/1994 4443/3607/1993
f 4471/3635/2021 4387/3551/1940 4390/3554/1943
f 4390/3554/1943 4472/3636/2022 4471/3635/2021
f 4470/3634/2020 4545/3705/2089 4387/3551/1940
f 4387/3551/1940 4471/3635/2021 4470/3634/2020
f 4469/3633/2019 4563/3722/2105 4545/3705/2089
f 4545/3705/2089 4470/3634/2020 4469/3633/2019
f 4468/3632/2018 4566/3725/2107 4563/3722/2105
f 4563/3722/2105 4469/3633/2019 4468/3632/2018
f 4467/3631/2017 4568/3727/2109 4566/3725/2107
f 4566/3725/2107 4468/3632/2018 4467/3631/2017
f 4466/3630/2016 4946/4089/2429 4568/3727/2109
f 4568/3727/2109 4467/3631/2017 4466/3630/2016
f 4465/3629/2015 4947/4090/2430 4946/4089/2429
f 4946/4089/2429 4466/3630/2016 4465/3629/2015
f 4464/3628/2014 4948/4091/2431 4947/4090/2430
f 4947/4090/2430 4465/3629/2015 4464/3628/2014
f 4463/3627/2013 4949/4092/2432 4948/4091/2431
f 4948/4091/2431 4464/3628/2014 4463/3627/2013
f 4462/3626/2012 4950/4093/2433 4949/4092/2432
f 4949/4092/2432 4463/3627/2013 4462/3626/2012
f 4461/3625/2011 4951/4094/2071 4950/4093/2433
f 4950/4093/2433 4462/3626/2012 4461/3625/2011
f 4460/3624/2010 4952/4095/2434 4951/4094/2071
f 4951/4094/2071 4461/3625/2011 4460/3624/2010
f 4459/3623/2009 4953/4096/2088 4952/4095/2434
f 4952/4095/2434 4460/3624/2010 4459/3623/2009
f 4458/3622/2008 4954/4097/2435 4953/4096/2088
f 4953/4096/2088 4459/3623/2009 4458/3622/2008
f 4457/3621/2007 4955/4098/2436 4954/4097/2435
f 4954/4097/2435 4458/3622/2008 4457/3621/2007
f 4456/3620/2006 4956/4099/2437 4955/4098/2436
f 4955/4098/2436 4457/3621/2007 4456/3620/2006
f 4455/3619/2005 4957/4100/2106 4956/4099/2437
f 4956/4099/2437 4456/3620/2006 4455/3619/2005
f 4454/3618/2004 4958/4101/1979 4957/4100/2106
f 4957/4100/2106 4455/3619/2005 4454/3618/2004
f 4453/3617/2003 4959/4102/2438 4958/4101/1979
f 4958/4101/1979 4454/3618/2004 4453/3617/2003
f 4452/3616/2002 4519/3681/2064 4959/4102/2438
f 4959/4102/2438 4453/3617/2003 4452/3616/2002
f 4451/3615/2001 4516/3678/2061 4519/3681/2064
f 4519/3681/2064 4452/3616/2002 4451/3615/2001
f 4450/3614/2000 4521/3683/2066 4516/3678/2061
f 4516/3678/2061 4451/3615/2001 4450/3614/2000
f 4449/3613/1999 4523/3685/2068 4521/3683/2066
f 4521/3683/2066 4450/3614/2000 4449/3613/1999
f 4448/3612/1998 4525/3687/2070 4523/3685/2068
f 4523/3685/2068 4449/3613/1999 4448/3612/1998
f 4444/3608/1994 4397/3561/1950 4396/3560/1949
f 4396/3560/1949 4445/3609/1995 4444/3608/1994
f 4601/3759/2139 4442/3606/1992 4473/3637/2023
f 4473/3637/2023 4663/3813/2195 4601/3759/2139
f 4676/3824/2207 4447/3611/1997 4446/3610/1996
f 4446/3610/1996 4553/3713/2096 4676/3824/2207
f 4527/3689/2072 4443/3607/1993 4442/3606/1992
f 4442/3606/1992 4601/3759/2139 4527/3689/2072
f 4445/3609/1995 4396/3560/1949 4553/3713/2096
f 4553/3713/2096 4446/3610/1996 4445/3609/1995
f 4447/3611/1997 4676/3824/2207 4525/3687/2070
f 4525/3687/2070 4448/3612/1998 4447/3611/1997
f 4472/3636/2022 4390/3554/1943 4663/3813/2195
f 4663/3813/2195 4473/3637/2023 4472/3636/2022
f 4528/3690/2073 4527/3689/2072 4601/3759/2139
f 4601/3759/2139 4595/3753/2134 4528/3690/2073
f 4960/4103/2439 4961/4104/2439 4962/4105/2440
f 4962/4105/2440 4963/4106/2440 4960/4103/2439
f 4964/4107/2441 4965/4108/2442 4966/4109/2443
f 4966/4109/2443 4967/4110/2444 4964/4107/2441
f 4968/4111/2445 4969/4112/2446 4961/4104/2439
f 4961/4104/2439 4960/4103/2439 4968/4111/2445
f 4970/4113/2447 4971/4114/2448 4972/4115/2449
f 4972/4115/2449 4973/4116/2449 4970/4113/2447
f 4974/4117/2450 4975/4118/2451 4976/4119/2452
f 4976/4119/2452 4977/4120/2452 4974/4117/2450
f 4978/4121/2453 4979/4122/2454 4969/4112/2446
f 4969/4112/2446 4968/4111/2445 4978/4121/2453
f 4980/4123/2455 4981/4124/2456 4982/4125/2457
f 4982/4125/2457 4983/4126/2458 4980/4123/2455
f 4984/4127/2459 4985/4128/2460 4979/4122/2454
f 4979/4122/2454 4978/4121/2453 4984/4127/2459
f 4967/4110/2444 4966/4109/2443 4986/4129/2461
f 4986/4129/2461 4987/4130/2462 4967/4110/2444
f 4988/4131/2463 4989/4132/2464 4985/4128/2460
f 4985/4128/2460 4984/4127/2459 4988/4131/2463
f 4977/4120/2452 4976/4119/2452 4990/4133/2465
f 4990/4133/2465 4991/4134/2466 4977/4120/2452
f 4992/4135/2467 4993/4136/2468 4989/4132/2464
f 4989/4132/2464 4988/4131/2463 4992/4135/2467
f 4973/4116/2449 4972/4115/2449 4994/4137/2469
f 4994/4137/2469 4995/4138/2469 4973/4116/2449
f 4983/4126/2458 4982/4125/2457 4996/4139/2470
f 4996/4139/2470 4997/4140/2471 4983/4126/2458
f 4998/4141/2472 4999/4142/2473 4993/4136/2468
f 4993/4136/2468 4992/4135/2467 4998/4141/2472
f 4987/4130/2462 4986/4129/2461 5000/4143/2474
f 5000/4143/2474 5001/4144/2475 4987/4130/2462
f 5002/4145/2476 5003/4146/2477 4999/4142/2473
f 4999/4142/2473 4998/4141/2472 5002/4145/2476
f 4991/4134/2466 4990/4133/2465 5004/4147/2478
f 5004/4147/2478 5005/4148/2479 4991/4134/2466
f 5006/4149/2480 5007/4150/2481 5003/4146/2477
f 5003/4146/2477 5002/4145/2476 5006/4149/2480
f 4997/4140/2471 4996/4139/2470 5008/4151/2482
f 5008/4151/2482 5009/4152/2482 4997/4140/2471
f 5010/4153/2483 5011/4154/2484 5007/4150/2481
f 5007/4150/2481 5006/4149/2480 5010/4153/2483
f 5012/4155/2485 5013/4156/2486 5014/4157/2487
f 5014/4157/2487 5015/4158/2488 5012/4155/2485
f 5001/4144/2475 5000/4143/2474 5016/4159/2489
f 5016/4159/2489 5017/4160/2490 5001/4144/2475
f 5018/4161/2491 5019/4162/2491 5011/4154/2484
f 5011/4154/2484 5010/4153/2483 5018/4161/2491
f 5020/4163/2492 5021/4164/2493 5013/4156/2486
f 5013/4156/2486 5012/4155/2485 5020/4163/2492
f 5005/4148/2479 5004/4147/2478 5022/4165/2494
f 5022/4165/2494 5023/4166/2495 5005/4148/2479
f 5024/4167/2496 5025/4168/2497 5019/4162/2491
f 5019/4162/2491 5018/4161/2491 5024/4167/2496
f 5026/4169/2498 5027/4170/2499 5021/4164/2493
f 5021/4164/2493 5020/4163/2492 5026/4169/2498
f 5009/4152/2482 5008/4151/2482 5028/4171/2500
f 5028/4171/2500 5029/4172/2501 5009/4152/2482
f 5030/4173/2502 5031/4174/2503 5025/4168/2497
f 5025/4168/2497 5024/4167/2496 5030/4173/2502
f 5032/4175/2504 5033/4176/2505 5027/4170/2499
f 5027/4170/2499 5026/4169/2498 5032/4175/2504
f 5017/4160/2490 5016/4159/2489 5034/4177/2506
f 5034/4177/2506 5035/4178/2507 5017/4160/2490
f 5036/4179/2508 5037/4180/2509 5031/4174/2503
f 5031/4174/2503 5030/4173/2502 5036/4179/2508
f 5038/4181/2510 5039/4182/2511 5040/4183/2512
f 5040/4183/2512 5041/4184/2513 5038/4181/2510
f 5042/4185/2514 5043/4186/2515 5044/4187/2516
f 5044/4187/2516 5045/4188/2517 5042/4185/2514
f 5046/4189/2518 5047/4190/2518 5033/4176/2505
f 5033/4176/2505 5032/4175/2504 5046/4189/2518
f 5023/4166/2495 5022/4165/2494 5048/4191/2519
f 5048/4191/2519 5049/4192/2520 5023/4166/2495
f 5015/4158/2488 5014/4157/2487 5037/4180/2509
f 5037/4180/2509 5036/4179/2508 5015/4158/2488
f 5050/4193/2521 5051/4194/2522 5047/4190/2518
f 5047/4190/2518 5046/4189/2518 5050/4193/2521
f 5029/4172/2501 5028/4171/2500 5052/4195/2523
f 5052/4195/2523 5053/4196/2524 5029/4172/2501
f 5054/4197/2525 5055/4198/2526 5051/4194/2522
f 5051/4194/2522 5050/4193/2521 5054/4197/2525
f 5035/4178/2507 5034/4177/2506 5056/4199/2527
f 5056/4199/2527 5057/4200/2527 5035/4178/2507
f 4995/4138/2469 4994/4137/2469 5058/4201/2528
f 5058/4201/2528 5059/4202/2528 4995/4138/2469
f 5060/4203/2529 5061/4204/2530 5055/4198/2526
f 5055/4198/2526 5054/4197/2525 5060/4203/2529
f 5049/4192/2520 5048/4191/2519 5062/4205/2531
f 5062/4205/2531 5063/4206/2532 5049/4192/2520
f 5064/4207/2533 5065/4208/2534 5061/4204/2530
f 5061/4204/2530 5060/4203/2529 5064/4207/2533
f 5053/4196/2524 5052/4195/2523 5066/4209/2535
f 5066/4209/2535 5067/4210/2536 5053/4196/2524
f 5068/4211/2537 5069/4212/2538 5065/4208/2534
f 5065/4208/2534 5064/4207/2533 5068/4211/2537
f 5057/4200/2527 5056/4199/2527 5070/4213/2539
f 5070/4213/2539 5071/4214/2540 5057/4200/2527
f 5059/4202/2528 5058/4201/2528 5072/4215/2541
f 5072/4215/2541 5073/4216/2542 5059/4202/2528
f 5074/4217/2543 5075/4218/2544 5069/4212/2538
f 5069/4212/2538 5068/4211/2537 5074/4217/2543
f 5063/4206/2532 5062/4205/2531 5076/4219/2545
f 5076/4219/2545 5077/4220/2546 5063/4206/2532
f 5078/4221/2547 5079/4222/2548 5075/4218/2544
f 5075/4218/2544 5074/4217/2543 5078/4221/2547
f 5067/4210/2536 5066/4209/2535 5080/4223/2549
f 5080/4223/2549 5081/4224/2550 5067/4210/2536
s 0
f 5082/4225/2551 5083/4226/2551 5079/4222/2547
s 1
f 5079/4222/2548 5078/4221/2547 5082/4225/2551
f 5071/4214/2540 5070/4213/2539 5084/4227/2552
f 5084/4227/2552 5085/4228/2553 5071/4214/2540
f 5073/4216/2542 5072/4215/2541 5086/4229/2554
f 5086/4229/2554 5087/4230/2555 5073/4216/2542
f 5088/4231/2556 5089/4232/2556 5083/4226/2557
f 5083/4226/2557 5082/4225/2558 5088/4231/2556
f 5077/4220/2546 5076/4219/2545 5090/4233/2559
f 5090/4233/2559 5091/4234/2560 5077/4220/2546
f 5092/4235/2561 5093/4236/2561 5089/4232/2556
f 5089/4232/2556 5088/4231/2556 5092/4235/2561
f 5081/4224/2550 5080/4223/2549 4965/4108/2442
f 4965/4108/2442 4964/4107/2441 5081/4224/2550
f 5094/4237/2562 5095/4238/2563 5093/4236/2561
f 5093/4236/2561 5092/4235/2561 5094/4237/2562
f 5085/4228/2553 5084/4227/2552 4971/4114/2448
f 4971/4114/2448 4970/4113/2447 5085/4228/2553
f 5087/4230/2555 5086/4229/2554 4975/4118/2451
f 4975/4118/2451 4974/4117/2450 5087/4230/2555
f 4963/4106/2440 4962/4105/2440 5095/4238/2563
f 5095/4238/2563 5094/4237/2562 4963/4106/2440
f 5091/4234/2560 5090/4233/2559 4981/4124/2456
f 4981/4124/2456 4980/4123/2455 5091/4234/2560
f 5096/4239/2564 5097/4240/2565 5098/4241/2566
f 5098/4241/2566 5099/4242/2567 5096/4239/2564
f 5100/4243/2568 5101/4244/2569 5102/4245/2570
f 5102/4245/2570 5103/4246/2571 5100/4243/2568
f 5104/4247/2572 5105/4248/2573 5106/4249/2574
f 5106/4249/2574 5107/4250/2575 5104/4247/2572
f 5108/4251/2576 5109/4252/2577 5043/4186/2515
f 5043/4186/2515 5042/4185/2514 5108/4251/2576
f 5110/4253/2578 5111/4254/2579 5101/4244/2569
f 5101/4244/2569 5100/4243/2568 5110/4253/2578
f 5112/4255/2580 5113/4256/2581 5105/4248/2573
f 5105/4248/2573 5104/4247/2572 5112/4255/2580
f 5114/4257/2582 5115/4258/2583 5109/4252/2577
f 5109/4252/2577 5108/4251/2576 5114/4257/2582
f 5116/4259/2584 5117/4260/2585 5111/4254/2579
f 5111/4254/2579 5110/4253/2578 5116/4259/2584
f 5118/4261/2586 5119/4262/2587 5113/4256/2581
f 5113/4256/2581 5112/4255/2580 5118/4261/2586
f 5120/4263/2588 5121/4264/2589 5115/4258/2583
f 5115/4258/2583 5114/4257/2582 5120/4263/2588
f 5122/4265/2590 5123/4266/2591 5119/4262/2587
f 5119/4262/2587 5118/4261/2586 5122/4265/2590
f 5124/4267/2592 5125/4268/2593 5121/4264/2589
f 5121/4264/2589 5120/4263/2588 5124/4267/2592
f 5126/4269/2594 5127/4270/2595 5123/4266/2591
f 5123/4266/2591 5122/4265/2590 5126/4269/2594
f 5128/4271/2596 5129/4272/2597 5125/4268/2593
f 5125/4268/2593 5124/4267/2592 5128/4271/2596
f 5130/4273/2598 5131/4274/2599 5127/4270/2595
f 5127/4270/2595 5126/4269/2594 5130/4273/2598
f 5132/4275/2600 5133/4276/2601 5134/4277/2602
f 5134/4277/2602 5135/4278/2596 5132/4275/2600
f 5136/4279/2603 5137/4280/2604 5131/4274/2599
f 5131/4274/2599 5130/4273/2598 5136/4279/2603
f 5138/4281/2605 5139/4282/2606 5133/4276/2601
f 5133/4276/2601 5132/4275/2600 5138/4281/2605
f 5140/4283/2607 5141/4284/2608 5137/4280/2604
f 5137/4280/2604 5136/4279/2603 5140/4283/2607
f 5142/4285/2609 5143/4286/2610 5139/4282/2606
f 5139/4282/2606 5138/4281/2605 5142/4285/2609
f 5144/4287/2611 5145/4288/2612 5146/4289/2613
f 5146/4289/2613 5147/4290/2614 5144/4287/2611
f 5148/4291/2615 5149/4292/2616 5143/4286/2610
f 5143/4286/2610 5142/4285/2609 5148/4291/2615
f 5150/4293/2617 5151/4294/2618 5145/4288/2612
f 5145/4288/2612 5144/4287/2611 5150/4293/2617
f 5152/4295/2619 5153/4296/2620 5149/4292/2616
f 5149/4292/2616 5148/4291/2615 5152/4295/2619
f 5154/4297/2621 5155/4298/2622 5151/4294/2618
f 5151/4294/2618 5150/4293/2617 5154/4297/2621
f 5156/4299/2623 5157/4300/2624 5153/4296/2620
f 5153/4296/2620 5152/4295/2619 5156/4299/2623
f 5158/4301/2625 5159/4302/2626 5160/4303/2585
f 5160/4303/2585 5161/4304/2584 5158/4301/2625
f 5162/4305/2627 5163/4306/2628 5155/4298/2622
f 5155/4298/2622 5154/4297/2621 5162/4305/2627
f 5164/4307/2629 5165/4308/2630 5157/4300/2624
f 5157/4300/2624 5156/4299/2623 5164/4307/2629
f 5045/4188/2517 5044/4187/2516 5159/4302/2626
f 5159/4302/2626 5158/4301/2625 5045/4188/2517
f 5103/4246/2571 5102/4245/2570 5163/4306/2628
f 5163/4306/2628 5162/4305/2627 5103/4246/2571
f 5166/4309/2575 5167/4310/2574 5165/4308/2630
f 5165/4308/2630 5164/4307/2629 5166/4309/2575
f 5168/4311/2631 5169/4312/2632 5170/4313/2633
f 5170/4313/2633 5171/4314/2634 5168/4311/2631
f 5172/4315/2635 5173/4316/2636 5174/4317/2637
f 5174/4317/2637 5175/4318/2638 5172/4315/2635
f 5176/4319/2639 5177/4320/2640 5097/4240/2565
f 5097/4240/2565 5096/4239/2564 5176/4319/2639
f 5178/4321/2641 5179/4322/2642 5173/4316/2636
f 5173/4316/2636 5172/4315/2635 5178/4321/2641
f 5180/4323/2643 5181/4324/2644 5177/4320/2640
f 5177/4320/2640 5176/4319/2639 5180/4323/2643
f 5182/4325/2645 5183/4326/2646 5179/4322/2642
f 5179/4322/2642 5178/4321/2641 5182/4325/2645
f 5169/4312/2632 5184/4327/2647 5185/4328/2644
f 5185/4328/2644 5170/4313/2633 5169/4312/2632
f 5186/4329/2648 5187/4330/2649 5183/4326/2646
f 5183/4326/2646 5182/4325/2645 5186/4329/2648
f 5188/4331/2650 5189/4332/2651 5184/4327/2647
f 5184/4327/2647 5169/4312/2632 5188/4331/2650
f 5190/4333/2652 5191/4334/2653 5187/4330/2649
f 5187/4330/2649 5186/4329/2648 5190/4333/2652
f 5192/4335/2654 5193/4336/2655 5189/4332/2651
f 5189/4332/2651 5188/4331/2650 5192/4335/2654
f 5194/4337/2656 5195/4338/2657 5191/4334/2653
f 5191/4334/2653 5190/4333/2652 5194/4337/2656
f 5196/4339/2658 5197/4340/2659 5193/4336/2655
f 5193/4336/2655 5192/4335/2654 5196/4339/2658
f 5198/4341/2660 5199/4342/2661 5200/4343/2662
f 5200/4343/2662 5201/4344/2656 5198/4341/2660
f 5202/4345/2663 5203/4346/2664 5197/4340/2659
f 5197/4340/2659 5196/4339/2658 5202/4345/2663
f 5204/4347/2665 5205/4348/2666 5199/4342/2661
f 5199/4342/2661 5198/4341/2660 5204/4347/2665
f 5206/4349/2667 5207/4350/2668 5203/4346/2664
f 5203/4346/2664 5202/4345/2663 5206/4349/2667
f 5208/4351/2669 5209/4352/2670 5210/4353/2671
f 5210/4353/2671 5211/4354/2672 5208/4351/2669
f 5212/4355/2673 5213/4356/2674 5205/4348/2666
f 5205/4348/2666 5204/4347/2665 5212/4355/2673
f 5214/4357/2675 5215/4358/2676 5207/4350/2668
f 5207/4350/2668 5206/4349/2667 5214/4357/2675
f 5216/4359/2677 5217/4360/2678 5218/4361/2679
f 5218/4361/2679 5219/4362/2680 5216/4359/2677
f 5220/4363/2681 5221/4364/2682 5213/4356/2674
f 5213/4356/2674 5212/4355/2673 5220/4363/2681
f 5222/4365/2683 5223/4366/2684 5215/4358/2676
f 5215/4358/2676 5214/4357/2675 5222/4365/2683
f 5224/4367/2685 5042/4185/2514 5045/4188/2517
f 5224/4367/2685 5045/4188/2517 5225/4368/2686
f 5225/4368/2686 5226/4369/2687 5224/4367/2685
f 5227/4370/2688 5228/4371/2689 5229/4372/2690
f 5229/4372/2690 5230/4373/2691 5227/4370/2688
f 5231/4374/2692 5232/4375/2693 5233/4376/2684
f 5233/4376/2684 5234/4377/2683 5231/4374/2692
f 5235/4378/2694 5236/4379/2695 5224/4367/2685
f 5224/4367/2685 5237/4380/2696 5235/4378/2694
f 5238/4381/2697 5239/4382/2697 5240/4383/2698
f 5240/4383/2698 5241/4384/2699 5238/4381/2697
f 5242/4385/2700 5243/4386/2701 5232/4375/2693
f 5232/4375/2693 5231/4374/2692 5242/4385/2700
f 5099/4242/2567 5098/4241/2566 5236/4379/2695
f 5236/4379/2695 5235/4378/2694 5099/4242/2567
f 5225/4368/2686 5045/4188/2517 5158/4301/2625
f 5225/4368/2686 5158/4301/2625 5244/4387/2702
f 5244/4387/2702 5245/4388/2703 5225/4368/2686
f 5175/4318/2638 5174/4317/2637 5243/4386/2701
f 5243/4386/2701 5242/4385/2700 5175/4318/2638
f 5246/4389/2704 5247/4390/2705 5248/4391/2706
f 5248/4391/2706 5249/4392/2707 5246/4389/2704
f 5247/4390/2705 5186/4329/2648 5182/4325/2645
f 5182/4325/2645 5248/4391/2706 5247/4390/2705
f 5250/4393/2708 5188/4331/2650 5169/4312/2632
f 5169/4312/2632 5168/4311/2631 5250/4393/2708
f 5251/4394/2709 5190/4333/2652 5186/4329/2648
f 5186/4329/2648 5247/4390/2705 5251/4394/2709
f 5252/4395/2710 5192/4335/2654 5188/4331/2650
f 5188/4331/2650 5250/4393/2708 5252/4395/2710
f 5253/4396/2711 5194/4337/2656 5190/4333/2652
f 5190/4333/2652 5251/4394/2709 5253/4396/2711
f 5254/4397/2712 5196/4339/2658 5192/4335/2654
f 5192/4335/2654 5252/4395/2710 5254/4397/2712
f 5255/4398/2713 5198/4341/2660 5201/4344/2656
f 5201/4344/2656 5256/4399/2711 5255/4398/2713
f 5257/4400/2714 5202/4345/2663 5196/4339/2658
f 5196/4339/2658 5254/4397/2712 5257/4400/2714
f 5258/4401/2715 5204/4347/2665 5198/4341/2660
f 5198/4341/2660 5255/4398/2713 5258/4401/2715
f 5259/4402/2716 5206/4349/2667 5202/4345/2663
f 5202/4345/2663 5257/4400/2714 5259/4402/2716
f 5260/4403/2717 5261/4404/2718 5262/4405/2719
f 5260/4403/2717 5262/4405/2719 5263/4406/2720
f 5260/4403/2717 5263/4406/2720 5264/4407/2721
f 5260/4403/2717 5264/4407/2721 5265/4408/2722
f 5260/4403/2717 5265/4408/2722 5266/4409/2723
f 5260/4403/2717 5266/4409/2723 5267/4410/2724
f 5260/4403/2717 5267/4410/2724 5268/4411/2725
f 5260/4403/2717 5268/4411/2725 5269/4412/2726
f 5260/4403/2717 5269/4412/2726 5270/4413/2727
f 5260/4403/2717 5270/4413/2727 5271/4414/2728
f 5260/4403/2717 5271/4414/2728 5272/4415/2729
f 5260/4403/2717 5272/4415/2729 5273/4416/2730
f 5260/4403/2717 5273/4416/2730 5274/4417/2731
f 5260/4403/2717 5274/4417/2731 5275/4418/2732
f 5260/4403/2717 5275/4418/2732 5276/4419/2733
f 5260/4403/2717 5276/4419/2733 5277/4420/2734
f 5260/4403/2717 5277/4420/2734 5278/4421/2735
f 5260/4403/2717 5278/4421/2735 5279/4422/2736
f 5260/4403/2717 5279/4422/2736 5280/4423/2737
f 5260/4403/2717 5280/4423/2737 5281/4424/2738
f 5260/4403/2717 5281/4424/2738 5282/4425/2739
f 5260/4403/2717 5282/4425/2739 5283/4426/2740
f 5260/4403/2717 5283/4426/2740 5284/4427/2741
f 5260/4403/2717 5284/4427/2741 5285/4428/2742
f 5260/4403/2717 5285/4428/2742 5286/4429/2743
f 5260/4403/2717 5286/4429/2743 5287/4430/2744
f 5260/4403/2717 5287/4430/2744 5288/4431/2745
f 5260/4403/2717 5288/4431/2745 5289/4432/2746
f 5260/4403/2717 5289/4432/2746 5290/4433/2747
f 5290/4433/2747 5291/4434/2748 5260/4403/2717
f 5292/4435/2749 5212/4355/2673 5204/4347/2665
f 5204/4347/2665 5258/4401/2715 5292/4435/2749
f 5293/4436/2750 5214/4357/2675 5206/4349/2667
f 5206/4349/2667 5259/4402/2716 5293/4436/2750
f 5294/4437/2751 5295/4438/2752 5296/4439/2753
f 5296/4439/2753 5297/4440/2754 5294/4437/2751
f 5298/4441/2755 5299/4442/2681 5300/4443/2756
f 5300/4443/2756 5301/4444/2757 5298/4441/2755
f 5302/4445/2758 5222/4365/2683 5214/4357/2675
f 5214/4357/2675 5293/4436/2750 5302/4445/2758
f 5303/4446/2759 5237/4380/2696 5304/4447/2753
f 5304/4447/2753 5305/4448/2760 5303/4446/2759
f 5306/4449/2761 5307/4450/2762 5220/4363/2681
f 5220/4363/2681 5308/4451/2763 5306/4449/2761
f 5309/4452/2764 5231/4374/2692 5234/4377/2683
f 5234/4377/2683 5310/4453/2758 5309/4452/2764
f 5311/4454/2765 5312/4455/2766 5313/4456/2767
f 5313/4456/2767 5314/4457/2768 5311/4454/2765
f 5315/4458/2769 5316/4459/2770 5239/4382/2697
f 5239/4382/2697 5238/4381/2697 5315/4458/2769
f 5317/4460/2771 5242/4385/2700 5231/4374/2692
f 5231/4374/2692 5309/4452/2764 5317/4460/2771
f 5318/4461/2772 5099/4242/2567 5235/4378/2694
f 5235/4378/2694 5319/4462/2773 5318/4461/2772
f 5237/4380/2696 5224/4367/2685 5320/4369/2774
f 5237/4380/2696 5320/4369/2774 5321/4463/2774
f 5321/4463/2774 5304/4447/2753 5237/4380/2696
f 5322/4464/2775 5175/4318/2638 5242/4385/2700
f 5242/4385/2700 5317/4460/2771 5322/4464/2775
f 5323/4465/2776 5096/4239/2564 5099/4242/2567
f 5099/4242/2567 5318/4461/2772 5323/4465/2776
f 5324/4466/2777 5172/4315/2635 5175/4318/2638
f 5175/4318/2638 5322/4464/2775 5324/4466/2777
f 5325/4467/2778 5176/4319/2639 5096/4239/2564
f 5096/4239/2564 5323/4465/2776 5325/4467/2778
f 5326/4468/2779 5178/4321/2641 5172/4315/2635
f 5172/4315/2635 5324/4466/2777 5326/4468/2779
f 5171/4314/2634 5170/4313/2633 5327/4469/2639
f 5327/4469/2639 5328/4470/2778 5171/4314/2634
f 5248/4391/2706 5182/4325/2645 5178/4321/2641
f 5178/4321/2641 5326/4468/2779 5248/4391/2706
f 5329/4471/2780 5330/4446/2781 5331/4448/2782
f 5331/4448/2782 5332/4472/2783 5329/4471/2780
f 5333/4473/2784 5250/4393/2708 5168/4311/2631
f 5168/4311/2631 5334/4474/2785 5333/4473/2784
f 5335/4475/2786 5251/4394/2709 5247/4390/2705
f 5247/4390/2705 5246/4389/2704 5335/4475/2786
f 5336/4476/2787 5252/4395/2710 5250/4393/2708
f 5250/4393/2708 5333/4473/2784 5336/4476/2787
f 5337/4477/2788 5338/4478/2789 5339/4479/2790
f 5339/4479/2790 5340/4480/2791 5337/4477/2788
f 5341/4481/2792 5254/4397/2712 5252/4395/2710
f 5252/4395/2710 5336/4476/2787 5341/4481/2792
f 5342/4482/2793 5343/4483/2794 5338/4478/2789
f 5338/4478/2789 5337/4477/2788 5342/4482/2793
f 5344/4484/2795 5257/4400/2714 5254/4397/2712
f 5254/4397/2712 5341/4481/2792 5344/4484/2795
f 5345/4485/2796 5346/4486/2797 5343/4483/2794
f 5343/4483/2794 5342/4482/2793 5345/4485/2796
f 5347/4487/2798 5259/4402/2716 5257/4400/2714
f 5257/4400/2714 5344/4484/2795 5347/4487/2798
f 5348/4488/2799 5349/4489/2800 5346/4486/2797
f 5346/4486/2797 5345/4485/2796 5348/4488/2799
f 5350/4490/2801 5293/4436/2750 5259/4402/2716
f 5259/4402/2716 5347/4487/2798 5350/4490/2801
f 5219/4362/2680 5218/4361/2679 5351/4491/2802
f 5351/4491/2802 5352/4492/2803 5219/4362/2680
f 5353/4493/2804 5354/4451/2805 5355/4435/2806
f 5353/4493/2804 5355/4435/2806 5356/4494/2807
f 5353/4493/2804 5356/4494/2807 5357/4495/2808
f 5353/4493/2804 5357/4495/2808 5358/4496/2809
f 5358/4496/2809 5359/4497/2810 5353/4493/2804
f 5360/4498/2811 5302/4445/2758 5293/4436/2750
f 5293/4436/2750 5350/4490/2801 5360/4498/2811
f 5361/4499/2812 5362/4500/2813 5363/4501/2814
f 5363/4501/2814 5364/4502/2815 5361/4499/2812
f 5365/4503/2816 5366/4449/2817 5354/4451/2805
f 5354/4451/2805 5353/4493/2804 5365/4503/2816
f 5367/4504/2818 5309/4452/2764 5310/4453/2758
f 5310/4453/2758 5368/4505/2811 5367/4504/2818
f 5369/4506/2819 5370/4507/2820 5209/4352/2670
f 5209/4352/2670 5208/4351/2669 5369/4506/2819
f 5371/4508/2821 5372/4509/2761 5373/4510/2822
f 5373/4510/2822 5374/4511/2823 5371/4508/2821
f 5375/4512/2824 5317/4460/2771 5309/4452/2764
f 5309/4452/2764 5367/4504/2818 5375/4512/2824
f 5376/4513/2825 5377/4514/2826 5217/4360/2678
f 5217/4360/2678 5216/4359/2677 5376/4513/2825
f 5364/4502/2815 5363/4501/2814 5372/4509/2761
f 5372/4509/2761 5371/4508/2821 5364/4502/2815
f 5378/4515/2827 5322/4464/2775 5317/4460/2771
f 5317/4460/2771 5375/4512/2824 5378/4515/2827
f 5379/4516/2828 5380/4462/2829 5330/4446/2781
f 5379/4516/2828 5330/4446/2781 5329/4471/2780
f 5379/4516/2828 5329/4471/2780 5381/4517/2830
f 5379/4516/2828 5381/4517/2830 5382/4518/2831
f 5382/4518/2831 5383/4519/2829 5379/4516/2828
f 5384/4520/2832 5100/4243/2568 5103/4246/2571
f 5384/4520/2832 5103/4246/2571 5221/4364/2682
f 5221/4364/2682 5385/4521/2833 5384/4520/2832
f 5386/4522/2834 5324/4466/2777 5322/4464/2775
f 5322/4464/2775 5378/4515/2827 5386/4522/2834
f 5387/4523/2835 5388/4524/2836 5370/4507/2820
f 5370/4507/2820 5369/4506/2819 5387/4523/2835
f 5389/4525/2837 5326/4468/2779 5324/4466/2777
f 5324/4466/2777 5386/4522/2834 5389/4525/2837
f 5390/4526/2838 5391/4527/2839 5388/4524/2836
f 5388/4524/2836 5387/4523/2835 5390/4526/2838
f 5249/4392/2707 5248/4391/2706 5326/4468/2779
f 5326/4468/2779 5389/4525/2837 5249/4392/2707
f 5392/4528/2840 5393/4529/2841 5391/4527/2839
f 5391/4527/2839 5390/4526/2838 5392/4528/2840
f 5174/4317/2637 5118/4261/2586 5112/4255/2580
f 5112/4255/2580 5243/4386/2701 5174/4317/2637
f 5394/4530/2842 5116/4259/2584 5110/4253/2578
f 5110/4253/2578 5395/4531/2843 5394/4530/2842
f 5098/4241/2566 5114/4257/2582 5108/4251/2576
f 5108/4251/2576 5236/4379/2695 5098/4241/2566
f 5243/4386/2701 5112/4255/2580 5104/4247/2572
f 5104/4247/2572 5232/4375/2693 5243/4386/2701
f 5307/4450/2762 5396/4532/2844 5397/4521/2844
f 5307/4450/2762 5397/4521/2844 5221/4364/2682
f 5221/4364/2682 5220/4363/2681 5307/4450/2762
f 5236/4379/2695 5108/4251/2576 5042/4185/2514
f 5042/4185/2514 5224/4367/2685 5236/4379/2695
f 5232/4375/2693 5104/4247/2572 5107/4250/2575
f 5107/4250/2575 5233/4376/2684 5232/4375/2693
f 5241/4384/2699 5240/4383/2698 5398/4533/2845
f 5398/4533/2845 5399/4534/2846 5241/4384/2699
f 5400/4535/2847 5401/4536/2848 5316/4459/2770
f 5316/4459/2770 5315/4458/2769 5400/4535/2847
f 5223/4366/2684 5166/4309/2575 5164/4307/2629
f 5164/4307/2629 5215/4358/2676 5223/4366/2684
f 5221/4364/2682 5103/4246/2571 5162/4305/2627
f 5162/4305/2627 5213/4356/2674 5221/4364/2682
f 5402/4537/2754 5304/4447/2753 5403/4463/2849
f 5403/4463/2849 5404/4538/2850 5402/4537/2754
f 5215/4358/2676 5164/4307/2629 5156/4299/2623
f 5156/4299/2623 5207/4350/2668 5215/4358/2676
f 5213/4356/2674 5162/4305/2627 5154/4297/2621
f 5154/4297/2621 5205/4348/2666 5213/4356/2674
f 5244/4387/2702 5158/4301/2625 5161/4304/2584
f 5161/4304/2584 5405/4539/2842 5244/4387/2702
f 5207/4350/2668 5156/4299/2623 5152/4295/2619
f 5152/4295/2619 5203/4346/2664 5207/4350/2668
f 5205/4348/2666 5154/4297/2621 5150/4293/2617
f 5150/4293/2617 5199/4342/2661 5205/4348/2666
f 5203/4346/2664 5152/4295/2619 5148/4291/2615
f 5148/4291/2615 5197/4340/2659 5203/4346/2664
f 5199/4342/2661 5150/4293/2617 5144/4287/2611
f 5144/4287/2611 5200/4343/2662 5199/4342/2661
f 5197/4340/2659 5148/4291/2615 5142/4285/2609
f 5142/4285/2609 5193/4336/2655 5197/4340/2659
f 5195/4338/2657 5406/4540/2851 5140/4283/2607
f 5140/4283/2607 5191/4334/2653 5195/4338/2657
f 5193/4336/2655 5142/4285/2609 5138/4281/2605
f 5138/4281/2605 5189/4332/2651 5193/4336/2655
f 5191/4334/2653 5140/4283/2607 5136/4279/2603
f 5136/4279/2603 5187/4330/2649 5191/4334/2653
f 5189/4332/2651 5138/4281/2605 5132/4275/2600
f 5132/4275/2600 5184/4327/2647 5189/4332/2651
f 5187/4330/2649 5136/4279/2603 5130/4273/2598
f 5130/4273/2598 5183/4326/2646 5187/4330/2649
f 5184/4327/2647 5132/4275/2600 5135/4278/2596
f 5135/4278/2596 5185/4328/2644 5184/4327/2647
f 5183/4326/2646 5130/4273/2598 5126/4269/2594
f 5126/4269/2594 5179/4322/2642 5183/4326/2646
f 5181/4324/2644 5128/4271/2596 5124/4267/2592
f 5124/4267/2592 5177/4320/2640 5181/4324/2644
f 5179/4322/2642 5126/4269/2594 5122/4265/2590
f 5122/4265/2590 5173/4316/2636 5179/4322/2642
f 5177/4320/2640 5124/4267/2592 5120/4263/2588
f 5120/4263/2588 5097/4240/2565 5177/4320/2640
f 5173/4316/2636 5122/4265/2590 5118/4261/2586
f 5118/4261/2586 5174/4317/2637 5173/4316/2636
f 5097/4240/2565 5120/4263/2588 5114/4257/2582
f 5114/4257/2582 5098/4241/2566 5097/4240/2565
f 5407/4541/2852 5315/4458/2769 5408/4381/2853
f 5408/4381/2853 5409/4542/2854 5407/4541/2852
f 5410/4543/2855 5376/4513/2825 5216/4359/2677
f 5216/4359/2677 5411/4544/2856 5410/4543/2855
f 5412/4545/2857 5361/4499/2812 5364/4502/2815
f 5364/4502/2815 5413/4546/2858 5412/4545/2857
f 5414/4547/2859 5219/4362/2680 5352/4492/2803
f 5352/4492/2803 5415/4548/2860 5414/4547/2859
f 5416/4549/2861 5402/4537/2754 5404/4538/2850
f 5404/4538/2850 5417/4550/2862 5416/4549/2861
f 5418/4551/2863 5415/4548/2860 5419/4552/2864
f 5419/4552/2864 5420/4553/2865 5418/4551/2863
f 5415/4548/2860 5352/4492/2803 5421/4554/2866
f 5421/4554/2866 5419/4552/2864 5415/4548/2860
f 5409/4542/2854 5408/4381/2853 5241/4384/2699
f 5241/4384/2699 5422/4555/2867 5409/4542/2854
f 5413/4546/2858 5364/4502/2815 5371/4508/2821
f 5371/4508/2821 5423/4556/2868 5413/4546/2858
f 5424/4557/2869 5294/4437/2751 5297/4440/2754
f 5297/4440/2754 5425/4558/2861 5424/4557/2869
f 5422/4555/2867 5241/4384/2699 5399/4534/2846
f 5399/4534/2846 5426/4559/2870 5422/4555/2867
f 5411/4544/2856 5216/4359/2677 5219/4362/2680
f 5219/4362/2680 5414/4547/2859 5411/4544/2856
f 5427/4560/2871 5421/4554/2866 5428/4561/2872
f 5428/4561/2872 5429/4562/2873 5427/4560/2871
f 5395/4531/2843 5110/4253/2578 5100/4243/2568
f 5395/4531/2843 5100/4243/2568 5384/4520/2832
f 5384/4520/2832 5430/4563/2874 5395/4531/2843
f 5431/4564/2875 5412/4545/2857 5413/4546/2858
f 5413/4546/2858 5432/4565/2876 5431/4564/2875
f 5433/4566/2877 5414/4547/2859 5415/4548/2860
f 5415/4548/2860 5418/4551/2863 5433/4566/2877
f 5434/4567/2878 5416/4549/2861 5417/4550/2862
f 5417/4550/2862 5435/4568/2879 5434/4567/2878
f 5436/4569/2880 5437/4570/2881 5438/4571/2882
f 5438/4571/2882 5439/4572/2883 5436/4569/2880
f 5440/4573/2884 5410/4543/2855 5411/4544/2856
f 5411/4544/2856 5441/4574/2885 5440/4573/2884
f 5442/4575/2886 5409/4542/2854 5422/4555/2867
f 5422/4555/2867 5443/4576/2887 5442/4575/2886
f 5432/4565/2876 5413/4546/2858 5423/4556/2868
f 5423/4556/2868 5444/4577/2888 5432/4565/2876
f 5438/4571/2882 5230/4373/2691 5416/4549/2861
f 5416/4549/2861 5434/4567/2878 5438/4571/2882
f 5443/4576/2887 5422/4555/2867 5426/4559/2870
f 5426/4559/2870 5445/4578/2889 5443/4576/2887
f 5441/4574/2885 5411/4544/2856 5414/4547/2859
f 5414/4547/2859 5433/4566/2877 5441/4574/2885
f 5446/4579/2890 5447/4580/2891 5407/4541/2852
f 5407/4541/2852 5448/4581/2892 5446/4579/2890
f 5444/4577/2888 5423/4556/2868 5449/4582/2893
f 5449/4582/2893 5450/4583/2894 5444/4577/2888
f 5423/4556/2868 5371/4508/2821 5374/4511/2823
f 5374/4511/2823 5449/4582/2893 5423/4556/2868
f 5447/4580/2891 5400/4535/2847 5315/4458/2769
f 5315/4458/2769 5407/4541/2852 5447/4580/2891
f 5451/4584/2895 5448/4581/2892 5442/4575/2886
f 5442/4575/2886 5452/4585/2896 5451/4584/2895
f 5453/4586/2897 5440/4573/2884 5441/4574/2885
f 5441/4574/2885 5454/4587/2898 5453/4586/2897
f 5455/4588/2899 5431/4564/2875 5432/4565/2876
f 5432/4565/2876 5456/4589/2900 5455/4588/2899
f 5457/4590/2901 5433/4566/2877 5418/4551/2863
f 5418/4551/2863 5458/4591/2902 5457/4590/2901
f 5459/4592/2903 5434/4567/2878 5435/4568/2879
f 5435/4568/2879 5460/4593/2904 5459/4592/2903
f 5458/4591/2902 5418/4551/2863 5420/4553/2865
f 5420/4553/2865 5461/4594/2905 5458/4591/2902
f 5452/4585/2896 5442/4575/2886 5443/4576/2887
f 5443/4576/2887 5462/4595/2906 5452/4585/2896
f 5456/4589/2900 5432/4565/2876 5444/4577/2888
f 5444/4577/2888 5463/4596/2907 5456/4589/2900
f 5439/4572/2883 5438/4571/2882 5434/4567/2878
f 5434/4567/2878 5459/4592/2903 5439/4572/2883
f 5462/4595/2906 5443/4576/2887 5445/4578/2889
f 5445/4578/2889 5464/4597/2908 5462/4595/2906
f 5454/4587/2898 5441/4574/2885 5433/4566/2877
f 5433/4566/2877 5457/4590/2901 5454/4587/2898
f 5437/4570/2881 5227/4370/2688 5230/4373/2691
f 5230/4373/2691 5438/4571/2882 5437/4570/2881
f 5448/4581/2892 5407/4541/2852 5409/4542/2854
f 5409/4542/2854 5442/4575/2886 5448/4581/2892
f 5463/4596/2907 5444/4577/2888 5450/4583/2894
f 5450/4583/2894 5465/4598/2909 5463/4596/2907
f 5466/4599/2910 5446/4579/2890 5448/4581/2892
f 5448/4581/2892 5451/4584/2895 5466/4599/2910
f 5467/4368/2911 5468/4388/2912 5469/4600/2913
f 5467/4368/2911 5469/4600/2913 5470/4601/2914
f 5467/4368/2911 5470/4601/2914 5471/4463/2915
f 5471/4463/2915 5472/4369/2911 5467/4368/2911
f 5473/4521/2916 5474/4532/2917 5475/4602/2918
f 5473/4521/2916 5475/4602/2918 5476/4603/2919
f 5473/4521/2916 5476/4603/2919 5477/4563/2920
f 5477/4563/2920 5478/4520/2917 5473/4521/2916
f 5479/4604/2921 5374/4511/2823 5373/4510/2822
f 5373/4510/2822 5480/4605/2922 5479/4604/2921
f 5481/4606/2923 5482/4607/2924 5483/4608/2925
f 5483/4608/2925 5484/4609/2925 5481/4606/2923
f 5485/4610/2926 5486/4611/2927 5429/4562/2873
f 5429/4562/2873 5428/4561/2872 5485/4610/2926
f 5487/4612/2928 5427/4560/2871 5488/4562/2929
f 5488/4562/2929 5489/4613/2929 5487/4612/2928
f 5490/4614/2930 5491/4615/2931 5492/4616/2932
f 5492/4616/2932 5493/4617/2933 5490/4614/2930
f 5381/4517/2830 5329/4471/2780 5332/4472/2783
f 5332/4472/2783 5494/4618/2934 5381/4517/2830
f 5382/4518/2831 5381/4517/2830 5494/4618/2934
f 5494/4618/2934 5495/4619/2935 5382/4518/2831
f 5377/4514/2826 5496/4609/2936 5497/4620/2937
f 5497/4620/2937 5498/4621/2938 5377/4514/2826
f 5499/4622/2939 5365/4503/2816 5353/4493/2804
f 5353/4493/2804 5359/4497/2810 5499/4622/2939
f 5500/4623/2940 5499/4622/2939 5359/4497/2810
f 5359/4497/2810 5358/4496/2809 5500/4623/2940
f 5376/4513/2825 5481/4606/2923 5496/4609/2936
f 5496/4609/2936 5377/4514/2826 5376/4513/2825
f 5501/4602/2941 5502/4532/2813 5503/4624/2942
f 5503/4624/2942 5504/4625/2943 5501/4602/2941
f 5476/4603/2919 5475/4602/2918 5505/4625/2944
f 5505/4625/2944 5506/4626/2945 5476/4603/2919
f 5398/4533/2845 5507/4627/2946 5508/4628/2947
f 5508/4628/2947 5399/4534/2846 5398/4533/2845
f 5509/4629/2948 5404/4538/2850 5403/4463/2849
f 5403/4463/2849 5510/4601/2949 5509/4629/2948
f 5511/4630/2950 5512/4629/2951 5470/4601/2914
f 5470/4601/2914 5469/4600/2913 5511/4630/2950
f 5400/4535/2847 5513/4631/2952 5514/4632/2953
f 5514/4632/2953 5401/4536/2848 5400/4535/2847
f 5515/4633/2954 5417/4550/2862 5404/4538/2850
f 5404/4538/2850 5509/4629/2948 5515/4633/2954
f 5516/4634/2955 5517/4635/2956 5518/4636/2957
f 5518/4636/2957 5513/4631/2958 5516/4634/2955
f 5447/4580/2891 5519/4634/2959 5513/4631/2952
f 5513/4631/2952 5400/4535/2847 5447/4580/2891
f 5481/4606/2923 5376/4513/2825 5410/4543/2855
f 5410/4543/2855 5520/4637/2960 5481/4606/2923
f 5482/4607/2924 5481/4606/2923 5520/4637/2960
f 5520/4637/2960 5521/4638/2961 5482/4607/2924
f 5374/4511/2823 5479/4604/2921 5522/4639/2962
f 5522/4639/2962 5449/4582/2893 5374/4511/2823
f 5523/4640/2963 5419/4552/2864 5421/4554/2866
f 5421/4554/2866 5427/4560/2871 5523/4640/2963
f 5524/4641/2964 5523/4640/2963 5427/4560/2871
f 5427/4560/2871 5487/4612/2928 5524/4641/2964
f 5525/4642/2965 5526/4643/2966 5491/4615/2931
f 5491/4615/2931 5490/4614/2930 5525/4642/2965
f 5527/4644/2967 5426/4559/2870 5399/4534/2846
f 5399/4534/2846 5508/4628/2947 5527/4644/2967
f 5528/4645/2968 5529/4644/2969 5508/4628/2970
f 5508/4628/2970 5530/4646/2944 5528/4645/2968
f 5531/4647/2857 5532/4648/2971 5504/4625/2943
f 5504/4625/2943 5503/4624/2942 5531/4647/2857
f 5533/4649/2972 5420/4553/2865 5419/4552/2864
f 5419/4552/2864 5523/4640/2963 5533/4649/2972
f 5534/4650/2973 5533/4649/2972 5523/4640/2963
f 5523/4640/2963 5524/4641/2964 5534/4650/2973
f 5437/4570/2881 5535/4651/2974 5536/4652/2966
f 5536/4652/2966 5227/4370/2688 5437/4570/2881
f 5537/4653/2975 5445/4578/2889 5426/4559/2870
f 5426/4559/2870 5527/4644/2967 5537/4653/2975
f 5538/4654/2976 5539/4653/2977 5529/4644/2969
f 5529/4644/2969 5528/4645/2968 5538/4654/2976
f 5431/4564/2875 5540/4655/2978 5541/4656/2979
f 5541/4656/2979 5412/4545/2857 5431/4564/2875
f 5519/4634/2959 5447/4580/2891 5446/4579/2890
f 5446/4579/2890 5542/4657/2980 5519/4634/2959
f 5517/4635/2956 5516/4634/2955 5543/4657/2981
f 5543/4657/2981 5544/4658/2982 5517/4635/2956
f 5417/4550/2862 5515/4633/2954 5545/4659/2983
f 5545/4659/2983 5435/4568/2879 5417/4550/2862
f 5546/4660/2984 5450/4583/2894 5449/4582/2893
f 5449/4582/2893 5522/4639/2962 5546/4660/2984
f 5547/4661/2985 5548/4662/2986 5521/4638/2961
f 5521/4638/2961 5520/4637/2960 5547/4661/2985
f 5440/4573/2884 5547/4661/2985 5520/4637/2960
f 5520/4637/2960 5410/4543/2855 5440/4573/2884
f 5549/4663/2987 5460/4593/2904 5435/4568/2879
f 5435/4568/2879 5545/4659/2983 5549/4663/2987
f 5550/4664/2988 5551/4665/2989 5544/4658/2982
f 5544/4658/2982 5543/4657/2981 5550/4664/2988
f 5466/4599/2910 5550/4664/2988 5542/4657/2980
f 5542/4657/2980 5446/4579/2890 5466/4599/2910
f 5547/4661/2985 5440/4573/2884 5453/4586/2897
f 5453/4586/2897 5552/4666/2990 5547/4661/2985
f 5548/4662/2986 5547/4661/2985 5552/4666/2990
f 5552/4666/2990 5553/4667/2991 5548/4662/2986
f 5450/4583/2894 5546/4660/2984 5554/4668/2992
f 5554/4668/2992 5465/4598/2909 5450/4583/2894
f 5555/4669/2993 5461/4594/2905 5420/4553/2865
f 5420/4553/2865 5533/4649/2972 5555/4669/2993
f 5556/4670/2994 5555/4669/2993 5533/4649/2972
f 5533/4649/2972 5534/4650/2973 5556/4670/2994
f 5436/4569/2880 5557/4671/2995 5535/4651/2974
f 5535/4651/2974 5437/4570/2881 5436/4569/2880
f 5558/4672/2996 5464/4597/2908 5445/4578/2889
f 5445/4578/2889 5537/4653/2975 5558/4672/2996
f 5559/4673/2997 5558/4672/2996 5539/4653/2977
f 5539/4653/2977 5538/4654/2976 5559/4673/2997
f 5455/4588/2899 5560/4674/2998 5540/4655/2978
f 5540/4655/2978 5431/4564/2875 5455/4588/2899
f 5228/4371/2689 5561/4472/2933 5305/4448/2999
f 5305/4448/2999 5229/4372/2690 5228/4371/2689
f 5562/4675/3000 5563/4676/3001 5564/4677/3002
f 5564/4677/3002 5565/4678/3003 5562/4675/3000
f 5566/4679/3004 5562/4675/3000 5565/4678/3003
f 5565/4678/3003 5567/4680/3005 5566/4679/3004
f 5568/4681/3006 5566/4679/3004 5567/4680/3005
f 5567/4680/3005 5569/4682/3007 5568/4681/3006
f 5570/4683/3008 5568/4681/3006 5569/4682/3007
f 5569/4682/3007 5571/4684/3009 5570/4683/3008
f 5572/4685/3010 5570/4683/3008 5571/4684/3009
f 5571/4684/3009 5573/4686/3011 5572/4685/3010
f 5574/4687/3012 5572/4685/3010 5573/4686/3011
f 5573/4686/3011 5575/4688/3013 5574/4687/3012
f 5576/4689/3014 5574/4687/3012 5575/4688/3013
f 5575/4688/3013 5577/4690/3015 5576/4689/3014
f 5578/4691/3016 5576/4689/3014 5577/4690/3015
f 5577/4690/3015 5579/4692/3017 5578/4691/3016
f 5580/4693/3018 5581/4694/3016 5582/4695/3019
f 5582/4695/3019 5583/4696/3020 5580/4693/3018
f 5584/4697/3021 5580/4693/3018 5583/4696/3020
f 5583/4696/3020 5585/4698/3022 5584/4697/3021
f 5586/4699/3023 5584/4697/3021 5585/4698/3022
f 5585/4698/3022 5587/4700/3024 5586/4699/3023
f 5588/4701/3025 5586/4699/3023 5587/4700/3024
f 5587/4700/3024 5589/4702/3026 5588/4701/3025
f 5590/4703/3027 5588/4701/3025 5589/4702/3026
f 5589/4702/3026 5591/4704/3028 5590/4703/3027
f 5592/4705/3029 5590/4703/3027 5591/4704/3028
f 5591/4704/3028 5593/4706/3030 5592/4705/3029
f 5594/4707/3031 5592/4705/3029 5593/4706/3030
f 5593/4706/3030 5595/4708/3032 5594/4707/3031
f 5596/4709/3033 5594/4707/3031 5595/4708/3032
f 5595/4708/3032 5597/4710/3034 5596/4709/3033
f 5598/4711/3035 5599/4712/3033 5600/4713/3034
f 5600/4713/3034 5601/4714/3036 5598/4711/3035
f 5602/4715/3037 5598/4711/3035 5601/4714/3036
f 5601/4714/3036 5603/4716/3038 5602/4715/3037
f 5604/4717/3039 5602/4715/3037 5603/4716/3038
f 5603/4716/3038 5605/4718/3040 5604/4717/3039
f 5606/4719/3041 5604/4717/3039 5605/4718/3040
f 5605/4718/3040 5607/4720/3042 5606/4719/3041
f 5608/4721/3043 5606/4719/3041 5607/4720/3042
f 5607/4720/3042 5609/4722/3044 5608/4721/3043
f 5610/4723/3045 5608/4721/3043 5609/4722/3044
f 5609/4722/3044 5611/4724/3046 5610/4723/3045
f 5612/4725/3047 5610/4723/3045 5611/4724/3046
f 5611/4724/3046 5613/4726/3048 5612/4725/3047
f 5614/4727/3049 5612/4725/3047 5613/4726/3048
f 5613/4726/3048 5615/4728/3050 5614/4727/3049
f 5616/4729/3051 5617/4730/3049 5618/4731/3050
f 5618/4731/3050 5619/4732/3052 5616/4729/3051
f 5620/4733/3053 5616/4729/3051 5619/4732/3052
f 5619/4732/3052 5621/4734/3054 5620/4733/3053
f 5622/4735/3055 5620/4733/3053 5621/4734/3054
f 5621/4734/3054 5623/4736/3056 5622/4735/3055
f 5624/4737/3057 5622/4735/3055 5623/4736/3056
f 5623/4736/3056 5625/4738/3058 5624/4737/3057
f 5626/4739/3059 5624/4737/3057 5625/4738/3058
f 5625/4738/3058 5627/4740/3060 5626/4739/3059
f 5628/4741/3061 5626/4739/3059 5627/4740/3060
f 5627/4740/3060 5629/4742/3062 5628/4741/3061
f 5630/4743/3063 5615/4728/3050 5613/4726/3048
f 5613/4726/3048 5631/4744/3064 5630/4743/3063
f 5632/4745/3065 5628/4741/3061 5629/4742/3062
f 5629/4742/3062 5633/4746/3066 5632/4745/3065
f 5634/4747/3001 5632/4745/3065 5633/4746/3066
f 5633/4746/3066 5635/4748/3002 5634/4747/3001
f 5636/4749/3067 5567/4680/3005 5565/4678/3003
f 5565/4678/3003 5637/4750/3068 5636/4749/3067
f 5638/4751/3069 5587/4700/3024 5585/4698/3022
f 5585/4698/3022 5639/4752/3070 5638/4751/3069
f 5640/4753/3071 5607/4720/3042 5605/4718/3040
f 5605/4718/3040 5641/4754/3072 5640/4753/3071
f 5642/4755/3073 5627/4740/3060 5625/4738/3058
f 5625/4738/3058 5643/4756/3074 5642/4755/3073
f 5644/4757/3075 5577/4690/3015 5575/4688/3013
f 5575/4688/3013 5645/4758/3076 5644/4757/3075
f 5646/4759/3077 5597/4710/3034 5595/4708/3032
f 5595/4708/3032 5647/4760/3078 5646/4759/3077
f 5648/4761/3079 5619/4732/3052 5618/4731/3050
f 5618/4731/3050 5649/4762/3063 5648/4761/3079
f 5650/4763/3080 5569/4682/3007 5567/4680/3005
f 5567/4680/3005 5636/4749/3067 5650/4763/3080
f 5651/4764/3081 5589/4702/3026 5587/4700/3024
f 5587/4700/3024 5638/4751/3069 5651/4764/3081
f 5652/4765/3082 5609/4722/3044 5607/4720/3042
f 5607/4720/3042 5640/4753/3071 5652/4765/3082
f 5653/4766/3083 5629/4742/3062 5627/4740/3060
f 5627/4740/3060 5642/4755/3073 5653/4766/3083
f 5654/4767/3084 5579/4692/3017 5577/4690/3015
f 5577/4690/3015 5644/4757/3075 5654/4767/3084
f 5655/4768/3085 5601/4714/3036 5600/4713/3034
f 5600/4713/3034 5656/4769/3077 5655/4768/3085
f 5657/4770/3086 5621/4734/3054 5619/4732/3052
f 5619/4732/3052 5648/4761/3079 5657/4770/3086
f 5658/4771/3087 5571/4684/3009 5569/4682/3007
f 5569/4682/3007 5650/4763/3080 5658/4771/3087
f 5659/4772/3088 5591/4704/3028 5589/4702/3026
f 5589/4702/3026 5651/4764/3081 5659/4772/3088
f 5660/4773/3089 5611/4724/3046 5609/4722/3044
f 5609/4722/3044 5652/4765/3082 5660/4773/3089
f 5661/4774/3090 5633/4746/3066 5629/4742/3062
f 5629/4742/3062 5653/4766/3083 5661/4774/3090
f 5662/4775/3091 5583/4696/3020 5582/4695/3019
f 5582/4695/3019 5663/4776/3084 5662/4775/3091
f 5664/4777/3092 5603/4716/3038 5601/4714/3036
f 5601/4714/3036 5655/4768/3085 5664/4777/3092
f 5665/4778/3093 5623/4736/3056 5621/4734/3054
f 5621/4734/3054 5657/4770/3086 5665/4778/3093
f 5666/4779/3094 5573/4686/3011 5571/4684/3009
f 5571/4684/3009 5658/4771/3087 5666/4779/3094
f 5667/4780/3095 5593/4706/3030 5591/4704/3028
f 5591/4704/3028 5659/4772/3088 5667/4780/3095
f 5631/4744/3064 5613/4726/3048 5611/4724/3046
f 5611/4724/3046 5660/4773/3089 5631/4744/3064
f 5637/4750/3068 5565/4678/3003 5564/4677/3002
f 5564/4677/3002 5668/4781/3096 5637/4750/3068
f 5669/4782/3096 5635/4748/3002 5633/4746/3066
f 5633/4746/3066 5661/4774/3090 5669/4782/3096
f 5639/4752/3070 5585/4698/3022 5583/4696/3020
f 5583/4696/3020 5662/4775/3091 5639/4752/3070
f 5641/4754/3072 5605/4718/3040 5603/4716/3038
f 5603/4716/3038 5664/4777/3092 5641/4754/3072
f 5643/4756/3074 5625/4738/3058 5623/4736/3056
f 5623/4736/3056 5665/4778/3093 5643/4756/3074
f 5645/4758/3076 5575/4688/3013 5573/4686/3011
f 5573/4686/3011 5666/4779/3094 5645/4758/3076
f 5647/4760/3078 5595/4708/3032 5593/4706/3030
f 5593/4706/3030 5667/4780/3095 5647/4760/3078
f 5670/4783/3097 5671/4784/3097 5672/4785/3097
f 5670/4783/3097 5672/4785/3097 5673/4786/3097
f 5670/4783/3097 5673/4786/3097 5674/4787/3097
f 5670/4783/3097 5674/4787/3097 5675/4788/3097
f 5670/4783/3097 5675/4788/3097 5676/4789/3097
f 5670/4783/3097 5676/4789/3097 5677/4790/3098
f 5670/4783/3097 5677/4790/3098 5678/4791/3097
f 5670/4783/3097 5678/4791/3097 5679/4792/3097
f 5670/4783/3097 5679/4792/3097 5680/4793/3097
f 5670/4783/3097 5680/4793/3097 5681/4794/3097
f 5670/4783/3097 5681/4794/3097 5682/4795/3097
f 5670/4783/3097 5682/4795/3097 5683/4796/3097
f 5670/4783/3097 5683/4796/3097 5684/4797/3097
f 5670/4783/3097 5684/4797/3097 5685/4798/3097
f 5670/4783/3097 5685/4798/3097 5686/4799/3097
f 5670/4783/3097 5686/4799/3097 5687/4800/3097
f 5670/4783/3097 5687/4800/3097 5688/4801/3097
f 5670/4783/3097 5688/4801/3097 5689/4802/3097
f 5670/4783/3097 5689/4802/3097 5690/4803/3097
f 5670/4783/3097 5690/4803/3097 5691/4804/3097
f 5670/4783/3097 5691/4804/3097 5692/4805/3097
f 5670/4783/3097 5692/4805/3097 5693/4806/3097
f 5670/4783/3097 5693/4806/3097 5694/4807/3097
f 5670/4783/3097 5694/4807/3097 5695/4808/3097
f 5670/4783/3097 5695/4808/3097 5696/4809/3097
f 5670/4783/3097 5696/4809/3097 5697/4810/3097
f 5670/4783/3097 5697/4810/3097 5698/4811/3097
f 5670/4783/3097 5698/4811/3097 5699/4812/3097
f 5670/4783/3097 5699/4812/3097 5700/4813/3097
f 5700/4813/3097 5701/4814/3097 5670/4783/3097
f 5702/4815/3099 5703/4816/3100 5704/4817/3101
f 5704/4817/3101 5705/4818/3102 5702/4815/3099
f 5706/4819/3103 5707/4820/3104 5708/4821/3105
f 5708/4821/3105 5709/4822/3106 5706/4819/3103
f 5041/4184/2513 5040/4183/2512 5710/4823/3107
f 5710/4823/3107 5711/4824/3108 5041/4184/2513
f 5712/4825/3109 5713/4826/3109 5714/4827/3110
f 5714/4827/3110 5715/4828/3111 5712/4825/3109
f 5711/4824/3108 5710/4823/3107 5716/4829/3112
f 5716/4829/3112 5717/4830/3113 5711/4824/3108
f 5718/4831/3114 5719/4832/3115 5720/4833/3116
f 5720/4833/3116 5721/4834/3117 5718/4831/3114
f 5715/4828/3111 5714/4827/3110 5722/4835/3118
f 5722/4835/3118 5723/4836/3119 5715/4828/3111
f 5717/4830/3113 5716/4829/3112 5724/4837/3120
f 5724/4837/3120 5725/4838/3121 5717/4830/3113
f 5723/4836/3119 5722/4835/3118 5726/4839/3122
f 5726/4839/3122 5727/4840/3123 5723/4836/3119
f 5705/4818/3102 5704/4817/3101 5728/4841/3124
f 5728/4841/3124 5729/4842/3125 5705/4818/3102
f 5709/4822/3106 5708/4821/3105 5730/4843/3126
f 5730/4843/3126 5731/4844/3127 5709/4822/3106
f 5727/4840/3123 5726/4839/3122 5732/4845/3128
f 5732/4845/3128 5733/4846/3129 5727/4840/3123
f 5734/4847/3120 5735/4848/3121 5736/4849/3130
f 5736/4849/3130 5737/4850/3131 5734/4847/3120
f 5721/4834/3117 5720/4833/3116 5738/4851/3132
f 5738/4851/3132 5739/4852/3133 5721/4834/3117
f 5733/4846/3129 5732/4845/3128 5740/4853/3134
f 5740/4853/3134 5741/4854/3135 5733/4846/3129
f 5741/4854/3135 5740/4853/3134 5742/4855/3136
f 5742/4855/3136 5743/4856/3137 5741/4854/3135
f 5729/4842/3125 5728/4841/3124 5744/4857/3138
f 5744/4857/3138 5745/4858/3139 5729/4842/3125
f 5731/4844/3127 5730/4843/3126 5746/4859/3140
f 5746/4859/3140 5747/4860/3141 5731/4844/3127
f 5743/4856/3137 5742/4855/3136 5748/4861/3142
f 5748/4861/3142 5749/4862/3143 5743/4856/3137
f 5737/4850/3131 5736/4849/3130 5750/4863/3144
f 5750/4863/3144 5751/4864/3145 5737/4850/3131
f 5739/4852/3133 5738/4851/3132 5752/4865/3146
f 5752/4865/3146 5753/4866/3147 5739/4852/3133
f 5749/4862/3143 5748/4861/3142 5754/4867/3148
f 5754/4867/3148 5755/4868/3149 5749/4862/3143
f 5756/4869/3149 5757/4870/3150 5758/4871/3151
f 5758/4871/3151 5759/4872/3152 5756/4869/3149
f 5745/4858/3139 5744/4857/3138 5760/4873/3153
f 5760/4873/3153 5761/4874/3154 5745/4858/3139
f 5747/4860/3141 5746/4859/3140 5762/4875/3109
f 5762/4875/3109 5763/4876/3109 5747/4860/3141
f 5759/4872/3152 5758/4871/3151 5764/4877/3155
f 5764/4877/3155 5765/4878/3156 5759/4872/3152
f 5751/4864/3145 5750/4863/3144 5703/4816/3100
f 5703/4816/3100 5702/4815/3099 5751/4864/3145
f 5753/4866/3147 5752/4865/3146 5707/4820/3104
f 5707/4820/3104 5706/4819/3103 5753/4866/3147
f 5765/4878/3156 5764/4877/3155 5766/4879/3157
f 5766/4879/3157 5767/4880/3158 5765/4878/3156
f 5767/4880/3158 5766/4879/3157 5039/4182/2511
f 5039/4182/2511 5038/4181/2510 5767/4880/3158
f 5761/4874/3154 5760/4873/3153 5768/4881/3115
f 5768/4881/3115 5769/4882/3159 5761/4874/3154
f 5261/4404/2718 5351/4491/2802 5218/4361/2679
f 5218/4361/2679 5262/4405/2719 5261/4404/2718
f 5289/4432/2746 5208/4351/2669 5211/4354/2672
f 5211/4354/2672 5290/4433/2747 5289/4432/2746
f 5288/4431/2745 5369/4506/2819 5208/4351/2669
f 5208/4351/2669 5289/4432/2746 5288/4431/2745
f 5287/4430/2744 5387/4523/2835 5369/4506/2819
f 5369/4506/2819 5288/4431/2745 5287/4430/2744
f 5286/4429/2743 5390/4526/2838 5387/4523/2835
f 5387/4523/2835 5287/4430/2744 5286/4429/2743
f 5285/4428/2742 5392/4528/2840 5390/4526/2838
f 5390/4526/2838 5286/4429/2743 5285/4428/2742
f 5284/4427/2741 5770/4883/3160 5392/4528/2840
f 5392/4528/2840 5285/4428/2742 5284/4427/2741
f 5283/4426/2740 5771/4884/3161 5770/4883/3160
f 5770/4883/3160 5284/4427/2741 5283/4426/2740
f 5282/4425/2739 5772/4885/3162 5771/4884/3161
f 5771/4884/3161 5283/4426/2740 5282/4425/2739
f 5281/4424/2738 5773/4886/3163 5772/4885/3162
f 5772/4885/3162 5282/4425/2739 5281/4424/2738
f 5280/4423/2737 5774/4887/2798 5773/4886/3163
f 5773/4886/3163 5281/4424/2738 5280/4423/2737
f 5279/4422/2736 5775/4888/3164 5774/4887/2798
f 5774/4887/2798 5280/4423/2737 5279/4422/2736
f 5278/4421/2735 5776/4889/3165 5775/4888/3164
f 5775/4888/3164 5279/4422/2736 5278/4421/2735
f 5277/4420/2734 5777/4890/3166 5776/4889/3165
f 5776/4889/3165 5278/4421/2735 5277/4420/2734
f 5276/4419/2733 5778/4891/3167 5777/4890/3166
f 5777/4890/3166 5277/4420/2734 5276/4419/2733
f 5275/4418/2732 5779/4892/2827 5778/4891/3167
f 5778/4891/3167 5276/4419/2733 5275/4418/2732
f 5274/4417/2731 5780/4893/2834 5779/4892/2827
f 5779/4892/2827 5275/4418/2732 5274/4417/2731
f 5273/4416/2730 5781/4894/3168 5780/4893/2834
f 5780/4893/2834 5274/4417/2731 5273/4416/2730
f 5272/4415/2729 5782/4895/3169 5781/4894/3168
f 5781/4894/3168 5273/4416/2730 5272/4415/2729
f 5271/4414/2728 5783/4896/3170 5782/4895/3169
f 5782/4895/3169 5272/4415/2729 5271/4414/2728
f 5270/4413/2727 5340/4480/2791 5783/4896/3170
f 5783/4896/3170 5271/4414/2728 5270/4413/2727
f 5269/4412/2726 5337/4477/2788 5340/4480/2791
f 5340/4480/2791 5270/4413/2727 5269/4412/2726
f 5268/4411/2725 5342/4482/2793 5337/4477/2788
f 5337/4477/2788 5269/4412/2726 5268/4411/2725
f 5267/4410/2724 5345/4485/2796 5342/4482/2793
f 5342/4482/2793 5268/4411/2725 5267/4410/2724
f 5266/4409/2723 5348/4488/2799 5345/4485/2796
f 5345/4485/2796 5267/4410/2724 5266/4409/2723
f 5262/4405/2719 5218/4361/2679 5217/4360/2678
f 5217/4360/2678 5263/4406/2720 5262/4405/2719
f 5428/4561/2872 5260/4403/2717 5291/4434/2748
f 5291/4434/2748 5485/4610/2926 5428/4561/2872
f 5498/4621/2938 5265/4408/2722 5264/4407/2721
f 5264/4407/2721 5377/4514/2826 5498/4621/2938
f 5351/4491/2802 5261/4404/2718 5260/4403/2717
f 5260/4403/2717 5428/4561/2872 5351/4491/2802
f 5263/4406/2720 5217/4360/2678 5377/4514/2826
f 5377/4514/2826 5264/4407/2721 5263/4406/2720
f 5265/4408/2722 5498/4621/2938 5348/4488/2799
f 5348/4488/2799 5266/4409/2723 5265/4408/2722
f 5290/4433/2747 5211/4354/2672 5485/4610/2926
f 5485/4610/2926 5291/4434/2748 5290/4433/2747
f 5352/4492/2803 5351/4491/2802 5428/4561/2872
f 5428/4561/2872 5421/4554/2866 5352/4492/2803
f 4633/3791/2171 4636/3794/2173 5455/4588/2899
f 5455/4588/2899 5456/4589/2900 4633/3791/2171
f 4636/3794/2173 4723/3867/2252 5560/4674/2998
f 5560/4674/2998 5455/4588/2899 4636/3794/2173
f 4725/3869/2254 4724/3868/2253 5558/4672/2996
f 5558/4672/2996 5559/4673/2997 4725/3869/2254
f 4724/3868/2253 4644/3802/2180 5464/4597/2908
f 5464/4597/2908 5558/4672/2996 4724/3868/2253
f 4644/3802/2180 4625/3783/2163 5462/4595/2906
f 5462/4595/2906 5464/4597/2908 4644/3802/2180
f 4625/3783/2163 4626/3784/2164 5452/4585/2896
f 5452/4585/2896 5462/4595/2906 4625/3783/2163
f 4626/3784/2164 4638/3796/2175 5451/4584/2895
f 5451/4584/2895 5452/4585/2896 4626/3784/2164
f 4638/3796/2175 4642/3800/2178 5466/4599/2910
f 5466/4599/2910 5451/4584/2895 4638/3796/2175
f 4642/3800/2178 4733/3877/2262 5550/4664/2988
f 5550/4664/2988 5466/4599/2910 4642/3800/2178
f 4733/3877/2262 4734/3878/2263 5551/4665/2989
f 5551/4665/2989 5550/4664/2988 4733/3877/2262
f 4735/3879/2264 4629/3787/2167 5460/4593/2904
f 5460/4593/2904 5549/4663/2987 4735/3879/2264
f 4629/3787/2167 4630/3788/2168 5459/4592/2903
f 5459/4592/2903 5460/4593/2904 4629/3787/2167
f 5459/4592/2903 4630/3788/2168 4639/3797/2176
f 4639/3797/2176 5439/4572/2883 5459/4592/2903
f 4639/3797/2176 4643/3801/2179 5436/4569/2880
f 5436/4569/2880 5439/4572/2883 4639/3797/2176
f 4643/3801/2179 4728/3872/2257 5557/4671/2995
f 5557/4671/2995 5436/4569/2880 4643/3801/2179
f 4727/3871/2256 4726/3870/2255 5555/4669/2993
f 5555/4669/2993 5556/4670/2994 4727/3871/2256
f 4726/3870/2255 4627/3785/2165 5461/4594/2905
f 5461/4594/2905 5555/4669/2993 4726/3870/2255
f 4627/3785/2165 4628/3786/2166 5458/4591/2902
f 5458/4591/2902 5461/4594/2905 4627/3785/2165
f 4628/3786/2166 4631/3789/2169 5457/4590/2901
f 5457/4590/2901 5458/4591/2902 4628/3786/2166
f 4631/3789/2169 4632/3790/2170 5454/4587/2898
f 5454/4587/2898 5457/4590/2901 4631/3789/2169
f 4632/3790/2170 4637/3795/2174 5453/4586/2897
f 5453/4586/2897 5454/4587/2898 4632/3790/2170
f 4637/3795/2174 4729/3873/2258 5552/4666/2990
f 5552/4666/2990 5453/4586/2897 4637/3795/2174
f 4729/3873/2258 4730/3874/2259 5553/4667/2991
f 5553/4667/2991 5552/4666/2990 4729/3873/2258
f 5784/4897/2261 4609/3767/2147 5465/4598/2909
f 5465/4598/2909 5554/4668/2992 5784/4897/2261
f 4609/3767/2147 4612/3770/2150 5463/4596/2907
f 5463/4596/2907 5465/4598/2909 4609/3767/2147
f 4612/3770/2150 4633/3791/2171 5456/4589/2900
f 5456/4589/2900 5463/4596/2907 4612/3770/2150
f 5785/4898/3171 5786/4899/3172 5787/4900/3173
f 5787/4900/3173 5788/4901/3173 5785/4898/3171
f 5789/4902/3174 5790/4903/3175 5791/4904/3176
f 5791/4904/3176 5792/4905/3177 5789/4902/3174
f 5793/4903/3178 5794/4906/3178 5795/4907/3179
f 5795/4907/3179 5796/4904/3180 5793/4903/3178
f 5797/4908/3181 5798/4909/3181 5799/4910/3182
f 5799/4910/3182 5800/4911/3182 5797/4908/3181
f 5801/4912/3183 5802/4913/3183 5803/4914/3184
f 5803/4914/3184 5804/4915/3184 5801/4912/3183
f 5805/4916/3185 5806/4917/3186 5807/4918/3187
f 5807/4918/3187 5808/4919/3187 5805/4916/3185
f 5809/4917/3188 5810/4920/3188 5811/4921/3189
f 5811/4921/3189 5812/4918/3190 5809/4917/3188
f 5813/4922/3191 5814/4898/3192 5815/4901/3193
f 5815/4901/3193 5816/4923/3194 5813/4922/3191
f 5788/4901/3173 5787/4900/3173 5817/4924/3195
f 5817/4924/3195 5818/4925/3195 5788/4901/3173
f 5792/4905/3177 5791/4904/3176 5819/4926/3196
f 5819/4926/3196 5820/4927/3196 5792/4905/3177
f 5796/4904/3180 5795/4907/3179 5821/4928/3197
f 5821/4928/3197 5822/4926/3198 5796/4904/3180
f 5823/4929/3182 5824/4915/3182 5825/4930/3199
f 5825/4930/3199 5826/4931/3199 5823/4929/3182
f 5804/4915/3184 5803/4914/3184 5827/4932/3200
f 5827/4932/3200 5828/4930/3201 5804/4915/3184
f 5808/4919/3187 5807/4918/3187 5829/4933/3202
f 5829/4933/3202 5830/4934/3203 5808/4919/3187
f 5812/4918/3190 5811/4921/3189 5831/4935/3204
f 5831/4935/3204 5832/4933/3205 5812/4918/3190
f 5816/4923/3194 5815/4901/3193 5833/4925/3206
f 5833/4925/3206 5834/4936/3207 5816/4923/3194
f 5818/4925/3195 5817/4924/3195 5835/4937/3208
f 5835/4937/3208 5836/4938/3208 5818/4925/3195
f 5820/4927/3196 5819/4926/3196 5837/4939/3209
f 5837/4939/3209 5838/4940/3210 5820/4927/3196
f 5822/4926/3198 5821/4928/3197 5839/4941/3211
f 5839/4941/3211 5840/4939/3211 5822/4926/3198
f 5826/4931/3199 5825/4930/3199 5841/4942/3212
f 5841/4942/3212 5842/4943/3213 5826/4931/3199
f 5828/4930/3201 5827/4932/3200 5843/4944/3214
f 5843/4944/3214 5844/4942/3214 5828/4930/3201
f 5830/4934/3203 5829/4933/3202 5845/4945/3215
f 5845/4945/3215 5846/4946/3216 5830/4934/3203
f 5832/4933/3205 5831/4935/3204 5847/4947/3217
f 5847/4947/3217 5848/4945/3218 5832/4933/3205
f 5834/4936/3207 5833/4925/3206 5849/4938/3219
f 5849/4938/3219 5850/4948/3219 5834/4936/3207
f 5836/4938/3208 5835/4937/3208 5851/4949/3220
f 5851/4949/3220 5852/4950/3221 5836/4938/3208
f 5838/4940/3210 5837/4939/3209 5853/4951/3222
f 5853/4951/3222 5854/4952/3223 5838/4940/3210
f 5840/4939/3211 5839/4941/3211 5855/4953/3224
f 5855/4953/3224 5856/4951/3225 5840/4939/3211
f 5842/4943/3213 5841/4942/3212 5857/4954/3226
f 5857/4954/3226 5858/4955/3227 5842/4943/3213
f 5844/4942/3214 5843/4944/3214 5859/4956/3228
f 5859/4956/3228 5860/4954/3229 5844/4942/3214
f 5846/4946/3216 5845/4945/3215 5861/4957/3230
f 5861/4957/3230 5862/4958/3231 5846/4946/3216
f 5848/4945/3218 5847/4947/3217 5863/4959/3232
f 5863/4959/3232 5864/4957/3233 5848/4945/3218
f 5850/4948/3219 5849/4938/3219 5865/4950/3234
f 5865/4950/3234 5866/4960/3234 5850/4948/3219
f 5852/4950/3221 5851/4949/3220 5867/4961/3235
f 5867/4961/3235 5868/4962/3236 5852/4950/3221
f 5854/4952/3223 5853/4951/3222 5869/4963/3237
f 5869/4963/3237 5870/4964/3238 5854/4952/3223
f 5856/4951/3225 5855/4953/3224 5871/4965/3239
f 5871/4965/3239 5872/4963/3240 5856/4951/3225
f 5858/4955/3227 5857/4954/3226 5873/4966/3241
f 5873/4966/3241 5874/4967/3242 5858/4955/3227
f 5860/4954/3229 5859/4956/3228 5875/4968/3243
f 5875/4968/3243 5876/4966/3244 5860/4954/3229
f 5862/4958/3231 5861/4957/3230 5877/4969/3245
f 5877/4969/3245 5878/4970/3245 5862/4958/3231
f 5864/4957/3233 5863/4959/3232 5879/4971/3246
f 5879/4971/3246 5880/4969/3247 5864/4957/3233
f 5866/4960/3234 5865/4950/3234 5881/4962/3248
f 5881/4962/3248 5882/4972/3248 5866/4960/3234
f 5868/4962/3236 5867/4961/3235 5883/4973/3249
f 5883/4973/3249 5884/4974/3250 5868/4962/3236
f 5870/4964/3238 5869/4963/3237 5885/4975/3251
f 5885/4975/3251 5886/4976/3251 5870/4964/3238
f 5872/4963/3240 5871/4965/3239 5887/4977/3252
f 5887/4977/3252 5888/4975/3253 5872/4963/3240
f 5874/4967/3242 5873/4966/3241 5889/4978/3254
f 5889/4978/3254 5890/4979/3255 5874/4967/3242
f 5876/4966/3244 5875/4968/3243 5891/4980/3256
f 5891/4980/3256 5892/4978/3257 5876/4966/3244
f 5878/4970/3245 5877/4969/3245 5893/4981/3258
f 5893/4981/3258 5894/4982/3259 5878/4970/3245
f 5880/4969/3247 5879/4971/3246 5895/4983/3260
f 5895/4983/3260 5896/4981/3260 5880/4969/3247
f 5882/4972/3248 5881/4962/3248 5897/4974/3261
f 5897/4974/3261 5898/4984/3262 5882/4972/3248
f 5884/4974/3250 5883/4973/3249 5899/4985/3263
f 5899/4985/3263 5900/4986/3264 5884/4974/3250
f 5886/4976/3251 5885/4975/3251 5901/4987/3265
f 5901/4987/3265 5902/4988/3265 5886/4976/3251
f 5888/4975/3253 5887/4977/3252 5903/4989/3266
f 5903/4989/3266 5904/4987/3267 5888/4975/3253
f 5890/4979/3255 5889/4978/3254 5905/4990/3268
f 5905/4990/3268 5906/4991/3269 5890/4979/3255
f 5892/4978/3257 5891/4980/3256 5907/4992/3270
f 5907/4992/3270 5908/4990/3271 5892/4978/3257
f 5894/4982/3259 5893/4981/3258 5909/4993/3272
f 5909/4993/3272 5910/4994/3272 5894/4982/3259
f 5896/4981/3260 5895/4983/3260 5911/4995/3273
f 5911/4995/3273 5912/4993/3274 5896/4981/3260
f 5898/4984/3262 5897/4974/3261 5913/4986/3275
f 5913/4986/3275 5914/4996/3276 5898/4984/3262
f 5900/4986/3264 5899/4985/3263 5915/4997/3277
f 5915/4997/3277 5916/4998/3278 5900/4986/3264
f 5902/4988/3265 5901/4987/3265 5917/4999/3279
f 5917/4999/3279 5918/5000/3280 5902/4988/3265
f 5904/4987/3267 5903/4989/3266 5919/5001/3281
f 5919/5001/3281 5920/4999/3282 5904/4987/3267
f 5906/4991/3269 5905/4990/3268 5921/5002/3283
f 5921/5002/3283 5922/5003/3283 5906/4991/3269
f 5908/4990/3271 5907/4992/3270 5923/5004/3284
f 5923/5004/3284 5924/5002/3285 5908/4990/3271
f 5910/4994/3272 5909/4993/3272 5925/5005/3286
f 5925/5005/3286 5926/5006/3287 5910/4994/3272
f 5912/4993/3274 5911/4995/3273 5927/5007/3288
f 5927/5007/3288 5928/5005/3288 5912/4993/3274
f 5914/4996/3276 5913/4986/3275 5929/4998/3289
f 5929/4998/3289 5930/5008/3290 5914/4996/3276
f 5916/4998/3278 5915/4997/3277 5931/5009/3291
f 5931/5009/3291 5932/5010/3291 5916/4998/3278
f 5918/5000/3280 5917/4999/3279 5933/5011/3292
f 5933/5011/3292 5934/5012/3292 5918/5000/3280
f 5920/4999/3282 5919/5001/3281 5935/5013/3293
f 5935/5013/3293 5936/5011/3293 5920/4999/3282
f 5922/5003/3283 5921/5002/3283 5937/5014/3294
f 5937/5014/3294 5938/5015/3294 5922/5003/3283
f 5924/5002/3285 5923/5004/3284 5939/5016/3295
f 5939/5016/3295 5940/5014/3295 5924/5002/3285
f 5926/5006/3287 5925/5005/3286 5941/5017/3296
f 5941/5017/3296 5942/5018/3296 5926/5006/3287
f 5928/5005/3288 5927/5007/3288 5943/5019/3297
f 5943/5019/3297 5944/5017/3298 5928/5005/3288
f 5930/5008/3290 5929/4998/3289 5945/5010/3299
f 5945/5010/3299 5946/5020/3299 5930/5008/3290
f 5932/5010/3291 5931/5009/3291 5947/5021/3300
f 5947/5021/3300 5948/5022/3300 5932/5010/3291
f 5934/5012/3292 5933/5011/3292 5949/5023/3301
f 5949/5023/3301 5950/5024/3302 5934/5012/3292
f 5936/5011/3293 5935/5013/3293 5951/5025/3303
f 5951/5025/3303 5952/5023/3303 5936/5011/3293
f 5938/5015/3294 5937/5014/3294 5953/5026/3304
f 5953/5026/3304 5954/5027/3304 5938/5015/3294
f 5940/5014/3295 5939/5016/3295 5955/5028/3305
f 5955/5028/3305 5956/5026/3305 5940/5014/3295
f 5942/5018/3296 5941/5017/3296 5957/5029/3306
f 5957/5029/3306 5958/5030/3307 5942/5018/3296
f 5944/5017/3298 5943/5019/3297 5959/5031/3308
f 5959/5031/3308 5960/5029/3308 5944/5017/3298
f 5946/5020/3299 5945/5010/3299 5961/5022/3309
f 5961/5022/3309 5962/5032/3309 5946/5020/3299
f 5948/5022/3300 5947/5021/3300 5963/5033/3310
f 5963/5033/3310 5964/5034/3310 5948/5022/3300
f 5950/5024/3302 5949/5023/3301 5965/5035/3311
f 5965/5035/3311 5966/5036/3312 5950/5024/3302
f 5952/5023/3303 5951/5025/3303 5967/5037/3313
f 5967/5037/3313 5968/5035/3314 5952/5023/3303
f 5954/5027/3304 5953/5026/3304 5969/5038/3315
f 5969/5038/3315 5970/5039/3316 5954/5027/3304
f 5956/5026/3305 5955/5028/3305 5971/5040/3317
f 5971/5040/3317 5972/5038/3317 5956/5026/3305
f 5958/5030/3307 5957/5029/3306 5973/5041/3318
f 5973/5041/3318 5974/5042/3319 5958/5030/3307
f 5960/5029/3308 5959/5031/3308 5975/5043/3320
f 5975/5043/3320 5976/5041/3320 5960/5029/3308
f 5962/5032/3309 5961/5022/3309 5977/5034/3321
f 5977/5034/3321 5978/5044/3321 5962/5032/3309
f 5964/5034/3310 5963/5033/3310 5979/5045/3322
f 5979/5045/3322 5980/5046/3322 5964/5034/3310
f 5966/5036/3312 5965/5035/3311 5981/5047/3323
f 5981/5047/3323 5982/5048/3324 5966/5036/3312
f 5968/5035/3314 5967/5037/3313 5983/5049/3325
f 5983/5049/3325 5984/5047/3325 5968/5035/3314
f 5970/5039/3316 5969/5038/3315 5985/5050/3326
f 5985/5050/3326 5986/5051/3327 5970/5039/3316
f 5972/5038/3317 5971/5040/3317 5987/5052/3328
f 5987/5052/3328 5988/5050/3329 5972/5038/3317
f 5974/5042/3319 5973/5041/3318 5989/5053/3330
f 5989/5053/3330 5990/5054/3331 5974/5042/3319
f 5976/5041/3320 5975/5043/3320 5991/5055/3332
f 5991/5055/3332 5992/5053/3332 5976/5041/3320
f 5978/5044/3321 5977/5034/3321 5993/5046/3333
f 5993/5046/3333 5994/5056/3333 5978/5044/3321
f 5980/5046/3322 5979/5045/3322 5995/5057/3334
f 5995/5057/3334 5996/5058/3335 5980/5046/3322
f 5982/5048/3324 5981/5047/3323 5997/5059/3336
f 5997/5059/3336 5998/5060/3337 5982/5048/3324
f 5984/5047/3325 5983/5049/3325 5999/5061/3338
f 5999/5061/3338 6000/5059/3339 5984/5047/3325
f 5986/5051/3327 5985/5050/3326 6001/5062/3340
f 6001/5062/3340 6002/5063/3341 5986/5051/3327
f 5988/5050/3329 5987/5052/3328 6003/5064/3342
f 6003/5064/3342 6004/5062/3342 5988/5050/3329
f 5990/5054/3331 5989/5053/3330 6005/5065/3343
f 6005/5065/3343 6006/5066/3343 5990/5054/3331
f 5992/5053/3332 5991/5055/3332 6007/5067/3344
f 6007/5067/3344 6008/5065/3344 5992/5053/3332
f 5994/5056/3333 5993/5046/3333 6009/5058/3345
f 6009/5058/3345 6010/5068/3345 5994/5056/3333
f 5996/5058/3335 5995/5057/3334 6011/5069/3346
f 6011/5069/3346 6012/5070/3347 5996/5058/3335
f 5998/5060/3337 5997/5059/3336 6013/5071/3348
f 6013/5071/3348 6014/5072/3349 5998/5060/3337
f 6000/5059/3339 5999/5061/3338 6015/5073/3350
f 6015/5073/3350 6016/5071/3350 6000/5059/3339
f 6002/5063/3341 6001/5062/3340 6017/5074/3351
f 6017/5074/3351 6018/5075/3352 6002/5063/3341
f 6004/5062/3342 6003/5064/3342 6019/5076/3353
f 6019/5076/3353 6020/5074/3353 6004/5062/3342
f 6006/5066/3343 6005/5065/3343 6021/5077/3354
f 6021/5077/3354 6022/5078/3354 6006/5066/3343
f 6008/5065/3344 6007/5067/3344 6023/5079/3355
f 6023/5079/3355 6024/5077/3356 6008/5065/3344
f 6010/5068/3345 6009/5058/3345 6025/5070/3357
f 6025/5070/3357 6026/5080/3357 6010/5068/3345
f 6012/5070/3347 6011/5069/3346 6027/5081/3358
f 6027/5081/3358 6028/5082/3358 6012/5070/3347
f 6014/5072/3349 6013/5071/3348 6029/5083/3359
f 6029/5083/3359 6030/5084/3359 6014/5072/3349
f 6016/5071/3350 6015/5073/3350 6031/5085/3360
f 6031/5085/3360 6032/5083/3361 6016/5071/3350
f 6018/5075/3352 6017/5074/3351 6033/5086/3362
f 6033/5086/3362 6034/5087/3363 6018/5075/3352
f 6020/5074/3353 6019/5076/3353 6035/5088/3364
f 6035/5088/3364 6036/5086/3365 6020/5074/3353
f 6022/5078/3354 6021/5077/3354 6037/5089/3366
f 6037/5089/3366 6038/5090/3366 6022/5078/3354
f 6024/5077/3356 6023/5079/3355 6039/5091/3367
f 6039/5091/3367 6040/5089/3368 6024/5077/3356
f 6026/5080/3357 6025/5070/3357 6041/5082/3369
f 6041/5082/3369 6042/5092/3369 6026/5080/3357
f 6028/5082/3358 6027/5081/3358 6043/5093/3370
f 6043/5093/3370 6044/5094/3371 6028/5082/3358
f 6030/5084/3359 6029/5083/3359 6045/5095/3372
f 6045/5095/3372 6046/5096/3373 6030/5084/3359
f 6032/5083/3361 6031/5085/3360 6047/5097/3374
f 6047/5097/3374 6048/5095/3375 6032/5083/3361
f 6034/5087/3363 6033/5086/3362 6049/5098/3376
f 6049/5098/3376 6050/5099/3377 6034/5087/3363
f 6036/5086/3365 6035/5088/3364 6051/5100/3378
f 6051/5100/3378 6052/5098/3379 6036/5086/3365
f 6038/5090/3366 6037/5089/3366 6053/5101/3380
f 6053/5101/3380 6054/5102/3380 6038/5090/3366
f 6040/5089/3368 6039/5091/3367 6055/5103/3381
f 6055/5103/3381 6056/5101/3382 6040/5089/3368
f 6042/5092/3369 6041/5082/3369 6057/5094/3383
f 6057/5094/3383 6058/5104/3384 6042/5092/3369
f 6044/5094/3371 6043/5093/3370 6059/5105/3385
f 6059/5105/3385 6060/5106/3385 6044/5094/3371
f 6046/5096/3373 6045/5095/3372 6061/5107/3386
f 6061/5107/3386 6062/5108/3387 6046/5096/3373
f 6048/5095/3375 6047/5097/3374 6063/5109/3388
f 6063/5109/3388 6064/5107/3389 6048/5095/3375
f 6050/5099/3377 6049/5098/3376 6065/5110/3390
f 6065/5110/3390 6066/5111/3391 6050/5099/3377
f 6052/5098/3379 6051/5100/3378 6067/5112/3392
f 6067/5112/3392 6068/5110/3392 6052/5098/3379
f 6054/5102/3380 6053/5101/3380 6069/5113/3393
f 6069/5113/3393 6070/5114/3393 6054/5102/3380
f 6056/5101/3382 6055/5103/3381 6071/5115/3394
f 6071/5115/3394 6072/5113/3395 6056/5101/3382
f 6058/5104/3384 6057/5094/3383 6073/5106/3396
f 6073/5106/3396 6074/5116/3396 6058/5104/3384
f 6060/5106/3385 6059/5105/3385 6075/5117/3397
f 6075/5117/3397 6076/5118/3398 6060/5106/3385
f 6062/5108/3387 6061/5107/3386 6077/5119/3399
f 6077/5119/3399 6078/5120/3400 6062/5108/3387
f 6064/5107/3389 6063/5109/3388 6079/5121/3401
f 6079/5121/3401 6080/5119/3402 6064/5107/3389
f 6066/5111/3391 6065/5110/3390 6081/5122/3403
f 6081/5122/3403 6082/5123/3404 6066/5111/3391
f 6068/5110/3392 6067/5112/3392 6083/5124/3405
f 6083/5124/3405 6084/5122/3406 6068/5110/3392
f 6070/5114/3393 6069/5113/3393 6085/5125/3407
f 6085/5125/3407 6086/5126/3408 6070/5114/3393
f 6072/5113/3395 6071/5115/3394 6087/5127/3409
f 6087/5127/3409 6088/5125/3410 6072/5113/3395
f 6074/5116/3396 6073/5106/3396 6089/5118/3411
f 6089/5118/3411 6090/5128/3412 6074/5116/3396
f 6076/5118/3398 6075/5117/3397 6091/5129/3413
f 6091/5129/3413 6092/5130/3413 6076/5118/3398
f 6078/5120/3400 6077/5119/3399 6093/5131/3414
f 6093/5131/3414 6094/5132/3415 6078/5120/3400
f 6080/5119/3402 6079/5121/3401 6095/5133/3416
f 6095/5133/3416 6096/5131/3417 6080/5119/3402
f 6082/5123/3404 6081/5122/3403 6097/5134/3418
f 6097/5134/3418 6098/5135/3419 6082/5123/3404
f 6084/5122/3406 6083/5124/3405 6099/5136/3420
f 6099/5136/3420 6100/5134/3420 6084/5122/3406
f 6086/5126/3408 6085/5125/3407 6101/5137/3421
f 6101/5137/3421 6102/5138/3422 6086/5126/3408
f 6088/5125/3410 6087/5127/3409 6103/5139/3423
f 6103/5139/3423 6104/5137/3423 6088/5125/3410
f 6090/5128/3412 6089/5118/3411 6105/5130/3424
f 6105/5130/3424 6106/5140/3425 6090/5128/3412
f 6092/5130/3413 6091/5129/3413 6107/5141/3426
f 6107/5141/3426 6108/5142/3426 6092/5130/3413
f 6094/5132/3415 6093/5131/3414 6109/5143/3427
f 6109/5143/3427 6110/5144/3428 6094/5132/3415
f 6096/5131/3417 6095/5133/3416 6111/5145/3429
f 6111/5145/3429 6112/5143/3430 6096/5131/3417
f 6098/5135/3419 6097/5134/3418 6113/5146/3431
f 6113/5146/3431 6114/5147/3432 6098/5135/3419
f 6100/5134/3420 6099/5136/3420 6115/5148/3433
f 6115/5148/3433 6116/5146/3434 6100/5134/3420
f 6102/5138/3422 6101/5137/3421 6117/5149/3435
f 6117/5149/3435 6118/5150/3435 6102/5138/3422
f 6104/5137/3423 6103/5139/3423 6119/5151/3436
f 6119/5151/3436 6120/5149/3437 6104/5137/3423
f 6106/5140/3425 6105/5130/3424 6121/5142/3438
f 6121/5142/3438 6122/5152/3439 6106/5140/3425
f 6108/5142/3426 6107/5141/3426 6123/5153/3440
f 6123/5153/3440 6124/5154/3440 6108/5142/3426
f 6110/5144/3428 6109/5143/3427 6125/5155/3441
f 6125/5155/3441 6126/5156/3441 6110/5144/3428
f 6112/5143/3430 6111/5145/3429 6127/5157/3442
f 6127/5157/3442 6128/5155/3443 6112/5143/3430
f 6114/5147/3432 6113/5146/3431 6129/5158/3444
f 6129/5158/3444 6130/5159/3444 6114/5147/3432
f 6116/5146/3434 6115/5148/3433 6131/5160/3445
f 6131/5160/3445 6132/5158/3446 6116/5146/3434
f 6118/5150/3435 6117/5149/3435 6133/5161/3447
f 6133/5161/3447 6134/5162/3448 6118/5150/3435
f 6120/5149/3437 6119/5151/3436 6135/5163/3449
f 6135/5163/3449 6136/5161/3450 6120/5149/3437
f 6122/5152/3439 6121/5142/3438 6137/5154/3451
f 6137/5154/3451 6138/5164/3451 6122/5152/3439
f 6139/5165/3440 6140/5166/3452 6141/5167/3453
f 6141/5167/3453 6142/5168/3454 6139/5165/3440
f 6126/5156/3441 6125/5155/3441 6143/5169/3455
f 6143/5169/3455 6144/5170/3455 6126/5156/3441
f 6128/5155/3443 6127/5157/3442 6145/5171/3456
f 6145/5171/3456 6146/5169/3457 6128/5155/3443
f 6147/5172/3458 6148/5173/3444 6149/5174/3459
f 6149/5174/3459 6150/5175/3460 6147/5172/3458
f 6151/5173/3445 6152/5176/3445 6153/5177/3461
f 6153/5177/3461 6154/5174/3462 6151/5173/3445
f 6134/5162/3448 6133/5161/3447 6155/5178/3463
f 6155/5178/3463 6156/5179/3464 6134/5162/3448
f 6136/5161/3450 6135/5163/3449 6157/5180/3465
f 6157/5180/3465 6158/5178/3466 6136/5161/3450
f 6159/5163/3467 6160/5181/3451 6161/5182/3468
f 6161/5182/3468 6162/5180/3468 6159/5163/3467
f 6142/5168/3454 6141/5167/3453 6163/5183/3469
f 6163/5183/3469 6164/5184/3470 6142/5168/3454
f 6144/5170/3455 6143/5169/3455 6165/5185/3471
f 6165/5185/3471 6166/5186/3472 6144/5170/3455
f 6146/5169/3457 6145/5171/3456 6167/5187/3473
f 6167/5187/3473 6168/5185/3474 6146/5169/3457
f 6150/5175/3460 6149/5174/3459 6169/5188/3475
f 6169/5188/3475 6170/5189/3476 6150/5175/3460
f 6154/5174/3462 6153/5177/3461 6171/5190/3477
f 6171/5190/3477 6172/5188/3478 6154/5174/3462
f 6156/5179/3464 6155/5178/3463 6173/5191/3479
f 6173/5191/3479 6174/5192/3480 6156/5179/3464
f 6158/5178/3466 6157/5180/3465 6175/5193/3481
f 6175/5193/3481 6176/5191/3481 6158/5178/3466
f 6177/5194/3482 6178/5168/3483 6179/5184/3484
f 6179/5184/3484 6180/5195/3484 6177/5194/3482
f 6164/5184/3470 6163/5183/3469 6181/5196/3485
f 6181/5196/3485 6182/5197/3486 6164/5184/3470
f 6166/5186/3472 6165/5185/3471 6183/5198/3487
f 6183/5198/3487 6184/5199/3487 6166/5186/3472
f 6168/5185/3474 6167/5187/3473 6185/5200/3488
f 6185/5200/3488 6186/5198/3489 6168/5185/3474
f 6170/5189/3476 6169/5188/3475 6187/5201/3490
f 6187/5201/3490 6188/5202/3491 6170/5189/3476
f 6172/5188/3478 6171/5190/3477 6189/5203/3492
f 6189/5203/3492 6190/5201/3493 6172/5188/3478
f 6174/5192/3480 6173/5191/3479 6191/5204/3494
f 6191/5204/3494 6192/5205/3495 6174/5192/3480
f 6176/5191/3481 6175/5193/3481 6193/5206/3496
f 6193/5206/3496 6194/5204/3497 6176/5191/3481
f 6180/5195/3484 6179/5184/3484 6195/5197/3498
f 6195/5197/3498 6196/5207/3499 6180/5195/3484
f 6182/5197/3486 6181/5196/3485 6197/5208/3500
f 6197/5208/3500 6198/5209/3501 6182/5197/3486
f 6184/5199/3487 6183/5198/3487 6199/5210/3502
f 6199/5210/3502 6200/5211/3503 6184/5199/3487
f 6186/5198/3489 6185/5200/3488 6201/5212/3504
f 6201/5212/3504 6202/5210/3505 6186/5198/3489
f 6188/5202/3491 6187/5201/3490 6203/5213/3506
f 6203/5213/3506 6204/5214/3507 6188/5202/3491
f 6190/5201/3493 6189/5203/3492 6205/5215/3508
f 6205/5215/3508 6206/5213/3509 6190/5201/3493
f 6192/5205/3495 6191/5204/3494 6207/5216/3510
f 6207/5216/3510 6208/5217/3510 6192/5205/3495
f 6194/5204/3497 6193/5206/3496 6209/5218/3511
f 6209/5218/3511 6210/5216/3512 6194/5204/3497
f 6196/5207/3499 6195/5197/3498 6211/5209/3513
f 6211/5209/3513 6212/5219/3514 6196/5207/3499
f 6198/5209/3501 6197/5208/3500 6213/5220/3515
f 6213/5220/3515 6214/5221/3516 6198/5209/3501
f 6200/5211/3503 6199/5210/3502 6215/5222/3517
f 6215/5222/3517 6216/5223/3518 6200/5211/3503
f 6202/5210/3505 6201/5212/3504 6217/5224/3519
f 6217/5224/3519 6218/5222/3520 6202/5210/3505
f 6204/5214/3507 6203/5213/3506 6219/5225/3521
f 6219/5225/3521 6220/5226/3522 6204/5214/3507
f 6206/5213/3509 6205/5215/3508 6221/5227/3523
f 6221/5227/3523 6222/5225/3524 6206/5213/3509
f 6208/5217/3510 6207/5216/3510 6223/5228/3525
f 6223/5228/3525 6224/5229/3526 6208/5217/3510
f 6210/5216/3512 6209/5218/3511 6225/5230/3527
f 6225/5230/3527 6226/5228/3528 6210/5216/3512
f 6212/5219/3514 6211/5209/3513 6227/5221/3529
f 6227/5221/3529 6228/5231/3530 6212/5219/3514
f 6214/5221/3516 6213/5220/3515 6229/5232/3531
f 6229/5232/3531 6230/5233/3532 6214/5221/3516
f 6216/5223/3518 6215/5222/3517 6231/5234/3533
f 6231/5234/3533 6232/5235/3533 6216/5223/3518
f 6218/5222/3520 6217/5224/3519 6233/5236/3534
f 6233/5236/3534 6234/5234/3535 6218/5222/3520
f 6220/5226/3522 6219/5225/3521 6235/5237/3536
f 6235/5237/3536 6236/5238/3536 6220/5226/3522
f 6222/5225/3524 6221/5227/3523 6237/5239/3537
f 6237/5239/3537 6238/5237/3537 6222/5225/3524
f 6224/5229/3526 6223/5228/3525 6239/5240/3538
f 6239/5240/3538 6240/5241/3538 6224/5229/3526
f 6226/5228/3528 6225/5230/3527 6241/5242/3539
f 6241/5242/3539 6242/5240/3540 6226/5228/3528
f 6228/5231/3530 6227/5221/3529 6243/5233/3541
f 6243/5233/3541 6244/5243/3542 6228/5231/3530
f 6230/5233/3532 6229/5232/3531 6245/5244/3543
f 6245/5244/3543 6246/5245/3543 6230/5233/3532
f 6232/5235/3533 6231/5234/3533 6247/5246/3544
f 6247/5246/3544 6248/5247/3544 6232/5235/3533
f 6234/5234/3535 6233/5236/3534 6249/5248/3545
f 6249/5248/3545 6250/5246/3545 6234/5234/3535
f 6251/5249/3536 6252/5250/3536 6253/5251/3546
f 6253/5251/3546 6254/5252/3547 6251/5249/3536
f 6238/5237/3537 6237/5239/3537 6255/5253/3548
f 6255/5253/3548 6256/5254/3548 6238/5237/3537
f 6240/5241/3538 6239/5240/3538 6257/5255/3549
f 6257/5255/3549 6258/5256/3549 6240/5241/3538
f 6242/5240/3540 6241/5242/3539 6259/5257/3550
f 6259/5257/3550 6260/5255/3550 6242/5240/3540
f 6244/5243/3542 6243/5233/3541 6261/5245/3551
f 6261/5245/3551 6262/5258/3551 6244/5243/3542
f 6246/5245/3543 6245/5244/3543 6263/5259/3552
f 6263/5259/3552 6264/5260/3553 6246/5245/3543
f 6248/5247/3544 6247/5246/3544 6265/5261/3554
f 6265/5261/3554 6266/5262/3555 6248/5247/3544
f 6250/5246/3545 6249/5248/3545 6267/5263/3556
f 6267/5263/3556 6268/5261/3557 6250/5246/3545
f 6254/5252/3547 6253/5251/3546 6269/5264/3558
f 6269/5264/3558 6270/5265/3559 6254/5252/3547
f 6256/5254/3548 6255/5253/3548 6271/5266/3560
f 6271/5266/3560 6272/5267/3561 6256/5254/3548
f 6258/5256/3549 6257/5255/3549 6273/5268/3562
f 6273/5268/3562 6274/5269/3562 6258/5256/3549
f 6260/5255/3550 6259/5257/3550 6275/5270/3563
f 6275/5270/3563 6276/5268/3563 6260/5255/3550
f 6277/5271/3551 6278/5272/3551 6279/5273/3564
f 6279/5273/3564 6280/5274/3564 6277/5271/3551
f 6264/5260/3553 6263/5259/3552 6281/5275/3565
f 6281/5275/3565 6282/5276/3565 6264/5260/3553
f 6266/5262/3555 6265/5261/3554 6283/5277/3566
f 6283/5277/3566 6284/5278/3567 6266/5262/3555
f 6268/5261/3557 6267/5263/3556 6285/5279/3568
f 6285/5279/3568 6286/5277/3569 6268/5261/3557
f 6270/5265/3559 6269/5264/3558 6287/5280/3570
f 6287/5280/3570 6288/5281/3570 6270/5265/3559
f 6272/5267/3561 6271/5266/3560 6289/5282/3571
f 6289/5282/3571 6290/5283/3571 6272/5267/3561
f 6274/5269/3562 6273/5268/3562 6291/5284/3572
f 6291/5284/3572 6292/5285/3573 6274/5269/3562
f 6276/5268/3563 6275/5270/3563 6293/5286/3574
f 6293/5286/3574 6294/5284/3574 6276/5268/3563
f 6295/5287/3564 6296/5260/3564 6297/5276/3575
f 6297/5276/3575 6298/5288/3576 6295/5287/3564
f 6282/5276/3565 6281/5275/3565 6299/5289/3577
f 6299/5289/3577 6300/5290/3577 6282/5276/3565
f 6284/5278/3567 6283/5277/3566 6301/5291/3578
f 6301/5291/3578 6302/5292/3578 6284/5278/3567
f 6286/5277/3569 6285/5279/3568 6303/5293/3579
f 6303/5293/3579 6304/5291/3580 6286/5277/3569
f 6288/5281/3570 6287/5280/3570 6305/5294/3581
f 6305/5294/3581 6306/5295/3581 6288/5281/3570
f 6290/5283/3571 6289/5282/3571 6307/5296/3582
f 6307/5296/3582 6308/5297/3583 6290/5283/3571
f 6292/5285/3573 6291/5284/3572 6309/5298/3584
f 6309/5298/3584 6310/5299/3584 6292/5285/3573
f 6294/5284/3574 6293/5286/3574 6311/5300/3585
f 6311/5300/3585 6312/5298/3585 6294/5284/3574
f 6298/5288/3576 6297/5276/3575 6313/5290/3586
f 6313/5290/3586 6314/5301/3587 6298/5288/3576
f 6300/5290/3577 6299/5289/3577 6315/5302/3588
f 6315/5302/3588 6316/5303/3588 6300/5290/3577
f 6302/5292/3578 6301/5291/3578 6317/5304/3589
f 6317/5304/3589 6318/5305/3589 6302/5292/3578
f 6304/5291/3580 6303/5293/3579 6319/5306/3590
f 6319/5306/3590 6320/5304/3590 6304/5291/3580
f 6321/5307/3581 6322/5297/3581 6323/5308/3591
f 6323/5308/3591 6324/5309/3592 6321/5307/3581
f 6308/5297/3583 6307/5296/3582 6325/5310/3593
f 6325/5310/3593 6326/5308/3593 6308/5297/3583
f 6310/5299/3584 6309/5298/3584 6327/5311/3594
f 6327/5311/3594 6328/5312/3594 6310/5299/3584
f 6312/5298/3585 6311/5300/3585 6329/5313/3595
f 6329/5313/3595 6330/5311/3595 6312/5298/3585
f 6314/5301/3587 6313/5290/3586 6331/5303/3596
f 6331/5303/3596 6332/5314/3597 6314/5301/3587
f 6316/5303/3588 6315/5302/3588 6333/5315/3598
f 6333/5315/3598 6334/5316/3598 6316/5303/3588
f 6318/5305/3589 6317/5304/3589 6335/5317/3599
f 6335/5317/3599 6336/5318/3599 6318/5305/3589
f 6320/5304/3590 6319/5306/3590 6337/5319/3600
f 6337/5319/3600 6338/5317/3601 6320/5304/3590
f 6324/5309/3592 6323/5308/3591 6339/5320/3602
f 6339/5320/3602 6340/5321/3602 6324/5309/3592
f 6326/5308/3593 6325/5310/3593 6341/5322/3603
f 6341/5322/3603 6342/5320/3603 6326/5308/3593
f 6328/5312/3594 6327/5311/3594 6343/5323/3604
f 6343/5323/3604 6344/5324/3604 6328/5312/3594
f 6330/5311/3595 6329/5313/3595 6345/5325/3605
f 6345/5325/3605 6346/5323/3605 6330/5311/3595
f 6332/5314/3597 6331/5303/3596 6347/5316/3606
f 6347/5316/3606 6348/5326/3606 6332/5314/3597
f 6334/5316/3598 6333/5315/3598 6349/5327/3607
f 6349/5327/3607 6350/5328/3607 6334/5316/3598
f 6336/5318/3599 6335/5317/3599 6351/5329/3608
f 6351/5329/3608 6352/5330/3608 6336/5318/3599
f 6338/5317/3601 6337/5319/3600 6353/5331/3609
f 6353/5331/3609 6354/5329/3610 6338/5317/3601
f 6340/5321/3602 6339/5320/3602 6355/5332/3611
f 6355/5332/3611 6356/5333/3611 6340/5321/3602
f 6342/5320/3603 6341/5322/3603 6357/5334/3612
f 6357/5334/3612 6358/5332/3612 6342/5320/3603
f 6344/5324/3604 6343/5323/3604 6359/5335/3613
f 6359/5335/3613 6360/5336/3614 6344/5324/3604
f 6346/5323/3605 6345/5325/3605 6361/5337/3615
f 6361/5337/3615 6362/5335/3615 6346/5323/3605
f 6348/5326/3606 6347/5316/3606 6363/5328/3616
f 6363/5328/3616 6364/5338/3617 6348/5326/3606
f 6350/5328/3607 6349/5327/3607 6365/5339/3618
f 6365/5339/3618 6366/5340/3618 6350/5328/3607
f 6352/5330/3608 6351/5329/3608 6367/5341/3619
f 6367/5341/3619 6368/5342/3619 6352/5330/3608
f 6354/5329/3610 6353/5331/3609 6369/5343/3620
f 6369/5343/3620 6370/5341/3621 6354/5329/3610
f 6356/5333/3611 6355/5332/3611 6371/5344/3622
f 6371/5344/3622 6372/5345/3622 6356/5333/3611
f 6358/5332/3612 6357/5334/3612 6373/5346/3623
f 6373/5346/3623 6374/5344/3623 6358/5332/3612
f 6360/5336/3614 6359/5335/3613 6375/5347/3624
f 6375/5347/3624 6376/5348/3624 6360/5336/3614
f 6362/5335/3615 6361/5337/3615 6377/5349/3625
f 6377/5349/3625 6378/5347/3626 6362/5335/3615
f 6364/5338/3617 6363/5328/3616 6379/5340/3627
f 6379/5340/3627 6380/5350/3627 6364/5338/3617
f 6366/5340/3618 6365/5339/3618 6381/5351/3628
f 6381/5351/3628 6382/5352/3629 6366/5340/3618
f 6368/5342/3619 6367/5341/3619 6383/5353/3630
f 6383/5353/3630 6384/5354/3630 6368/5342/3619
f 6370/5341/3621 6369/5343/3620 6385/5355/3631
f 6385/5355/3631 6386/5353/3631 6370/5341/3621
f 6372/5345/3622 6371/5344/3622 6387/5356/3632
f 6387/5356/3632 6388/5357/3633 6372/5345/3622
f 6374/5344/3623 6373/5346/3623 6389/5358/3634
f 6389/5358/3634 6390/5356/3635 6374/5344/3623
f 6376/5348/3624 6375/5347/3624 6391/5359/3636
f 6391/5359/3636 6392/5360/3636 6376/5348/3624
f 6378/5347/3626 6377/5349/3625 6393/5361/3637
f 6393/5361/3637 6394/5359/3637 6378/5347/3626
f 6380/5350/3627 6379/5340/3627 6395/5352/3638
f 6395/5352/3638 6396/5362/3639 6380/5350/3627
f 6382/5352/3629 6381/5351/3628 6397/5363/3640
f 6397/5363/3640 6398/5364/3640 6382/5352/3629
f 6384/5354/3630 6383/5353/3630 6399/5365/3641
f 6399/5365/3641 6400/5366/3641 6384/5354/3630
f 6386/5353/3631 6385/5355/3631 6401/5367/3642
f 6401/5367/3642 6402/5365/3642 6386/5353/3631
f 6388/5357/3633 6387/5356/3632 6403/5368/3643
f 6403/5368/3643 6404/5369/3643 6388/5357/3633
f 6390/5356/3635 6389/5358/3634 6405/5370/3644
f 6405/5370/3644 6406/5368/3644 6390/5356/3635
f 6392/5360/3636 6391/5359/3636 6407/5371/3645
f 6407/5371/3645 6408/5372/3646 6392/5360/3636
f 6394/5359/3637 6393/5361/3637 6409/5373/3647
f 6409/5373/3647 6410/5371/3648 6394/5359/3637
f 6396/5362/3639 6395/5352/3638 6411/5364/3649
f 6411/5364/3649 6412/5374/3649 6396/5362/3639
f 6398/5364/3640 6397/5363/3640 6413/5375/3650
f 6413/5375/3650 6414/5376/3650 6398/5364/3640
f 6400/5366/3641 6399/5365/3641 6415/5377/3651
f 6415/5377/3651 6416/5378/3652 6400/5366/3641
f 6402/5365/3642 6401/5367/3642 6417/5379/3653
f 6417/5379/3653 6418/5377/3653 6402/5365/3642
f 6404/5369/3643 6403/5368/3643 6419/5380/3654
f 6419/5380/3654 6420/5381/3655 6404/5369/3643
f 6406/5368/3644 6405/5370/3644 6421/5382/3656
f 6421/5382/3656 6422/5380/3656 6406/5368/3644
f 6408/5372/3646 6407/5371/3645 6423/5383/3657
f 6423/5383/3657 6424/5384/3657 6408/5372/3646
f 6410/5371/3648 6409/5373/3647 6425/5385/3658
f 6425/5385/3658 6426/5383/3659 6410/5371/3648
f 6412/5374/3649 6411/5364/3649 6427/5376/3660
f 6427/5376/3660 6428/5386/3660 6412/5374/3649
f 6414/5376/3650 6413/5375/3650 6429/5387/3661
f 6429/5387/3661 6430/5388/3662 6414/5376/3650
f 6416/5378/3652 6415/5377/3651 6431/5389/3663
f 6431/5389/3663 6432/5390/3663 6416/5378/3652
f 6418/5377/3653 6417/5379/3653 6433/5391/3664
f 6433/5391/3664 6434/5389/3664 6418/5377/3653
f 6420/5381/3655 6419/5380/3654 6435/5392/3665
f 6435/5392/3665 6436/5393/3666 6420/5381/3655
f 6422/5380/3656 6421/5382/3656 6437/5394/3667
f 6437/5394/3667 6438/5392/3667 6422/5380/3656
f 6424/5384/3657 6423/5383/3657 6439/5395/3668
f 6439/5395/3668 6440/5396/3668 6424/5384/3657
f 6426/5383/3659 6425/5385/3658 6441/5397/3669
f 6441/5397/3669 6442/5395/3669 6426/5383/3659
f 6428/5386/3660 6427/5376/3660 6443/5388/3670
f 6443/5388/3670 6444/5398/3670 6428/5386/3660
f 6430/5388/3662 6429/5387/3661 6445/5399/3671
f 6445/5399/3671 6446/5400/3671 6430/5388/3662
f 6432/5390/3663 6431/5389/3663 6447/5401/3672
f 6447/5401/3672 6448/5402/3673 6432/5390/3663
f 6434/5389/3664 6433/5391/3664 6449/5403/3674
f 6449/5403/3674 6450/5401/3674 6434/5389/3664
f 6436/5393/3666 6435/5392/3665 6451/5404/3675
f 6451/5404/3675 6452/5405/3676 6436/5393/3666
f 6438/5392/3667 6437/5394/3667 6453/5406/3677
f 6453/5406/3677 6454/5404/3678 6438/5392/3667
f 6440/5396/3668 6439/5395/3668 6455/5407/3679
f 6455/5407/3679 6456/5408/3679 6440/5396/3668
f 6442/5395/3669 6441/5397/3669 6457/5409/3680
f 6457/5409/3680 6458/5407/3681 6442/5395/3669
f 6444/5398/3670 6443/5388/3670 6459/5400/3682
f 6459/5400/3682 6460/5410/3682 6444/5398/3670
f 6446/5400/3671 6445/5399/3671 6461/5411/3683
f 6461/5411/3683 6462/5412/3683 6446/5400/3671
f 6448/5402/3673 6447/5401/3672 6463/5413/3684
f 6463/5413/3684 6464/5414/3684 6448/5402/3673
f 6450/5401/3674 6449/5403/3674 6465/5415/3685
f 6465/5415/3685 6466/5413/3686 6450/5401/3674
f 6452/5405/3676 6451/5404/3675 6467/5416/3687
f 6467/5416/3687 6468/5417/3688 6452/5405/3676
f 6454/5404/3678 6453/5406/3677 6469/5418/3689
f 6469/5418/3689 6470/5416/3689 6454/5404/3678
f 6456/5408/3679 6455/5407/3679 6471/5419/3690
f 6471/5419/3690 6472/5420/3690 6456/5408/3679
f 6458/5407/3681 6457/5409/3680 6473/5421/3691
f 6473/5421/3691 6474/5419/3691 6458/5407/3681
f 6460/5410/3682 6459/5400/3682 6475/5412/3692
f 6475/5412/3692 6476/5422/3693 6460/5410/3682
f 6462/5412/3683 6461/5411/3683 6477/5423/3694
f 6477/5423/3694 6478/5424/3695 6462/5412/3683
f 6464/5414/3684 6463/5413/3684 6479/5425/3696
f 6479/5425/3696 6480/5426/3697 6464/5414/3684
f 6466/5413/3686 6465/5415/3685 6481/5427/3698
f 6481/5427/3698 6482/5425/3699 6466/5413/3686
f 6468/5417/3688 6467/5416/3687 6483/5428/3700
f 6483/5428/3700 6484/5429/3701 6468/5417/3688
f 6470/5416/3689 6469/5418/3689 6485/5430/3702
f 6485/5430/3702 6486/5428/3703 6470/5416/3689
f 6472/5420/3690 6471/5419/3690 6487/5431/3704
f 6487/5431/3704 6488/5432/3705 6472/5420/3690
f 6474/5419/3691 6473/5421/3691 6489/5433/3706
f 6489/5433/3706 6490/5431/3707 6474/5419/3691
f 6476/5422/3693 6475/5412/3692 6491/5424/3708
f 6491/5424/3708 6492/5434/3709 6476/5422/3693
f 6478/5424/3695 6477/5423/3694 6493/5435/3710
f 6493/5435/3710 6494/5436/3711 6478/5424/3695
f 6480/5426/3697 6479/5425/3696 6495/5437/3712
f 6495/5437/3712 6496/5438/3713 6480/5426/3697
f 6482/5425/3699 6481/5427/3698 6497/5439/3714
f 6497/5439/3714 6498/5437/3715 6482/5425/3699
f 6484/5429/3701 6483/5428/3700 6499/5440/3716
f 6499/5440/3716 6500/5441/3717 6484/5429/3701
f 6486/5428/3703 6485/5430/3702 6501/5442/3718
f 6501/5442/3718 6502/5440/3719 6486/5428/3703
f 6488/5432/3705 6487/5431/3704 6503/5443/3720
f 6503/5443/3720 6504/5444/3721 6488/5432/3705
f 6490/5431/3707 6489/5433/3706 6505/5445/3722
f 6505/5445/3722 6506/5443/3723 6490/5431/3707
f 6492/5434/3709 6491/5424/3708 6507/5436/3724
f 6507/5436/3724 6508/5446/3725 6492/5434/3709
f 6494/5436/3711 6493/5435/3710 6509/5447/3726
f 6509/5447/3726 6510/5448/3727 6494/5436/3711
f 6496/5438/3713 6495/5437/3712 6511/5449/3728
f 6511/5449/3728 6512/5450/3729 6496/5438/3713
f 6498/5437/3715 6497/5439/3714 6513/5451/3730
f 6513/5451/3730 6514/5449/3731 6498/5437/3715
f 6500/5441/3717 6499/5440/3716 6515/5452/3732
f 6515/5452/3732 6516/5453/3733 6500/5441/3717
f 6517/5454/3734 6518/5455/3718 6519/5456/3735
f 6519/5456/3735 6520/5457/3736 6517/5454/3734
f 6504/5444/3721 6503/5443/3720 6521/5458/3737
f 6521/5458/3737 6522/5459/3738 6504/5444/3721
f 6506/5443/3723 6505/5445/3722 6523/5460/3739
f 6523/5460/3739 6524/5458/3740 6506/5443/3723
f 6508/5446/3725 6507/5436/3724 6525/5448/3741
f 6525/5448/3741 6526/5461/3742 6508/5446/3725
f 6527/5462/3743 6528/5463/3726 6529/5464/3744
f 6529/5464/3744 6530/5465/3745 6527/5462/3743
f 6531/5463/3729 6532/5466/3746 6533/5467/3747
f 6533/5467/3747 6534/5464/3748 6531/5463/3729
f 6514/5449/3731 6513/5451/3730 6535/5468/3749
f 6535/5468/3749 6536/5469/3750 6514/5449/3731
f 6516/5453/3733 6515/5452/3732 6537/5470/3751
f 6537/5470/3751 6538/5471/3752 6516/5453/3733
f 6520/5457/3736 6519/5456/3735 6539/5472/3753
f 6539/5472/3753 6540/5473/3754 6520/5457/3736
f 6522/5459/3738 6521/5458/3737 6541/5474/3755
f 6541/5474/3755 6542/5475/3756 6522/5459/3738
f 6524/5458/3740 6523/5460/3739 6543/5476/3757
f 6543/5476/3757 6544/5474/3758 6524/5458/3740
f 6526/5461/3742 6525/5448/3741 6545/5477/3759
f 6545/5477/3759 6546/5478/3760 6526/5461/3742
f 6530/5465/3745 6529/5464/3744 6547/5479/3761
f 6547/5479/3761 6548/5480/3761 6530/5465/3745
f 6534/5464/3748 6533/5467/3747 6549/5481/3762
f 6549/5481/3762 6550/5479/3762 6534/5464/3748
f 6551/5482/3763 6552/5471/3749 6553/5483/3764
f 6553/5483/3764 6554/5484/3764 6551/5482/3763
f 6538/5471/3752 6537/5470/3751 6555/5485/3765
f 6555/5485/3765 6556/5483/3765 6538/5471/3752
f 6540/5473/3754 6539/5472/3753 6557/5486/3766
f 6557/5486/3766 6558/5487/3766 6540/5473/3754
f 6559/5472/3767 6560/5488/3768 6561/5489/3769
f 6561/5489/3769 6562/5486/3769 6559/5472/3767
f 6544/5474/3758 6543/5476/3757 6563/5490/3770
f 6563/5490/3770 6564/5491/3770 6544/5474/3758
f 6546/5478/3760 6545/5477/3759 6565/5492/3771
f 6565/5492/3771 6566/5493/3771 6546/5478/3760
s 0
f 6567/5494/3772 6568/5495/3772 6569/5496/3772
f 6569/5496/3773 6570/5497/3773 6567/5494/3773
f 6571/5498/5 6572/5499/5 6573/5500/5
f 6573/5500/5 6574/5501/5 6571/5498/5
f 6575/5502/5 6576/5503/5 6577/5504/5
f 6577/5504/5 6578/5505/5 6575/5502/5
f 6579/5506/2 6580/5507/2 6581/5508/2
f 6581/5508/2 6582/5509/2 6579/5506/2
f 6583/5510/5 6584/5511/5 6572/5499/5
f 6572/5499/5 6571/5498/5 6583/5510/5
f 6585/5512/5 6586/5513/5 6587/5514/5
f 6587/5514/3774 6588/5515/3774 6585/5512/3774
f 6589/5509/2 6590/5508/2 6591/5516/2
f 6591/5516/2 6592/5517/2 6589/5509/2
f 6588/5515/5 6587/5514/5 6593/5518/5
f 6593/5518/5 6594/5519/5 6588/5515/5
s 1
f 6595/5520/3775 6596/5521/3775 6597/5522/3775
f 6597/5522/3775 6598/5523/3775 6595/5520/3775
f 6599/5521/3776 6600/5524/3776 6601/5525/3776
f 6601/5525/3776 6602/5522/3776 6599/5521/3776
f 6603/5526/3777 6604/5527/3777 6605/5528/3777
f 6605/5528/3777 6606/5529/3778 6603/5526/3777
f 6607/5527/3779 6608/5530/3779 6609/5531/3779
f 6609/5531/3779 6610/5528/3780 6607/5527/3779
f 6611/5532/3781 6612/5533/3781 6613/5534/3781
f 6613/5534/3781 6614/5535/3781 6611/5532/3781
f 6615/5533/3782 6616/5536/3782 6617/5537/3782
f 6617/5537/3782 6618/5534/3782 6615/5533/3782
f 6619/5538/3783 6620/5539/3783 6621/5540/3783
f 6621/5540/3783 6622/5541/3783 6619/5538/3783
f 6623/5539/3784 6624/5542/3785 6625/5543/3784
f 6625/5543/3784 6626/5540/3784 6623/5539/3784
s 0
f 6627/5544/2 6628/5545/2 6629/5507/2
f 6629/5507/2 6630/5506/2 6627/5544/2
f 6578/5505/5 6577/5504/5 6631/5546/5
f 6631/5546/5 6632/5547/5 6578/5505/5
f 6574/5501/5 6573/5500/5 6633/5548/5
f 6633/5548/5 6634/5549/5 6574/5501/5
f 6592/5517/2 6591/5516/2 6568/5495/2
f 6568/5495/2 6567/5494/2 6592/5517/2
f 6634/5549/5 6633/5548/5 6635/5550/5
f 6635/5550/5 6636/5551/5 6634/5549/5
f 6637/5552/2 6638/5553/2 6628/5545/2
f 6628/5545/2 6627/5544/2 6637/5552/2
f 6632/5547/5 6631/5546/5 6584/5511/5
f 6584/5511/5 6583/5510/5 6632/5547/5
f 6636/5551/5 6635/5550/5 6576/5503/5
f 6576/5503/5 6575/5502/5 6636/5551/5
